{
  "index": 6,
  "name": "Surface_6",
  "surface_type": "flat",
  "geometry": {
    "vertex_position": [
      60.000000000000014,
      34.00000000000001,
      80.0
    ],
    "surface_normal": [
      0.7071067811865477,
      0.7071067811865479,
      -5.068598972866729e-17
    ],
    "radius": "inf",
    "conic": 0.0,
    "semi_aperture": 35.0,
    "is_mirror": true
  },
  "optical_axis": {
    "entrance_position": [
      60.000000000000014,
      34.00000000000001,
      80.0
    ],
    "entrance_direction": [
      1.0,
      -7.413157101893167e-16,
      -4.440892098500625e-16
    ],
    "exit_position": [
      60.000000000000014,
      34.00000000000001,
      80.0
    ],
    "exit_direction": [
      3.3306690738754676e-16,
      -1.0,
      -3.7240839575347765e-16
    ],
    "path_length": 180.29925372672534
  }
}