x_mm,ref3_rad,ref2_interp_rad,ref3_minus_ref2_rad,spherical_delta_model_rad,spherical_fit_rad,spherical_residual_rad,sag_delta_model_rad,sag_fit_rad,sag_residual_rad
-1.024000000000000049e-01,2.876700000000000035e+00,1.567193400000000070e+00,1.309506599999999965e+00,1.305547073814679493e+00,1.309512039581142817e+00,-5.439581142852034645e-06,-1.392173877351865485e+00,1.328601302544576424e+00,-1.909470254457645844e-02
-1.023000000000000020e-01,2.874228000000000005e+00,1.567187800000000131e+00,1.307040199999999874e+00,1.303077012674066282e+00,1.307045624958324881e+00,-5.424958325006556947e-06,-1.389365474971640424e+00,1.325947662598991661e+00,-1.890746259899178661e-02
-1.021999999999999992e-01,2.871757999999999811e+00,1.567182400000000086e+00,1.304575599999999724e+00,1.300609068368288490e+00,1.304581324045294366e+00,-5.724045294641655346e-06,-1.386560183695820569e+00,1.323296962344701511e+00,-1.872136234470178628e-02
-1.020999999999999963e-01,2.869291000000000036e+00,1.567177199999999937e+00,1.302113800000000099e+00,1.298143241709297513e+00,1.302119137652804293e+00,-5.337652804193737666e-06,-1.383758002367130757e+00,1.320649200688193803e+00,-1.853540068819370390e-02
-1.019999999999999934e-01,2.866824999999999957e+00,1.567172000000000009e+00,1.299652999999999947e+00,1.295679533504213055e+00,1.299659066586782430e+00,-6.066586782482730200e-06,-1.380958929831095361e+00,1.318004376538600919e+00,-1.835137653860097195e-02
-1.019000000000000045e-01,2.864361999999999853e+00,1.567166800000000082e+00,1.297195199999999771e+00,1.293217944565697053e+00,1.297201111658691230e+00,-5.911658691459820147e-06,-1.378162964933565604e+00,1.315362488805364771e+00,-1.816728880536500057e-02
-1.018000000000000016e-01,2.861901000000000028e+00,1.567161599999999932e+00,1.294739400000000096e+00,1.290758475699433916e+00,1.294745273673025832e+00,-5.873673025735826059e-06,-1.375370106522524338e+00,1.312723536399940993e+00,-1.798413639994089763e-02
-1.016999999999999987e-01,2.859442000000000039e+00,1.567156400000000005e+00,1.292285600000000034e+00,1.288301127715342886e+00,1.292291553438509322e+00,-5.953438509287423130e-06,-1.372580353447645507e+00,1.310087518235383275e+00,-1.780191823538324059e-02
-1.015999999999999959e-01,2.856984999999999886e+00,1.567151199999999855e+00,1.289833800000000030e+00,1.285845901420472615e+00,1.289839951760999526e+00,-6.151760999495436977e-06,-1.369793704560024139e+00,1.307454433226088231e+00,-1.762063322608820037e-02
-1.015000000000000069e-01,2.854530000000000012e+00,1.567145999999999928e+00,1.287384000000000084e+00,1.283392797621942805e+00,1.287390469446423991e+00,-6.469446423906788368e-06,-1.367010158711835288e+00,1.304824280287472327e+00,-1.744028028747224290e-02
-1.014000000000000040e-01,2.852076999999999973e+00,1.567140399999999989e+00,1.284936599999999984e+00,1.280941817127541071e+00,1.284943107301378395e+00,-6.507301378411156634e-06,-1.364229714757982492e+00,1.302197058337531299e+00,-1.726045833753131475e-02
-1.013000000000000012e-01,2.849626999999999910e+00,1.567134800000000050e+00,1.282492199999999860e+00,1.278492960741559159e+00,1.282497866128966768e+00,-5.666128966907990616e-06,-1.361452371553397711e+00,1.299572766294286863e+00,-1.708056629428700290e-02
-1.011999999999999983e-01,2.847177999999999987e+00,1.567129400000000006e+00,1.280048599999999981e+00,1.276046229270413335e+00,1.280054746734414772e+00,-6.146734414791410472e-06,-1.358678127955457171e+00,1.296951403078070442e+00,-1.690280307807046078e-02
-1.010999999999999954e-01,2.844732000000000038e+00,1.567124199999999856e+00,1.277607800000000182e+00,1.273601623519773796e+00,1.277613749922203557e+00,-5.949922203374313767e-06,-1.355906982822602913e+00,1.294332967610221097e+00,-1.672516761022091458e-02
-1.010000000000000064e-01,2.842287999999999926e+00,1.567118999999999929e+00,1.275168999999999997e+00,1.271159144293264376e+00,1.275174876494770349e+00,-5.876494770351570196e-06,-1.353138935015664401e+00,1.291717458814333197e+00,-1.654845881433320010e-02
-1.009000000000000036e-01,2.839846000000000092e+00,1.567113800000000001e+00,1.272732200000000091e+00,1.268718792395191031e+00,1.272738127255233831e+00,-5.927255233739714413e-06,-1.350373983396593758e+00,1.289104875615062040e+00,-1.637267561506194902e-02
-1.008000000000000007e-01,2.837406000000000095e+00,1.567108600000000074e+00,1.270297400000000021e+00,1.266280568629142067e+00,1.270303503005995927e+00,-6.103005995905519399e-06,-1.347612126827243628e+00,1.286495216936968999e+00,-1.619781693696897840e-02
-1.006999999999999978e-01,2.834967999999999932e+00,1.567103400000000146e+00,1.267864599999999786e+00,1.263844473798037882e+00,1.267871004548791536e+00,-6.404548791749675729e-06,-1.344853364174113608e+00,1.283888481709006379e+00,-1.602388170900659325e-02
-1.005999999999999950e-01,2.832533000000000190e+00,1.567098199999999997e+00,1.265434800000000193e+00,1.261410508704081224e+00,1.265440632684639466e+00,-5.832684639273111316e-06,-1.342097694302893274e+00,1.281284668859361320e+00,-1.584986885936112699e-02
-1.005000000000000060e-01,2.830099000000000142e+00,1.567093000000000069e+00,1.263006000000000073e+00,1.258978674150178279e+00,1.263012388215260406e+00,-6.388215260333396373e-06,-1.339345116080764342e+00,1.278683777317630277e+00,-1.567777731763020377e-02
-1.004000000000000031e-01,2.827668000000000070e+00,1.567087800000000142e+00,1.260580199999999929e+00,1.256548970935753573e+00,1.260586271938898717e+00,-6.071938898788431516e-06,-1.336595628378340450e+00,1.276085806016653112e+00,-1.550560601665318394e-02
-1.003000000000000003e-01,2.825238999999999834e+00,1.567082599999999992e+00,1.258156399999999842e+00,1.254121399863706188e+00,1.258162284657267982e+00,-5.884657268140358610e-06,-1.333849230066256553e+00,1.273490753889289451e+00,-1.533435388928960919e-02
-1.001999999999999974e-01,2.822811999999999877e+00,1.567077400000000065e+00,1.255734599999999812e+00,1.251695961732771423e+00,1.255740427167924667e+00,-5.827167924854492753e-06,-1.331105920016526056e+00,1.270898619869701651e+00,-1.516401986970183913e-02
-1.000999999999999945e-01,2.820387000000000199e+00,1.567072199999999915e+00,1.253314800000000284e+00,1.249272657343759363e+00,1.253320700270496690e+00,-5.900270496406179177e-06,-1.328365697103627951e+00,1.268309402894381988e+00,-1.499460289438170335e-02
-1.000000000000000056e-01,2.817963999999999913e+00,1.567066999999999988e+00,1.250896999999999926e+00,1.246851487495383992e+00,1.250903104762518536e+00,-6.104762518610584721e-06,-1.325628560202346762e+00,1.265723101900110947e+00,-1.482610190011102169e-02
-9.990000000000000269e-02,2.815542999999999907e+00,1.567061800000000060e+00,1.248481199999999847e+00,1.244432452987076942e+00,1.248487641442241891e+00,-6.441442242044459476e-06,-1.322894508190671559e+00,1.263139715826697262e+00,-1.465851582669741582e-02
-9.979999999999999982e-02,2.813124999999999876e+00,1.567056599999999911e+00,1.246068399999999965e+00,1.242015554615448991e+00,1.246074311105101362e+00,-5.911105101397140515e-06,-1.320163539946186404e+00,1.260559243613566860e+00,-1.449084361356689499e-02
-9.969999999999999696e-02,2.810707999999999984e+00,1.567051399999999983e+00,1.243656600000000001e+00,1.239600793179242544e+00,1.243663114548660298e+00,-6.514548660296881621e-06,-1.317435654349282004e+00,1.257981684202798212e+00,-1.432508420279821060e-02
-9.959999999999999409e-02,2.808294000000000068e+00,1.567046199999999834e+00,1.241247800000000234e+00,1.237188169476468147e+00,1.241254052569751076e+00,-6.252569750841985297e-06,-1.314710850282104104e+00,1.255407036538127130e+00,-1.415923653812689587e-02
-9.950000000000000511e-02,2.805881999999999987e+00,1.567040999999999906e+00,1.238841000000000081e+00,1.234777684302024170e+00,1.238847125962098561e+00,-6.125962098479931228e-06,-1.311989126627139512e+00,1.252835299563612725e+00,-1.399429956361264438e-02
-9.940000000000000224e-02,2.803472000000000186e+00,1.567035799999999979e+00,1.236436200000000207e+00,1.232369338452521390e+00,1.236442335521137803e+00,-6.135521137595745245e-06,-1.309270482268971136e+00,1.250266472225293857e+00,-1.383027222529364941e-02
-9.929999999999999938e-02,2.801064000000000220e+00,1.567030600000000051e+00,1.234033400000000169e+00,1.229963132723213448e+00,1.234039682040948049e+00,-6.282040947880318527e-06,-1.306554916093553231e+00,1.247700553470505902e+00,-1.366715347050573293e-02
-9.919999999999999651e-02,2.798658999999999786e+00,1.567025400000000124e+00,1.231633599999999662e+00,1.227559067909666624e+00,1.231639166315921186e+00,-5.566315921523568022e-06,-1.303842426988637726e+00,1.245137542248282436e+00,-1.350394224828277423e-02
-9.909999999999999365e-02,2.796254999999999935e+00,1.567020199999999974e+00,1.229234799999999961e+00,1.225157144805379517e+00,1.229240789138384526e+00,-5.989138384565606543e-06,-1.301133013843667641e+00,1.242577437509254867e+00,-1.334263750925490655e-02
-9.900000000000000466e-02,2.793854000000000060e+00,1.567015000000000047e+00,1.226839000000000013e+00,1.222757364205236286e+00,1.226844551302048725e+00,-5.551302048711903581e-06,-1.298426675548803644e+00,1.240020238204733172e+00,-1.318123820473315888e-02
-9.890000000000000180e-02,2.791453999999999880e+00,1.567009800000000119e+00,1.224444199999999761e+00,1.220359726902380260e+00,1.224450453598886046e+00,-6.253598886285516301e-06,-1.295723410996302505e+00,1.237465943288007519e+00,-1.302174328800775882e-02
-9.879999999999999893e-02,2.789057000000000119e+00,1.567004599999999970e+00,1.222052400000000150e+00,1.217964233688896059e+00,1.222058496819811824e+00,-6.096819811673981349e-06,-1.293023219079806552e+00,1.234914551713677255e+00,-1.286215171367710575e-02
-9.869999999999999607e-02,2.786662000000000194e+00,1.566999599999999937e+00,1.219662400000000257e+00,1.215570885356896724e+00,1.219668681755769812e+00,-6.281755769554919766e-06,-1.290326098694713153e+00,1.232366062438000620e+00,-1.270366243800036266e-02
-9.859999999999999321e-02,2.784269999999999801e+00,1.566994800000000021e+00,1.217275199999999780e+00,1.213179682699504269e+00,1.217281009198711184e+00,-5.809198711403951165e-06,-1.287632048737108903e+00,1.229820474417886444e+00,-1.254527441788666486e-02
-9.850000000000000422e-02,2.781878999999999991e+00,1.566990000000000105e+00,1.214888999999999886e+00,1.210790626506735634e+00,1.214895479937486478e+00,-6.479937486592035611e-06,-1.284941068105531770e+00,1.227277786612560373e+00,-1.238878661256048730e-02
-9.840000000000000135e-02,2.779490000000000016e+00,1.566984800000000178e+00,1.212505199999999839e+00,1.208403717569630942e+00,1.212512094761967862e+00,-6.894761968023743748e-06,-1.282253155699201841e+00,1.224737997981892201e+00,-1.223279798189236267e-02
-9.829999999999999849e-02,2.777104000000000017e+00,1.566979600000000028e+00,1.210124399999999989e+00,1.206018956677503695e+00,1.210130854460303995e+00,-6.454460304006204296e-06,-1.279568310419797683e+00,1.222201107488074978e+00,-1.207670748807498917e-02
-9.819999999999999563e-02,2.774719999999999853e+00,1.566974400000000101e+00,1.207745599999999753e+00,1.203636344620690579e+00,1.207751759821664495e+00,-6.159821664741826908e-06,-1.276886531168983652e+00,1.219667114093288207e+00,-1.192151409328845446e-02
-9.810000000000000664e-02,2.772337999999999969e+00,1.566969199999999951e+00,1.205368800000000018e+00,1.201255882188512203e+00,1.205374811634204679e+00,-6.011634204661220338e-06,-1.274207816852268138e+00,1.217136016763343820e+00,-1.176721676334380184e-02
-9.800000000000000377e-02,2.769957999999999920e+00,1.566964000000000024e+00,1.202993999999999897e+00,1.198877570168171758e+00,1.203000010683965781e+00,-6.010683965884666691e-06,-1.271532166373752659e+00,1.214607814462724145e+00,-1.161381446272424789e-02
-9.790000000000000091e-02,2.767580000000000151e+00,1.566958800000000096e+00,1.200621200000000055e+00,1.196501409348968537e+00,1.200627357759082026e+00,-6.157759081970581860e-06,-1.268859578641404084e+00,1.212082506159563922e+00,-1.146130615956386656e-02
-9.779999999999999805e-02,2.765204999999999913e+00,1.566953599999999946e+00,1.198251399999999967e+00,1.194127400516727278e+00,1.198256853644217523e+00,-5.453644217556785634e-06,-1.266190052563864299e+00,1.209560090822636269e+00,-1.130869082263630254e-02
-9.769999999999999518e-02,2.762830999999999815e+00,1.566948599999999914e+00,1.195882399999999901e+00,1.191755544459354610e+00,1.195888499126116056e+00,-6.099126116154707233e-06,-1.263523587050471519e+00,1.207040567421371113e+00,-1.115816742137121231e-02
-9.760000000000000620e-02,2.760460000000000136e+00,1.566943799999999998e+00,1.193516200000000138e+00,1.189385841962675272e+00,1.193522294989442400e+00,-6.094989442262388479e-06,-1.260860181013697456e+00,1.204523934928160456e+00,-1.100773492816031762e-02
-9.750000000000000333e-02,2.758090999999999848e+00,1.566939000000000082e+00,1.191151999999999767e+00,1.187018293812492686e+00,1.191158242018839797e+00,-6.242018840030283400e-06,-1.258199833366042242e+00,1.202010192315422499e+00,-1.085819231542273222e-02
-9.740000000000000047e-02,2.755723999999999840e+00,1.566933800000000154e+00,1.188790199999999686e+00,1.184652900793942365e+00,1.188796340998284462e+00,-6.140998284775989191e-06,-1.255542543021732627e+00,1.199499338557207029e+00,-1.070913855720734276e-02
-9.729999999999999760e-02,2.753359000000000112e+00,1.566928600000000005e+00,1.186430400000000107e+00,1.182289663690731629e+00,1.186436592710326865e+00,-6.192710326757833172e-06,-1.252888308897425418e+00,1.196991372629859773e+00,-1.056097262985966623e-02
-9.719999999999999474e-02,2.750996999999999915e+00,1.566923599999999972e+00,1.184073399999999943e+00,1.179928583288685218e+00,1.184078997939631783e+00,-5.597939631840631591e-06,-1.250237129910139799e+00,1.194486293510069519e+00,-1.041289351006957631e-02
-9.710000000000000575e-02,2.748635999999999857e+00,1.566918800000000056e+00,1.181717199999999801e+00,1.177569660369776727e+00,1.181723557467018404e+00,-6.357467018602847020e-06,-1.247589004978991056e+00,1.191984100176504802e+00,-1.026690017650500053e-02
-9.700000000000000289e-02,2.746278000000000219e+00,1.566913999999999918e+00,1.179364000000000301e+00,1.175212895717741901e+00,1.179370272075065174e+00,-6.272075064872595362e-06,-1.244943933024480032e+00,1.189484791609144221e+00,-1.012079160914391984e-02
-9.690000000000000002e-02,2.743921999999999972e+00,1.566908799999999991e+00,1.177013199999999982e+00,1.172858290114554336e+00,1.177019142544591723e+00,-5.942544591741594218e-06,-1.242301912968514443e+00,1.186988366789295313e+00,-9.975166789295331071e-03
-9.679999999999999716e-02,2.741568000000000005e+00,1.566903600000000063e+00,1.174664399999999942e+00,1.170505844342542900e+00,1.174670169656771401e+00,-5.769656771459352740e-06,-1.239662943734373357e+00,1.184494824699561244e+00,-9.830424699561302049e-03
-9.669999999999999429e-02,2.739215999999999873e+00,1.566898400000000136e+00,1.172317599999999738e+00,1.168155559181592196e+00,1.172323354190337952e+00,-5.754190338214115741e-06,-1.237027024247105089e+00,1.182004164324217177e+00,-9.686564324217439292e-03
-9.660000000000000531e-02,2.736866000000000021e+00,1.566893199999999986e+00,1.169972800000000035e+00,1.165807435414038196e+00,1.169978696926472272e+00,-5.896926472237495886e-06,-1.234394153432795349e+00,1.179516384648518823e+00,-9.543584648518788072e-03
-9.650000000000000244e-02,2.734519000000000144e+00,1.566888000000000059e+00,1.167631000000000085e+00,1.163461473818721004e+00,1.167636198642864498e+00,-5.198642864412406084e-06,-1.231764330219625947e+00,1.177031484659701643e+00,-9.400484659701557888e-03
-9.639999999999999958e-02,2.732172999999999963e+00,1.566883199999999920e+00,1.165289800000000042e+00,1.161117675176910780e+00,1.165295860119631710e+00,-6.060119631667859608e-06,-1.229137553536808980e+00,1.174549463345975431e+00,-9.259663345975388538e-03
-9.629999999999999671e-02,2.729830000000000201e+00,1.566878400000000005e+00,1.162951600000000196e+00,1.158776040265721008e+00,1.162957682132739867e+00,-6.082132739670953470e-06,-1.226513822314977631e+00,1.172070319696892460e+00,-9.118719696892263471e-03
-9.619999999999999385e-02,2.727488999999999830e+00,1.566873599999999866e+00,1.160615399999999964e+00,1.156436569865029185e+00,1.160621665460915386e+00,-6.265460915422238486e-06,-1.223893135486136430e+00,1.169594052703300857e+00,-8.978652703300893378e-03
-9.610000000000000486e-02,2.725150999999999879e+00,1.566868799999999951e+00,1.158282199999999929e+00,1.154099264752282750e+00,1.158287810880457736e+00,-5.610880457806999289e-06,-1.221275491984400219e+00,1.167120661358042488e+00,-8.838461358042559723e-03
-9.600000000000000200e-02,2.722814000000000068e+00,1.566864000000000035e+00,1.155950000000000033e+00,1.151764125704239916e+00,1.155956119166978713e+00,-6.119166978679757563e-06,-1.218660890744921232e+00,1.164650144654940211e+00,-8.700144654940178413e-03
-9.589999999999999913e-02,2.720479000000000092e+00,1.566858800000000107e+00,1.153620199999999985e+00,1.149431153497978642e+00,1.153626591096408749e+00,-6.391096408764340708e-06,-1.216049330703896203e+00,1.162182501588802763e+00,-8.562301588802778696e-03
-9.579999999999999627e-02,2.718147000000000091e+00,1.566853599999999958e+00,1.151293400000000133e+00,1.147100348910612411e+00,1.151299227444714468e+00,-5.827444714334717446e-06,-1.213440810799617964e+00,1.159717731156420406e+00,-8.424331156420272748e-03
-9.569999999999999341e-02,2.715816999999999926e+00,1.566848599999999925e+00,1.148968400000000001e+00,1.144771712716440959e+00,1.148974028985052298e+00,-5.628985052297252878e-06,-1.210835329972127283e+00,1.157255832356234304e+00,-8.287432356234303299e-03
-9.560000000000000442e-02,2.713489000000000040e+00,1.566843800000000009e+00,1.146645200000000031e+00,1.142445245692215394e+00,1.146650996493026486e+00,-5.796493026455351583e-06,-1.208232887161805991e+00,1.154796804187008918e+00,-8.151604187008887337e-03
-9.550000000000000155e-02,2.711162999999999990e+00,1.566839000000000093e+00,1.144323999999999897e+00,1.140120948610494622e+00,1.144330130740055740e+00,-6.130740055843020286e-06,-1.205633481311124910e+00,1.152340645649481354e+00,-8.016645649481457525e-03
-9.539999999999999869e-02,2.708839999999999915e+00,1.566833800000000165e+00,1.142006199999999749e+00,1.137798822246644193e+00,1.142011432500360746e+00,-5.232500360996539257e-06,-1.203037111364679390e+00,1.149887355746397111e+00,-7.881155746397361384e-03
-9.529999999999999583e-02,2.706517999999999979e+00,1.566828600000000016e+00,1.139689399999999964e+00,1.135478867373556966e+00,1.139694902545693278e+00,-5.502545693314431219e-06,-1.200443776267007934e+00,1.147436933480447507e+00,-7.747533480447543752e-03
-9.520000000000000684e-02,2.704199000000000019e+00,1.566823599999999983e+00,1.137375400000000036e+00,1.133161084764850557e+00,1.137380541648529197e+00,-5.141648529161102488e-06,-1.197853474966194653e+00,1.144989377857674517e+00,-7.613977857674480987e-03
-9.510000000000000397e-02,2.701881999999999895e+00,1.566818800000000067e+00,1.135063199999999828e+00,1.130845475191691207e+00,1.135068350578896101e+00,-5.150578896273572127e-06,-1.195266206408902576e+00,1.142544687882776744e+00,-7.481487882776916010e-03
-9.500000000000000111e-02,2.699567000000000050e+00,1.566813999999999929e+00,1.132753000000000121e+00,1.128532039426303868e+00,1.132758330107878741e+00,-5.330107878620538031e-06,-1.192681969546313780e+00,1.140102862564723152e+00,-7.349862564723030900e-03
-9.489999999999999825e-02,2.697254000000000040e+00,1.566809200000000013e+00,1.130444800000000027e+00,1.126220778239840570e+00,1.130450481005490948e+00,-5.681005490920654211e-06,-1.190100763328928224e+00,1.137663900911838555e+00,-7.219100911838527423e-03
-9.479999999999999538e-02,2.694944000000000006e+00,1.566804400000000097e+00,1.128139599999999909e+00,1.123911692402778328e+00,1.128144804041072202e+00,-5.204041072293108527e-06,-1.187522586709363281e+00,1.135227801934447944e+00,-7.088201934448035146e-03
-9.470000000000000639e-02,2.692635000000000112e+00,1.566799599999999959e+00,1.125835400000000153e+00,1.121604782684897827e+00,1.125841299983266985e+00,-5.899983266832720119e-06,-1.184947438642282691e+00,1.132794564644810320e+00,-6.959164644810167388e-03
-9.460000000000000353e-02,2.690329000000000192e+00,1.566794800000000043e+00,1.123534200000000149e+00,1.119300049856299495e+00,1.123539969601038413e+00,-5.769601038263516557e-06,-1.182375318082726778e+00,1.130364188055540176e+00,-6.829988055540026082e-03
-9.450000000000000067e-02,2.688025000000000109e+00,1.566789999999999905e+00,1.121235000000000204e+00,1.116997494685037395e+00,1.121240813661307012e+00,-5.813661306808270979e-06,-1.179806223987824865e+00,1.127936671181225980e+00,-6.701671181225776763e-03
-9.439999999999999780e-02,2.685722999999999860e+00,1.566784799999999978e+00,1.118938199999999883e+00,1.114697117939812188e+00,1.118943832931638571e+00,-5.632931638688276621e-06,-1.177240155316098935e+00,1.125512013037772485e+00,-6.573813037772602286e-03
-9.429999999999999494e-02,2.683422999999999892e+00,1.566779600000000050e+00,1.116643399999999842e+00,1.112398920388329771e+00,1.116649028178605674e+00,-5.628178605832090398e-06,-1.174677111027811804e+00,1.123090212642728902e+00,-6.446812642729060627e-03
-9.420000000000000595e-02,2.681125999999999898e+00,1.566774600000000017e+00,1.114351399999999881e+00,1.110102902797549973e+00,1.114356400168035721e+00,-5.000168035840246716e-06,-1.172117090083581559e+00,1.120671269013980620e+00,-6.319869013980738970e-03
-9.410000000000000309e-02,2.678831000000000184e+00,1.566769800000000101e+00,1.112061200000000083e+00,1.107809065934127091e+00,1.112065949665451248e+00,-4.749665451164730712e-06,-1.169560091446811612e+00,1.118255181172044255e+00,-6.193981172044171757e-03
-9.400000000000000022e-02,2.676537999999999862e+00,1.566764999999999963e+00,1.109772999999999898e+00,1.105517410564672787e+00,1.109777677436332377e+00,-4.677436332478634995e-06,-1.167006114081601709e+00,1.115841948138094786e+00,-6.068948138094887312e-03
-9.389999999999999736e-02,2.674246999999999819e+00,1.566760200000000047e+00,1.107486799999999771e+00,1.103227937453389984e+00,1.107491584243753602e+00,-4.784243753830352830e-06,-1.164455156953117410e+00,1.113431568934314608e+00,-5.944768934314836883e-03
-9.379999999999999449e-02,2.671958000000000055e+00,1.566755400000000131e+00,1.105202599999999924e+00,1.100940647366215330e+00,1.105207670852521140e+00,-5.070852521216195896e-06,-1.161907219029281180e+00,1.111024042585490479e+00,-5.821442585490554933e-03
-9.370000000000000551e-02,2.669671000000000127e+00,1.566750599999999993e+00,1.102920400000000134e+00,1.098655541067344643e+00,1.102925938025702379e+00,-5.538025702245263915e-06,-1.159362299278043906e+00,1.108619368116436243e+00,-5.698968116436109455e-03
-9.360000000000000264e-02,2.667387000000000175e+00,1.566745800000000077e+00,1.100641200000000097e+00,1.096372619319559760e+00,1.100646386524952947e+00,-5.186524952849325132e-06,-1.156820396670127593e+00,1.106217544554584320e+00,-5.576344554584222735e-03
-9.349999999999999978e-02,2.665105000000000057e+00,1.566740999999999939e+00,1.098364000000000118e+00,1.094091882887077816e+00,1.098369017113362212e+00,-5.017113362093539308e-06,-1.154281510175920289e+00,1.103818570927051601e+00,-5.454570927051483054e-03
-9.339999999999999691e-02,2.662825000000000220e+00,1.566736200000000023e+00,1.096088800000000196e+00,1.091813332531266667e+00,1.096093830551173598e+00,-5.030551173401676124e-06,-1.151745638768929325e+00,1.101422446263901955e+00,-5.333646263901758999e-03
-9.329999999999999405e-02,2.660547000000000217e+00,1.566731400000000107e+00,1.093815600000000110e+00,1.089536969014957890e+00,1.093820827600092915e+00,-5.227600092805317900e-06,-1.149212781423393892e+00,1.099029169595891364e+00,-5.213569595891254238e-03
-9.320000000000000506e-02,2.658271000000000051e+00,1.566726599999999969e+00,1.091544400000000081e+00,1.087262793098830116e+00,1.091550009019675471e+00,-5.609019675389959048e-06,-1.146682937115251377e+00,1.096638739955380304e+00,-5.094339955380222662e-03
-9.310000000000000220e-02,2.655997999999999859e+00,1.566721800000000053e+00,1.089276199999999806e+00,1.084990805545345438e+00,1.089281375571258037e+00,-5.175571258231315142e-06,-1.144156104820837072e+00,1.094251156375104728e+00,-4.974956375104921946e-03
-9.299999999999999933e-02,2.653726999999999947e+00,1.566716999999999915e+00,1.087010000000000032e+00,1.082721007112063205e+00,1.087014928011281523e+00,-4.928011281490896067e-06,-1.141632283519577129e+00,1.091866417890721808e+00,-4.856417890721775876e-03
-9.289999999999999647e-02,2.651457999999999871e+00,1.566712199999999999e+00,1.084745799999999871e+00,1.080453398561083134e+00,1.084750667100720323e+00,-4.867100720451489337e-06,-1.139111472190940333e+00,1.089484523537928906e+00,-4.738723537929034890e-03
-9.279999999999999361e-02,2.649191000000000074e+00,1.566707400000000083e+00,1.082483599999999990e+00,1.078187980650319844e+00,1.082488593596370396e+00,-4.993596370406194751e-06,-1.136593669816804208e+00,1.087105472354698676e+00,-4.621872354698686181e-03
-9.270000000000000462e-02,2.646926000000000112e+00,1.566702599999999945e+00,1.080223400000000167e+00,1.075924754138036121e+00,1.080228708255374981e+00,-5.308255374814052630e-06,-1.134078875379763929e+00,1.084729263379683006e+00,-4.505863379682839565e-03
-9.260000000000000175e-02,2.644664000000000126e+00,1.566697800000000029e+00,1.077966200000000097e+00,1.073663719782139481e+00,1.077971011834522930e+00,-4.811834522833180472e-06,-1.131567087864155496e+00,1.082355895653177802e+00,-4.389695653177705381e-03
-9.249999999999999889e-02,2.642403999999999975e+00,1.566692999999999891e+00,1.075711000000000084e+00,1.071404878341255085e+00,1.075715505091319413e+00,-4.505091319328968780e-06,-1.129058306256048638e+00,1.079985368217117658e+00,-4.274368217117574531e-03
-9.239999999999999603e-02,2.640146000000000104e+00,1.566688199999999975e+00,1.073457800000000129e+00,1.069148230570490909e+00,1.073462188779757298e+00,-4.388779757169558593e-06,-1.126552529541875458e+00,1.077617680113779342e+00,-4.159880113779212962e-03
-9.229999999999999316e-02,2.637890000000000068e+00,1.566683400000000059e+00,1.071206600000000009e+00,1.066893777226027851e+00,1.071211063654901485e+00,-4.463654901476488135e-06,-1.124049756710846282e+00,1.075252830388064851e+00,-4.046230388064842032e-03
-9.220000000000000417e-02,2.635635999999999868e+00,1.566678599999999921e+00,1.068957399999999947e+00,1.064641519064736030e+00,1.068962130472504768e+00,-4.730472504821392477e-06,-1.121549986752867767e+00,1.072890818085534104e+00,-3.933418085534157171e-03
-9.210000000000000131e-02,2.633385000000000087e+00,1.566673800000000005e+00,1.066711200000000082e+00,1.062391456841027093e+00,1.066715389985865015e+00,-4.189985864933021276e-06,-1.119053218658571325e+00,1.070531642252432025e+00,-3.820442252431943686e-03
-9.199999999999999845e-02,2.631135000000000002e+00,1.566669000000000089e+00,1.064465999999999912e+00,1.060143591308296607e+00,1.064470842947265350e+00,-4.842947265437658189e-06,-1.116559451422034499e+00,1.068175301938259603e+00,-3.709301938259690345e-03
-9.189999999999999558e-02,2.628887999999999892e+00,1.566664199999999951e+00,1.062223799999999940e+00,1.057897923220956216e+00,1.062228490110003865e+00,-4.690110003924274906e-06,-1.114068684036318757e+00,1.065821796191557702e+00,-3.597996191557761847e-03
-9.180000000000000659e-02,2.626643000000000061e+00,1.566659400000000035e+00,1.059983600000000026e+00,1.055654453333097820e+00,1.059988332227059349e+00,-4.732227059323079743e-06,-1.111580915497619060e+00,1.063471124063828155e+00,-3.487524063828129073e-03
-9.170000000000000373e-02,2.624401000000000206e+00,1.566654800000000014e+00,1.057746200000000192e+00,1.053413182396340630e+00,1.057750370048941013e+00,-4.170048940821402539e-06,-1.109096144803515926e+00,1.061123284607881967e+00,-3.377084607881775113e-03
-9.160000000000000087e-02,2.622160000000000046e+00,1.566650399999999888e+00,1.055509600000000159e+00,1.051174111162339386e+00,1.055514604326194483e+00,-5.004326194324448807e-06,-1.106614370951255921e+00,1.058778276876214841e+00,-3.268676876214682281e-03
-9.149999999999999800e-02,2.619921999999999862e+00,1.566645999999999983e+00,1.053275999999999879e+00,1.048937240383757796e+00,1.053281035810371913e+00,-5.035810372033822091e-06,-1.104135592941901223e+00,1.056436099924927152e+00,-3.160099924927273207e-03
-9.139999999999999514e-02,2.617685999999999957e+00,1.566641200000000067e+00,1.051044799999999890e+00,1.046702570810495558e+00,1.051049665250265885e+00,-4.865250265995157974e-06,-1.101659809775824783e+00,1.054096752809468907e+00,-3.051952809469016259e-03
-9.130000000000000615e-02,2.615451999999999888e+00,1.566636400000000151e+00,1.048815599999999737e+00,1.044470103192793431e+00,1.048820493395009823e+00,-4.893395010086010188e-06,-1.099187020456220409e+00,1.051760234587955090e+00,-2.944634587955352600e-03
-9.120000000000000329e-02,2.613220999999999794e+00,1.566631600000000013e+00,1.046589399999999781e+00,1.042239838280892172e+00,1.046593520993736925e+00,-4.120993737144473812e-06,-1.096717223987276668e+00,1.049426544319440380e+00,-2.837144319440598750e-03
-9.110000000000000042e-02,2.610990999999999840e+00,1.566626800000000097e+00,1.044364199999999743e+00,1.040011776823632772e+00,1.044368748794182622e+00,-4.548794182879234427e-06,-1.094250419374262151e+00,1.047095681064000416e+00,-2.731481064000673697e-03
-9.099999999999999756e-02,2.608763999999999861e+00,1.566621999999999959e+00,1.042141999999999902e+00,1.037785919569174098e+00,1.042146177543401331e+00,-4.177543401429062442e-06,-1.091786605624179174e+00,1.044767643883349084e+00,-2.625643883349182417e-03
-9.089999999999999469e-02,2.606539000000000161e+00,1.566617200000000043e+00,1.039921800000000118e+00,1.035562267265653702e+00,1.039925807988425932e+00,-4.007988425813735489e-06,-1.089325781745436927e+00,1.042442431840529427e+00,-2.520631840529308221e-03
-9.080000000000000571e-02,2.604315999999999853e+00,1.566612400000000127e+00,1.037703599999999726e+00,1.033340820659475412e+00,1.037707640874558468e+00,-4.040874558741691658e-06,-1.086867946748157010e+00,1.040120044000202304e+00,-2.416444000202577769e-03
-9.070000000000000284e-02,2.602094999999999825e+00,1.566607800000000106e+00,1.035487199999999719e+00,1.031121580499139156e+00,1.035491676949194195e+00,-4.476949194476276261e-06,-1.084413099642496547e+00,1.037800479427062328e+00,-2.313279427062608917e-03
-9.059999999999999998e-02,2.599877000000000216e+00,1.566603399999999979e+00,1.033273600000000236e+00,1.028904547529307933e+00,1.033277916955896103e+00,-4.316955895866669835e-06,-1.081961239441739053e+00,1.035483737188758857e+00,-2.210137188758620752e-03
-9.049999999999999711e-02,2.597660999999999998e+00,1.566599000000000075e+00,1.031061999999999923e+00,1.026689722495326862e+00,1.031066361638909523e+00,-4.361638909600173974e-06,-1.079512365159857268e+00,1.033169816353591397e+00,-2.107816353591474012e-03
-9.039999999999999425e-02,2.595447000000000060e+00,1.566594199999999937e+00,1.028852800000000123e+00,1.024477106143265814e+00,1.028857011743202765e+00,-4.211743202642281858e-06,-1.077066475811882640e+00,1.030858715990860874e+00,-2.005915990860751563e-03
-9.030000000000000526e-02,2.593234999999999957e+00,1.566589400000000021e+00,1.026645599999999936e+00,1.022266699216032748e+00,1.026649868010586886e+00,-4.268010586949699814e-06,-1.074623570414587448e+00,1.028550435171512234e+00,-1.904835171512297975e-03
-9.020000000000000240e-02,2.591025999999999829e+00,1.566584599999999883e+00,1.024441399999999947e+00,1.020058502458638827e+00,1.024444931184973484e+00,-3.531184973537548899e-06,-1.072183647986122423e+00,1.026244972967793601e+00,-1.803572967793654058e-03
-9.009999999999999953e-02,2.588817999999999842e+00,1.566579799999999967e+00,1.022238199999999875e+00,1.017852516613658054e+00,1.022242202007840106e+00,-4.002007840231414093e-06,-1.069746707546407549e+00,1.023942328453624429e+00,-1.704128453624553785e-03
-8.999999999999999667e-02,2.586612999999999829e+00,1.566575000000000051e+00,1.020037999999999778e+00,1.015648742422946782e+00,1.020041681219947982e+00,-3.681219948203917625e-06,-1.067312748115696763e+00,1.021642500703240142e+00,-1.604500703240363535e-03
-8.989999999999999380e-02,2.584410000000000096e+00,1.566570600000000146e+00,1.017839399999999950e+00,1.013447180629071909e+00,1.017843369562767775e+00,-3.969562767824896810e-06,-1.064881768717050647e+00,1.019345488793527821e+00,-1.506088793527871061e-03
-8.980000000000000482e-02,2.582209999999999894e+00,1.566566200000000020e+00,1.015643799999999874e+00,1.011247831972518441e+00,1.015647267775691365e+00,-3.467775691490260215e-06,-1.062453768373501362e+00,1.017051291801347679e+00,-1.407491801347804383e-03
-8.970000000000000195e-02,2.580010999999999832e+00,1.566561599999999999e+00,1.013449399999999834e+00,1.009050697194808777e+00,1.013453376599146250e+00,-3.976599146415793484e-06,-1.060028746110191378e+00,1.014759908805554112e+00,-1.310508805554277956e-03
-8.959999999999999909e-02,2.577815000000000190e+00,1.566556800000000083e+00,1.011258200000000107e+00,1.006855777035710275e+00,1.011261696771807994e+00,-3.496771807887100181e-06,-1.057606700954359269e+00,1.012471338886982375e+00,-1.213138886982267906e-03
-8.949999999999999623e-02,2.575620999999999938e+00,1.566551999999999945e+00,1.009068999999999994e+00,1.004663072235352672e+00,1.009072229032713430e+00,-3.229032713436552626e-06,-1.055187631933243608e+00,1.010185581126467280e+00,-1.116581126467286467e-03
-8.939999999999999336e-02,2.573428999999999967e+00,1.566547600000000040e+00,1.006881399999999926e+00,1.002472583531769601e+00,1.006884974118806841e+00,-3.574118806914938773e-06,-1.052771538076157753e+00,1.007902634606804515e+00,-1.021234606804588552e-03
-8.930000000000000437e-02,2.571238999999999830e+00,1.566543199999999914e+00,1.004695799999999917e+00,1.000284311662639425e+00,1.004699932766677462e+00,-4.132766677544807976e-06,-1.050358418413836148e+00,1.005622498412131804e+00,-9.266984121318877499e-04
-8.920000000000000151e-02,2.569052000000000113e+00,1.566538599999999892e+00,1.002513400000000221e+00,9.980982573670473812e-01,1.002517105714319401e+00,-3.705714319179875815e-06,-1.047948271978036416e+00,1.003345171627554766e+00,-8.317716275545450344e-04
-8.909999999999999865e-02,2.566866999999999788e+00,1.566533799999999976e+00,1.000333199999999811e+00,9.959144213812933799e-01,1.000336493696945439e+00,-3.293696945627644368e-06,-1.045541097803663888e+00,1.001070653341152417e+00,-7.374533411526051907e-04
-8.899999999999999578e-02,2.564684000000000186e+00,1.566529000000000060e+00,9.981550000000001255e-01,9.937328044419828643e-01,9.981580974500740000e-01,-3.097450073874519205e-06,-1.043136894923549107e+00,9.987989426390436742e-01,-6.439426390435487590e-04
-8.890000000000000679e-02,2.562502999999999975e+00,1.566524600000000156e+00,9.959783999999998194e-01,9.915534072850960001e-01,9.959819177085984521e-01,-3.517708598632651729e-06,-1.040735662374672188e+00,9.965300386112684317e-01,-5.516386112686122445e-04
-8.880000000000000393e-02,2.560325000000000184e+00,1.566520200000000029e+00,9.938048000000001547e-01,9.893762306448010690e-01,9.938079552056032773e-01,-3.155205603122546165e-06,-1.038337399194745103e+00,9.942639403485580285e-01,-4.591403485578737786e-04
-8.870000000000000107e-02,2.558148000000000089e+00,1.566515600000000008e+00,9.916324000000000805e-01,9.872012752573908756e-01,9.916362106762943718e-01,-3.810676294291326371e-06,-1.035942104422488796e+00,9.920006469425970419e-01,-3.682469425969614463e-04
-8.859999999999999820e-02,2.555973999999999968e+00,1.566510800000000092e+00,9.894631999999998762e-01,9.850285418556836703e-01,9.894666848524079628e-01,-3.484852408086602793e-06,-1.033549777098421885e+00,9.897401574867689122e-01,-2.769574867690360875e-04
-8.849999999999999534e-02,2.553802999999999823e+00,1.566505999999999954e+00,9.872969999999998691e-01,9.828580311728032370e-01,9.872993784659856997e-01,-2.378465985830580109e-06,-1.031160416264746971e+00,9.874824710760481405e-01,-1.854710760482713994e-04
-8.840000000000000635e-02,2.551632999999999818e+00,1.566501600000000050e+00,9.851313999999997684e-01,9.806897439422712637e-01,9.851342922494663590e-01,-2.892249466590612883e-06,-1.028774020963020064e+00,9.852275868047983831e-01,-9.618680479861474453e-05
-8.830000000000000349e-02,2.549465999999999788e+00,1.566497199999999923e+00,9.829687999999998649e-01,9.785236808968775790e-01,9.829714269345578570e-01,-2.626934557992122166e-06,-1.026390590239302014e+00,9.829755037716397803e-01,-6.703771639915423464e-06
-8.820000000000000062e-02,2.547299999999999898e+00,1.566492800000000019e+00,9.808071999999998791e-01,9.763598427669890611e-01,9.808107832505490453e-01,-3.583250549166194787e-06,-1.024010123138602069e+00,9.807262210741990449e-01,8.097892580083421166e-05
-8.809999999999999776e-02,2.545138000000000122e+00,1.566488399999999892e+00,9.786496000000002304e-01,9.741982302840028751e-01,9.786523619277571751e-01,-2.761927756944615453e-06,-1.021632618708750329e+00,9.784797378127678691e-01,1.698621872323613502e-04
-8.799999999999999489e-02,2.542977000000000043e+00,1.566483999999999988e+00,9.764930000000000554e-01,9.720388441775824617e-01,9.764961636947684376e-01,-3.163694768382185885e-06,-1.019258075997200308e+00,9.762360530872826736e-01,2.569469127173817924e-04
-8.790000000000000591e-02,2.540817999999999799e+00,1.566479200000000072e+00,9.743387999999997273e-01,9.698816851784428650e-01,9.743421892812194063e-01,-3.389281219678963453e-06,-1.016886494055249557e+00,9.739951660013117518e-01,3.436339986879755060e-04
-8.780000000000000304e-02,2.538661999999999974e+00,1.566474400000000156e+00,9.721875999999998186e-01,9.677267540158922543e-01,9.721904394153413342e-01,-2.839415341515660884e-06,-1.014517871933165338e+00,9.717570756574499535e-01,4.305243425498650467e-04
-8.770000000000000018e-02,2.536507999999999985e+00,1.566469800000000134e+00,9.700381999999998506e-01,9.655740514168016375e-01,9.700409148229321987e-01,-2.714822932348148754e-06,-1.012152208684312882e+00,9.695217811612194536e-01,5.164188387803969604e-04
-8.759999999999999731e-02,2.534355999999999831e+00,1.566465400000000008e+00,9.678905999999998233e-01,9.634235781104862895e-01,9.678936162322306913e-01,-3.016232230867998965e-06,-1.009789503362462426e+00,9.672892816185250098e-01,6.013183814748135347e-04
-8.749999999999999445e-02,2.532207000000000097e+00,1.566461000000000103e+00,9.657459999999999933e-01,9.612753348234690520e-01,9.657485443686870674e-01,-2.544368687074083368e-06,-1.007429755023089513e+00,9.650595761368828684e-01,6.864238631171248883e-04
-8.740000000000000546e-02,2.530060000000000198e+00,1.566456599999999977e+00,9.636034000000002209e-01,9.591293222829762044e-01,9.636056999584540206e-01,-2.299958453799710867e-06,-1.005072962723069452e+00,9.628326638251319958e-01,7.707361748682250990e-04
-8.730000000000000260e-02,2.527915000000000134e+00,1.566452199999999850e+00,9.614628000000002839e-01,9.569855412144789852e-01,9.614650837259317573e-01,-2.283725931473412629e-06,-1.002719125519980992e+00,9.606085437927756043e-01,8.542562072246795424e-04
-8.719999999999999973e-02,2.525771999999999906e+00,1.566447799999999946e+00,9.593241999999999603e-01,9.548439923437967991e-01,9.593266963958680948e-01,-2.496395868134548834e-06,-1.000368242474543479e+00,9.583872151522850880e-01,9.369848477148723376e-04
-8.709999999999999687e-02,2.523630999999999958e+00,1.566443399999999819e+00,9.571876000000001383e-01,9.527046763950153263e-01,9.571905386912799019e-01,-2.938691279763538944e-06,-9.980203126464317620e-01,9.561686770151442971e-01,1.018922984855841207e-03
-8.699999999999999400e-02,2.521492999999999984e+00,1.566438999999999915e+00,9.550540000000000695e-01,9.505675940929236845e-01,9.550566113358862630e-01,-2.611335886193444367e-06,-9.956753350980989126e-01,9.539529284954626487e-01,1.101071504537420864e-03
-8.690000000000000502e-02,2.519356999999999847e+00,1.566434600000000010e+00,9.529223999999998362e-01,9.484327461612380716e-01,9.529249150523348977e-01,-2.515052335061440658e-06,-9.933333088941012079e-01,9.517399687093367477e-01,1.182431290663088497e-03
-8.680000000000000215e-02,2.517222999999999988e+00,1.566430199999999884e+00,9.507928000000001045e-01,9.463001333216070066e-01,9.507954505612090657e-01,-2.650561208961121906e-06,-9.909942330986396541e-01,9.495297967725274679e-01,1.263003227472636603e-03
-8.669999999999999929e-02,2.515090999999999966e+00,1.566425799999999979e+00,9.486651999999999862e-01,9.441697562984714409e-01,9.486682185858802407e-01,-3.018585880254498477e-06,-9.886581067776774034e-01,9.473224118024606843e-01,1.342788197539301898e-03
-8.659999999999999643e-02,2.512961999999999918e+00,1.566421399999999853e+00,9.465406000000000653e-01,9.420416158113553706e-01,9.465432198448100465e-01,-2.619844809981231037e-06,-9.863249289995934532e-01,9.451178129188452237e-01,1.422787081154841538e-03
-8.649999999999999356e-02,2.510835000000000150e+00,1.566416999999999948e+00,9.444180000000002018e-01,9.399157125822625858e-01,9.444204550589364588e-01,-2.455058936257081825e-06,-9.839946988331220723e-01,9.429159992417254221e-01,1.502000758274779635e-03
-8.640000000000000457e-02,2.508710000000000218e+00,1.566412200000000032e+00,9.422978000000001852e-01,9.377920473310936700e-01,9.422999249470974670e-01,-2.124947097281726371e-06,-9.816674153487525700e-01,9.407169698928040669e-01,1.580830107196118384e-03
-8.630000000000000171e-02,2.506587000000000121e+00,1.566407400000000116e+00,9.401796000000000042e-01,9.356706207784242224e-01,9.401816302288046323e-01,-2.030228804628109174e-06,-9.793430776180187536e-01,9.385207239947707114e-01,1.658876005229292794e-03
-8.619999999999999885e-02,2.504466999999999999e+00,1.566402800000000095e+00,9.380641999999999037e-01,9.335514336431245397e-01,9.380655716218671003e-01,-1.371621867196637368e-06,-9.770216847142023653e-01,9.363272606719668101e-01,1.736939328033093588e-03
-8.609999999999999598e-02,2.502348000000000017e+00,1.566398399999999969e+00,9.359496000000000482e-01,9.314344866436812254e-01,9.359517498437107674e-01,-2.149843710719245848e-06,-9.747032357119422841e-01,9.341365790500159028e-01,1.813020949984145425e-03
-8.599999999999999312e-02,2.500232000000000010e+00,1.566394000000000064e+00,9.338379999999999459e-01,9.293197804975577014e-01,9.338401656107400139e-01,-2.165610740068046880e-06,-9.723877296862823982e-01,9.319486782549244452e-01,1.889321745075500658e-03
-8.590000000000000413e-02,2.498118999999999978e+00,1.566389600000000160e+00,9.317293999999998189e-01,9.272073159225442396e-01,9.317308196396851816e-01,-1.419639685362739101e-06,-9.700751657153574570e-01,9.297635574156194460e-01,1.965842584380372848e-03
-8.580000000000000127e-02,2.496007000000000087e+00,1.566385200000000033e+00,9.296218000000000536e-01,9.250970936357632013e-01,9.296237126466102563e-01,-1.912646610202628494e-06,-9.677655428769966761e-01,9.275812156607390335e-01,2.040584339261020119e-03
-8.569999999999999840e-02,2.493898000000000170e+00,1.566380800000000129e+00,9.275172000000000416e-01,9.229891143525676966e-01,9.275188453458120819e-01,-1.645345812040233113e-06,-9.654588602514380113e-01,9.254016521211975155e-01,2.115547878802526149e-03
-8.559999999999999554e-02,2.491791000000000089e+00,1.566376400000000002e+00,9.254146000000000871e-01,9.208833787876145038e-01,9.254162184508923916e-01,-1.618450892304501565e-06,-9.631551169192817952e-01,9.232248659282514813e-01,2.189734071748605793e-03
-8.550000000000000655e-02,2.489685999999999844e+00,1.566372000000000098e+00,9.233139999999997460e-01,9.187798876562851547e-01,9.233158326761767842e-01,-1.832676177038194965e-06,-9.608543119639136876e-01,9.210508562157895263e-01,2.263143784210219778e-03
-8.540000000000000369e-02,2.487584000000000017e+00,1.566367599999999971e+00,9.212164000000000463e-01,9.166786416735703824e-01,9.212176887356002819e-01,-1.288735600235568768e-06,-9.585564444680301222e-01,9.188796221170489886e-01,2.336777882951057705e-03
-8.530000000000000082e-02,2.485484000000000027e+00,1.566363199999999845e+00,9.191208000000001821e-01,9.145796415524074519e-01,9.191217873410477690e-01,-9.873410475869093261e-07,-9.562615135181431469e-01,9.167111627688724340e-01,2.409637231127748080e-03
-8.519999999999999796e-02,2.483385999999999871e+00,1.566358799999999940e+00,9.170271999999999313e-01,9.124828880053570401e-01,9.170281292040278753e-01,-9.292040279440527684e-07,-9.539695182001040052e-01,9.145454773074782606e-01,2.481722692521670659e-03
-8.509999999999999509e-02,2.481289999999999996e+00,1.566354399999999814e+00,9.149356000000001821e-01,9.103883817446600801e-01,9.149367150357302636e-01,-1.115035730081537224e-06,-9.516804576018174089e-01,9.123825648710248704e-01,2.553035128975311707e-03
-8.500000000000000611e-02,2.479195999999999955e+00,1.566349999999999909e+00,9.128460000000000463e-01,9.082961234828630381e-01,9.128475455476492417e-01,-1.545547649195455620e-06,-9.493943308129644265e-01,9.102224245993495444e-01,2.623575400650501876e-03
-8.490000000000000324e-02,2.477104999999999890e+00,1.566346000000000016e+00,9.107589999999998742e-01,9.062061139294073087e-01,9.107606214481789308e-01,-1.621448179056628192e-06,-9.471111369235529764e-01,9.080650556325980949e-01,2.693944367401779338e-03
-8.480000000000000038e-02,2.475016000000000105e+00,1.566342000000000123e+00,9.086739999999999817e-01,9.041183537961785532e-01,9.086759434481541664e-01,-1.943448154184679311e-06,-9.448308750253318067e-01,9.059104571125613514e-01,2.763542887438630302e-03
-8.469999999999999751e-02,2.472929000000000155e+00,1.566337800000000113e+00,9.065912000000000415e-01,9.020328437905007490e-01,9.065935122538545388e-01,-2.312253854497292593e-06,-9.425535442125223540e-01,9.037586281833667190e-01,2.832571816633322470e-03
-8.459999999999999465e-02,2.470845000000000180e+00,1.566333399999999987e+00,9.045116000000001932e-01,8.999495846249558895e-01,9.045133285768103271e-01,-1.728576810133830577e-06,-9.402791435793034225e-01,9.016095679891010795e-01,2.902032010899113779e-03
-8.450000000000000566e-02,2.468763000000000041e+00,1.566329000000000082e+00,9.024339999999999584e-01,8.978685770044378955e-01,9.024353931208745072e-01,-1.393120874548792187e-06,-9.380076722212820073e-01,8.994632756752010128e-01,2.970724324798945659e-03
-8.440000000000000280e-02,2.466683000000000181e+00,1.566324600000000178e+00,9.003584000000000032e-01,8.957898216394326596e-01,9.003597065954843659e-01,-1.306595484362738091e-06,-9.357391292358059331e-01,8.973197503887478943e-01,3.038649611252108862e-03
-8.429999999999999993e-02,2.464605000000000157e+00,1.566320200000000051e+00,8.982848000000001054e-01,8.937133192355162237e-01,8.982862697051741119e-01,-1.469705174006463722e-06,-9.334735137215943723e-01,8.951789912781190628e-01,3.105808721881042622e-03
-8.419999999999999707e-02,2.462530000000000108e+00,1.566315800000000147e+00,8.962141999999999609e-01,8.916390704996999261e-01,8.962150831559114739e-01,-8.831559115130005466e-07,-9.312108247784394166e-01,8.930409974927052685e-01,3.173202507294692332e-03
-8.409999999999999420e-02,2.460456000000000198e+00,1.566311400000000020e+00,8.941446000000001781e-01,8.895670761379221858e-01,8.941461476525927043e-01,-1.547652592526205240e-06,-9.289510615082079426e-01,8.909057681838583598e-01,3.238831816141818365e-03
-8.400000000000000522e-02,2.458384999999999820e+00,1.566306999999999894e+00,8.920779999999999266e-01,8.874973368547358632e-01,8.920794638987303848e-01,-1.463898730458268460e-06,-9.266942230124328717e-01,8.887733025026138822e-01,3.304697497386044347e-03
-8.390000000000000235e-02,2.456316999999999862e+00,1.566302599999999989e+00,8.900143999999998723e-01,8.854298533557170003e-01,8.900150325988591682e-01,-6.325988592958964318e-07,-9.244403083954182421e-01,8.866435996026265087e-01,3.370800397373363566e-03
-8.379999999999999949e-02,2.454250000000000043e+00,1.566298199999999863e+00,8.879518000000001798e-01,8.833646263450987135e-01,8.879528544561723358e-01,-1.054456172155937566e-06,-9.221893167632302379e-01,8.845166586392155805e-01,3.435141360784599307e-03
-8.369999999999999662e-02,2.452186000000000199e+00,1.566293999999999853e+00,8.858920000000003458e-01,8.813016565246130085e-01,8.858929301713659443e-01,-9.301713655984755746e-07,-9.199412472215726666e-01,8.823924787673580461e-01,3.499521232642299751e-03
-8.359999999999999376e-02,2.450124000000000191e+00,1.566289999999999960e+00,8.838340000000002306e-01,8.792409445981306249e-01,8.838352604472716756e-01,-1.260447271445030992e-06,-9.176960988779185868e-01,8.802710591437027388e-01,3.562940856297491798e-03
-8.350000000000000477e-02,2.448065000000000158e+00,1.566286000000000067e+00,8.817790000000000905e-01,8.771824912677388397e-01,8.817798459849404136e-01,-8.459849403230634834e-07,-9.154538708428461291e-01,8.781523989278323672e-01,3.626601072167723316e-03
-8.340000000000000191e-02,2.446006999999999820e+00,1.566281600000000163e+00,8.797253999999996577e-01,8.751262972331232959e-01,8.797266874830247385e-01,-1.287483025080859989e-06,-9.132145622259031370e-01,8.760364972783563076e-01,3.688902721643350091e-03
-8.329999999999999905e-02,2.443951999999999902e+00,1.566277200000000036e+00,8.776747999999998662e-01,8.730723631977781451e-01,8.776757856439801886e-01,-9.856439803224148477e-07,-9.109781721390746156e-01,8.739233533561866496e-01,3.751446643813216575e-03
-8.319999999999999618e-02,2.441898999999999820e+00,1.566272800000000132e+00,8.756261999999996881e-01,8.710206898592787184e-01,8.756271411643524738e-01,-9.411643527856838887e-07,-9.087446996957595502e-01,8.718129663235716365e-01,3.813233676428051666e-03
-8.309999999999999332e-02,2.439849000000000157e+00,1.566268400000000005e+00,8.735806000000001514e-01,8.689712779186891112e-01,8.735807547441706289e-01,-1.547441704774499271e-07,-9.065141440103801074e-01,8.697053353437261825e-01,3.875264656273968988e-03
-8.300000000000000433e-02,2.437800000000000189e+00,1.566264000000000101e+00,8.715360000000000884e-01,8.669241280742738809e-01,8.715366270806683691e-01,-6.270806682806551180e-07,-9.042865041987511177e-01,8.676004595811812603e-01,3.935540418818828101e-03
-8.290000000000000147e-02,2.435754000000000197e+00,1.566259999999999986e+00,8.694940000000002112e-01,8.648792410239636297e-01,8.694947588707458985e-01,-7.588707456873677870e-07,-9.020617793777603310e-01,8.654983382014816984e-01,3.995661798518512775e-03
-8.279999999999999860e-02,2.433710000000000040e+00,1.566256000000000093e+00,8.674539999999999473e-01,8.628366174653265830e-01,8.674551508109417108e-01,-1.150810941763502626e-06,-8.998399686667184483e-01,8.633989703724616049e-01,4.055029627538342396e-03
-8.269999999999999574e-02,2.431668999999999858e+00,1.566251800000000083e+00,8.654171999999997755e-01,8.607962580955899057e-01,8.654178035974535721e-01,-6.035974537965671516e-07,-8.976210711842256273e-01,8.613023552612838474e-01,4.114844738715928152e-03
-8.260000000000000675e-02,2.429629999999999956e+00,1.566247399999999956e+00,8.633826000000000001e-01,8.587581636105809935e-01,8.633827179250818107e-01,-1.179250818106325482e-07,-8.954050860520510469e-01,8.592084920381056756e-01,4.174107961894324426e-03
-8.250000000000000389e-02,2.427592999999999890e+00,1.566243000000000052e+00,8.613499999999998380e-01,8.567223347054309102e-01,8.613498944879310892e-01,1.055120687487587361e-07,-8.931920123926460064e-01,8.571173798737288241e-01,4.232620126271013916e-03
-8.240000000000000102e-02,2.425558000000000103e+00,1.566238999999999937e+00,8.593190000000001660e-01,8.546887720763223228e-01,8.593193339811564524e-01,-3.339811562863559402e-07,-8.909818493295063035e-01,8.550290179399421264e-01,4.289982060058039615e-03
-8.229999999999999816e-02,2.423525000000000151e+00,1.566235000000000044e+00,8.572900000000001075e-01,8.526574764162972997e-01,8.572910370967767868e-01,-1.037096776679291565e-06,-8.887745959878756707e-01,8.529434054101856510e-01,4.346594589814456455e-03
-8.219999999999999529e-02,2.421495000000000175e+00,1.566230800000000034e+00,8.552642000000001410e-01,8.506284484194353013e-01,8.552650045278468172e-01,-8.045278466761729419e-07,-8.865702514936941725e-01,8.508605414585580506e-01,4.403658541442090346e-03
-8.210000000000000631e-02,2.419467000000000034e+00,1.566226399999999908e+00,8.532406000000001267e-01,8.486016887794747277e-01,8.532412369670809849e-01,-6.369670808581417987e-07,-8.843688149753461403e-01,8.487804252614669087e-01,4.460174738533217997e-03
-8.200000000000000344e-02,2.417441999999999869e+00,1.566222000000000003e+00,8.512199999999998656e-01,8.465771981873686514e-01,8.512197351044121785e-01,2.648955876871639248e-07,-8.821702855608535288e-01,8.467030559949779711e-01,4.516944005021894526e-03
-8.190000000000000058e-02,2.415417999999999843e+00,1.566217999999999888e+00,8.491999999999999549e-01,8.445549773347451605e-01,8.492004996304474140e-01,-4.996304474591539702e-07,-8.799746623810449364e-01,8.446284328378085293e-01,4.571567162191425560e-03
-8.179999999999999771e-02,2.413396999999999792e+00,1.566213999999999995e+00,8.471829999999997973e-01,8.425350269136231418e-01,8.471835312361840620e-01,-5.312361842646495802e-07,-8.777819445674523990e-01,8.425565549693410095e-01,4.626445030658787871e-03
-8.169999999999999485e-02,2.411378000000000021e+00,1.566209799999999985e+00,8.451682000000000361e-01,8.405173476138756428e-01,8.451688306104766513e-01,-6.306104766151676699e-07,-8.755921312529792999e-01,8.404874215702531348e-01,4.680778429746901281e-03
-8.160000000000000586e-02,2.409361999999999782e+00,1.566205399999999859e+00,8.431565999999999228e-01,8.385019401250701776e-01,8.431563984418747326e-01,2.015581251901821247e-07,-8.734052215719501078e-01,8.384210318225657765e-01,4.735568177434146264e-03
-8.150000000000000300e-02,2.407347999999999821e+00,1.566200999999999954e+00,8.411469999999998670e-01,8.364888051364118837e-01,8.411462354185660351e-01,7.645814338319567582e-07,-8.712212146593500961e-01,8.363573849089241952e-01,4.789615091075671849e-03
-8.140000000000000013e-02,2.405336000000000141e+00,1.566197000000000061e+00,8.391390000000000793e-01,8.344779433360400844e-01,8.391383422276739168e-01,6.577723261624868201e-07,-8.690401096522961666e-01,8.342964800139874848e-01,4.842519986012594480e-03
-8.129999999999999727e-02,2.403325999999999851e+00,1.566193000000000168e+00,8.371329999999996829e-01,8.324693554121367356e-01,8.371327195563643686e-01,2.804436353143202609e-07,-8.668619056889355079e-01,8.322383163233887382e-01,4.894683676610944723e-03
-8.119999999999999440e-02,2.401317999999999842e+00,1.566188800000000159e+00,8.351291999999996829e-01,8.304630420510932254e-01,8.351293680900154781e-01,-1.680900157952081031e-07,-8.646866019084669119e-01,8.301828930237542536e-01,4.946306976245429254e-03
-8.110000000000000542e-02,2.399312999999999807e+00,1.566184400000000032e+00,8.331285999999997749e-01,8.284590039393293637e-01,8.331282885140337546e-01,3.114859660202640157e-07,-8.625141974521568500e-01,8.281302093036645440e-01,4.998390696335230921e-03
-8.100000000000000255e-02,2.397310000000000052e+00,1.566179999999999906e+00,8.311300000000001464e-01,8.264572417636060209e-01,8.311294815141662129e-01,5.184858339335463029e-07,-8.603446914613144259e-01,8.260802643517399790e-01,5.049735648260167409e-03
-8.089999999999999969e-02,2.395309999999999828e+00,1.566176000000000013e+00,8.291339999999998156e-01,8.244577562082398003e-01,8.291329477737192644e-01,1.052226280551238347e-06,-8.581780830796645887e-01,8.240330573588838803e-01,5.100942641115935317e-03
-8.079999999999999682e-02,2.393311000000000188e+00,1.566172000000000120e+00,8.271390000000000686e-01,8.224605479572062450e-01,8.271386879756584820e-01,3.120243415866141845e-07,-8.560143714516215141e-01,8.219885875166509370e-01,5.150412483349131598e-03
-8.069999999999999396e-02,2.391315000000000079e+00,1.566168000000000005e+00,8.251470000000000748e-01,8.204656176955253954e-01,8.251467028039928264e-01,2.971960072484236548e-07,-8.538535557230204631e-01,8.199468540179383202e-01,5.200145982061754601e-03
-8.060000000000000497e-02,2.389320999999999806e+00,1.566164000000000112e+00,8.231569999999996945e-01,8.184729661047214222e-01,8.231569929392403839e-01,7.060759310562048086e-09,-8.516956350414091048e-01,8.179078560572615730e-01,5.249143942738121460e-03
-8.050000000000000211e-02,2.387329999999999952e+00,1.566159999999999997e+00,8.211699999999999555e-01,8.164825938684145967e-01,8.211695590640120113e-01,4.409359879442575902e-07,-8.495406085547116959e-01,8.158715928294917319e-01,5.298407170508223629e-03
-8.039999999999999925e-02,2.385340999999999934e+00,1.566155999999999882e+00,8.191850000000000520e-01,8.144945016677951344e-01,8.191844018584923948e-01,5.981415076572460521e-07,-8.473884754129343833e-01,8.138380635314674816e-01,5.346936468532570430e-03
-8.029999999999999638e-02,2.383354000000000195e+00,1.566151999999999989e+00,8.172020000000002060e-01,8.125086901836908737e-01,8.172015220025043991e-01,4.779974958069033164e-07,-8.452392347674830830e-01,8.118072673613496715e-01,5.394732638650534540e-03
-8.019999999999999352e-02,2.381368999999999847e+00,1.566147799999999979e+00,8.152211999999998682e-01,8.105251600979670457e-01,8.152209201769063940e-01,2.798230934741852138e-07,-8.430928857704529378e-01,8.097792035179507408e-01,5.441996482049127337e-03
-8.010000000000000453e-02,2.379386999999999919e+00,1.566143399999999852e+00,8.132436000000000664e-01,8.085439120890356435e-01,8.132425970591090625e-01,1.002940891003945012e-06,-8.409494275753317538e-01,8.077538712013988542e-01,5.489728798601212212e-03
-8.000000000000000167e-02,2.377406999999999826e+00,1.566138999999999948e+00,8.112679999999998781e-01,8.065649468359694652e-01,8.112665533271824492e-01,1.446672817428940050e-06,-8.388088593373694835e-01,8.057312696134873997e-01,5.536730386512478397e-03
-7.989999999999999880e-02,2.375429000000000013e+00,1.566135000000000055e+00,8.092939999999999579e-01,8.045882650182036855e-01,8.092927896595589754e-01,1.210340440982449195e-06,-8.366711802124839892e-01,8.037113979566407052e-01,5.582602043359252697e-03
-7.979999999999999594e-02,2.373453000000000035e+00,1.566131000000000162e+00,8.073219999999998731e-01,8.026138673127576340e-01,8.073213067322583258e-01,6.932677415472099369e-07,-8.345363893587247617e-01,8.016942554352973760e-01,5.627744564702497065e-03
-7.969999999999999307e-02,2.371480000000000032e+00,1.566127000000000047e+00,8.053529999999999855e-01,8.006417543969419626e-01,8.053521052215912857e-01,8.947784086998922248e-07,-8.324044859341128699e-01,7.996798412538692613e-01,5.673158746130724239e-03
-7.960000000000000409e-02,2.369508999999999865e+00,1.566123000000000154e+00,8.033859999999997115e-01,7.986719269474278349e-01,8.033851858032301507e-01,8.141967695607377209e-07,-8.302754690994618159e-01,7.976681546194066552e-01,5.717845380593056248e-03
-7.950000000000000122e-02,2.367539999999999978e+00,1.566119000000000039e+00,8.014209999999999390e-01,7.967043856394511181e-01,8.014205491514138080e-01,4.508485861309807774e-07,-8.281493380159403728e-01,7.956591947392954722e-01,5.761805260704466747e-03
-7.939999999999999836e-02,2.365574000000000066e+00,1.566114999999999924e+00,7.994590000000001417e-01,7.947391311482689957e-01,7.994581959404025717e-01,8.040595975700171039e-07,-8.260260918457760226e-01,7.936529608219221599e-01,5.806039178077981866e-03
-7.929999999999999549e-02,2.363609999999999989e+00,1.566111000000000031e+00,7.974989999999999579e-01,7.927761641494868172e-01,7.974981268448044780e-01,8.731551954799243731e-07,-8.239057297536049873e-01,7.916494520779491229e-01,5.849547922050835069e-03
-7.920000000000000651e-02,2.361648000000000192e+00,1.566106999999999916e+00,7.955410000000002757e-01,7.908154853148658958e-01,7.955403425353890778e-01,6.574646111978665886e-07,-8.217882509040919103e-01,7.896486677180657443e-01,5.892332281934531402e-03
-7.910000000000000364e-02,2.359688999999999925e+00,1.566103000000000023e+00,7.935859999999999026e-01,7.888570953189528723e-01,7.935848436857073640e-01,1.156314292538596078e-06,-8.196736544643314915e-01,7.876506069552572376e-01,5.935393044742665047e-03
-7.900000000000000078e-02,2.357731999999999939e+00,1.566098999999999908e+00,7.916330000000000311e-01,7.869009948335161653e-01,7.916316309665357709e-01,1.369033464260205335e-06,-8.175619396014255358e-01,7.856552690025160324e-01,5.977730997483998721e-03
-7.889999999999999791e-02,2.355776999999999788e+00,1.566095000000000015e+00,7.896819999999997730e-01,7.849471845299689221e-01,7.896807050482963497e-01,1.294951703423308231e-06,-8.154531054849130101e-01,7.836626530751369391e-01,6.019346924862833959e-03
-7.879999999999999505e-02,2.353823999999999916e+00,1.566091000000000122e+00,7.877329999999997945e-01,7.829956650804277274e-01,7.877320666021135898e-01,9.333978862047231928e-07,-8.133471512850221075e-01,7.816727583890663578e-01,6.060241610933436718e-03
-7.870000000000000606e-02,2.351874000000000020e+00,1.566087000000000007e+00,7.857870000000000132e-01,7.810464371556093965e-01,7.857857162977139875e-01,1.283702286025700801e-06,-8.112440761730326244e-01,7.796855841612442273e-01,6.101415838755785970e-03
-7.860000000000000320e-02,2.349925999999999959e+00,1.566083000000000114e+00,7.838429999999998454e-01,7.790995014234383120e-01,7.838416548020358254e-01,1.345197964019995140e-06,-8.091438793226828352e-01,7.777011296109335170e-01,6.141870389066328428e-03
-7.850000000000000033e-02,2.347980000000000178e+00,1.566078999999999999e+00,7.819010000000001792e-01,7.771548585546241839e-01,7.818998827847988276e-01,1.117215201351662301e-06,-8.070465599073415319e-01,7.757193939570481422e-01,6.181606042952036972e-03
-7.839999999999999747e-02,2.346035999999999788e+00,1.566074999999999884e+00,7.799609999999999044e-01,7.752125092160611075e-01,7.799604009119124326e-01,5.990880874717774418e-07,-8.049521171031699396e-01,7.737403764211403523e-01,6.220623578859552083e-03
-7.829999999999999460e-02,2.344094999999999818e+00,1.566070999999999991e+00,7.780239999999998268e-01,7.732724540763626919e-01,7.780232098510032612e-01,7.901489965655983383e-07,-8.028605500859882227e-01,7.717640762244404318e-01,6.259923775559395054e-03
-7.820000000000000562e-02,2.342156000000000127e+00,1.566066999999999876e+00,7.760890000000002509e-01,7.713346938031051536e-01,7.760883102686619850e-01,6.897313382658865066e-07,-8.007718580344018733e-01,7.697904925908103380e-01,6.298507409189912920e-03
-7.810000000000000275e-02,2.340219999999999967e+00,1.566062999999999983e+00,7.741569999999999840e-01,7.693992290621451957e-01,7.741557028297623155e-01,1.297170237668510140e-06,-7.986860401277198207e-01,7.678196247447769407e-01,6.337375255223043347e-03
-7.799999999999999989e-02,2.338286000000000087e+00,1.566059000000000090e+00,7.722269999999999968e-01,7.674660605189345119e-01,7.722253881987735102e-01,1.611801226486520022e-06,-7.966030955462883867e-01,7.658514719118469927e-01,6.375528088153004092e-03
-7.789999999999999702e-02,2.336354000000000042e+00,1.566054999999999975e+00,7.702990000000000670e-01,7.655351888379442471e-01,7.702973670391858318e-01,1.632960814235140390e-06,-7.945230234718536622e-01,7.638860333188500773e-01,6.412966681149989689e-03
-7.779999999999999416e-02,2.334423999999999833e+00,1.566051000000000082e+00,7.683729999999997506e-01,7.636066146846403058e-01,7.683716400154826376e-01,1.359984517113055347e-06,-7.924458230879096732e-01,7.619233081942674568e-01,6.449691805732293837e-03
-7.770000000000000517e-02,2.332497000000000043e+00,1.566046999999999967e+00,7.664500000000000757e-01,7.616803387227548683e-01,7.664482077904164470e-01,1.792209583628689984e-06,-7.903714935782915063e-01,7.599632957669026911e-01,6.486704233097384531e-03
-7.760000000000000231e-02,2.330572000000000088e+00,1.566043000000000074e+00,7.645290000000000141e-01,7.597563616136184805e-01,7.645270710243413648e-01,1.928975658649356717e-06,-7.883000341289303492e-01,7.580059952675397561e-01,6.523004732460258026e-03
-7.749999999999999944e-02,2.328648999999999969e+00,1.566038999999999959e+00,7.626100000000000101e-01,7.578346840209491120e-01,7.626082303799955886e-01,1.769620004421490478e-06,-7.862314439268018873e-01,7.560514059279497268e-01,6.558594072050283330e-03
-7.739999999999999658e-02,2.326728000000000129e+00,1.566034999999999844e+00,7.606930000000002856e-01,7.559153066060559922e-01,7.606916865177119069e-01,1.313482288378686746e-06,-7.841657221595923488e-01,7.540995269805750301e-01,6.593473019425255544e-03
-7.729999999999999372e-02,2.324809999999999821e+00,1.566030999999999951e+00,7.587789999999998702e-01,7.539982300288343708e-01,7.587774400964115706e-01,1.559903588299604849e-06,-7.821028680170556413e-01,7.521503576598118634e-01,6.628642340188006798e-03
-7.720000000000000473e-02,2.322893999999999792e+00,1.566026999999999836e+00,7.568669999999999565e-01,7.520834549519861412e-01,7.568654917778181446e-01,1.508222181811902374e-06,-7.800428806893222600e-01,7.502038972004123618e-01,6.663102799587594660e-03
-7.710000000000000187e-02,2.320981000000000183e+00,1.566022999999999943e+00,7.549580000000002400e-01,7.501709820319319988e-01,7.549558422173830996e-01,2.157782617140391324e-06,-7.779857593696348772e-01,7.482601448400690858e-01,6.697855159931154212e-03
-7.699999999999999900e-02,2.319069999999999965e+00,1.566019000000000050e+00,7.530509999999999149e-01,7.482608119299669625e-01,7.530484920754252354e-01,2.507924574679520902e-06,-7.759315032498648179e-01,7.463190998151789657e-01,6.731900184820949207e-03
-7.689999999999999614e-02,2.317161000000000026e+00,1.566014999999999935e+00,7.511460000000000914e-01,7.463529453032009542e-01,7.511434420080845831e-01,2.557991915508317504e-06,-7.738801115250097951e-01,7.443807613650932353e-01,6.765238634906856063e-03
-7.679999999999999327e-02,2.315253999999999923e+00,1.566011000000000042e+00,7.492429999999998813e-01,7.444473828094615442e-01,7.492406926722172678e-01,2.307327782613555200e-06,-7.718315833911120194e-01,7.424451287301498947e-01,6.797871269849986575e-03
-7.670000000000000429e-02,2.313349999999999795e+00,1.566006999999999927e+00,7.473429999999998685e-01,7.425441251058373382e-01,7.473402447239421154e-01,2.755276057753164309e-06,-7.697859180445618676e-01,7.405122011510159030e-01,6.830798848983965499e-03
-7.660000000000000142e-02,2.311447999999999947e+00,1.566003000000000034e+00,7.454449999999999132e-01,7.406431728473776843e-01,7.454420988173413587e-01,2.901182658554546379e-06,-7.677431146838671339e-01,7.385819778703589522e-01,6.863022129640961033e-03
-7.649999999999999856e-02,2.309547999999999934e+00,1.565998999999999919e+00,7.435490000000000155e-01,7.387445266904819619e-01,7.435462556078452634e-01,2.744392154752084423e-06,-7.657031725081964169e-01,7.366544581314713458e-01,6.894541868528669681e-03
-7.639999999999999569e-02,2.307650999999999897e+00,1.565995400000000037e+00,7.416555999999998594e-01,7.368481872894818707e-01,7.416527157488195243e-01,2.884251180335084541e-06,-7.636660907191767933e-01,7.347296411799681959e-01,6.925958820031663521e-03
-7.630000000000000671e-02,2.305756000000000139e+00,1.565991799999999934e+00,7.397642000000002049e-01,7.349541552986949000e-01,7.397614798936158476e-01,2.720106384357379170e-06,-7.616318685180942794e-01,7.328075262611424279e-01,6.956673738857777067e-03
-7.620000000000000384e-02,2.303863000000000216e+00,1.565987999999999936e+00,7.378750000000002807e-01,7.330624313707119200e-01,7.378725486938616518e-01,2.451306138628872588e-06,-7.596005051083167814e-01,7.308881126222540603e-01,6.986887377746220373e-03
-7.610000000000000098e-02,2.301972000000000129e+00,1.565984000000000043e+00,7.359880000000000866e-01,7.311730161598433142e-01,7.359859228029012046e-01,2.077197098881988779e-06,-7.575719996942567036e-01,7.289713995115502110e-01,7.016600488449875606e-03
-7.599999999999999811e-02,2.300084000000000017e+00,1.565979999999999928e+00,7.341040000000000898e-01,7.292859103162356860e-01,7.341016028699214324e-01,2.397130078657383478e-06,-7.555463514820814908e-01,7.270573861789363379e-01,7.046613821063751892e-03
-7.589999999999999525e-02,2.298198000000000185e+00,1.565976000000000035e+00,7.322220000000001505e-01,7.274011144931691319e-01,7.322195895472380922e-01,2.410452762058312715e-06,-7.535235596786407086e-01,7.251460718749621615e-01,7.075928125037989069e-03
-7.580000000000000626e-02,2.296314999999999884e+00,1.565972000000000142e+00,7.303429999999997424e-01,7.255186293390352148e-01,7.303398834822852903e-01,3.116517714452093912e-06,-7.515036234915086766e-01,7.232374558508626317e-01,7.105544149137110743e-03
-7.570000000000000340e-02,2.294433999999999862e+00,1.565968200000000143e+00,7.284657999999997191e-01,7.236384555053732015e-01,7.284624853256407295e-01,3.314674358989577740e-06,-7.494865421313576803e-01,7.213315373607996905e-01,7.134262639200028566e-03
-7.560000000000000053e-02,2.292555000000000121e+00,1.565964600000000040e+00,7.265904000000000806e-01,7.217605936409086098e-01,7.265873957250720272e-01,3.004274928053440874e-06,-7.474723148085544722e-01,7.194283156586467332e-01,7.162084341353347483e-03
-7.549999999999999767e-02,2.290678000000000214e+00,1.565960999999999936e+00,7.247170000000002776e-01,7.198850443937132582e-01,7.247146153276943226e-01,2.384672305955071181e-06,-7.454609407348300465e-01,7.175277899995660125e-01,7.189210000434265169e-03
-7.539999999999999480e-02,2.288803999999999839e+00,1.565957000000000043e+00,7.228469999999997953e-01,7.180118084128608302e-01,7.228441447816230658e-01,2.855218376729418139e-06,-7.434524191240186042e-01,7.156299596407073027e-01,7.217040359292492546e-03
-7.530000000000000582e-02,2.286932000000000187e+00,1.565953000000000150e+00,7.209790000000000365e-01,7.161408863443128325e-01,7.209759847318660819e-01,3.015268133954585039e-06,-7.414467491896061802e-01,7.137348238388915300e-01,7.244176161108506484e-03
-7.520000000000000295e-02,2.285061999999999927e+00,1.565949000000000035e+00,7.191129999999998912e-01,7.142722788357573904e-01,7.191101358251554831e-01,2.864174844408040599e-06,-7.394439301485675742e-01,7.118423818542357617e-01,7.270618145764129459e-03
-7.510000000000000009e-02,2.283195000000000086e+00,1.565945000000000142e+00,7.172499999999999432e-01,7.124059865314080753e-01,7.172465987047537128e-01,3.401295246230340297e-06,-7.374439612171883596e-01,7.099526329462060303e-01,7.297367053793912817e-03
-7.499999999999999722e-02,2.281330000000000080e+00,1.565941000000000027e+00,7.153890000000000526e-01,7.105420100768853331e-01,7.153853740153280905e-01,3.625984671962179107e-06,-7.354468416138146836e-01,7.080655763762155885e-01,7.323423623784464098e-03
-7.489999999999999436e-02,2.279466999999999910e+00,1.565937400000000146e+00,7.135295999999997640e-01,7.086803501170706454e-01,7.135264624008080814e-01,3.137599191682660660e-06,-7.334525705578869292e-01,7.061812114067114177e-01,7.348388593288346371e-03
-7.480000000000000537e-02,2.277607000000000159e+00,1.565933800000000042e+00,7.116732000000001168e-01,7.068210072951401912e-01,7.116698645034204018e-01,3.335496579714991583e-06,-7.314611472705507822e-01,7.042995373017517657e-01,7.373662698248351077e-03
-7.470000000000000251e-02,2.275748999999999800e+00,1.565930000000000044e+00,7.098189999999997557e-01,7.049639822546041046e-01,7.098155809657250570e-01,3.419034274698695697e-06,-7.294725709733143049e-01,7.024205533257374956e-01,7.398446674262260103e-03
-7.459999999999999964e-02,2.273893000000000164e+00,1.565926000000000151e+00,7.079670000000000130e-01,7.031092756368835239e-01,7.079636124281963871e-01,3.387571803625810674e-06,-7.274868408894263894e-01,7.005442587447142655e-01,7.422741255285747464e-03
-7.449999999999999678e-02,2.272040000000000060e+00,1.565922000000000036e+00,7.061180000000000234e-01,7.012568880840888141e-01,7.061139595319967377e-01,4.040468003285724308e-06,-7.255039562438909684e-01,6.986706528263861848e-01,7.447347173613838578e-03
-7.439999999999999392e-02,2.270188999999999790e+00,1.565918400000000155e+00,7.042705999999996358e-01,6.994068202376482191e-01,7.042666229176075543e-01,3.977082392081499052e-06,-7.235239162616906583e-01,6.967997348384370460e-01,7.470865161562589840e-03
-7.430000000000000493e-02,2.268339999999999801e+00,1.565914800000000051e+00,7.024251999999997498e-01,6.975590727361833387e-01,7.024216032227074136e-01,3.596777292336206244e-06,-7.215467201702807643e-01,6.949315040508872166e-01,7.493695949112533228e-03
-7.420000000000000207e-02,2.266493000000000091e+00,1.565911200000000170e+00,7.005817999999999213e-01,6.957136462211153116e-01,7.005789010877707668e-01,2.898912229154504416e-06,-7.195723671974363356e-01,6.930659597340593781e-01,7.515840265940543219e-03
-7.409999999999999920e-02,2.264648999999999912e+00,1.565907600000000066e+00,6.987413999999998460e-01,6.938705413296730740e-01,6.987385171490857472e-01,2.882850914098789019e-06,-7.176008565730356281e-01,6.912031011602630670e-01,7.538298839736778945e-03
-7.399999999999999634e-02,2.262807000000000013e+00,1.565903999999999963e+00,6.969030000000000502e-01,6.920297587004924367e-01,6.969004520443453643e-01,2.547955654685907234e-06,-7.156321875273050637e-01,6.893429276021371122e-01,7.560072397862938054e-03
-7.389999999999999347e-02,2.260968000000000089e+00,1.565899999999999848e+00,6.950680000000002412e-01,6.901912989704612755e-01,6.950647064094971350e-01,3.293590503106180734e-06,-7.136663592922261046e-01,6.874854383339787933e-01,7.582561666021447877e-03
-7.380000000000000449e-02,2.259131000000000000e+00,1.565895999999999955e+00,6.932350000000000456e-01,6.883551627778459192e-01,6.932312808818652528e-01,3.719118134792864794e-06,-7.117033711011515607e-01,6.856306326313807986e-01,7.604367368619247003e-03
-7.370000000000000162e-02,2.257296000000000191e+00,1.565892199999999956e+00,6.914038000000002349e-01,6.865213507567489160e-01,6.914001760946162367e-01,3.623905383998149432e-06,-7.097432221881589953e-01,6.837785097706210458e-01,7.625290229379189100e-03
-7.359999999999999876e-02,2.255463999999999913e+00,1.565888599999999853e+00,6.895754000000000605e-01,6.846898635430065383e-01,6.895713926826474438e-01,4.007317352616723838e-06,-7.077859117886902141e-01,6.819290690292663104e-01,7.646330970733750121e-03
-7.349999999999999589e-02,2.253633000000000219e+00,1.565884999999999971e+00,6.877480000000002480e-01,6.828607017717729377e-01,6.877449312801756642e-01,3.068719824583787670e-06,-7.058314391396152132e-01,6.800823096862328443e-01,7.665690313767403730e-03
-7.340000000000000691e-02,2.251806000000000196e+00,1.565880999999999856e+00,6.859250000000003400e-01,6.810338660760777429e-01,6.859207925192957189e-01,4.207480704621069378e-06,-7.038798034798787739e-01,6.782382310223975530e-01,7.686768977602786990e-03
-7.330000000000000404e-02,2.249979999999999869e+00,1.565876999999999963e+00,6.841029999999999056e-01,6.792093570896682309e-01,6.840989770328194108e-01,4.022967180494774198e-06,-7.019310040473740742e-01,6.763968323176433595e-01,7.706167682356546145e-03
-7.320000000000000118e-02,2.248156999999999961e+00,1.565873199999999965e+00,6.822837999999999958e-01,6.773871754449132254e-01,6.822794854521819774e-01,4.314547818018432679e-06,-6.999850400831419961e-01,6.745581128548279182e-01,7.725687145172077663e-03
-7.309999999999999831e-02,2.246335999999999888e+00,1.565869599999999862e+00,6.804664000000000268e-01,6.755673217734425862e-01,6.804623184080808018e-01,4.081591919224969445e-06,-6.980419108292821306e-01,6.727220719178087505e-01,7.744328082191276330e-03
-7.299999999999999545e-02,2.244517000000000095e+00,1.565865999999999980e+00,6.786510000000001153e-01,6.737497967058772019e-01,6.786474765302059620e-01,3.523469794153299972e-06,-6.961016155285619789e-01,6.708887087910749836e-01,7.762291208925131691e-03
-7.290000000000000646e-02,2.242700999999999834e+00,1.565862400000000099e+00,6.768385999999997349e-01,6.719346008731648112e-01,6.768349604485734972e-01,3.639551426237730425e-06,-6.941641534244737954e-01,6.690580227598000862e-01,7.780577240199648692e-03
-7.280000000000000360e-02,2.240886999999999851e+00,1.565858799999999995e+00,6.750281999999998561e-01,6.701217349041783677e-01,6.750247707911281037e-01,3.429208871752464916e-06,-6.922295237636220122e-01,6.672300131120986189e-01,7.798186887901237263e-03
-7.270000000000000073e-02,2.239075999999999844e+00,1.565855200000000114e+00,6.732207999999997305e-01,6.683111994284658408e-01,6.732169081864883831e-01,3.891813511347486099e-06,-6.902977257916020903e-01,6.654046791351315715e-01,7.816120864868159046e-03
-7.259999999999999787e-02,2.237267000000000117e+00,1.565851600000000010e+00,6.714154000000001066e-01,6.665029950738556863e-01,6.714113732615558661e-01,4.026738444240507420e-06,-6.883687587571145627e-01,6.635820201189939205e-01,7.833379881006186096e-03
-7.249999999999999500e-02,2.235459999999999781e+00,1.565847999999999907e+00,6.696119999999998740e-01,6.646971224678068779e-01,6.696081666428632673e-01,3.833357136606707627e-06,-6.864426219081778413e-01,6.617620353531362687e-01,7.849964646863605289e-03
-7.240000000000000602e-02,2.233655000000000168e+00,1.565844000000000014e+00,6.678110000000001545e-01,6.628935822381336607e-01,6.678072889572979065e-01,3.711042702247979719e-06,-6.845193144959438314e-01,6.599447241299698508e-01,7.866275870030303707e-03
-7.230000000000000315e-02,2.231853000000000087e+00,1.565840000000000121e+00,6.660129999999999661e-01,6.610923750088275597e-01,6.660087408279302679e-01,4.259172069698280438e-06,-6.825988357715786492e-01,6.581300857419194461e-01,7.882914258080520042e-03
-7.220000000000000029e-02,2.230052999999999841e+00,1.565836200000000122e+00,6.642167999999997186e-01,6.592935014069922772e-01,6.642125228809381277e-01,4.277119061590894944e-06,-6.806811849879608189e-01,6.563181194830278731e-01,7.898680516971845478e-03
-7.209999999999999742e-02,2.228256000000000014e+00,1.565832600000000019e+00,6.624233999999999956e-01,6.574969620566122330e-01,6.624186357393848645e-01,4.764260615131021837e-06,-6.787663613990559952e-01,6.545088246483652394e-01,7.914575351634756117e-03
-7.199999999999999456e-02,2.226461000000000023e+00,1.565828999999999915e+00,6.606320000000001080e-01,6.557027575820271181e-01,6.606270800266883514e-01,4.919973311756642431e-06,-6.768543642601869692e-01,6.527022005342838495e-01,7.929799465716258489e-03
-7.190000000000000557e-02,2.224667999999999868e+00,1.565825400000000034e+00,6.588425999999998339e-01,6.539108886054592062e-01,6.588378563641522634e-01,4.743635847570537578e-06,-6.749451928270531198e-01,6.508982464374920562e-01,7.944353562507777688e-03
-7.180000000000000271e-02,2.222876999999999992e+00,1.565821799999999930e+00,6.570552000000000614e-01,6.521213557502036906e-01,6.570509653741517520e-01,4.234625848309470086e-06,-6.730388463581249425e-01,6.490969616573164513e-01,7.958238342683610078e-03
-7.169999999999999984e-02,2.221089000000000091e+00,1.565818200000000049e+00,6.552708000000000421e-01,6.503341596377794076e-01,6.552664076772881652e-01,4.392322711876950336e-06,-6.711353241115389778e-01,6.472983454927682123e-01,7.972454507231829801e-03
-7.159999999999999698e-02,2.219303000000000026e+00,1.565814599999999945e+00,6.534884000000000803e-01,6.485493008890514943e-01,6.534841838935098179e-01,4.216106490262383488e-06,-6.692346253478760332e-01,6.455023972451681136e-01,7.986002754831966755e-03
-7.149999999999999412e-02,2.217519999999999936e+00,1.565811000000000064e+00,6.517089999999998717e-01,6.467667801248353499e-01,6.517042946427158423e-01,4.705357284029432208e-06,-6.673367493283848262e-01,6.437091162164678693e-01,7.999883783532002468e-03
-7.140000000000000513e-02,2.215739000000000125e+00,1.565807399999999960e+00,6.499316000000001647e-01,6.449865979642410707e-01,6.499267405431022882e-01,4.859456897876590631e-06,-6.654416953146977676e-01,6.419185017089820144e-01,8.013098291018150299e-03
-7.130000000000000226e-02,2.213960000000000150e+00,1.565803799999999857e+00,6.481562000000002932e-01,6.432087550267162612e-01,6.481515222132021581e-01,4.677786798135130653e-06,-6.635494625712254901e-01,6.401305530276500955e-01,8.025646972350197750e-03
-7.119999999999999940e-02,2.212183000000000010e+00,1.565800199999999975e+00,6.463828000000000351e-01,6.414332519296159774e-01,6.463786402694593480e-01,4.159730540687078815e-06,-6.616600503627125818e-01,6.383452694777269620e-01,8.037530522273073075e-03
-7.109999999999999654e-02,2.210408999999999846e+00,1.565796599999999872e+00,6.446123999999999743e-01,6.396600892916701753e-01,6.446080953296901006e-01,4.304670309873692702e-06,-6.597734579556764345e-01,6.365626503661431235e-01,8.049749633856850828e-03
-7.099999999999999367e-02,2.208636999999999961e+00,1.565792999999999990e+00,6.428439999999999710e-01,6.378892677281555734e-01,6.428398880082630829e-01,4.111991736888143123e-06,-6.578896846166095713e-01,6.347826949998052193e-01,8.061305000194751713e-03
-7.090000000000000469e-02,2.206868000000000052e+00,1.565789400000000109e+00,6.410785999999999429e-01,6.361207878564236751e-01,6.410740189216183049e-01,4.581078381638015173e-06,-6.560087296147969482e-01,6.330054026882584450e-01,8.073197311741497906e-03
-7.080000000000000182e-02,2.205100999999999978e+00,1.565785800000000005e+00,6.393151999999999724e-01,6.343546502903301132e-01,6.393104886827052358e-01,4.711317294736616645e-06,-6.541305922191931188e-01,6.312307727407360236e-01,8.084427259263948784e-03
-7.069999999999999896e-02,2.203336000000000183e+00,1.565782200000000124e+00,6.375538000000000594e-01,6.325908556454926668e-01,6.375492979062326038e-01,4.502093767455583873e-06,-6.522552717018719193e-01,6.294588044694184870e-01,8.094995530581572396e-03
-7.059999999999999609e-02,2.201573999999999920e+00,1.565778600000000020e+00,6.357953999999998995e-01,6.308294045357740742e-01,6.357904472051572053e-01,4.952794842694174804e-06,-6.503827673338768989e-01,6.276894971855127014e-01,8.105902814487198071e-03
-7.049999999999999323e-02,2.199813999999999936e+00,1.565774999999999917e+00,6.340390000000000192e-01,6.290702975746853554e-01,6.340339371920842293e-01,5.062807915789946378e-06,-6.485130783886745576e-01,6.259228502025152574e-01,8.116149797484761841e-03
-7.040000000000000424e-02,2.198055999999999788e+00,1.565771400000000035e+00,6.322845999999997524e-01,6.273135353733074737e-01,6.322797684771923610e-01,4.831522807391408492e-06,-6.466462041414970940e-01,6.241588628355909663e-01,8.125737164408786128e-03
-7.030000000000000138e-02,2.196301000000000059e+00,1.565767799999999932e+00,6.305332000000001269e-01,6.255591185448032832e-01,6.305279416727395114e-01,5.258327260615480725e-06,-6.447821438675518380e-01,6.223975343998812138e-01,8.135665600118913154e-03
-7.019999999999999851e-02,2.194548000000000165e+00,1.565764200000000050e+00,6.287838000000001148e-01,6.238070476981576462e-01,6.287784573868113736e-01,5.342613188741296426e-06,-6.429208968441670891e-01,6.206388642125314492e-01,8.144935787468665644e-03
-7.009999999999999565e-02,2.192797000000000107e+00,1.565760599999999947e+00,6.270364000000001603e-01,6.220573234461888035e-01,6.270313162313214672e-01,5.083768678693090237e-06,-6.410624623493426100e-01,6.188828515913216144e-01,8.153548408678545911e-03
-7.000000000000000666e-02,2.191049000000000024e+00,1.565757000000000065e+00,6.252919999999999590e-01,6.203099463964818483e-01,6.252865188129579366e-01,5.481187042022384048e-06,-6.392068396624921434e-01,6.171294958553676935e-01,8.162504144632265479e-03
-6.990000000000000380e-02,2.189303000000000221e+00,1.565753399999999962e+00,6.235496000000002592e-01,6.185649171583662564e-01,6.235440657401507547e-01,5.534259849504508111e-06,-6.373540280640668243e-01,6.153787963247661086e-01,8.170803675234150631e-03
-6.980000000000000093e-02,2.187558999999999809e+00,1.565749799999999858e+00,6.218091999999999508e-01,6.168222363401305586e-01,6.218039576202903929e-01,5.242379709557987155e-06,-6.355040268355658384e-01,6.136307523206032677e-01,8.178447679396683156e-03
-6.969999999999999807e-02,2.185817999999999817e+00,1.565746199999999977e+00,6.200717999999998398e-01,6.150819045493598480e-01,6.200661950600651062e-01,5.604939934733543794e-06,-6.336568352605738141e-01,6.118853631659363357e-01,8.186436834063504087e-03
-6.959999999999999520e-02,2.184079000000000104e+00,1.565742599999999873e+00,6.183364000000002303e-01,6.133439223922430017e-01,6.183307786647687099e-01,5.621335231520419029e-06,-6.318124526230413096e-01,6.101426281841682009e-01,8.193771815832029404e-03
-6.950000000000000622e-02,2.182341999999999782e+00,1.565738999999999992e+00,6.166029999999997901e-01,6.116082904742761173e-01,6.165977090390034610e-01,5.290960996329197030e-06,-6.299708782079491698e-01,6.084025466996751952e-01,8.200453300324594963e-03
-6.940000000000000335e-02,2.180607999999999880e+00,1.565735400000000110e+00,6.148725999999997693e-01,6.098750094009517397e-01,6.148669867873680639e-01,5.613212631705444267e-06,-6.281321113027296121e-01,6.066651180391500198e-01,8.207481960849749569e-03
-6.930000000000000049e-02,2.178875999999999813e+00,1.565731800000000007e+00,6.131441999999998060e-01,6.081440797770696349e-01,6.131386125137693321e-01,5.587486230473892590e-06,-6.262961511941114168e-01,6.049303415286206853e-01,8.213858471379120729e-03
-6.919999999999999762e-02,2.177147000000000165e+00,1.565728400000000020e+00,6.114186000000001453e-01,6.064155022060262468e-01,6.114125868207130887e-01,6.013179287056580336e-06,-6.244629971719675154e-01,6.031982164970862703e-01,8.220383502913874985e-03
-6.909999999999999476e-02,2.175419000000000214e+00,1.565725200000000150e+00,6.096938000000000635e-01,6.046892772901841795e-01,6.096889103096725382e-01,4.889690327525286762e-06,-6.226326485261601817e-01,6.014687422735354172e-01,8.225057726464646279e-03
-6.900000000000000577e-02,2.173694999999999933e+00,1.565722000000000058e+00,6.079729999999998746e-01,6.029654056332844902e-01,6.079675835834975617e-01,5.416416502312948467e-06,-6.208051045479621166e-01,5.997419181882899242e-01,8.231081811709950458e-03
-6.890000000000000291e-02,2.171971999999999792e+00,1.565718399999999955e+00,6.062535999999998371e-01,6.012438878352419636e-01,6.062486072412172078e-01,4.992758782629280745e-06,-6.189803645293352474e-01,5.980177435723225132e-01,8.235856427677323843e-03
-6.880000000000000004e-02,2.170252000000000070e+00,1.565714799999999851e+00,6.045372000000002188e-01,5.995247244980674850e-01,6.045319818839536286e-01,5.218116046590282053e-06,-6.171584277650339345e-01,5.962962177592445734e-01,8.240982240755645449e-03
-6.869999999999999718e-02,2.168534000000000184e+00,1.565711199999999970e+00,6.028228000000002140e-01,5.978079162209795072e-01,6.028177081100407619e-01,5.091889959452089442e-06,-6.153392935494537141e-01,5.945773400823285426e-01,8.245459917671671413e-03
-6.859999999999999432e-02,2.166818999999999829e+00,1.565707599999999866e+00,6.011113999999999624e-01,5.960934636035304379e-01,6.011057865181457238e-01,5.613481854238600022e-06,-6.135229611787522686e-01,5.928611098765117493e-01,8.250290123488213112e-03
-6.850000000000000533e-02,2.165106000000000197e+00,1.565703999999999985e+00,5.994020000000002124e-01,5.943813672442495033e-01,5.993962177059142249e-01,5.782294085987516041e-06,-6.117094299504621802e-01,5.911475264780308159e-01,8.254473521969396543e-03
-6.840000000000000246e-02,2.163394999999999957e+00,1.565700799999999893e+00,5.976942000000000643e-01,5.926716277413000000e-01,5.976890022706266015e-01,5.197729373462856017e-06,-6.098986991628372323e-01,5.894365892238038196e-01,8.257610776196244728e-03
-6.829999999999999960e-02,2.161687000000000136e+00,1.565697600000000023e+00,5.959894000000001135e-01,5.909642456914596664e-01,5.959841408081795189e-01,5.259191820594644184e-06,-6.080907681155096611e-01,5.877282974520512404e-01,8.261102547948873109e-03
-6.819999999999999674e-02,2.159981000000000151e+00,1.565694200000000036e+00,5.942868000000001150e-01,5.892592216908028036e-01,5.942816339137672044e-01,5.166086232910593878e-06,-6.062856361095008140e-01,5.860226505023060639e-01,8.264149497694051050e-03
-6.809999999999999387e-02,2.158277000000000001e+00,1.565690599999999932e+00,5.925864000000000686e-01,5.875565563354108178e-01,5.925814821825912126e-01,4.917817408855995609e-06,-6.044833024469014049e-01,5.843196477151120227e-01,8.266752284888045921e-03
-6.800000000000000488e-02,2.156575999999999826e+00,1.565687000000000051e+00,5.908889999999997755e-01,5.858562502203064071e-01,5.908836862087958330e-01,5.313791203942486163e-06,-6.026837664311770482e-01,5.826192884323118104e-01,8.269711567687965115e-03
-6.790000000000000202e-02,2.154876999999999931e+00,1.565683399999999947e+00,5.891935999999999840e-01,5.841583039398337007e-01,5.891882465858475637e-01,5.353414152420299388e-06,-6.008870273661521821e-01,5.809215719960870716e-01,8.272028003912912375e-03
-6.779999999999999916e-02,2.153181000000000012e+00,1.565679799999999844e+00,5.875012000000001677e-01,5.824627180865675768e-01,5.874951639054467600e-01,6.036094553407700403e-06,-5.990930845577366881e-01,5.792264977505900969e-01,8.274702249410070820e-03
-6.769999999999999629e-02,2.151486999999999927e+00,1.565676399999999857e+00,5.858106000000000702e-01,5.807694932531077825e-01,5.858044387593180913e-01,6.161240681978874534e-06,-5.973019373132402166e-01,5.775340650412960075e-01,8.276534958704062639e-03
-6.759999999999999343e-02,2.149795000000000122e+00,1.565673199999999987e+00,5.841218000000001354e-01,5.790786300327326330e-01,5.841160717398641289e-01,5.728260136006468883e-06,-5.955135849399795234e-01,5.758442732136862530e-01,8.277526786313882390e-03
-6.750000000000000444e-02,2.148105999999999849e+00,1.565669999999999895e+00,5.824359999999999538e-01,5.773901290152494425e-01,5.824300634360214390e-01,5.936563978514719508e-06,-5.937280267476978679e-01,5.741571216155354485e-01,8.278878384464505302e-03
-6.740000000000000158e-02,2.146418000000000159e+00,1.565666400000000014e+00,5.807516000000001455e-01,5.757039907921921440e-01,5.807464144384507643e-01,5.185561549381212387e-06,-5.919452620461491676e-01,5.724726095946279791e-01,8.278990405372166350e-03
-6.729999999999999871e-02,2.144734000000000140e+00,1.565662799999999910e+00,5.790712000000002302e-01,5.740202159519718350e-01,5.790651253346944527e-01,6.074665305777493529e-06,-5.901652901471763357e-01,5.707907365007224287e-01,8.280463499277801454e-03
-6.719999999999999585e-02,2.143050999999999817e+00,1.565659399999999923e+00,5.773915999999998938e-01,5.723388050850779507e-01,5.773861967143701923e-01,5.403285629701493065e-06,-5.883881103633186171e-01,5.691115016842351881e-01,8.280098315764705674e-03
-6.710000000000000686e-02,2.141372000000000053e+00,1.565656200000000053e+00,5.757157999999999998e-01,5.706597587788735382e-01,5.757096291639739460e-01,6.170836026053727608e-06,-5.866137220088667448e-01,5.674349044972375467e-01,8.280895502762453120e-03
-6.700000000000000400e-02,2.139693999999999985e+00,1.565652999999999961e+00,5.740410000000000235e-01,5.689830776210627050e-01,5.740354232703422932e-01,5.576729657730261636e-06,-5.848421243984489593e-01,5.657609442921198717e-01,8.280055707880151772e-03
-6.690000000000000113e-02,2.138018999999999892e+00,1.565649400000000080e+00,5.723695999999998119e-01,5.673087621976016237e-01,5.723635796185662095e-01,6.020381433602395305e-06,-5.830733168484414364e-01,5.640896204229239874e-01,8.279979577075824437e-03
-6.679999999999999827e-02,2.136346000000000078e+00,1.565645799999999976e+00,5.707002000000001019e-01,5.656368130962050600e-01,5.706940987954929323e-01,6.101204507169555313e-06,-5.813072986766236738e-01,5.624209322450179904e-01,8.279267754982111427e-03
-6.669999999999999540e-02,2.134675000000000100e+00,1.565642399999999990e+00,5.690326000000001105e-01,5.639672309014294171e-01,5.690269813848158886e-01,5.618615184221908976e-06,-5.795440692014643957e-01,5.607548791144210121e-01,8.277720885579098464e-03
-6.660000000000000642e-02,2.133007000000000097e+00,1.565639200000000120e+00,5.673677999999999777e-01,5.623000161964561983e-01,5.673622279688556036e-01,5.572031144374101075e-06,-5.777836277421286582e-01,5.590914603878101019e-01,8.276339612189875794e-03
-6.650000000000000355e-02,2.131342000000000070e+00,1.565636000000000028e+00,5.657060000000000421e-01,5.606351695672451285e-01,5.656998391327068276e-01,6.160867293214522533e-06,-5.760259736205775027e-01,5.574306754245044182e-01,8.275324575495623947e-03
-6.640000000000000069e-02,2.129678000000000182e+00,1.565632400000000146e+00,5.640456000000000358e-01,5.589726915952191177e-01,5.640398154569340461e-01,5.784543065989744548e-06,-5.742711061580685339e-01,5.557725235831584287e-01,8.273076416841607106e-03
-6.629999999999999782e-02,2.128016999999999825e+00,1.565628800000000043e+00,5.623881999999997827e-01,5.573125828635525636e-01,5.623821575238506787e-01,6.042476149104025751e-06,-5.725190246786517889e-01,5.541170042250649352e-01,8.271195774934847478e-03
-6.619999999999999496e-02,2.126358999999999888e+00,1.565625400000000056e+00,5.607335999999998322e-01,5.556548439529791494e-01,5.607268659133332056e-01,6.734086666626559747e-06,-5.707697285063879633e-01,5.524641167115271756e-01,8.269483288472656568e-03
-6.610000000000000597e-02,2.124702000000000091e+00,1.565622200000000186e+00,5.590797999999999046e-01,5.539994754445736191e-01,5.590739412055985014e-01,5.858794401403244478e-06,-5.690232169667126527e-01,5.508138604051472376e-01,8.265939594852667049e-03
-6.600000000000000311e-02,2.123047999999999824e+00,1.565619000000000094e+00,5.574289999999997303e-01,5.523464779194107166e-01,5.574233839808634405e-01,5.616019136289729374e-06,-5.672794893871717647e-01,5.491662346705213915e-01,8.262765329478338749e-03
-6.590000000000000024e-02,2.121396999999999977e+00,1.565615800000000002e+00,5.557811999999999752e-01,5.506958519554387976e-01,5.557751948162232836e-01,6.005183776691680464e-06,-5.655385450949523829e-01,5.475212388719068457e-01,8.259961128093129545e-03
-6.579999999999999738e-02,2.119747999999999966e+00,1.565612600000000132e+00,5.541353999999998337e-01,5.490475981312918918e-01,5.541293742894576324e-01,6.025710542201245801e-06,-5.638003834196858577e-01,5.458788723758702943e-01,8.256527624129539333e-03
-6.569999999999999452e-02,2.118100999999999789e+00,1.565609200000000145e+00,5.524917999999996443e-01,5.474017170263039134e-01,5.524859229790453075e-01,5.877020954336842351e-06,-5.620650036917034242e-01,5.442391345496399024e-01,8.252665450359741861e-03
-6.560000000000000553e-02,2.116457000000000033e+00,1.565605600000000042e+00,5.508513999999999911e-01,5.457582092156272324e-01,5.508448414592894693e-01,6.558540710521754136e-06,-5.603324052420290968e-01,5.426020247610984226e-01,8.249375238901568430e-03
-6.550000000000000266e-02,2.114815000000000111e+00,1.565601999999999938e+00,5.492130000000001733e-01,5.441170752761514962e-01,5.492061303062282240e-01,6.869693771949236805e-06,-5.586025874041311567e-01,5.409675423804382044e-01,8.245457619561968876e-03
-6.539999999999999980e-02,2.113175000000000026e+00,1.565598799999999846e+00,5.475762000000001795e-01,5.424783157837254066e-01,5.475697900948600649e-01,6.409905140114524613e-06,-5.568755495114814380e-01,5.393356867778547059e-01,8.240513222145473549e-03
-6.529999999999999694e-02,2.111537999999999915e+00,1.565595599999999976e+00,5.459423999999999388e-01,5.408419313135013340e-01,5.459358213994883746e-01,6.578600511564225428e-06,-5.551512908989408857e-01,5.377064573248562240e-01,8.235942675143714808e-03
-6.519999999999999407e-02,2.109903000000000084e+00,1.565592399999999884e+00,5.443106000000001998e-01,5.392079224385284419e-01,5.443042247923162158e-01,6.375207683984029927e-06,-5.534298109027702139e-01,5.360798533942738864e-01,8.230746605726313447e-03
-6.510000000000000508e-02,2.108270000000000088e+00,1.565589200000000014e+00,5.426808000000000742e-01,5.375762897329181556e-01,5.426750008466075803e-01,5.799153392493927583e-06,-5.517111088599193636e-01,5.344558743595895223e-01,8.224925640410551964e-03
-6.500000000000000222e-02,2.106640000000000068e+00,1.565585999999999922e+00,5.410540000000001459e-01,5.359470337686786934e-01,5.410481501335261401e-01,5.849866474005871453e-06,-5.499951841097932004e-01,5.328345195966049941e-01,8.219480403395151846e-03
-6.489999999999999936e-02,2.105011999999999883e+00,1.565582400000000041e+00,5.394295999999998426e-01,5.343201551178182740e-01,5.394236732242357890e-01,5.926775764053537898e-06,-5.482820359914377661e-01,5.312157884807832131e-01,8.213811519216629442e-03
-6.479999999999999649e-02,2.103387000000000118e+00,1.565578799999999937e+00,5.378082000000001806e-01,5.326956543513006181e-01,5.378015706888571446e-01,6.629311143035998555e-06,-5.465716638460023091e-01,5.295996803895741678e-01,8.208519610426012747e-03
-6.469999999999999363e-02,2.101764000000000188e+00,1.565575399999999950e+00,5.361886000000002372e-01,5.310735320397412806e-01,5.361818430971635463e-01,6.756902836690947822e-06,-5.448640670149629273e-01,5.279861947007367107e-01,8.202405299263526572e-03
-6.460000000000000464e-02,2.100143000000000093e+00,1.565572200000000080e+00,5.345708000000000126e-01,5.294537887527113185e-01,5.345644910178851683e-01,6.308982114844319256e-06,-5.431592448419095831e-01,5.263753307940272075e-01,8.195469205972805149e-03
-6.450000000000000178e-02,2.098524999999999974e+00,1.565568999999999988e+00,5.329559999999999853e-01,5.278364250583820194e-01,5.329495150183545249e-01,6.484981645460408117e-06,-5.414571966707732997e-01,5.247670880495242107e-01,8.188911950475774582e-03
-6.439999999999999891e-02,2.096909000000000134e+00,1.565565799999999896e+00,5.313432000000002375e-01,5.262214415242354448e-01,5.313369156652159031e-01,6.284334784334433266e-06,-5.397579218475847540e-01,5.231614658492902414e-01,8.181734150709996101e-03
-6.429999999999999605e-02,2.095295999999999825e+00,1.565562600000000026e+00,5.297333999999997989e-01,5.246088387191392144e-01,5.297266935264970389e-01,6.706473502759990879e-06,-5.380614197187121306e-01,5.215584635757068988e-01,8.174936424292900128e-03
-6.419999999999999318e-02,2.093684999999999796e+00,1.565559399999999934e+00,5.281255999999998618e-01,5.229986172084686302e-01,5.281188491667385687e-01,6.750833261293109899e-06,-5.363676896315716647e-01,5.199580806121457677e-01,8.167519387854094148e-03
-6.410000000000000420e-02,2.092076000000000047e+00,1.565556200000000064e+00,5.265197999999999823e-01,5.213907775579684767e-01,5.265133831508502782e-01,6.416849149704084709e-06,-5.346767309353346320e-01,5.183603163436371064e-01,8.159483656362875870e-03
-6.400000000000000133e-02,2.090469999999999828e+00,1.565552999999999972e+00,5.249169999999998559e-01,5.197853203333657746e-01,5.249102960437238563e-01,6.703956275999622960e-06,-5.329885429809024799e-01,5.167651701568458655e-01,8.151829843153990396e-03
-6.389999999999999847e-02,2.088865999999999890e+00,1.565549799999999880e+00,5.233162000000000091e-01,5.181822460983021017e-01,5.233095884081687688e-01,6.611591831240382078e-06,-5.313031251184909820e-01,5.151726414377889585e-01,8.143558562211050678e-03
-6.379999999999999560e-02,2.087263999999999786e+00,1.565546600000000010e+00,5.217173999999997758e-01,5.165815554160637646e-01,5.217112608066397650e-01,6.139193360010786193e-06,-5.296204767003978020e-01,5.135827295744507248e-01,8.134670425549050954e-03
-6.370000000000000662e-02,2.085665000000000102e+00,1.565543399999999918e+00,5.201216000000001838e-01,5.149832488499477279e-01,5.201153138016022526e-01,6.286198397931208603e-06,-5.279405970813684235e-01,5.119954339571283208e-01,8.126166042871862949e-03
-6.360000000000000375e-02,2.084067999999999810e+00,1.565540200000000048e+00,5.185277999999997611e-01,5.133873269618440816e-01,5.185217479541168739e-01,6.052045882887213679e-06,-5.262634856151073848e-01,5.104107539751354672e-01,8.117046024864293940e-03
-6.350000000000000089e-02,2.082473999999999936e+00,1.565536999999999956e+00,5.169369999999999798e-01,5.117937903119056386e-01,5.169305638235094369e-01,6.436176490542955264e-06,-5.245891416577457278e-01,5.088286890200783841e-01,8.108310979921595774e-03
-6.339999999999999802e-02,2.080881999999999898e+00,1.565533799999999864e+00,5.153482000000000340e-01,5.102026394620331473e-01,5.153417619708511310e-01,6.438029148903012810e-06,-5.229175645661179317e-01,5.072492384842283153e-01,8.098961515771718744e-03
-6.329999999999999516e-02,2.079292000000000140e+00,1.565530599999999994e+00,5.137614000000001457e-01,5.086138749706243800e-01,5.137553429537154992e-01,6.057046284646538936e-06,-5.212487536991652348e-01,5.056724017618470235e-01,8.088998238153122244e-03
-6.320000000000000617e-02,2.077704999999999913e+00,1.565527399999999902e+00,5.121776000000000106e-01,5.070274973974910893e-01,5.121713073310876219e-01,6.292668912388776903e-06,-5.195827084154629460e-01,5.040981782468504369e-01,8.079421753149573782e-03
-6.310000000000000331e-02,2.076119999999999965e+00,1.565524200000000032e+00,5.105957999999999330e-01,5.054435072992902178e-01,5.105896556588028767e-01,6.144341197056313320e-06,-5.179194280756824753e-01,5.025265673351352325e-01,8.069232664864700588e-03
-6.300000000000000044e-02,2.074537999999999993e+00,1.565520999999999940e+00,5.090170000000000528e-01,5.038619052351336336e-01,5.090103884951476809e-01,6.611504852371830054e-06,-5.162589120415468358e-01,5.009575684235916260e-01,8.059431576408426778e-03
-6.289999999999999758e-02,2.072957999999999856e+00,1.565517799999999848e+00,5.074402000000000079e-01,5.022826917606373343e-01,5.074335063949176883e-01,6.693605082319642463e-06,-5.146011596761681517e-01,4.993911809104225608e-01,8.049019089577447161e-03
-6.279999999999999472e-02,2.071379999999999999e+00,1.565514599999999978e+00,5.058654000000000206e-01,5.007058674328099812e-01,5.058590099142993290e-01,6.390085700691550130e-06,-5.129461703426656527e-01,4.978274041938375305e-01,8.037995806162490098e-03
-6.270000000000000573e-02,2.069805000000000117e+00,1.565511399999999886e+00,5.042936000000002306e-01,4.991314328051821292e-01,5.042868996060060338e-01,6.700393994196751635e-06,-5.112939434069438960e-01,4.962662376746780346e-01,8.027362325322195957e-03
-6.260000000000000286e-02,2.068232000000000070e+00,1.565508200000000016e+00,5.027238000000000540e-01,4.975593884326698912e-01,5.027171760241346821e-01,6.623975865371889427e-06,-5.096444782345557201e-01,4.947076807534531717e-01,8.016119246546882238e-03
-6.250000000000000000e-02,2.066661999999999999e+00,1.565504999999999924e+00,5.011570000000000746e-01,4.959897348691448826e-01,5.011498397217390988e-01,7.160278260975871945e-06,-5.079977741938535019e-01,4.931517328333172578e-01,8.005267166682816793e-03
-6.239999999999999714e-02,2.065093000000000067e+00,1.565501799999999832e+00,4.995912000000002351e-01,4.944224726660415570e-01,4.995848912494397775e-01,6.308750560457543344e-06,-5.063538306521344623e-01,4.915983933164277397e-01,7.992806683572495352e-03
-6.230000000000000121e-02,2.063527999999999807e+00,1.565498599999999962e+00,4.980293999999998444e-01,4.928576023775832482e-01,4.980223311606418179e-01,7.068839358026490771e-06,-5.047126469794918080e-01,4.900476616075838399e-01,7.981738392416004579e-03
-6.219999999999999835e-02,2.061964000000000130e+00,1.565495399999999870e+00,4.964686000000002597e-01,4.912951245531083089e-01,4.964621600038726656e-01,6.439996127594049824e-06,-5.030742225474114093e-01,4.884995371129008390e-01,7.969062887099420678e-03
-6.210000000000000242e-02,2.060404000000000124e+00,1.565492200000000000e+00,4.949118000000001238e-01,4.897350397443993586e-01,4.949043783301002586e-01,7.421669899865257491e-06,-5.014385567270238653e-01,4.869540192381582311e-01,7.957780761841892758e-03
-6.199999999999999956e-02,2.058844999999999814e+00,1.565488999999999908e+00,4.933559999999999057e-01,4.881773484993985335e-01,4.933489866864578799e-01,7.013313542025834124e-06,-4.998056488915700868e-01,4.854111073911296370e-01,7.944892608870268713e-03
-6.189999999999999669e-02,2.057288999999999923e+00,1.565485799999999816e+00,4.918032000000001069e-01,4.866220513688404026e-01,4.917959856228670268e-01,7.214377133080152049e-06,-4.981754984156694377e-01,4.838708009808911359e-01,7.932399019108971050e-03
-6.180000000000000077e-02,2.055734999999999868e+00,1.565482599999999946e+00,4.902523999999999216e-01,4.850691488996190515e-01,4.902453756854144307e-01,7.024314585490909479e-06,-4.965481046742930005e-01,4.823330994168511521e-01,7.919300583148769501e-03
-6.169999999999999790e-02,2.054183999999999788e+00,1.565479599999999971e+00,4.887043999999998167e-01,4.835186416403800536e-01,4.886971574219356462e-01,7.242578064170501762e-06,-4.949234670445150641e-01,4.807980021104053536e-01,7.906397889594463102e-03
-6.160000000000000198e-02,2.052634999999999987e+00,1.565476799999999891e+00,4.871582000000000967e-01,4.819705301366283834e-01,4.871513313771304587e-01,6.868622869637963646e-06,-4.933015849033957068e-01,4.792655084729361414e-01,7.892691527063955270e-03
-6.149999999999999911e-02,2.051088000000000022e+00,1.565474000000000032e+00,4.856139999999999901e-01,4.804248149345617946e-01,4.856078980963901559e-01,6.101903609834202769e-06,-4.916824576300982130e-01,4.777356179178131601e-01,7.878382082186830004e-03
-6.140000000000000319e-02,2.049544000000000032e+00,1.565470799999999940e+00,4.840732000000000923e-01,4.788814965793299905e-01,4.840668581240596957e-01,6.341875940396590750e-06,-4.900660846044786467e-01,4.762083298590606417e-01,7.864870140939450582e-03
-6.130000000000000032e-02,2.048001999999999878e+00,1.565467600000000070e+00,4.825343999999998079e-01,4.773405756157451663e-01,4.825282120041469724e-01,6.187995852835470600e-06,-4.884524652070894035e-01,4.746836437113607365e-01,7.850756288639071379e-03
-6.119999999999999746e-02,2.046463000000000143e+00,1.565464399999999978e+00,4.809986000000001649e-01,4.758020525861716976e-01,4.809919602782156689e-01,6.639721784496011026e-06,-4.868415988212753120e-01,4.731615588920343729e-01,7.837041107965792008e-03
-6.110000000000000153e-02,2.044925999999999799e+00,1.565461200000000108e+00,4.794647999999996912e-01,4.742659280340113526e-01,4.794581034888654170e-01,6.696511134274274468e-06,-4.852334848296919745e-01,4.716420748177509448e-01,7.822725182248746467e-03
-6.099999999999999867e-02,2.043391999999999875e+00,1.565458000000000016e+00,4.779339999999998589e-01,4.727322025009357276e-01,4.779266421769680084e-01,7.357823031850507789e-06,-4.836281226163698932e-01,4.701251909064792511e-01,7.808809093520607814e-03
-6.090000000000000274e-02,2.041859999999999786e+00,1.565454799999999924e+00,4.764051999999998621e-01,4.712008765282575951e-01,4.763975768830371882e-01,7.623116962673925912e-06,-4.820255115677980484e-01,4.686109065785110106e-01,7.794293421488851514e-03
-6.079999999999999988e-02,2.040329999999999977e+00,1.565451600000000054e+00,4.748783999999999228e-01,4.696719506569522196e-01,4.748709081472495264e-01,7.491852750396432725e-06,-4.804256510704618677e-01,4.670992212541345001e-01,7.779178745865422684e-03
-6.069999999999999701e-02,2.038802000000000003e+00,1.565448600000000079e+00,4.733533999999999242e-01,4.681454254258916592e-01,4.733466365076816063e-01,6.763492318317965157e-06,-4.788285405122429950e-01,4.655901343549574412e-01,7.763265645042483065e-03
-6.060000000000000109e-02,2.037277000000000005e+00,1.565445799999999998e+00,4.718312000000000062e-01,4.666213013739479720e-01,4.718247625024099556e-01,6.437497590050522689e-06,-4.772341792820569140e-01,4.640836453035643294e-01,7.747554696435676735e-03
-6.049999999999999822e-02,2.035754999999999981e+00,1.565442999999999918e+00,4.703120000000000633e-01,4.650995790400038743e-01,4.703052866695217049e-01,6.713330478358425779e-06,-4.756425667705848070e-01,4.625797535242080483e-01,7.732246475792015072e-03
-6.040000000000000230e-02,2.034234999999999793e+00,1.565439799999999826e+00,4.687951999999999675e-01,4.635802589601389911e-01,4.687882095443051123e-01,6.990455694855235436e-06,-4.740537023681383744e-01,4.610784584407924824e-01,7.716741559207485057e-03
-6.029999999999999943e-02,2.032716999999999885e+00,1.565436599999999956e+00,4.672803999999999292e-01,4.620633416728807674e-01,4.672735316644925918e-01,6.868335507337341994e-06,-4.724675854681805731e-01,4.595797594801990793e-01,7.700640519800849848e-03
-6.019999999999999657e-02,2.031201999999999952e+00,1.565433399999999864e+00,4.657686000000000881e-01,4.605488277115270535e-01,4.657612535625946792e-01,7.346437405408856591e-06,-4.708842154631263099e-01,4.580836560683189118e-01,7.684943931681176288e-03
-6.010000000000000064e-02,2.029688999999999854e+00,1.565430199999999994e+00,4.642587999999998605e-01,4.590367176128609117e-01,4.642513757746020153e-01,7.424225397845152230e-06,-4.693035917488721509e-01,4.565901476343329768e-01,7.668652365666883686e-03
-5.999999999999999778e-02,2.028178000000000036e+00,1.565426999999999902e+00,4.627510000000001344e-01,4.575270119101766397e-01,4.627438988330216385e-01,7.101166978495943027e-06,-4.677257137202772697e-01,4.550992336064420551e-01,7.651766393558079304e-03
-5.990000000000000185e-02,2.026670000000000194e+00,1.565424200000000043e+00,4.612458000000001501e-01,4.560197111378130330e-01,4.612388232714034197e-01,6.976728596730374932e-06,-4.661505807749861674e-01,4.536109134154787115e-01,7.634886584521438646e-03
-5.979999999999999899e-02,2.025164999999999882e+00,1.565421399999999963e+00,4.597435999999999190e-01,4.545148158269789462e-01,4.597361496201720632e-01,7.450379827855790893e-06,-4.645781923106433453e-01,4.521251864922755104e-01,7.618413507724408618e-03
-5.970000000000000306e-02,2.023661000000000154e+00,1.565418399999999988e+00,4.582426000000001665e-01,4.530123265102652397e-01,4.582358784111321137e-01,6.721588868052741361e-06,-4.630085477269858529e-01,4.506420522696423236e-01,7.600547730357842813e-03
-5.960000000000000020e-02,2.022159999999999958e+00,1.565415200000000118e+00,4.567447999999998398e-01,4.515122437192253813e-01,4.567380101750523891e-01,6.789824947450728843e-06,-4.614416464234025739e-01,4.491615101800600085e-01,7.583289819939831311e-03
-5.949999999999999734e-02,2.020662000000000180e+00,1.565412000000000026e+00,4.552500000000001545e-01,4.500145679836649037e-01,4.552425454409562700e-01,7.454559043884589897e-06,-4.598774878027711566e-01,4.476835596593060074e-01,7.566440340694147171e-03
-5.940000000000000141e-02,2.019165999999999794e+00,1.565409199999999945e+00,4.537567999999998491e-01,4.485192998333964454e-01,4.537494847378741869e-01,7.315262125662247428e-06,-4.583160712662284197e-01,4.462082001415128008e-01,7.548599858487048397e-03
-5.929999999999999855e-02,2.017672000000000132e+00,1.565406399999999865e+00,4.522656000000002674e-01,4.470264397968257697e-01,4.522588285934318608e-01,6.771406568406579396e-06,-4.567573962180375702e-01,4.447354310637670061e-01,7.530168936233261334e-03
-5.920000000000000262e-02,2.016181000000000001e+00,1.565403399999999889e+00,4.507776000000001115e-01,4.455359884016658611e-01,4.507705775345632326e-01,7.022465436878899681e-06,-4.552014620631759101e-01,4.432652518638300343e-01,7.512348136170077240e-03
-5.909999999999999976e-02,2.014692000000000149e+00,1.565400200000000019e+00,4.492918000000001300e-01,4.440479461752921964e-01,4.492847320878651796e-01,7.067912134950393721e-06,-4.536482682073064154e-01,4.417976619801111671e-01,7.494138019888962887e-03
-5.899999999999999689e-02,2.013205999999999829e+00,1.565396999999999927e+00,4.478089999999999016e-01,4.425623136440179906e-01,4.478012927788739828e-01,7.707221125918817251e-06,-4.520978140581952687e-01,4.403326608530069852e-01,7.476339146992916351e-03
-5.890000000000000097e-02,2.011721999999999788e+00,1.565394200000000069e+00,4.463277999999997192e-01,4.410790913345117303e-01,4.463202601334806396e-01,7.539866519079563290e-06,-4.505500990232427228e-01,4.388702479225682906e-01,7.457552077431428561e-03
-5.879999999999999810e-02,2.010240000000000027e+00,1.565391399999999988e+00,4.448486000000000384e-01,4.395982797699531375e-01,4.448416346740924343e-01,6.965325907604125177e-06,-4.490051225123075085e-01,4.374104226311689714e-01,7.438177368831067060e-03
-5.870000000000000218e-02,2.008760999999999797e+00,1.565388400000000013e+00,4.433725999999997835e-01,4.381198794752698689e-01,4.433654169248620880e-01,7.183075137695560386e-06,-4.474628839355965226e-01,4.359531844215118745e-01,7.419415578487909002e-03
-5.859999999999999931e-02,2.007283999999999846e+00,1.565385200000000143e+00,4.418987999999997029e-01,4.366438909725900430e-01,4.418916074071469469e-01,7.192592852756085620e-06,-4.459233827043505016e-01,4.344985327372766770e-01,7.400267262723025929e-03
-5.850000000000000339e-02,2.005809999999999871e+00,1.565382000000000051e+00,4.404279999999998196e-01,4.351703147861414323e-01,4.404202066444008468e-01,7.793355598972873111e-06,-4.443866182322580016e-01,4.330464670244561498e-01,7.381532975543669828e-03
-5.840000000000000052e-02,2.004338000000000175e+00,1.565379199999999971e+00,4.389588000000002044e-01,4.336991514363219835e-01,4.389512151562535713e-01,7.584843746633040951e-06,-4.428525899319666337e-01,4.315969867280592398e-01,7.361813271940964576e-03
-5.829999999999999766e-02,2.002867999999999871e+00,1.565376399999999890e+00,4.374915999999999805e-01,4.322304014442117648e-01,4.374846334630157485e-01,6.966536984231996854e-06,-4.413212972192575023e-01,4.301500912960559697e-01,7.341508703944010783e-03
-5.820000000000000173e-02,2.001400999999999986e+00,1.565373600000000032e+00,4.360273999999999539e-01,4.307640653305462308e-01,4.360204620846542811e-01,6.937915345672784895e-06,-4.397927395099081593e-01,4.287057801764128095e-01,7.321619823587144360e-03
-5.809999999999999887e-02,1.999937000000000076e+00,1.565370799999999951e+00,4.345662000000001246e-01,4.293001436136307802e-01,4.345587015387092356e-01,7.498461290889046893e-06,-4.382669162207548652e-01,4.272640528180968178e-01,7.302147181903306805e-03
-5.800000000000000294e-02,1.998474000000000084e+00,1.565368000000000093e+00,4.331059999999999910e-01,4.278386368124600381e-01,4.330993523434091275e-01,6.647656590863526560e-06,-4.367438267703604993e-01,4.258249086717063592e-01,7.281091328293631815e-03
-5.790000000000000008e-02,1.997014000000000067e+00,1.565364800000000001e+00,4.316492000000000662e-01,4.263795454446253075e-01,4.316424150155812045e-01,6.784984418861661482e-06,-4.352234705783502022e-01,4.243883471888436065e-01,7.260852811156459641e-03
-5.779999999999999721e-02,1.995557000000000025e+00,1.565361600000000131e+00,4.301953999999998945e-01,4.249228700263394387e-01,4.301878900706761488e-01,7.509929323745723195e-06,-4.337058470646901753e-01,4.229543678214329749e-01,7.241032178566919608e-03
-5.770000000000000129e-02,1.994102000000000041e+00,1.565358600000000155e+00,4.287433999999998857e-01,4.234686110755490063e-01,4.287357780258758688e-01,7.621974124016883678e-06,-4.321909556514427209e-01,4.215229700233795729e-01,7.220429976620312829e-03
-5.759999999999999842e-02,1.992648999999999893e+00,1.565355800000000075e+00,4.272931999999998176e-01,4.220167691056637693e-01,4.272860793938323409e-01,7.120606167476672965e-06,-4.306787957613593676e-01,4.200941532492395991e-01,7.199046750760218494e-03
-5.750000000000000250e-02,1.991198999999999941e+00,1.565352999999999994e+00,4.258459999999999468e-01,4.205673446325448595e-01,4.258387946896449727e-01,7.205310354974070464e-06,-4.291693668178986343e-01,4.186679169542374956e-01,7.178083045762451153e-03
-5.739999999999999963e-02,1.989751000000000047e+00,1.565350199999999914e+00,4.244008000000001335e-01,4.191203381696020358e-01,4.243939244259656851e-01,6.875574034448383998e-06,-4.276626682466115881e-01,4.172442605955747896e-01,7.156539404425343864e-03
-5.729999999999999677e-02,1.988305999999999907e+00,1.565347399999999833e+00,4.229586000000000734e-01,4.176757502292112179e-01,4.229514691144140026e-01,7.130885586070778714e-06,-4.261586994730421907e-01,4.158231836304463469e-01,7.135416369553726490e-03
-5.720000000000000084e-02,1.986863000000000046e+00,1.565344599999999975e+00,4.215184000000000708e-01,4.162335813240751747e-01,4.215114292669356888e-01,6.970733064382006461e-06,-4.246574599244894443e-01,4.144046855177053734e-01,7.113714482294697383e-03
-5.709999999999999798e-02,1.985422999999999938e+00,1.565341799999999894e+00,4.200812000000000435e-01,4.147938319658805995e-01,4.200738053944621520e-01,7.394605537891507652e-06,-4.231589490296308043e-01,4.129887657175076998e-01,7.092434282492343645e-03
-5.700000000000000205e-02,1.983983999999999970e+00,1.565339000000000036e+00,4.186449999999999338e-01,4.133565026641896623e-01,4.186385980058032197e-01,6.401994196714166918e-06,-4.216631662175061024e-01,4.115754236903513275e-01,7.069576309648606394e-03
-5.689999999999999919e-02,1.982548999999999895e+00,1.565336199999999955e+00,4.172127999999999393e-01,4.119215939299891716e-01,4.172058076111914149e-01,6.992388808524374610e-06,-4.201701109185478344e-01,4.101646588980503716e-01,7.048141101949567666e-03
-5.680000000000000326e-02,1.981116000000000099e+00,1.565333399999999875e+00,4.157826000000002242e-01,4.104891062707558547e-01,4.157754347173542309e-01,7.165282645993364952e-06,-4.186797825649293259e-01,4.087564708040638539e-01,7.026129195936370309e-03
-5.670000000000000040e-02,1.979684999999999917e+00,1.565330399999999900e+00,4.143546000000000173e-01,4.090590401964142586e-01,4.143474798334634279e-01,7.120166536589422890e-06,-4.171921805888239021e-01,4.073508588718506851e-01,7.003741128149332251e-03
-5.659999999999999754e-02,1.978256000000000014e+00,1.565327200000000030e+00,4.129287999999999847e-01,4.076313962123627732e-01,4.129219434641713260e-01,6.856535828658749665e-06,-4.157073044248527083e-01,4.059478225671828144e-01,6.980977432817170314e-03
-5.650000000000000161e-02,1.976830000000000087e+00,1.565323999999999938e+00,4.115060000000001494e-01,4.062061748274743422e-01,4.114988261175996365e-01,7.173882400512976432e-06,-4.142251535069334523e-01,4.045473613551675562e-01,6.958638644832593201e-03
-5.639999999999999875e-02,1.975406999999999913e+00,1.565321200000000079e+00,4.100857999999998338e-01,4.047833765461028577e-01,4.100781282973575692e-01,7.671702642264577321e-06,-4.127457272717727221e-01,4.031494747035472836e-01,6.936325296452550138e-03
-5.630000000000000282e-02,1.973986000000000018e+00,1.565318399999999999e+00,4.086676000000000197e-01,4.033630018729397193e-01,4.086598505073915644e-01,7.749492608455366138e-06,-4.112690251567805433e-01,4.017541620807292269e-01,6.913437919270792875e-03
-5.619999999999999996e-02,1.972566999999999959e+00,1.565315600000000140e+00,4.072513999999998191e-01,4.019450513130244929e-01,4.072439932519956174e-01,7.406748004201713087e-06,-4.097950465993633884e-01,4.003614229551171189e-01,6.889977044882700241e-03
-5.609999999999999709e-02,1.971151000000000098e+00,1.565312800000000060e+00,4.058382000000000378e-01,4.005295253693113011e-01,4.058305570333812229e-01,7.642966618814917013e-06,-4.083237910397130577e-01,3.989712567977466984e-01,6.866943202253339429e-03
-5.600000000000000117e-02,1.969737000000000071e+00,1.565309999999999979e+00,4.044270000000000920e-01,3.991164245440508296e-01,4.044195423530577704e-01,7.457646942321538575e-06,-4.068552579176838435e-01,3.975836630793346260e-01,6.843336920665465950e-03
-5.589999999999999830e-02,1.968325000000000102e+00,1.565307200000000121e+00,4.030177999999999816e-01,3.977057493408970856e-01,4.030109497139355845e-01,6.850286064397081986e-06,-4.053894466755636472e-01,3.961986412728972229e-01,6.819158727102758721e-03
-5.580000000000000238e-02,1.966916000000000109e+00,1.565304400000000040e+00,4.016116000000000685e-01,3.962975002582602713e-01,4.016047796136891779e-01,6.820386310890658166e-06,-4.039263567556439227e-01,3.948161908514540852e-01,6.795409148545983324e-03
-5.569999999999999951e-02,1.965510000000000090e+00,1.565301600000000182e+00,4.002083999999999087e-01,3.948916777977018455e-01,4.002010325531394908e-01,7.367446860417903309e-06,-4.024659876016087878e-01,3.934363112893408121e-01,6.772088710659096567e-03
-5.559999999999999665e-02,1.964105999999999908e+00,1.565298800000000101e+00,3.988071999999998063e-01,3.934882824590246742e-01,3.987997090313515902e-01,7.490968648216078662e-06,-4.010083386585314713e-01,3.920590020622055638e-01,6.748197937794242485e-03
-5.550000000000000072e-02,1.962704000000000004e+00,1.565296000000000021e+00,3.974079999999999835e-01,3.920873147396051195e-01,3.974008095449675371e-01,7.190455032446418926e-06,-3.995534093728991820e-01,3.906842626470324320e-01,6.723737352967551484e-03
-5.539999999999999786e-02,1.961305000000000076e+00,1.565293199999999940e+00,3.960118000000001359e-01,3.906887751378569362e-01,3.960043345916652857e-01,7.465408334850209826e-06,-3.981011991911813652e-01,3.893120925207889660e-01,6.699707479211169936e-03
-5.530000000000000193e-02,1.959907999999999983e+00,1.565290399999999860e+00,3.946176000000001238e-01,3.892926641511529340e-01,3.946102846680833998e-01,7.315331916724066019e-06,-3.966517075612436827e-01,3.879424911617617711e-01,6.675108838238352771e-03
-5.519999999999999907e-02,1.958512999999999948e+00,1.565287600000000001e+00,3.932253999999999472e-01,3.878989822754661532e-01,3.932186602694627275e-01,6.739730537219656981e-06,-3.952049339334067213e-01,3.865754580505573190e-01,6.649941949442628175e-03
-5.510000000000000314e-02,1.957121000000000111e+00,1.565284799999999921e+00,3.918362000000001899e-01,3.865077300053769704e-01,3.918294618896534520e-01,6.738110346737880008e-06,-3.937608777576286911e-01,3.852109926674395224e-01,6.625207332560667517e-03
-5.500000000000000028e-02,1.955732000000000026e+00,1.565282000000000062e+00,3.904499999999999638e-01,3.851189078361656470e-01,3.904426900232047526e-01,7.309976795211170497e-06,-3.923195384849229583e-01,3.838490944936693849e-01,6.600905506330578820e-03
-5.489999999999999741e-02,1.954344999999999999e+00,1.565279199999999982e+00,3.890658000000000172e-01,3.837325162620537355e-01,3.890583451636084877e-01,7.454836391529440220e-06,-3.908809155687329451e-01,3.824897630128040182e-01,6.576036987195998940e-03
-5.480000000000000149e-02,1.952960000000000029e+00,1.565276399999999901e+00,3.876836000000001281e-01,3.823485557751880037e-01,3.876764278022848953e-01,7.172197715232808690e-06,-3.894450084621681185e-01,3.811329977080851195e-01,6.550602291915008646e-03
-5.469999999999999862e-02,1.951578000000000035e+00,1.565273600000000043e+00,3.863043999999999922e-01,3.809670268680562799e-01,3.862969384309947740e-01,7.461569005218215977e-06,-3.880118166200716701e-01,3.797787980643923533e-01,6.525601935607638904e-03
-5.460000000000000270e-02,1.950198000000000098e+00,1.565270799999999962e+00,3.849272000000001359e-01,3.795879300317430705e-01,3.849198775400977102e-01,7.322459902425748624e-06,-3.865813394986865603e-01,3.784271635679283263e-01,6.500036432071809589e-03
-5.449999999999999983e-02,1.948820999999999914e+00,1.565268000000000104e+00,3.835529999999998108e-01,3.782112657573506453e-01,3.835452456199708315e-01,7.754380028979213080e-06,-3.851535765545968104e-01,3.770780937052176096e-01,6.474906294782201144e-03
-5.439999999999999697e-02,1.947446000000000010e+00,1.565265200000000023e+00,3.821807999999999872e-01,3.768370345338638572e-01,3.821730431588771792e-01,7.756841122807944799e-06,-3.837285272458004215e-01,3.757315879641210943e-01,6.449212035878892912e-03
-5.430000000000000104e-02,1.946072999999999942e+00,1.565262399999999943e+00,3.808105999999999991e-01,3.754652368506441462e-01,3.808032706454557714e-01,7.329354544227673074e-06,-3.823061910323630741e-01,3.743876458344532199e-01,6.422954165546779226e-03
-5.419999999999999818e-02,1.944703000000000070e+00,1.565259799999999979e+00,3.794432000000000915e-01,3.740958731956389727e-01,3.794359285669337001e-01,7.271433066391441713e-06,-3.808865673736683277e-01,3.730462668053841080e-01,6.396933194615983531e-03
-5.410000000000000225e-02,1.943335000000000035e+00,1.565257400000000132e+00,3.780775999999999026e-01,3.727289440564511835e-01,3.780710174101939991e-01,6.582589805903538149e-06,-3.794696557311922902e-01,3.717074503680609099e-01,6.370149631938992751e-03
-5.399999999999999939e-02,1.941969999999999974e+00,1.565255000000000063e+00,3.767149999999999110e-01,3.713644499196391280e-01,3.767085376610767034e-01,6.462338923207688879e-06,-3.780554555678001805e-01,3.703711960149435600e-01,6.343803985056351014e-03
-5.390000000000000346e-02,1.940606999999999971e+00,1.565252199999999982e+00,3.753547999999999885e-01,3.700023912700203255e-01,3.753484898036835715e-01,6.310196316416938345e-06,-3.766439663470606547e-01,3.690375032391565169e-01,6.317296760843471581e-03
-5.380000000000000060e-02,1.939246999999999943e+00,1.565249399999999902e+00,3.739976000000000411e-01,3.686427685937978538e-01,3.739908743234999222e-01,6.725676500118904499e-06,-3.752351875325352637e-01,3.677063715338175776e-01,6.291228466182463563e-03
-5.369999999999999774e-02,1.937888999999999973e+00,1.565246600000000043e+00,3.726423999999999292e-01,3.672855823733449654e-01,3.726356917021869108e-01,6.708297813018404554e-06,-3.738291185916331472e-01,3.663778003956801865e-01,6.264599604319742721e-03
-5.360000000000000181e-02,1.936533999999999978e+00,1.565243799999999963e+00,3.712902000000000147e-01,3.659308330941790643e-01,3.712829424245452370e-01,7.257575454777676072e-06,-3.724257589896566856e-01,3.650517893195069918e-01,6.238410680493022831e-03
-5.349999999999999895e-02,1.935181000000000040e+00,1.565241000000000104e+00,3.699399999999999356e-01,3.645785212365701966e-01,3.699326269701357917e-01,7.373029864143898493e-06,-3.710251081954076824e-01,3.637283378033673853e-01,6.211662196632550259e-03
-5.340000000000000302e-02,1.933829999999999938e+00,1.565238200000000024e+00,3.685917999999999140e-01,3.632286472835950519e-01,3.685847458213221683e-01,7.054178677745603920e-06,-3.696271656776843884e-01,3.624074453453273170e-01,6.184354654672596929e-03
-5.330000000000000016e-02,1.932482000000000033e+00,1.565235399999999943e+00,3.672466000000000896e-01,3.618812117151790630e-01,3.672392994573213665e-01,7.300542678723154211e-06,-3.682319309066777180e-01,3.610891114447687400e-01,6.157488555231349636e-03
-5.319999999999999729e-02,1.931135999999999964e+00,1.565232799999999980e+00,3.659031999999999840e-01,3.605362150116100395e-01,3.658962883577120406e-01,6.911642287943386975e-06,-3.668394033536266363e-01,3.597733356020637596e-01,6.129864397936224396e-03
-5.310000000000000137e-02,1.929793000000000092e+00,1.565230400000000133e+00,3.645625999999999589e-01,3.591936576521135294e-01,3.645557130010123603e-01,6.886998987598591526e-06,-3.654495824904699930e-01,3.584601173182460077e-01,6.102482681753951255e-03
-5.299999999999999850e-02,1.928452000000000055e+00,1.565228000000000064e+00,3.632239999999999913e-01,3.578535401152294071e-01,3.632175738650557095e-01,6.426134944281791661e-06,-3.640624677905357487e-01,3.571494560956615660e-01,6.074543904338425282e-03
-5.290000000000000258e-02,1.927113999999999994e+00,1.565225199999999983e+00,3.618888000000000105e-01,3.565158628784423911e-01,3.618818714266218706e-01,6.928573378139901706e-06,-3.626780587285551860e-01,3.558413514379825671e-01,6.047448562017443408e-03
-5.279999999999999971e-02,1.925777999999999990e+00,1.565222399999999903e+00,3.605556000000000871e-01,3.551806264188996920e-01,3.605486061621536731e-01,6.993837846414052706e-06,-3.612963547803005326e-01,3.545358028498646341e-01,6.019797150135453023e-03
-5.269999999999999685e-02,1.924444000000000043e+00,1.565219600000000044e+00,3.592243999999999993e-01,3.538478312112900426e-01,3.592177785456390771e-01,6.621454360922207627e-06,-3.599173554215440163e-01,3.532328098359636126e-01,5.991590164036386668e-03
-5.260000000000000092e-02,1.923113000000000072e+00,1.565216799999999964e+00,3.578962000000001087e-01,3.525174777324160402e-01,3.578893890531767985e-01,6.810946823310182197e-06,-3.585410601308467449e-01,3.519323719035702958e-01,5.963828096429812931e-03
-5.249999999999999806e-02,1.921785000000000077e+00,1.565214000000000105e+00,3.565709999999999713e-01,3.511895664545257034e-01,3.565634381563176358e-01,7.561843682335478434e-06,-3.571674683864287658e-01,3.506344885596534011e-01,5.936511440346570190e-03
-5.240000000000000213e-02,1.920457999999999998e+00,1.565211600000000036e+00,3.552463999999999622e-01,3.498640978540699109e-01,3.552399263308091415e-01,6.473669190820707797e-06,-3.557965796682474036e-01,3.493391593128231110e-01,5.907240687176851246e-03
-5.229999999999999927e-02,1.919135000000000035e+00,1.565209199999999967e+00,3.539258000000000681e-01,3.485410724001631877e-01,3.539188540450732279e-01,6.945954926840247623e-06,-3.544283934576561990e-01,3.480463836730089411e-01,5.879416326991127040e-03
-5.220000000000000334e-02,1.917812999999999990e+00,1.565206600000000003e+00,3.526063999999999865e-01,3.472204905675049247e-01,3.526002217731086241e-01,6.178226891362381679e-06,-3.530629092363533061e-01,3.467561611504660357e-01,5.850238849533950791e-03
-5.210000000000000048e-02,1.916495000000000060e+00,1.565203799999999923e+00,3.512912000000001367e-01,3.459023528252096469e-01,3.512840299833371871e-01,7.170016662949585395e-06,-3.517001264874437538e-01,3.454684912567789201e-01,5.822708743221216565e-03
-5.199999999999999761e-02,1.915178000000000047e+00,1.565201000000000064e+00,3.499769999999999825e-01,3.445866596455395836e-01,3.499702791473239816e-01,6.720852676000976800e-06,-3.503400446950699632e-01,3.441833735045122800e-01,5.793626495487702588e-03
-5.190000000000000169e-02,1.913864000000000010e+00,1.565198599999999995e+00,3.486654000000000142e-01,3.432734114951685456e-01,3.486589697310539249e-01,6.430268946089334747e-06,-3.489826633451187377e-01,3.429008074078790380e-01,5.764592592120976189e-03
-5.179999999999999882e-02,1.912552999999999948e+00,1.565196199999999926e+00,3.473568000000000211e-01,3.419626088456624302e-01,3.473501022053966936e-01,6.697794603327533736e-06,-3.476279819231287149e-01,3.416207924807633245e-01,5.736007519236696606e-03
-5.170000000000000290e-02,1.911243999999999943e+00,1.565193599999999963e+00,3.460503999999999802e-01,3.406542521622952790e-01,3.460436770349394342e-01,6.722965060546037819e-06,-3.462759999167310809e-01,3.403433282390263548e-01,5.707071760973625452e-03
-5.160000000000000003e-02,1.909936999999999996e+00,1.565190799999999882e+00,3.447462000000001137e-01,3.393483419131477774e-01,3.447396946870718848e-01,6.505312928228867975e-06,-3.449267168146121776e-01,3.390684141995264356e-01,5.677785800473678091e-03
-5.149999999999999717e-02,1.908633000000000024e+00,1.565188000000000024e+00,3.434450000000000003e-01,3.380448785645349119e-01,3.434381556274205827e-01,6.844372579417612457e-06,-3.435801321064850811e-01,3.377960498800919864e-01,5.648950119908013878e-03
-5.140000000000000124e-02,1.907331000000000110e+00,1.565185599999999955e+00,3.421454000000001550e-01,3.367438625810521557e-01,3.421390603198951608e-01,6.339680104994194210e-06,-3.422362452827805157e-01,3.365262347992296066e-01,5.619165200770548374e-03
-5.129999999999999838e-02,1.906031999999999949e+00,1.565183200000000108e+00,3.408487999999998408e-01,3.354452944272772186e-01,3.408424092283874329e-01,6.390771612407863955e-06,-3.408950558356629301e-01,3.352589684770839740e-01,5.589831522915866824e-03
-5.120000000000000245e-02,1.904735000000000067e+00,1.565180600000000144e+00,3.395543999999999230e-01,3.341491745681466341e-01,3.395482028171475375e-01,6.197182852385463292e-06,-3.395565632573003256e-01,3.339942504338033191e-01,5.560149566196603832e-03
-5.109999999999999959e-02,1.903440999999999939e+00,1.565177800000000063e+00,3.382631999999998751e-01,3.328555034644082866e-01,3.382564415462432361e-01,6.758453756638971299e-06,-3.382207670422907597e-01,3.327320801918318693e-01,5.531119808168005747e-03
-5.099999999999999672e-02,1.902149000000000090e+00,1.565174999999999983e+00,3.369740000000001068e-01,3.315642815792472220e-01,3.369671258781757328e-01,6.874121824373968792e-06,-3.368876666845572743e-01,3.314724572729760843e-01,5.501542727024022472e-03
-5.090000000000000080e-02,1.900859000000000076e+00,1.565172599999999914e+00,3.356864000000001624e-01,3.302755093741112091e-01,3.356802562737115636e-01,6.143726288598827523e-06,-3.355572616818420784e-01,3.302153812026512036e-01,5.471018797348958795e-03
-5.079999999999999793e-02,1.899572000000000038e+00,1.565170200000000067e+00,3.344017999999999713e-01,3.289891873080037499e-01,3.343958331911766058e-01,5.966808823365532533e-06,-3.342295515298019382e-01,3.289608515043018211e-01,5.440948495698150200e-03
-5.070000000000000201e-02,1.898287999999999975e+00,1.565167600000000103e+00,3.331203999999998722e-01,3.277053158423690604e-01,3.331138570913338981e-01,6.542908665974067617e-06,-3.329045357272200079e-01,3.277088677043267784e-01,5.411532295673093795e-03
-5.059999999999999915e-02,1.897005999999999970e+00,1.565164800000000023e+00,3.318411999999999473e-01,3.264238954344662602e-01,3.318343284307674890e-01,6.871569232458352161e-06,-3.315822137732524766e-01,3.264594293294773020e-01,5.381770670522645350e-03
-5.050000000000000322e-02,1.895726000000000022e+00,1.565161999999999942e+00,3.305640000000000800e-01,3.251449265429524615e-01,3.305572476674574212e-01,6.752332542658834313e-06,-3.302625851684233282e-01,3.252125359077971956e-01,5.351464092202884437e-03
-5.040000000000000036e-02,1.894449000000000050e+00,1.565159599999999873e+00,3.292894000000001764e-01,3.238684096243868993e-01,3.292826152572888576e-01,6.784742711318791919e-06,-3.289456494143294663e-01,3.239681869683438409e-01,5.321213031656335524e-03
-5.029999999999999749e-02,1.893173999999999912e+00,1.565157200000000026e+00,3.280167999999998862e-01,3.225943451346324764e-01,3.280104316554517396e-01,6.368344548146609441e-06,-3.276314060128910910e-01,3.227263820404803751e-01,5.290417959519511104e-03
-5.020000000000000157e-02,1.891901999999999973e+00,1.565154799999999957e+00,3.267472000000000154e-01,3.213227335302555332e-01,3.267406973178383911e-01,6.502682161624306900e-06,-3.263198544681387148e-01,3.214871206555637295e-01,5.260079344436285886e-03
-5.009999999999999870e-02,1.890632000000000090e+00,1.565152400000000110e+00,3.254795999999999800e-01,3.200535752650264243e-01,3.254734126975492581e-01,6.187302450721965386e-06,-3.250109942844474631e-01,3.202504023452766302e-01,5.229197654723349853e-03
-5.000000000000000278e-02,1.889364999999999961e+00,1.565150000000000041e+00,3.242149999999999199e-01,3.187868707930672230e-01,3.242085782480360612e-01,6.421751963858746137e-06,-3.237048249679350675e-01,3.190162266429483195e-01,5.198773357051600374e-03
-4.989999999999999991e-02,1.888099999999999890e+00,1.565147199999999961e+00,3.229527999999999288e-01,3.175226205667502910e-01,3.229461944210032520e-01,6.605578996676797487e-06,-3.224013460247157070e-01,3.177845930819046538e-01,5.168206918095274993e-03
-4.979999999999999705e-02,1.886837000000000097e+00,1.565144399999999880e+00,3.216926000000002173e-01,3.162608250381051533e-01,3.216862616678130560e-01,6.338332187161288545e-06,-3.211005569633513801e-01,3.165555011977845834e-01,5.137098802215633864e-03
-4.970000000000000112e-02,1.885577000000000059e+00,1.565141799999999916e+00,3.204352000000001421e-01,3.150014846602058327e-01,3.204287804408706974e-01,6.419559129444696310e-06,-3.198024572924005327e-01,3.153289505262235060e-01,5.106249473776636183e-03
-4.959999999999999826e-02,1.884319999999999995e+00,1.565139400000000069e+00,3.191805999999999255e-01,3.137445998805468150e-01,3.191737511870099131e-01,6.848812990012387303e-06,-3.185070465221677694e-01,3.141049406045068881e-01,5.075659395493037351e-03
-4.950000000000000233e-02,1.883064999999999989e+00,1.565137000000000000e+00,3.179279999999999884e-01,3.124901711504577406e-01,3.179211743568941539e-01,6.825643105834444668e-06,-3.172143241633040844e-01,3.128834709702474903e-01,5.044529029752498062e-03
-4.939999999999999947e-02,1.881812000000000040e+00,1.565134599999999931e+00,3.166774000000001088e-01,3.112381989191774778e-01,3.166710503990990411e-01,6.349600901067731229e-06,-3.159242897282066309e-01,3.116645411627080309e-01,5.012858837292077929e-03
-4.929999999999999660e-02,1.880562000000000067e+00,1.565132200000000084e+00,3.154297999999999824e-01,3.099886836334988516e-01,3.154233797597578159e-01,6.420240242166475042e-06,-3.146369427299671173e-01,3.104481507218074254e-01,4.981649278192556984e-03
-4.920000000000000068e-02,1.879313999999999929e+00,1.565129800000000015e+00,3.141841999999999135e-01,3.087416257409181242e-01,3.141781628857061026e-01,6.037114293810930121e-06,-3.133522826823771368e-01,3.092342991881261161e-01,4.949900811873797490e-03
-4.909999999999999781e-02,1.878068999999999988e+00,1.565127400000000168e+00,3.129415999999998199e-01,3.074970256885780628e-01,3.129354002234265297e-01,6.199776573290183279e-06,-3.120703091020189390e-01,3.080229861048811579e-01,4.918613895118661983e-03
-4.900000000000000189e-02,1.876826000000000105e+00,1.565125000000000099e+00,3.117010000000000058e-01,3.062548839204861650e-01,3.116950922162711746e-01,5.907783728831272896e-06,-3.107910215040785573e-01,3.068142110139706058e-01,4.886788986029400039e-03
-4.889999999999999902e-02,1.875585999999999975e+00,1.565122600000000030e+00,3.104633999999999450e-01,3.050152008813444837e-01,3.104572393082855597e-01,6.160691714385269080e-06,-3.095144194065326815e-01,3.056079734599291831e-01,4.855426540070761909e-03
-4.880000000000000310e-02,1.874347999999999903e+00,1.565120199999999961e+00,3.092277999999999416e-01,3.037779770158568482e-01,3.092218419435170396e-01,5.958056482902041040e-06,-3.082405023280543332e-01,3.044042729879497533e-01,4.823527012050188301e-03
-4.870000000000000023e-02,1.873112000000000110e+00,1.565117599999999998e+00,3.079944000000001125e-01,3.025432127669827054e-01,3.079889005642710287e-01,5.499435729083845814e-06,-3.069692697876664766e-01,3.032031091435556935e-01,4.791290856444418989e-03
-4.859999999999999737e-02,1.871879999999999988e+00,1.565114799999999917e+00,3.067652000000000712e-01,3.013109085762852857e-01,3.067584156114590010e-01,6.784388541070107692e-06,-3.057007213064881768e-01,3.020044814742510741e-01,4.760718525748997010e-03
-4.850000000000000144e-02,1.870649000000000006e+00,1.565112000000000059e+00,3.055369999999999475e-01,3.000810648849796536e-01,3.055303875256445423e-01,6.612474355405240090e-06,-3.044348564063277252e-01,3.008083895281912779e-01,4.728610471808669669e-03
-4.839999999999999858e-02,1.869420999999999999e+00,1.565109599999999990e+00,3.043114000000000097e-01,2.988536821339327076e-01,3.043048167470438492e-01,6.583252956160468017e-06,-3.031716746097004034e-01,2.996148328541995420e-01,4.696567145800467635e-03
-4.830000000000000265e-02,1.868195000000000050e+00,1.565107200000000143e+00,3.030877999999999073e-01,2.976287607622687403e-01,3.030817037141328441e-01,6.096285867063233610e-06,-3.019111754405088277e-01,2.984238110024102220e-01,4.663988997589685326e-03
-4.819999999999999979e-02,1.866972000000000076e+00,1.565104800000000074e+00,3.018672000000000022e-01,2.964063012091084914e-01,3.018610488653840074e-01,6.151134615994813259e-06,-3.006533584233590517e-01,2.972353235236221414e-01,4.631876476377860818e-03
-4.809999999999999692e-02,1.865752000000000077e+00,1.565102400000000005e+00,3.006496000000000723e-01,2.951863039121800369e-01,3.006428526378792099e-01,6.747362120862465673e-06,-2.993982230845961823e-01,2.960493699702775316e-01,4.600230029722540692e-03
-4.800000000000000100e-02,1.864533999999999914e+00,1.565099999999999936e+00,2.994339999999999780e-01,2.939687693085151210e-01,2.994271154680049896e-01,6.884531994988396519e-06,-2.981457689512652109e-01,2.948659498954798730e-01,4.568050104520104959e-03
-4.789999999999999813e-02,1.863318000000000030e+00,1.565097599999999867e+00,2.982204000000001631e-01,2.927536978347919927e-01,2.982138377917950556e-01,6.562208205107555870e-06,-2.968959955514591798e-01,2.936850628533229091e-01,4.535337146677254072e-03
-4.780000000000000221e-02,1.862104999999999899e+00,1.565095200000000020e+00,2.970097999999998795e-01,2.915410899266479561e-01,2.970030200442434487e-01,6.779955756430755542e-06,-2.956489024143156286e-01,2.925067083988873717e-01,4.503091601112507725e-03
-4.769999999999999934e-02,1.860894000000000048e+00,1.565092799999999951e+00,2.958012000000000974e-01,2.903309460176224377e-01,2.957946626582496075e-01,6.537341750489922276e-06,-2.944044890693202632e-01,2.913308860875830630e-01,4.470313912417034352e-03
-4.760000000000000342e-02,1.859685000000000032e+00,1.565090400000000104e+00,2.945945999999999287e-01,2.891232665419547487e-01,2.945887660674118003e-01,5.833932588128476482e-06,-2.931627550491011647e-01,2.901575954777888544e-01,4.437004522211074331e-03
-4.750000000000000056e-02,1.858479999999999910e+00,1.565088000000000035e+00,2.933919999999998751e-01,2.879180519335413635e-01,2.933853307049859582e-01,6.669295013916887171e-06,-2.919236998848830922e-01,2.889868361265577335e-01,4.405163873442141664e-03
-4.739999999999999769e-02,1.857275999999999927e+00,1.565085599999999966e+00,2.921903999999999613e-01,2.867153026227775570e-01,2.921843570007319757e-01,6.042999267985571521e-06,-2.906873231103439537e-01,2.878186075932607224e-01,4.371792406739238857e-03
-4.730000000000000177e-02,1.856074999999999919e+00,1.565083200000000119e+00,2.909917999999998006e-01,2.855150190418171974e-01,2.909858453861656757e-01,5.954613834124877769e-06,-2.894536242602008258e-01,2.866529094382505582e-01,4.338890561749242369e-03
-4.719999999999999890e-02,1.854877000000000109e+00,1.565080800000000050e+00,2.897962000000000593e-01,2.843172016217554443e-01,2.897897962917458381e-01,6.403708254221207596e-06,-2.882226028695189513e-01,2.854897412222091591e-01,4.306458777790900250e-03
-4.710000000000000298e-02,1.853680999999999912e+00,1.565078399999999981e+00,2.886025999999999314e-01,2.831218507898576320e-01,2.885962101441070793e-01,6.389855892852125407e-06,-2.869942584751097314e-01,2.843291025074682898e-01,4.273497492531641573e-03
-4.700000000000000011e-02,1.852486999999999995e+00,1.565075999999999912e+00,2.874110000000000831e-01,2.819289669772260254e-01,2.874050873737151734e-01,5.912626284909627827e-06,-2.857685906144826760e-01,2.831709928570193546e-01,4.240007142980728450e-03
-4.689999999999999725e-02,1.851296000000000053e+00,1.565073599999999843e+00,2.862224000000002100e-01,2.807385506100779082e-01,2.862164284061581854e-01,5.971593842024613963e-06,-2.845455988265435110e-01,2.820154118351731465e-01,4.206988164827063503e-03
-4.680000000000000132e-02,1.850108000000000086e+00,1.565071199999999996e+00,2.850368000000000901e-01,2.795506021174194444e-01,2.850302336698090078e-01,6.566330191082325740e-06,-2.833252826501908572e-01,2.808623590062336306e-01,4.174440993766459496e-03
-4.669999999999999846e-02,1.848921999999999954e+00,1.565069000000000043e+00,2.838529999999999109e-01,2.783651219230272034e-01,2.838465035878184883e-01,6.496412181422606125e-06,-2.821076416271228737e-01,2.797118339371501006e-01,4.141166062849810370e-03
-4.660000000000000253e-02,1.847738000000000103e+00,1.565066999999999986e+00,2.826710000000001166e-01,2.771821104538165770e-01,2.826652385864719119e-01,5.761413528204695211e-06,-2.808926752990323905e-01,2.785638361948669095e-01,4.107163805133207113e-03
-4.649999999999999967e-02,1.846557000000000004e+00,1.565064999999999928e+00,2.814920000000000755e-01,2.760015681339123006e-01,2.814864390892677370e-01,5.560910732338442131e-06,-2.796803832079621799e-01,2.774183653466588684e-01,4.073634653341207112e-03
-4.639999999999999680e-02,1.845377999999999963e+00,1.565062599999999859e+00,2.803154000000001034e-01,2.748234953874408859e-01,2.803101055197064762e-01,5.294480293627223944e-06,-2.784707648990938367e-01,2.762754209627668600e-01,4.039979037233243364e-03
-4.630000000000000088e-02,1.844201999999999897e+00,1.565060200000000012e+00,2.791417999999998845e-01,2.736478926353846930e-01,2.791362382981488754e-01,5.561701851009015485e-06,-2.772638199165644579e-01,2.751350026124447234e-01,4.006797387555161016e-03
-4.619999999999999801e-02,1.843028000000000111e+00,1.565057799999999943e+00,2.779702000000001672e-01,2.724747603015220676e-01,2.779648378477477810e-01,5.362152252386120921e-06,-2.760595478066019126e-01,2.739971098669218841e-01,3.973090133078283070e-03
-4.610000000000000209e-02,1.841857000000000077e+00,1.565055400000000096e+00,2.768015999999999810e-01,2.713040988068389225e-01,2.767959045888675473e-01,5.695411132433658707e-06,-2.748579481161304017e-01,2.728617422980857965e-01,3.939857701914184496e-03
-4.599999999999999922e-02,1.840688000000000102e+00,1.565053000000000027e+00,2.756350000000000744e-01,2.701359085709231778e-01,2.756294389404766454e-01,5.561059523429001672e-06,-2.736590203934738952e-01,2.717288994791464685e-01,3.906100520853605929e-03
-4.590000000000000330e-02,1.839522000000000101e+00,1.565050599999999958e+00,2.744714000000001430e-01,2.689701900137180246e-01,2.744654413218983735e-01,5.958678101769532276e-06,-2.724627641879973083e-01,2.705985809842975653e-01,3.872819015702577694e-03
-4.580000000000000043e-02,1.838357999999999937e+00,1.565048200000000111e+00,2.733097999999998251e-01,2.678069435537651088e-01,2.733039121510564828e-01,5.887848943342266494e-06,-2.712691790497654409e-01,2.694707863883940013e-01,3.839013611605823773e-03
-4.569999999999999757e-02,1.837196000000000051e+00,1.565045800000000042e+00,2.721502000000000088e-01,2.666461696089115208e-01,2.721448518451811127e-01,5.348154818896055929e-06,-2.700782645295429774e-01,2.683455152669521060e-01,3.804684733047902778e-03
-4.560000000000000164e-02,1.836036999999999919e+00,1.565043399999999973e+00,2.709935999999999456e-01,2.654878685949135786e-01,2.709882608194149056e-01,5.339180585040015359e-06,-2.688900201808799295e-01,2.672227671981200481e-01,3.770832801879897556e-03
-4.549999999999999878e-02,1.834880999999999984e+00,1.565040999999999904e+00,2.698400000000000798e-01,2.643320409292631012e-01,2.698341394906333401e-01,5.860509366739652393e-06,-2.677044455555890323e-01,2.661025417584044206e-01,3.737458241595659203e-03
-4.540000000000000285e-02,1.833727000000000107e+00,1.565039000000000069e+00,2.686880000000000379e-01,2.631786870266754619e-01,2.686824882729395014e-01,5.511727060536486533e-06,-2.665215402096592356e-01,2.649848385282578822e-01,3.703161471742155708e-03
-4.529999999999999999e-02,1.832575999999999983e+00,1.565037000000000011e+00,2.675389999999999713e-01,2.620278073015036568e-01,2.675333075800747085e-01,5.692419925262814928e-06,-2.653413036976957073e-01,2.638696570868256375e-01,3.669342913174333809e-03
-4.519999999999999712e-02,1.831426999999999916e+00,1.565034800000000059e+00,2.663921999999998569e-01,2.608794021670615138e-01,2.663865978247426103e-01,5.602175257246599926e-06,-2.641637355756873973e-01,2.627569970145603451e-01,3.635202985439511814e-03
-4.510000000000000120e-02,1.830279999999999907e+00,1.565032399999999990e+00,2.652475999999999168e-01,2.597334720359647520e-01,2.652423594189498024e-01,5.240581050114379025e-06,-2.629888354024227937e-01,2.616468578945601031e-01,3.600742105439813656e-03
-4.499999999999999833e-02,1.829136000000000095e+00,1.565029999999999921e+00,2.641060000000001740e-01,2.585900173201292063e-01,2.641005927740039949e-01,5.407225996179043648e-06,-2.618166027359887238e-01,2.605392393092598735e-01,3.566760690740300443e-03
-4.490000000000000241e-02,1.827993999999999897e+00,1.565027599999999852e+00,2.629664000000000446e-01,2.574490384307761559e-01,2.629612983005193971e-01,5.101699480647425844e-06,-2.606470371362128446e-01,2.594341408427395801e-01,3.532259157260464466e-03
-4.479999999999999954e-02,1.826854999999999896e+00,1.565025200000000005e+00,2.618297999999998904e-01,2.563105357777306637e-01,2.618244764077161113e-01,5.323592283779099432e-06,-2.594801381632798609e-01,2.583315620794164880e-01,3.498237920583402438e-03
-4.469999999999999668e-02,1.825719000000000092e+00,1.565023000000000053e+00,2.606960000000000388e-01,2.551745097704660736e-01,2.606901275044628541e-01,5.872495537184718728e-06,-2.583159053791082016e-01,2.572315026053461073e-01,3.464497394653931472e-03
-4.460000000000000075e-02,1.824584999999999901e+00,1.565020999999999995e+00,2.595639999999999059e-01,2.540409608177629508e-01,2.595582519989368397e-01,5.748001063066165983e-06,-2.571543383470213939e-01,2.561339620079116086e-01,3.430037992088297294e-03
-4.449999999999999789e-02,1.823452999999999991e+00,1.565018999999999938e+00,2.584340000000000526e-01,2.529098893259558167e-01,2.584288502968726808e-01,5.149703127371729749e-06,-2.559954366299859174e-01,2.550389398741587654e-01,3.395060125841287135e-03
-4.440000000000000197e-02,1.822324000000000055e+00,1.565016599999999869e+00,2.573074000000001860e-01,2.517812957031253518e-01,2.573019228057485952e-01,5.477194251590766783e-06,-2.548391997941124032e-01,2.539464357941043637e-01,3.360964205895822232e-03
-4.429999999999999910e-02,1.821196999999999955e+00,1.565014200000000022e+00,2.561827999999999328e-01,2.506551803542169665e-01,2.561774699299121938e-01,5.330070087739002815e-06,-2.536856274037671000e-01,2.528564493561167859e-01,3.326350643883146940e-03
-4.420000000000000318e-02,1.820073000000000052e+00,1.565012000000000070e+00,2.550609999999999822e-01,2.495315436841689660e-01,2.550554920737039821e-01,5.507926296000054123e-06,-2.525347190271496345e-01,2.517689801521866277e-01,3.292019847813354438e-03
-4.410000000000000031e-02,1.818950999999999985e+00,1.565010000000000012e+00,2.539409999999999723e-01,2.484103860975732658e-01,2.539359896411185757e-01,5.010358881396559383e-06,-2.513864742321167967e-01,2.506840277739806333e-01,3.256972226019339001e-03
-4.399999999999999745e-02,1.817831999999999892e+00,1.565007999999999955e+00,2.528239999999999377e-01,2.472917079976291177e-01,2.528189630347600358e-01,5.036965239901824987e-06,-2.502408925868664369e-01,2.496015918134876499e-01,3.222408186512287775e-03
-4.390000000000000152e-02,1.816715000000000080e+00,1.565005599999999886e+00,2.517094000000001941e-01,2.461755097864859465e-01,2.517044126561839845e-01,4.987343816209577341e-06,-2.490979736630904995e-01,2.485216718659982449e-01,3.187728134001949210e-03
-4.379999999999999866e-02,1.815601000000000020e+00,1.565003200000000039e+00,2.505977999999999817e-01,2.450617918662985062e-01,2.505923389069515950e-01,5.461093048386711502e-06,-2.479577170300366618e-01,2.474442675244933609e-01,3.153532475506620747e-03
-4.370000000000000273e-02,1.814489000000000019e+00,1.565001000000000086e+00,2.494879999999999320e-01,2.439505546374718392e-01,2.494827421868767714e-01,5.257813123160648416e-06,-2.468201222607895318e-01,2.463693783855793740e-01,3.118621614420558075e-03
-4.359999999999999987e-02,1.813379000000000074e+00,1.564999000000000029e+00,2.483800000000000452e-01,2.428417985000628221e-01,2.483756228954257794e-01,4.377104574265766601e-06,-2.456851889287836599e-01,2.452970040461934786e-01,3.082995953806566547e-03
-4.349999999999999700e-02,1.812273000000000023e+00,1.564996999999999971e+00,2.472760000000000513e-01,2.417355238530856099e-01,2.472709814310237175e-01,5.018568976333792619e-06,-2.445529166077982097e-01,2.442271441035983315e-01,3.048855896401719834e-03
-4.340000000000000108e-02,1.811167999999999889e+00,1.564994599999999902e+00,2.461733999999999867e-01,2.406317310941581411e-01,2.461688181907015216e-01,4.581809298465078228e-06,-2.434233048737137750e-01,2.431597981570423339e-01,3.013601842957652766e-03
-4.329999999999999821e-02,1.810065999999999953e+00,1.564992200000000055e+00,2.450737999999998973e-01,2.395304206208965780e-01,2.450691335714883512e-01,4.666428511546083513e-06,-2.422963533024020677e-01,2.420949658057655052e-01,2.978834194234392108e-03
-4.320000000000000229e-02,1.808966999999999992e+00,1.564990000000000103e+00,2.439769999999998884e-01,2.384315928305671406e-01,2.439719279700639787e-01,5.072029935909716514e-06,-2.411720614711345689e-01,2.410326466503304454e-01,2.944353349669442954e-03
-4.309999999999999942e-02,1.807870000000000088e+00,1.564988000000000046e+00,2.428820000000000423e-01,2.373352481176507212e-01,2.428772017803269290e-01,4.798219673113335304e-06,-2.400504289582290340e-01,2.399728402922884640e-01,2.909159707711578280e-03
-4.299999999999999656e-02,1.806775000000000020e+00,1.564985999999999988e+00,2.417890000000000317e-01,2.362413868776691572e-01,2.417849553972151178e-01,4.044602784913919891e-06,-2.389314553440922140e-01,2.389155463351646524e-01,2.873453664835379229e-03
-4.290000000000000063e-02,1.805684000000000067e+00,1.564983599999999919e+00,2.407004000000001476e-01,2.351500095037071247e-01,2.406951892132329074e-01,5.210786767240183082e-06,-2.378151402080863619e-01,2.378607643814972805e-01,2.839635618502867054e-03
-4.279999999999999777e-02,1.804594000000000031e+00,1.564981200000000072e+00,2.396127999999999592e-01,2.340611163891956892e-01,2.396079036212305780e-01,4.896378769381204421e-06,-2.367014831320215507e-01,2.368084940361374624e-01,2.804305963862496753e-03
-4.270000000000000184e-02,1.803506999999999971e+00,1.564979000000000120e+00,2.385279999999998513e-01,2.329747079268678078e-01,2.385230990133612727e-01,4.900986638578519461e-06,-2.355904836987434692e-01,2.357587349049149461e-01,2.769265095084905148e-03
-4.259999999999999898e-02,1.802423000000000108e+00,1.564977000000000062e+00,2.374460000000000459e-01,2.318907845070175000e-01,2.374407757793428608e-01,5.224220657185085770e-06,-2.344821414914530777e-01,2.347114865939951556e-01,2.734513406004890346e-03
-4.250000000000000305e-02,1.801341000000000081e+00,1.564975000000000005e+00,2.363660000000000760e-01,2.308093465206351169e-01,2.363609343095884330e-01,5.065690411643064550e-06,-2.333764560950957190e-01,2.336667487111917796e-01,2.699251288808296456e-03
-4.240000000000000019e-02,1.800260999999999889e+00,1.564972999999999947e+00,2.352879999999999416e-01,2.297303943580093488e-01,2.352835749938105570e-01,4.425006189384683708e-06,-2.322734270953112912e-01,2.326245208649747598e-01,2.663479135025181854e-03
-4.229999999999999732e-02,1.799183999999999894e+00,1.564970999999999890e+00,2.342130000000000045e-01,2.286539284062989452e-01,2.342086982185963839e-01,4.301781403620585920e-06,-2.311730540780896348e-01,2.315848026641447455e-01,2.628197335855259054e-03
-4.220000000000000140e-02,1.798108999999999957e+00,1.564968799999999938e+00,2.331402000000000196e-01,2.275799490540482140e-01,2.331363043719166528e-01,3.895628083366853289e-06,-2.300753366322112470e-01,2.305475937201393044e-01,2.592606279860715235e-03
-4.209999999999999853e-02,1.797036999999999995e+00,1.564966400000000091e+00,2.320705999999999047e-01,2.265084566894604023e-01,2.320663938414014860e-01,4.206158598418774375e-06,-2.289802743461084589e-01,2.295128936440669620e-01,2.557706355932942710e-03
-4.200000000000000261e-02,1.795968000000000009e+00,1.564964000000000022e+00,2.310039999999999871e-01,2.254394516965465556e-01,2.309989670104950210e-01,5.032989504966112193e-06,-2.278878668089099335e-01,2.284807020476942452e-01,2.523297952305741942e-03
-4.189999999999999974e-02,1.794901000000000080e+00,1.564961999999999964e+00,2.299390000000001155e-01,2.243729344628100364e-01,2.299340242661285783e-01,4.975733871537268982e-06,-2.267981136125332142e-01,2.274510185454228783e-01,2.487981454577237184e-03
-4.179999999999999688e-02,1.793835999999999986e+00,1.564959999999999907e+00,2.288760000000000794e-01,2.233089053712209449e-01,2.288715659907068767e-01,4.434009293202700874e-06,-2.257110143475067332e-01,2.264238427503420525e-01,2.452157249658026839e-03
-4.170000000000000095e-02,1.792774000000000090e+00,1.564958000000000071e+00,2.278160000000000185e-01,2.222473648050922179e-01,2.278115925669769726e-01,4.407433023045914666e-06,-2.246265686074906398e-01,2.253991742785000640e-01,2.416825721499954449e-03
-4.159999999999999809e-02,1.791714000000000029e+00,1.564956000000000014e+00,2.267580000000000151e-01,2.211883131487883958e-01,2.267541043787359711e-01,3.895621264043969134e-06,-2.235447759868431916e-01,2.243770127466049313e-01,2.380987253395083769e-03
-4.150000000000000216e-02,1.790656999999999943e+00,1.564953999999999956e+00,2.257029999999999870e-01,2.201317507821425323e-01,2.256991018052561804e-01,3.898194743806593365e-06,-2.224656360799333044e-01,2.233573577713746927e-01,2.345642228625294257e-03
-4.139999999999999930e-02,1.789603000000000055e+00,1.564951999999999899e+00,2.246510000000001561e-01,2.190776780874159613e-01,2.246465852282346076e-01,4.414771765548497484e-06,-2.213891484825083467e-01,2.223402089708299001e-01,2.310791029170256028e-03
-4.130000000000000338e-02,1.788550000000000084e+00,1.564949999999999841e+00,2.236000000000002430e-01,2.180260954451451738e-01,2.235965550276459712e-01,3.444972354271769177e-06,-2.203153127917261145e-01,2.213255659643237894e-01,2.274434035676453636e-03
-4.120000000000000051e-02,1.787501000000000007e+00,1.564947799999999889e+00,2.225532000000001176e-01,2.169770032327100751e-01,2.225490115803130664e-01,4.188419687051192497e-06,-2.192441286057800198e-01,2.203134283721882303e-01,2.239771627811887322e-03
-4.109999999999999765e-02,1.786453999999999986e+00,1.564945400000000042e+00,2.215085999999999444e-01,2.159304018306418271e-01,2.215039552662052824e-01,4.644733794662014859e-06,-2.181755955235669120e-01,2.193037958154197276e-01,2.204804184580216875e-03
-4.100000000000000172e-02,1.785409000000000024e+00,1.564942999999999973e+00,2.204660000000000508e-01,2.148862916145812818e-01,2.204613864604088869e-01,4.613539591163950959e-06,-2.171097131457244700e-01,2.182966679166596646e-01,2.169332083340386186e-03
-4.089999999999999886e-02,1.784367000000000036e+00,1.564940999999999915e+00,2.194260000000001209e-01,2.138446729622653919e-01,2.194213055401032231e-01,4.694459896897873463e-06,-2.160464810728957019e-01,2.172920442985545320e-01,2.133955701445588993e-03
-4.080000000000000293e-02,1.783327000000000107e+00,1.564938999999999858e+00,2.183880000000002486e-01,2.128055462496849515e-01,2.183837128807240013e-01,4.287119276247253197e-06,-2.149858989067610082e-01,2.162899245847309804e-01,2.098075415269268218e-03
-4.070000000000000007e-02,1.782289999999999930e+00,1.564937000000000022e+00,2.173529999999999074e-01,2.117689118510917012e-01,2.173486088559704599e-01,4.391144029447513475e-06,-2.139279662514486091e-01,2.152903084011287271e-01,2.062691598871180254e-03
-4.059999999999999720e-02,1.781255000000000033e+00,1.564934999999999965e+00,2.163200000000000678e-01,2.107347701410802188e-01,2.163159938398841742e-01,4.006160115893608875e-06,-2.128726827103921693e-01,2.142931953730310424e-01,2.026804626969025414e-03
-4.050000000000000128e-02,1.780223000000000111e+00,1.564932999999999907e+00,2.152900000000002034e-01,2.097031214928524179e-01,2.152858682051161099e-01,4.131794884093542564e-06,-2.118200478894554095e-01,2.132985851280174983e-01,1.991414871982705170e-03
-4.039999999999999841e-02,1.779193000000000024e+00,1.564931000000000072e+00,2.142619999999999525e-01,2.086739662775176640e-01,2.142582323222277374e-01,3.767677772215094478e-06,-2.107700613945144852e-01,2.123064772936793798e-01,1.955522706320572679e-03
-4.030000000000000249e-02,1.778165999999999913e+00,1.564929000000000014e+00,2.132369999999998988e-01,2.076473048682778710e-01,2.132330865638700779e-01,3.913436129820979659e-06,-2.097227228324847204e-01,2.113168714985898256e-01,1.920128501410073296e-03
-4.019999999999999962e-02,1.777141000000000082e+00,1.564927000000000179e+00,2.122139999999999027e-01,2.066231376351979065e-01,2.122104312995616027e-01,3.568700438300043132e-06,-2.086780318123757638e-01,2.103297673733009743e-01,1.884232626698928437e-03
-4.009999999999999676e-02,1.776119000000000003e+00,1.564925000000000122e+00,2.111939999999998818e-01,2.056014649469410926e-01,2.111902668974214581e-01,3.733102578423741491e-06,-2.076359879431990407e-01,2.093451645483666301e-01,1.848835451633251692e-03
-4.000000000000000083e-02,1.775098999999999982e+00,1.564923000000000064e+00,2.101759999999999184e-01,2.045822871735740733e-01,2.101725937269699196e-01,3.406273029998851953e-06,-2.065965908350104741e-01,2.083630626553275300e-01,1.812937344672388429e-03
-3.989999999999999797e-02,1.774081999999999937e+00,1.564921000000000006e+00,2.091609999999999303e-01,2.035656046830656152e-01,2.091574121556325494e-01,3.587844367380910171e-06,-2.055598400999585351e-01,2.073834613277016625e-01,1.777538672298267786e-03
-3.980000000000000204e-02,1.773068000000000088e+00,1.564918999999999949e+00,2.081490000000001395e-01,2.025514178416436550e-01,2.081447225490966058e-01,4.277450903533708271e-06,-2.045257353494918107e-01,2.064063601983457397e-01,1.742639801654399800e-03
-3.969999999999999918e-02,1.772054999999999936e+00,1.564917000000000114e+00,2.071379999999998223e-01,2.015397270158789667e-01,2.071345252733917119e-01,3.474726608110323411e-06,-2.034942761975102599e-01,2.054317589024327317e-01,1.706241097567090526e-03
-3.960000000000000325e-02,1.771045999999999898e+00,1.564915000000000056e+00,2.061309999999998421e-01,2.005305325716530973e-01,2.061268206938592640e-01,4.179306140578153972e-06,-2.024654622589459052e-01,2.044596570761108290e-01,1.671342923889013177e-03
-3.950000000000000039e-02,1.770038000000000000e+00,1.564912999999999998e+00,2.051250000000000018e-01,1.995238348730978828e-01,2.051216091740935554e-01,3.390825906446348625e-06,-2.014392931480450954e-01,2.034900543548802954e-01,1.634945645119706414e-03
-3.939999999999999752e-02,1.769033999999999995e+00,1.564910999999999941e+00,2.041230000000000544e-01,1.985196342839987693e-01,2.041188910773429621e-01,4.108922657092284325e-06,-2.004157684825358388e-01,2.025229503775312911e-01,1.600049622468763255e-03
-3.930000000000000160e-02,1.768030999999999908e+00,1.564908999999999883e+00,2.031220000000000248e-01,1.975179311667449866e-01,2.031186667654617251e-01,3.333234538299700844e-06,-1.993948878791016455e-01,2.015583447818669605e-01,1.563655218133064295e-03
-3.919999999999999873e-02,1.767031999999999936e+00,1.564907000000000048e+00,2.021249999999998881e-01,1.965187258837239881e-01,2.021209366003023367e-01,4.063399697551428602e-06,-1.983766509565167979e-01,2.005962372076660616e-01,1.528762792333826503e-03
-3.910000000000000281e-02,1.766034000000000104e+00,1.564904999999999990e+00,2.011290000000001132e-01,1.955220187955823974e-01,2.011257009419789576e-01,3.299058021155598652e-06,-1.973610573346071817e-01,1.996366272957009746e-01,1.492372704299138597e-03
-3.899999999999999994e-02,1.765039999999999942e+00,1.564902999999999933e+00,2.001370000000000093e-01,1.945278102629703909e-01,2.001329601506093847e-01,4.039849390624628001e-06,-1.963481066335415193e-01,1.986795146870681261e-01,1.457485312931883215e-03
-3.889999999999999708e-02,1.764046999999999921e+00,1.564900999999999875e+00,1.991460000000000452e-01,1.935361006447831045e-01,1.991427145845588997e-01,3.285415441145467241e-06,-1.953377984748847496e-01,1.977248990241831095e-01,1.421100975816935730e-03
-3.880000000000000115e-02,1.763058000000000014e+00,1.564898999999999818e+00,1.981590000000001961e-01,1.925468902992264475e-01,1.981549646015046406e-01,4.035398495555453380e-06,-1.943301324816033571e-01,1.967727799507859032e-01,1.386220049214292871e-03
-3.869999999999999829e-02,1.762070000000000025e+00,1.564896999999999982e+00,1.971730000000000427e-01,1.915601795838099974e-01,1.971697105584283294e-01,3.289441571713291879e-06,-1.933251082770031104e-01,1.958231571109370905e-01,1.349842889062952134e-03
-3.860000000000000236e-02,1.761085999999999929e+00,1.564894999999999925e+00,1.961910000000000043e-01,1.905759688563861687e-01,1.961869528126541362e-01,4.047187345868064057e-06,-1.923227254857895474e-01,1.948760301500198633e-01,1.314969849980140992e-03
-3.849999999999999950e-02,1.760102999999999973e+00,1.564893000000000089e+00,1.952099999999998836e-01,1.895942584713239398e-01,1.952066917180278749e-01,3.308281972008719762e-06,-1.913229837344125883e-01,1.939313987150657059e-01,1.278601284934177684e-03
-3.839999999999999664e-02,1.759123999999999910e+00,1.564891400000000043e+00,1.942325999999998665e-01,1.886150487840350110e-01,1.942289276294365818e-01,3.672370563284621525e-06,-1.903258826475795473e-01,1.929892624514595034e-01,1.243337548540363047e-03
-3.830000000000000071e-02,1.758145999999999987e+00,1.564889799999999997e+00,1.932561999999999891e-01,1.876383401488883607e-01,1.932536609007260431e-01,2.539099273946021640e-06,-1.893314218552237804e-01,1.920496210095242462e-01,1.206578990475742907e-03
-3.819999999999999785e-02,1.757171999999999956e+00,1.564888000000000057e+00,1.922839999999998994e-01,1.866641329185068088e-01,1.922808918839985504e-01,3.108116001349081614e-06,-1.883396009848450348e-01,1.911124740372834030e-01,1.171525962716496450e-03
-3.810000000000000192e-02,1.756199999999999983e+00,1.564885999999999999e+00,1.913139999999999841e-01,1.856924274448186196e-01,1.913106209306627836e-01,3.379069337200446554e-06,-1.873504196663766663e-01,1.901778211850599642e-01,1.136178814940019821e-03
-3.799999999999999906e-02,1.755230000000000068e+00,1.564883999999999942e+00,1.903460000000001262e-01,1.847232240804430603e-01,1.903428483928174819e-01,3.151607182644289296e-06,-1.863638775304572448e-01,1.892456621038432485e-01,1.100337896156877715e-03
-3.790000000000000313e-02,1.754262999999999906e+00,1.564881999999999884e+00,1.893810000000000215e-01,1.837565231755675654e-01,1.893775746201330767e-01,3.425379866944799900e-06,-1.853799742091144509e-01,1.883159964459351909e-01,1.065003554064830604e-03
-3.780000000000000027e-02,1.753298000000000023e+00,1.564879999999999827e+00,1.884180000000001964e-01,1.827923250793226373e-01,1.884147999612246493e-01,3.200038775547087155e-06,-1.843987093350758499e-01,1.873888238642990589e-01,1.029176135701137529e-03
-3.769999999999999740e-02,1.752335999999999894e+00,1.564877999999999991e+00,1.874579999999999025e-01,1.818306301401477754e-01,1.874545247640173329e-01,3.475235982569602200e-06,-1.834200825417653391e-01,1.864641440125560379e-01,9.938559874438646080e-04
-3.760000000000000148e-02,1.751376000000000044e+00,1.564875999999999934e+00,1.865000000000001101e-01,1.808714387075287533e-01,1.864967493774809526e-01,3.250622519157531087e-06,-1.824440934647011403e-01,1.855419565463062859e-01,9.580434536938242651e-04
-3.749999999999999861e-02,1.750418999999999947e+00,1.564874000000000098e+00,1.855449999999998489e-01,1.799147511267626953e-01,1.855414741464028461e-01,3.525853597002859274e-06,-1.814707417390550859e-01,1.846222611208226116e-01,9.227388791772372922e-04
-3.740000000000000269e-02,1.749463999999999908e+00,1.564872400000000052e+00,1.845915999999998558e-01,1.789605677448946608e-01,1.845886994173157880e-01,2.900582684067787298e-06,-1.805000270017362851e-01,1.837050573930194552e-01,8.865426069804005493e-04
-3.729999999999999982e-02,1.748512000000000066e+00,1.564870800000000006e+00,1.836412000000000599e-01,1.780088889072235503e-01,1.836384255350088646e-01,2.774464991195380037e-06,-1.795319488910553929e-01,1.827903450211355307e-01,8.508549788645292100e-04
-3.719999999999999696e-02,1.747562000000000060e+00,1.564869000000000065e+00,1.826929999999999943e-01,1.770597149580002139e-01,1.826906528432247767e-01,2.347156775217573710e-06,-1.785665070453195113e-01,1.818781236634061937e-01,8.148763365938005432e-04
-3.710000000000000103e-02,1.746615000000000029e+00,1.564867000000000008e+00,1.817480000000000206e-01,1.761130462404292274e-01,1.817453816846613668e-01,2.618315338653864899e-06,-1.776037011049300673e-01,1.809683929800457169e-01,7.796070199543037038e-04
-3.699999999999999817e-02,1.745670000000000055e+00,1.564864999999999950e+00,1.808050000000001045e-01,1.751688830977222722e-01,1.808026124020236658e-01,2.387597976438726732e-06,-1.766435307099367691e-01,1.800611526309360833e-01,7.438473690640212688e-04
-3.690000000000000224e-02,1.744728000000000057e+00,1.564862999999999893e+00,1.798650000000001636e-01,1.742272258716877076e-01,1.798623453366154645e-01,2.654663384699107453e-06,-1.756859955035317000e-01,1.791564022789284838e-01,7.085977210716798425e-04
-3.679999999999999938e-02,1.743789000000000033e+00,1.564860999999999835e+00,1.789280000000001980e-01,1.732880749020431210e-01,1.789245808276527516e-01,3.419172347446375326e-06,-1.747310951275125035e-01,1.782541415855565248e-01,6.738584144436732259e-04
-3.670000000000000345e-02,1.742850999999999928e+00,1.564859199999999895e+00,1.779918000000000333e-01,1.723514305306004246e-01,1.779893192164428983e-01,2.480783557134991213e-06,-1.737788292261157608e-01,1.773543702146583301e-01,6.374297853417032478e-04
-3.660000000000000059e-02,1.741916999999999938e+00,1.564857600000000071e+00,1.770593999999998669e-01,1.714172930942865491e-01,1.770565608394154278e-01,2.839160584439115453e-06,-1.728291974446243273e-01,1.764570878310606772e-01,6.023121689391897071e-04
-3.649999999999999772e-02,1.740985000000000005e+00,1.564856000000000025e+00,1.761289999999999800e-01,1.704856629342170748e-01,1.761263060371822953e-01,2.693962817684747435e-06,-1.718821994286710009e-01,1.755622940999209958e-01,5.667059000789842482e-04
-3.640000000000000180e-02,1.740054999999999907e+00,1.564853999999999967e+00,1.752009999999999401e-01,1.695565403852263842e-01,1.751985551440835842e-01,2.444855916355903602e-06,-1.709378348252830193e-01,1.746699886877143559e-01,5.310113122855841805e-04
-3.629999999999999893e-02,1.739128000000000007e+00,1.564851999999999910e+00,1.742760000000000975e-01,1.686299257835432996e-01,1.742733084958517920e-01,2.691504148305545741e-06,-1.699961032821875051e-01,1.737801712615770766e-01,4.958287384230208872e-04
-3.620000000000000301e-02,1.738202999999999943e+00,1.564850199999999969e+00,1.733527999999999736e-01,1.677058194671463554e-01,1.733505664299664628e-01,2.233570033510767772e-06,-1.690570044485042445e-01,1.728928414899615074e-01,4.599585100384662173e-04
-3.610000000000000014e-02,1.737281000000000075e+00,1.564848600000000145e+00,1.724323999999999302e-01,1.667842217691219986e-01,1.724303292790222986e-01,2.070720977631612669e-06,-1.681205379743975215e-01,1.720079990423068750e-01,4.244009576930551919e-04
-3.599999999999999728e-02,1.736361999999999961e+00,1.564847000000000099e+00,1.715149999999998620e-01,1.658651330236136090e-01,1.715125973766694345e-01,2.402623330427511306e-06,-1.671867035110849997e-01,1.711256435890477767e-01,3.893564109520852856e-04
-3.590000000000000135e-02,1.735444999999999904e+00,1.564845000000000041e+00,1.705999999999998629e-01,1.649485535640557998e-01,1.705973710558502110e-01,2.628944149651868400e-06,-1.662555007094272952e-01,1.702457748002814408e-01,3.542251997184220347e-04
-3.579999999999999849e-02,1.734529999999999905e+00,1.564842999999999984e+00,1.696869999999999212e-01,1.640344837214513518e-01,1.696846506470787719e-01,2.349352921149350237e-06,-1.653269292241272836e-01,1.693683923497356081e-01,3.186076502643131469e-04
-3.570000000000000256e-02,1.733618000000000103e+00,1.564841200000000043e+00,1.687768000000000601e-01,1.631229238274940485e-01,1.687744364815591813e-01,2.363518440878786819e-06,-1.644009887077917398e-01,1.684934959091574647e-01,2.833040908425954463e-04
-3.559999999999999970e-02,1.732707999999999915e+00,1.564839599999999997e+00,1.678683999999999177e-01,1.622138742131848943e-01,1.678667288898038623e-01,1.671110196055369812e-06,-1.634776788161698136e-01,1.676210851532634050e-01,2.473148467365127168e-04
-3.549999999999999684e-02,1.731800999999999924e+00,1.564837999999999951e+00,1.669629999999999725e-01,1.613073352067315724e-01,1.669615281995359135e-01,1.471800464059036528e-06,-1.625569992050071022e-01,1.667511597567664927e-01,2.118402432334798302e-04
-3.540000000000000091e-02,1.730896999999999908e+00,1.564835999999999894e+00,1.660610000000000142e-01,1.604033071377344299e-01,1.660588347398691267e-01,2.165260130887469714e-06,-1.616389495310981417e-01,1.658837193953709155e-01,1.772806046290986703e-04
-3.529999999999999805e-02,1.729994999999999949e+00,1.564833999999999836e+00,1.651610000000001133e-01,1.595017903337101473e-01,1.651586488378366802e-01,2.351162163433118124e-06,-1.607235294529827385e-01,1.650187637464299584e-01,1.422362535701549024e-04
-3.520000000000000212e-02,1.729095000000000049e+00,1.564832199999999895e+00,1.642628000000001531e-01,1.586027851197231442e-01,1.642609708180230721e-01,1.829181977081040245e-06,-1.598107386298925903e-01,1.641562924879507446e-01,1.065075120494085592e-04
-3.509999999999999926e-02,1.728197999999999901e+00,1.564830600000000072e+00,1.633673999999998294e-01,1.577062918239846567e-01,1.633658010081550371e-01,1.598991844792285733e-06,-1.589005767210647235e-01,1.632963052979453100e-01,7.109470205451939862e-05
-3.500000000000000333e-02,1.727303999999999951e+00,1.564829000000000025e+00,1.624749999999999250e-01,1.568123107701673291e-01,1.624731397314273795e-01,1.860268572545509258e-06,-1.579930433881759910e-01,1.624388018567312353e-01,3.619814326868975307e-05
-3.490000000000000047e-02,1.726412000000000058e+00,1.564826999999999968e+00,1.615850000000000897e-01,1.559208422826436902e-01,1.615829873117337612e-01,2.012688266328499509e-06,-1.570881382932522996e-01,1.615837818449557817e-01,1.218155044308000257e-06
-3.479999999999999760e-02,1.725522999999999918e+00,1.564824999999999910e+00,1.606980000000000075e-01,1.550318866847391064e-01,1.606953440719222359e-01,2.655928077771596563e-06,-1.561858610990149998e-01,1.607312449439234625e-01,-3.324494392345500593e-05
-3.470000000000000168e-02,1.724636000000000058e+00,1.564823199999999970e+00,1.598128000000000881e-01,1.541454442990808360e-01,1.598102103341437485e-01,2.589665856339573580e-06,-1.552862114699324891e-01,1.598811908365894985e-01,-6.839083658941036425e-05
-3.459999999999999881e-02,1.723751000000000033e+00,1.564821600000000146e+00,1.589293999999998874e-01,1.532615154465535312e-01,1.589275864188092469e-01,1.813581190640567442e-06,-1.543891890704722769e-01,1.590336192059083054e-01,-1.042192059084179334e-04
-3.450000000000000289e-02,1.722868999999999984e+00,1.564820000000000100e+00,1.580489999999998840e-01,1.523801004473428478e-01,1.580474726456317369e-01,1.527354368147104680e-06,-1.534947935675416986e-01,1.581885297371396493e-01,-1.395297371397652419e-04
-3.440000000000000002e-02,1.721989999999999910e+00,1.564818400000000054e+00,1.571715999999998559e-01,1.515011996223334378e-01,1.571698693350220832e-01,1.730664977772633506e-06,-1.526030246280489777e-01,1.573459221155442400e-01,-1.743221155443841486e-04
-3.429999999999999716e-02,1.721112999999999893e+00,1.564816800000000008e+00,1.562961999999998852e-01,1.506248132896192971e-01,1.562947768046047681e-01,1.423195395117149431e-06,-1.517138819192531685e-01,1.565057960267141890e-01,-2.095960267143037736e-04
-3.420000000000000123e-02,1.720239000000000074e+00,1.564815000000000067e+00,1.554240000000000066e-01,1.497509417665936482e-01,1.554221953713043891e-01,1.804628695617482848e-06,-1.508273651112013169e-01,1.556681511588760003e-01,-2.441511588759937013e-04
-3.409999999999999837e-02,1.719367000000000090e+00,1.564813000000000009e+00,1.545540000000000802e-01,1.488795853710049855e-01,1.545521253524003435e-01,1.874647599736656289e-06,-1.499434738735923034e-01,1.548329871999272744e-01,-2.789871999271942293e-04
-3.400000000000000244e-02,1.718498000000000081e+00,1.564810999999999952e+00,1.536870000000001291e-01,1.480107444192011457e-01,1.536845670637735084e-01,2.432936226620663334e-06,-1.490622078775194481e-01,1.540003038390831136e-01,-3.133038390829845365e-04
-3.389999999999999958e-02,1.717630999999999908e+00,1.564809399999999906e+00,1.528216000000000019e-01,1.471444192257882477e-01,1.528195208195655408e-01,2.079180434461092020e-06,-1.481835667951232338e-01,1.531701007665481340e-01,-3.485007665481321126e-04
-3.379999999999999671e-02,1.716766999999999932e+00,1.564807800000000082e+00,1.519591999999998500e-01,1.462806101050224683e-01,1.519569869335686552e-01,2.213066431194787853e-06,-1.473075502992422514e-01,1.523423776731866741e-01,-3.831776731868241637e-04
-3.370000000000000079e-02,1.715905000000000014e+00,1.564806200000000036e+00,1.510987999999999776e-01,1.454193173701145980e-01,1.510969657185312620e-01,1.834281468715559527e-06,-1.464341580648058638e-01,1.515171342518384923e-01,-4.183342518385146924e-04
-3.359999999999999792e-02,1.715046000000000070e+00,1.564804599999999990e+00,1.502414000000000804e-01,1.445605413349735358e-01,1.502394574878988531e-01,1.942512101227311661e-06,-1.455633897660488785e-01,1.506943701946871772e-01,-4.529701946870967610e-04
-3.350000000000000200e-02,1.714188999999999963e+00,1.564802999999999944e+00,1.493860000000000188e-01,1.437042823100203037e-01,1.493844625516341784e-01,1.537448365840354825e-06,-1.446952450789469324e-01,1.498740851955611963e-01,-4.880851955611775761e-04
-3.339999999999999913e-02,1.713335000000000052e+00,1.564801399999999898e+00,1.485336000000001544e-01,1.428505406056732596e-01,1.485319812196973233e-01,1.618780302831135387e-06,-1.438297236812227098e-01,1.490562789499398078e-01,-5.226789499396533589e-04
-3.330000000000000321e-02,1.712482999999999977e+00,1.564799800000000074e+00,1.476831999999999034e-01,1.419993165337487540e-01,1.476820138034443397e-01,1.186196555563734378e-06,-1.429668252509443960e-01,1.482409511536287583e-01,-5.577511536288548566e-04
-3.320000000000000034e-02,1.711634000000000100e+00,1.564798200000000028e+00,1.468358000000000718e-01,1.411506104015280982e-01,1.468345606097028466e-01,1.239390297225195781e-06,-1.421065494668791729e-01,1.474281015030942110e-01,-5.923015030941392034e-04
-3.309999999999999748e-02,1.710787000000000058e+00,1.564796599999999982e+00,1.459904000000000757e-01,1.403044225169898240e-01,1.459896219459967670e-01,7.780540033086591478e-07,-1.412488960091895507e-01,1.466177296961208576e-01,-6.273296961207819322e-04
-3.300000000000000155e-02,1.709942999999999991e+00,1.564794999999999936e+00,1.451480000000000548e-01,1.394607531888105711e-01,1.451471981205470219e-01,8.018794530328943182e-07,-1.403938645587370360e-01,1.458098354311538059e-01,-6.618354311537510970e-04
-3.289999999999999869e-02,1.709100999999999981e+00,1.564793399999999890e+00,1.443076000000000914e-01,1.386196027225272687e-01,1.443072894384394844e-01,3.105615606069367374e-07,-1.395414547981248532e-01,1.450044184082839860e-01,-6.968184082838946303e-04
-3.280000000000000276e-02,1.708261999999999947e+00,1.564791800000000066e+00,1.434701999999998812e-01,1.377809714229805138e-01,1.434698962040647230e-01,3.037959351581687173e-07,-1.386916664103043928e-01,1.442014783279312595e-01,-7.312783279313783691e-04
-3.269999999999999990e-02,1.707426000000000110e+00,1.564790000000000125e+00,1.426359999999999850e-01,1.369448595950082392e-01,1.426350187218106413e-01,9.812781893436817171e-07,-1.378444990792759839e-01,1.434010148915066674e-01,-7.650148915066823374e-04
-3.259999999999999704e-02,1.706592000000000109e+00,1.564788000000000068e+00,1.418040000000000411e-01,1.361112675431028762e-01,1.418026572957201414e-01,1.342704279899686881e-06,-1.369999524900862298e-01,1.426030278014098207e-01,-7.990278014097795811e-04
-3.250000000000000111e-02,1.705759999999999943e+00,1.564786000000000010e+00,1.409739999999999327e-01,1.352801955686162572e-01,1.409728122267001893e-01,1.187773299743399846e-06,-1.361580263284754011e-01,1.418075167606958342e-01,-8.335167606959015263e-04
-3.239999999999999825e-02,1.704930999999999974e+00,1.564784399999999964e+00,1.401466000000000101e-01,1.344516439739456004e-01,1.401454838167015826e-01,1.116183298427442239e-06,-1.353187202822816460e-01,1.410144814744021258e-01,-8.678814744021157157e-04
-3.230000000000000232e-02,1.704104999999999981e+00,1.564782799999999918e+00,1.393222000000000627e-01,1.336256130611408466e-01,1.393206723673283409e-01,1.527632671721734781e-06,-1.344820340386414514e-01,1.402239216469030603e-01,-9.017216469029976089e-04
-3.219999999999999946e-02,1.703281000000000045e+00,1.564781199999999872e+00,1.384998000000001728e-01,1.328021031291131138e-01,1.384983781770503242e-01,1.421822949848605688e-06,-1.336479672874855140e-01,1.394358369852132795e-01,-9.360369852131067425e-04
-3.209999999999999659e-02,1.702458999999999945e+00,1.564779600000000048e+00,1.376793999999998963e-01,1.319811144767717437e-01,1.376786015443355882e-01,7.984556643081397453e-07,-1.328165197183910351e-01,1.386502271960133870e-01,-9.708271960134906564e-04
-3.200000000000000067e-02,1.701640000000000041e+00,1.564778000000000002e+00,1.368620000000000392e-01,1.311626474030269662e-01,1.368613427676530492e-01,6.572323469899998827e-07,-1.319876910226840394e-01,1.378670919876365253e-01,-1.005091987636486106e-03
-3.189999999999999780e-02,1.700823999999999891e+00,1.564776399999999956e+00,1.360475999999999352e-01,1.303467022053936830e-01,1.360466021440784601e-01,9.978559214751658857e-07,-1.311614808920342767e-01,1.370864310687405496e-01,-1.038831068740614372e-03
-3.180000000000000188e-02,1.700010000000000021e+00,1.564774800000000132e+00,1.352351999999998888e-01,1.295332791792960236e-01,1.352343799685997716e-01,8.200314001172159806e-07,-1.303378890195112660e-01,1.363082441493059793e-01,-1.073044149306090489e-03
-3.169999999999999901e-02,1.699198999999999904e+00,1.564773200000000086e+00,1.344257999999998177e-01,1.287223786218998356e-01,1.344246765379441544e-01,1.123462055663271286e-06,-1.295169150995780782e-01,1.355325309406301137e-01,-1.106730940630296089e-03
-3.160000000000000309e-02,1.698390000000000066e+00,1.564771600000000040e+00,1.336184000000000260e-01,1.279140008268822015e-01,1.336174921453551212e-01,9.078546449048374711e-07,-1.286985588273932279e-01,1.347592911546673933e-01,-1.140891154667367235e-03
-3.150000000000000022e-02,1.697583999999999982e+00,1.564769999999999994e+00,1.328139999999999876e-01,1.271081460875729263e-01,1.328128270837294345e-01,1.172916270553159279e-06,-1.278828198981178943e-01,1.339885245033747285e-01,-1.174524503374740902e-03
-3.139999999999999736e-02,1.696779999999999955e+00,1.564768399999999948e+00,1.320116000000000067e-01,1.263048146983507536e-01,1.320106816470112965e-01,9.183529887102359623e-07,-1.270696980093539707e-01,1.332202307010153242e-01,-1.208630701015317443e-03
-3.130000000000000143e-02,1.695978999999999903e+00,1.564766800000000124e+00,1.312121999999997790e-01,1.255040069497521671e-01,1.312110561253082286e-01,1.143874691550417211e-06,-1.262591928594014590e-01,1.324544094625120239e-01,-1.242209462512244844e-03
-3.119999999999999857e-02,1.695179999999999909e+00,1.564765399999999973e+00,1.304145999999999361e-01,1.247057231333643657e-01,1.304139508097769684e-01,6.491902229677215530e-07,-1.254513041465585843e-01,1.316910605027859227e-01,-1.276460502785986550e-03
-3.109999999999999917e-02,1.694383999999999890e+00,1.564764199999999938e+00,1.296197999999999517e-01,1.239099635407736599e-01,1.296193659915733931e-01,4.340084265586074963e-07,-1.246460315712178968e-01,1.309301835387371160e-01,-1.310383538737164288e-03
-3.099999999999999978e-02,1.693589999999999929e+00,1.564762999999999904e+00,1.288270000000000248e-01,1.231167284586813793e-01,1.288273019569755873e-01,-3.019569755624562646e-07,-1.238433748341210006e-01,1.301717782875955187e-01,-1.344778287595493893e-03
-3.090000000000000038e-02,1.692798999999999943e+00,1.564761399999999858e+00,1.280376000000000847e-01,1.223260181772785060e-01,1.280377589957460704e-01,-1.589957459857682665e-07,-1.230433336377512177e-01,1.294158444682367848e-01,-1.378244468236700104e-03
-3.080000000000000099e-02,1.692010000000000014e+00,1.564759800000000034e+00,1.272501999999999800e-01,1.215378329832699222e-01,1.272507373941665076e-01,-5.373941665276493751e-07,-1.222459076849427007e-01,1.286623817998680530e-01,-1.412181799868073018e-03
-3.070000000000000159e-02,1.691224000000000061e+00,1.564758199999999988e+00,1.264658000000000726e-01,1.207521731637042350e-01,1.264662374388617339e-01,-4.374388616612545633e-07,-1.214510966792277102e-01,1.279113900023561567e-01,-1.445590002356084147e-03
-3.059999999999999873e-02,1.690441000000000082e+00,1.564756599999999942e+00,1.256844000000001405e-01,1.199690390049381605e-01,1.256842594157657478e-01,1.405842343926710925e-07,-1.206589003255311709e-01,1.271628687968837934e-01,-1.478468796883652958e-03
-3.049999999999999933e-02,1.689659999999999940e+00,1.564754999999999896e+00,1.249050000000000438e-01,1.191884307901833751e-01,1.249048036076720741e-01,1.963923279696411228e-07,-1.198693183301751120e-01,1.264168179059538266e-01,-1.511817905953782848e-03
-3.039999999999999994e-02,1.688881000000000077e+00,1.564753399999999850e+00,1.241276000000002266e-01,1.184103488047503205e-01,1.241278702994699917e-01,-2.702994697650895617e-07,-1.190823504001787825e-01,1.256732370527279263e-01,-1.545637052727699690e-03
-3.030000000000000054e-02,1.688104999999999967e+00,1.564751800000000026e+00,1.233531999999999407e-01,1.176347933308061755e-01,1.233534597729100957e-01,-2.597729101549983710e-07,-1.182979962432586518e-01,1.249321259610265827e-01,-1.578925961026642066e-03
-3.020000000000000115e-02,1.687332000000000054e+00,1.564750199999999980e+00,1.225818000000000740e-01,1.168617646505207830e-01,1.225815723097457011e-01,2.276902543729697470e-07,-1.175162555678284093e-01,1.241934843553290507e-01,-1.611684355328976692e-03
-3.009999999999999828e-02,1.686560999999999977e+00,1.564748600000000156e+00,1.218123999999998208e-01,1.160912630453632133e-01,1.218122081910303078e-01,1.918089695129854277e-07,-1.167371280847442350e-01,1.234573119624225307e-01,-1.644911962422709872e-03
-2.999999999999999889e-02,1.685793000000000097e+00,1.564747000000000110e+00,1.210459999999999869e-01,1.153232887964579234e-01,1.210453676974733855e-01,6.323025266014026258e-07,-1.159606135045141428e-01,1.227236085087652223e-01,-1.677608508765235373e-03
-2.989999999999999949e-02,1.685027000000000053e+00,1.564745400000000064e+00,1.202815999999999885e-01,1.145578421814370529e-01,1.202810511062972071e-01,5.488937027814388969e-07,-1.151867115386888685e-01,1.219923737218006066e-01,-1.710773721800618041e-03
-2.980000000000000010e-02,1.684263000000000066e+00,1.564743800000000018e+00,1.195192000000000476e-01,1.137949234803778964e-01,1.195192586971655785e-01,-5.869716553086323785e-08,-1.144154219005679707e-01,1.212636073306246481e-01,-1.744407330624600516e-03
-2.970000000000000070e-02,1.683502999999999972e+00,1.564742400000000089e+00,1.187605999999998829e-01,1.130345329695190415e-01,1.187599907459093024e-01,6.092540905805465812e-07,-1.136467443037956215e-01,1.205373090646588985e-01,-1.776709064659015569e-03
-2.960000000000000131e-02,1.682744000000000018e+00,1.564741200000000054e+00,1.180027999999999633e-01,1.122766709261462381e-01,1.180032475294047478e-01,-4.475294047845412848e-07,-1.128806784634148741e-01,1.198134786546467545e-01,-1.810678654646791230e-03
-2.949999999999999845e-02,1.681988999999999956e+00,1.564740000000000020e+00,1.172489999999999366e-01,1.115213376268471279e-01,1.172490293238312581e-01,-2.932383132148164151e-08,-1.121172240944652287e-01,1.190921158313282269e-01,-1.843115831328290266e-03
-2.939999999999999905e-02,1.681235000000000035e+00,1.564738399999999974e+00,1.164966000000000612e-01,1.107685333454204724e-01,1.164973364025833763e-01,-7.364025833150877887e-07,-1.113563809151276729e-01,1.183732203284117435e-01,-1.876620328411682248e-03
-2.929999999999999966e-02,1.680485000000000007e+00,1.564736799999999928e+00,1.157482000000000788e-01,1.100182583570576966e-01,1.157481690404462693e-01,3.095955380949533264e-08,-1.105981486421869775e-01,1.176567918782864403e-01,-1.908591878286361454e-03
-2.920000000000000026e-02,1.679735999999999896e+00,1.564735199999999882e+00,1.150008000000000141e-01,1.092705129334641256e-01,1.150015275087241662e-01,-7.275087241520594716e-07,-1.098425269945213500e-01,1.169428302153195515e-01,-1.942030215319537345e-03
-2.910000000000000087e-02,1.678990999999999900e+00,1.564733600000000058e+00,1.142573999999998424e-01,1.085252973480894667e-01,1.142574120804630555e-01,-1.208046321310440874e-08,-1.090895156920543840e-01,1.162313350748660767e-01,-1.973935074866234318e-03
-2.900000000000000147e-02,1.678247999999999962e+00,1.564732000000000012e+00,1.135159999999999503e-01,1.077826118705447200e-01,1.135158230248759365e-01,1.769751240138228709e-07,-1.083391144557577235e-01,1.155223061932713485e-01,-2.006306193271398253e-03
-2.889999999999999861e-02,1.677507000000000081e+00,1.564730799999999977e+00,1.127762000000001041e-01,1.070424567725369869e-01,1.127767606132687866e-01,-5.606132686825082700e-07,-1.075913230072975679e-01,1.148157433075369799e-01,-2.039543307536875738e-03
-2.879999999999999921e-02,1.676768999999999954e+00,1.564729599999999943e+00,1.120394000000000112e-01,1.063048323233264369e-01,1.120402251145042744e-01,-8.251145042631469195e-07,-1.068461410686927238e-01,1.141116461549977479e-01,-2.072246154997736678e-03
-2.869999999999999982e-02,1.676034000000000024e+00,1.564728200000000014e+00,1.113058000000000103e-01,1.055697387918304031e-01,1.113062167971027444e-01,-4.167971027341232926e-07,-1.061035683647491012e-01,1.134100144756220035e-01,-2.104214475621993263e-03
-2.860000000000000042e-02,1.675300999999999929e+00,1.564726599999999967e+00,1.105743999999999616e-01,1.048371764445210630e-01,1.105747359271429531e-01,-3.359271429914656437e-07,-1.053636046199262211e-01,1.127108480090507625e-01,-2.136448009050800900e-03
-2.850000000000000103e-02,1.674569999999999892e+00,1.564724999999999921e+00,1.098449999999999704e-01,1.041071455485687025e-01,1.098457827714007934e-01,-7.827714008229458287e-07,-1.046262495593790476e-01,1.120141464955821675e-01,-2.169146495582197076e-03
-2.840000000000000163e-02,1.673842000000000052e+00,1.564723799999999887e+00,1.091182000000001651e-01,1.033796463711444957e-01,1.091193575966530188e-01,-1.157596652853754016e-06,-1.038915029100069276e-01,1.113199096771626539e-01,-2.201709677162488887e-03
-2.829999999999999877e-02,1.673116999999999965e+00,1.564722599999999852e+00,1.083944000000001129e-01,1.026546791762807942e-01,1.083954606665421816e-01,-1.060666542068711138e-06,-1.031593643994090925e-01,1.106281372963999754e-01,-2.233737296399862515e-03
-2.819999999999999937e-02,1.672393999999999936e+00,1.564721199999999923e+00,1.076728000000000129e-01,1.019322442276591190e-01,1.076740922443605447e-01,-1.292244360531769054e-06,-1.024298337565765493e-01,1.099388290972169724e-01,-2.266029097216959443e-03
-2.809999999999999998e-02,1.671674000000000104e+00,1.564719600000000099e+00,1.069544000000000050e-01,1.012123417889645438e-01,1.069552525934039100e-01,-8.525934039049776203e-07,-1.017029107108520236e-01,1.092519848238688029e-01,-2.297584823868797921e-03
-2.800000000000000058e-02,1.670956000000000108e+00,1.564718000000000053e+00,1.062380000000000546e-01,1.004949721217842651e-01,1.062389419748732966e-01,-9.419748732419908066e-07,-1.009785949929717930e-01,1.085676042219274606e-01,-2.329604221927406016e-03
-2.790000000000000119e-02,1.670241000000000087e+00,1.564716800000000019e+00,1.055242000000000679e-01,9.978013548771080821e-02,1.055251606499750250e-01,-9.606499749570396318e-07,-1.002568863343684669e-01,1.078856870376228294e-01,-2.361487037622761465e-03
-2.779999999999999832e-02,1.669527999999999901e+00,1.564715599999999984e+00,1.048123999999999167e-01,9.906783214798320358e-02,1.048139088795624896e-01,-1.508879562572840172e-06,-9.953778446717542749e-02,1.072062330178469997e-01,-2.393833017847082911e-03
-2.769999999999999893e-02,1.668817999999999913e+00,1.564714200000000055e+00,1.041037999999998576e-01,9.835806236105515410e-02,1.041051869217078235e-01,-1.386921707965949047e-06,-9.882128912596588322e-02,1.065292419117974398e-01,-2.425441911797582284e-03
-2.759999999999999953e-02,1.668109999999999982e+00,1.564712600000000009e+00,1.033973999999999727e-01,9.765082638572497586e-02,1.033989950348273013e-01,-1.595034827328589699e-06,-9.810740004461493413e-02,1.058547134680120072e-01,-2.457313468012034541e-03
-2.750000000000000014e-02,1.667405000000000026e+00,1.564710999999999963e+00,1.026940000000000630e-01,9.694612447904837893e-02,1.026953334755971309e-01,-1.333475597067868001e-06,-9.739611695874117459e-02,1.051826474366759634e-01,-2.488647436675900382e-03
-2.740000000000000074e-02,1.666703000000000046e+00,1.564709799999999928e+00,1.019932000000001171e-01,9.624395689982545576e-02,1.019942025024353355e-01,-1.002502435218377563e-06,-9.668743960501302581e-02,1.045130435689665405e-01,-2.519843568966423364e-03
-2.730000000000000135e-02,1.666002999999999901e+00,1.564708599999999894e+00,1.012944000000000067e-01,9.554432390267120212e-02,1.012956023695810587e-01,-1.202369581052020742e-06,-9.598136772009357998e-02,1.038459016160559745e-01,-2.551501616055967814e-03
-2.719999999999999848e-02,1.665305000000000035e+00,1.564707199999999965e+00,1.005978000000000705e-01,9.484722574254789151e-02,1.005995333316201390e-01,-1.733331620068501167e-06,-9.527790104378919267e-02,1.031812213320865423e-01,-2.583421332086471844e-03
-2.709999999999999909e-02,1.664609999999999923e+00,1.564705600000000141e+00,9.990439999999978227e-02,9.415266267267607958e-02,9.990599564139933386e-02,-1.595641399551595008e-06,-9.457703931451089119e-02,1.025190024698821034e-01,-2.614602469882321145e-03
-2.699999999999999969e-02,1.663918000000000008e+00,1.564704000000000095e+00,9.921399999999991337e-02,9.346063494871614807e-02,9.921498955420159083e-02,-9.895542016774561134e-07,-9.387878227345680671e-02,1.018592447849000354e-01,-2.645244784900122048e-03
-2.690000000000000030e-02,1.663227999999999929e+00,1.564702800000000060e+00,9.852519999999986844e-02,9.277114282039722326e-02,9.852651531938737273e-02,-1.315319387504287896e-06,-9.318312966147868082e-02,1.012019480322704224e-01,-2.676748032270553912e-03
-2.680000000000000090e-02,1.662541000000000047e+00,1.564701600000000026e+00,9.783940000000002080e-02,9.208418653989625113e-02,9.784057318876131226e-02,-1.173188761291465987e-06,-9.249008122047630565e-02,1.005471119681136671e-01,-2.707711968113646339e-03
-2.670000000000000151e-02,1.661856000000000000e+00,1.564700399999999991e+00,9.715560000000000862e-02,9.139976635763780166e-02,9.715716341237831677e-02,-1.563412378308148831e-06,-9.179963669513480085e-02,9.989473635118199801e-02,-2.739136351181989393e-03
-2.659999999999999865e-02,1.661173999999999928e+00,1.564699199999999957e+00,9.647479999999997169e-02,9.071788252300816424e-02,9.647628623925648406e-02,-1.486239256512367213e-06,-9.111179582840023272e-02,9.924482093858444376e-02,-2.770020938584472070e-03
-2.649999999999999925e-02,1.660493999999999915e+00,1.564697999999999922e+00,9.579599999999999227e-02,9.003853528538741102e-02,9.579794191840775019e-02,-1.941918407757925458e-06,-9.042655836670299152e-02,9.859736549072237177e-02,-2.801365490722379503e-03
-2.639999999999999986e-02,1.659817000000000098e+00,1.564696399999999876e+00,9.512060000000022164e-02,8.936172489137028663e-02,9.512213069606281768e-02,-1.530696062596037521e-06,-8.974392405543074602e-02,9.795236976701186815e-02,-2.831769767011646510e-03
-2.630000000000000046e-02,1.659141999999999895e+00,1.564694800000000052e+00,9.444719999999984239e-02,8.868745158859248079e-02,9.444885281949176592e-02,-1.652819491923529505e-06,-8.906389264275738071e-02,9.730983352950171861e-02,-2.862633529501876217e-03
-2.620000000000000107e-02,1.658470000000000111e+00,1.564693400000000123e+00,9.377659999999998774e-02,8.801571562295151807e-02,9.377810853422913207e-02,-1.508534229144320449e-06,-8.838646387616311273e-02,9.666975653958528869e-02,-2.893156539585300946e-03
-2.610000000000000167e-02,1.657801000000000080e+00,1.564692200000000089e+00,9.310879999999999157e-02,8.734651723859609973e-02,9.310989808406318347e-02,-1.098084063191895332e-06,-8.771163750521715485e-02,9.603213856062982334e-02,-2.923338560629831773e-03
-2.599999999999999881e-02,1.657134000000000107e+00,1.564691000000000054e+00,9.244300000000005291e-02,8.667985668037569980e-02,9.244422171348191941e-02,-1.221713481866504303e-06,-8.703941328018860446e-02,9.539697935666387185e-02,-2.953979356663818945e-03
-2.589999999999999941e-02,1.656468999999999969e+00,1.564689800000000020e+00,9.177919999999994971e-02,8.601573419000008158e-02,9.178107966383826366e-02,-1.879663838313949675e-06,-8.636979095204466716e-02,9.476427869237566415e-02,-2.985078692375714438e-03
-2.580000000000000002e-02,1.655807000000000029e+00,1.564688599999999985e+00,9.111840000000004380e-02,8.535415001196611229e-02,9.112047217926816378e-02,-2.072179268119977991e-06,-8.570277027314610052e-02,9.413403633377018243e-02,-3.015636333770138622e-03
-2.570000000000000062e-02,1.655148000000000064e+00,1.564687400000000173e+00,9.046059999999989110e-02,8.469510438589455958e-02,9.046239949903861488e-02,-1.799499038723784139e-06,-8.503835099620182802e-02,9.350625204718138184e-02,-3.045652047181490740e-03
-2.560000000000000123e-02,1.654490999999999934e+00,1.564686200000000138e+00,8.980479999999979590e-02,8.403859755314257995e-02,8.980686186415046124e-02,-2.061864150665337903e-06,-8.437653287636592836e-02,9.288092560125368879e-02,-3.076125601253892894e-03
-2.549999999999999836e-02,1.653837000000000002e+00,1.564685000000000104e+00,8.915199999999989799e-02,8.338462975228111418e-02,8.915385951282245314e-02,-1.859512822555142719e-06,-8.371731566739271102e-02,9.225805676330882388e-02,-3.106056763308925883e-03
-2.539999999999999897e-02,1.653184999999999905e+00,1.564683400000000058e+00,8.850159999999984706e-02,8.273320122257921128e-02,8.850339268397042214e-02,-1.792683970575081887e-06,-8.306069912617886075e-02,9.163764530363781302e-02,-3.136045303637965964e-03
-2.529999999999999957e-02,1.652536000000000005e+00,1.564681800000000012e+00,8.785419999999999341e-02,8.208431220155976149e-02,8.785546161476658067e-02,-1.261614766587260128e-06,-8.240668300961928594e-02,9.101969099252994744e-02,-3.165490992529954029e-03
-2.520000000000000018e-02,1.651888999999999941e+00,1.564680400000000082e+00,8.720859999999985845e-02,8.143796292535032677e-02,8.721006654098992228e-02,-1.466540990063824879e-06,-8.175526707565650142e-02,9.040419360126444870e-02,-3.195593601264590244e-03
-2.510000000000000078e-02,1.651245000000000074e+00,1.564679200000000048e+00,8.656580000000002606e-02,8.079415363043018772e-02,8.656720769877061794e-02,-1.407698770591880866e-06,-8.110645108327885211e-02,8.979115290210870626e-02,-3.225352902108680198e-03
-2.500000000000000139e-02,1.650603000000000042e+00,1.564678000000000013e+00,8.592500000000002913e-02,8.015288455188196437e-02,8.592688532284421810e-02,-1.885322844188963565e-06,-8.046023479252006894e-02,8.918056866831794438e-02,-3.255568668317915249e-03
-2.489999999999999852e-02,1.649963999999999986e+00,1.564676799999999979e+00,8.528720000000000745e-02,7.951415592339072802e-02,8.528909964655083387e-02,-1.899646550826417091e-06,-7.981661796446193335e-02,8.857244067413763688e-02,-3.285240674137629435e-03
-2.479999999999999913e-02,1.649326999999999988e+00,1.564675599999999944e+00,8.465140000000004328e-02,7.887796797794832671e-02,8.465385090253832456e-02,-2.450902538281285459e-06,-7.917560036053439276e-02,8.796676869414229993e-02,-3.315368694142256656e-03
-2.469999999999999973e-02,1.648692999999999964e+00,1.564674400000000132e+00,8.401859999999983231e-02,7.824432094784539160e-02,8.402113932275441510e-02,-2.539322754582795660e-06,-7.853718174425949883e-02,8.736355250488322954e-02,-3.344952504883397237e-03
-2.460000000000000034e-02,1.648061999999999916e+00,1.564673200000000097e+00,8.338879999999981862e-02,7.761321506502527612e-02,8.339096513880003836e-02,-2.165138800219734705e-06,-7.790136187915974730e-02,8.676279188291219358e-02,-3.373991882912374951e-03
-2.450000000000000094e-02,1.647432999999999925e+00,1.564672000000000063e+00,8.276099999999986245e-02,7.698465055864200934e-02,8.276332857949092459e-02,-2.328579491062132689e-06,-7.726814052980479630e-02,8.616448660577037677e-02,-3.403486605770514317e-03
-2.440000000000000155e-02,1.646806999999999910e+00,1.564670800000000028e+00,8.213619999999988153e-02,7.635862765854506407e-02,8.213822987433723466e-02,-2.029874337353132496e-06,-7.663751746285463184e-02,8.556863645297414778e-02,-3.432436452974266250e-03
-2.429999999999999868e-02,1.646182999999999952e+00,1.564669599999999994e+00,8.151339999999995811e-02,7.573514659353852707e-02,8.151566925180525613e-02,-2.269251805298022617e-06,-7.600949244427512852e-02,8.497524120338402487e-02,-3.461841203384066756e-03
-2.419999999999999929e-02,1.645561999999999969e+00,1.564668399999999959e+00,8.089360000000000994e-02,7.511420759138065506e-02,8.089564693931702855e-02,-2.046939317018603433e-06,-7.538406524177299062e-02,8.438430063750539112e-02,-3.490700637505381176e-03
-2.409999999999999989e-02,1.644943000000000044e+00,1.564667199999999925e+00,8.027580000000011928e-02,7.449581087773715637e-02,8.027816316220511006e-02,-2.363162204990776338e-06,-7.476123562480063711e-02,8.379581453749321285e-02,-3.520014537493093565e-03
-2.400000000000000050e-02,1.644327000000000094e+00,1.564665999999999890e+00,7.966100000000020387e-02,7.387995667931823718e-02,7.966321814684500235e-02,-2.218146844798485340e-06,-7.414100336280959880e-02,8.320978268550158208e-02,-3.548782685501378209e-03
-2.390000000000000110e-02,1.643712999999999980e+00,1.564664799999999856e+00,7.904820000000012392e-02,7.326664522144055169e-02,7.905081211822075071e-02,-2.612118220626791221e-06,-7.352336822594995880e-02,8.262620486434467393e-02,-3.578004864344550007e-03
-2.380000000000000171e-02,1.643102000000000062e+00,1.564663599999999821e+00,7.843840000000024126e-02,7.265587672663098573e-02,7.844094529853071207e-02,-2.545298530470807563e-06,-7.290832998646346041e-02,8.204508085881305479e-02,-3.606680858812813528e-03
-2.369999999999999885e-02,1.642492999999999981e+00,1.564662400000000009e+00,7.783059999999997203e-02,7.204765141915858706e-02,7.783361791171286570e-02,-3.017911712893672771e-06,-7.229588841659184695e-02,8.146641045369733269e-02,-3.635810453697360667e-03
-2.359999999999999945e-02,1.641887000000000096e+00,1.564661199999999974e+00,7.722580000000012213e-02,7.144196952015446911e-02,7.722883017857185006e-02,-3.030178571727937253e-06,-7.168604329032257638e-02,8.089019343543760177e-02,-3.664393435437479640e-03
-2.350000000000000006e-02,1.641283999999999965e+00,1.564659999999999940e+00,7.662400000000002542e-02,7.083883125109835532e-02,7.662658232026044181e-02,-2.582320260416381963e-06,-7.107879438198905220e-02,8.031642959080086130e-02,-3.692429590800835881e-03
-2.340000000000000066e-02,1.640682999999999891e+00,1.564658799999999905e+00,7.602419999999998623e-02,7.023823683242325089e-02,7.602687455688622586e-02,-2.674556886239631837e-06,-7.047414146732222662e-02,7.974511870787467926e-02,-3.720918707874693032e-03
-2.330000000000000127e-02,1.640085000000000015e+00,1.564657599999999871e+00,7.542740000000014433e-02,6.964018648386538501e-02,7.542970710786101041e-02,-2.307107860866075555e-06,-6.987208432240121780e-02,7.917626057507555493e-02,-3.748860575075410595e-03
-2.319999999999999840e-02,1.639488999999999974e+00,1.564656400000000058e+00,7.483259999999991585e-02,6.904468042271849626e-02,7.483508019015777668e-02,-2.480190157860828748e-06,-6.927262272504774998e-02,7.860985498246664260e-02,-3.777254982466726752e-03
-2.309999999999999901e-02,1.638894999999999991e+00,1.564655200000000024e+00,7.423979999999996693e-02,6.845171886767209557e-02,7.424299402214318278e-02,-3.194022143215846654e-06,-6.867575645343348967e-02,7.804590172044169327e-02,-3.806101720441726344e-03
-2.299999999999999961e-02,1.638304999999999900e+00,1.564653999999999989e+00,7.365099999999991098e-02,6.786130203532314553e-02,7.365344882009441929e-02,-2.448820094508308287e-06,-6.808148528747537398e-02,7.748440058104362482e-02,-3.833400581043713840e-03
-2.290000000000000022e-02,1.637717000000000089e+00,1.564652799999999955e+00,7.306420000000013459e-02,6.727343014052333814e-02,7.306644479854601526e-02,-2.244798545880666296e-06,-6.748980900708723141e-02,7.692535135631239918e-02,-3.861151356312264582e-03
-2.280000000000000082e-02,1.637130999999999892e+00,1.564651599999999920e+00,7.247939999999997163e-02,6.668810339777753171e-02,7.248198217168613788e-02,-2.582171686166256919e-06,-6.690072739358088327e-02,7.636875383960892161e-02,-3.889353839608949981e-03
-2.270000000000000143e-02,1.636547999999999892e+00,1.564650400000000108e+00,7.189759999999978390e-02,6.610532202263597057e-02,7.190006115474682769e-02,-2.461154747043781121e-06,-6.631424023001031287e-02,7.581460782594030834e-02,-3.917007825940524435e-03
-2.259999999999999856e-02,1.635966999999999949e+00,1.564649200000000073e+00,7.131779999999987574e-02,6.552508622646335823e-02,7.132068195878076000e-02,-2.881958780884263938e-06,-6.573034729908133755e-02,7.526291310998466100e-02,-3.945113109984785260e-03
-2.249999999999999917e-02,1.635388999999999982e+00,1.564648000000000039e+00,7.074099999999994282e-02,6.494739622167067239e-02,7.074384479588533003e-02,-2.844795885387219059e-06,-6.514904838489465888e-02,7.471366948773813799e-02,-3.972669487738195171e-03
-2.239999999999999977e-02,1.634813999999999989e+00,1.564647200000000016e+00,7.016679999999997364e-02,6.437225221892495242e-02,7.016954987641657593e-02,-2.749876416602292650e-06,-6.457034327329580492e-02,7.416687675684557890e-02,-4.000076756845605264e-03
-2.230000000000000038e-02,1.634241000000000055e+00,1.564646399999999993e+00,6.959460000000006197e-02,6.379965442924317998e-02,6.959779741107995077e-02,-3.197411079888801133e-06,-6.399423174978080553e-02,7.362253471462157361e-02,-4.027934714621511647e-03
-2.220000000000000098e-02,1.633671000000000095e+00,1.564645400000000075e+00,6.902560000000002027e-02,6.322960306154756793e-02,6.902858760848923358e-02,-2.987608489213311458e-06,-6.342071360193735075e-02,7.308064316035713104e-02,-4.055043160357110765e-03
-2.210000000000000159e-02,1.633102999999999971e+00,1.564644200000000041e+00,6.845879999999993082e-02,6.266209832406444136e-02,6.846192067656337032e-02,-3.120676563439506168e-06,-6.284978861805301520e-02,7.254120189400459218e-02,-4.082401894004661358e-03
-2.199999999999999872e-02,1.632536999999999905e+00,1.564643000000000006e+00,6.789399999999989888e-02,6.209714042397340705e-02,6.789779682217608747e-02,-3.796822176188596742e-06,-6.228145658676309537e-02,7.200421071584484078e-02,-4.110210715844941909e-03
-2.189999999999999933e-02,1.631974999999999953e+00,1.564641799999999972e+00,6.733319999999998196e-02,6.153472956810457362e-02,6.733621625185218229e-02,-3.016251852200335648e-06,-6.171571729879454793e-02,7.146966942813520740e-02,-4.136469428135225446e-03
-2.179999999999999993e-02,1.631415000000000060e+00,1.564640599999999937e+00,6.677440000000012255e-02,6.097486596224221955e-02,6.677717917107210688e-02,-2.779171071984332109e-06,-6.115257054452705177e-02,7.093757783280485452e-02,-4.163177832804731970e-03
-2.170000000000000054e-02,1.630857000000000001e+00,1.564639400000000125e+00,6.621759999999987656e-02,6.041754980972946498e-02,6.622068578287880480e-02,-3.085782878928244877e-06,-6.059201611643239005e-02,7.040793573375977998e-02,-4.190335733759903425e-03
-2.160000000000000114e-02,1.630301999999999918e+00,1.564638200000000090e+00,6.566379999999982786e-02,5.986278131600153429e-02,6.566673629240421528e-02,-2.936292404387419452e-06,-6.003405380698234595e-02,6.988074293490600941e-02,-4.216942934906181550e-03
-2.149999999999999828e-02,1.629748999999999892e+00,1.564637000000000056e+00,6.511199999999983667e-02,5.931056068335482934e-02,6.511533090164610404e-02,-3.330901646267370175e-06,-5.947868341108986101e-02,6.935599924245618164e-02,-4.243999242456344967e-03
-2.139999999999999888e-02,1.629199000000000064e+00,1.564636200000000033e+00,6.456280000000003128e-02,5.876088811269042367e-02,6.456646981120894857e-02,-3.669811208917295176e-06,-5.892590472262293488e-02,6.883370446163560030e-02,-4.270904461635569027e-03
-2.129999999999999949e-02,1.628651999999999989e+00,1.564635400000000010e+00,6.401659999999997908e-02,5.821376380560705499e-02,6.402015322239386352e-02,-3.553222393884447605e-06,-5.837571753788850515e-02,6.831385839997411447e-02,-4.297258399974135390e-03
-2.120000000000000009e-02,1.628106999999999971e+00,1.564634400000000092e+00,6.347259999999987912e-02,5.766918796196041086e-02,6.347638133476150857e-02,-3.781334761629451258e-06,-5.782812165389428216e-02,6.779646086566373797e-02,-4.323860865663858855e-03
-2.110000000000000070e-02,1.627564999999999928e+00,1.564633200000000057e+00,6.293179999999987118e-02,5.712716078230162253e-02,6.293515434856693236e-02,-3.354348567061182784e-06,-5.728311686834253180e-02,6.728151166755279300e-02,-4.349711667552921823e-03
-2.100000000000000130e-02,1.627024999999999944e+00,1.564632000000000023e+00,6.239299999999992075e-02,5.658768246195267082e-02,6.239647245884377691e-02,-3.472458843856163213e-06,-5.674070297998401458e-02,6.676901061548028149e-02,-4.376010615480360744e-03
-2.089999999999999844e-02,1.626487999999999934e+00,1.564630799999999988e+00,6.185719999999994556e-02,5.605075320076746692e-02,6.186033586515089777e-02,-3.135865150952210634e-06,-5.620087978826626696e-02,6.625895751994362315e-02,-4.401757519943677588e-03
-2.079999999999999905e-02,1.625952999999999982e+00,1.564629599999999954e+00,6.132340000000002789e-02,5.551637319406665938e-02,6.132674476252060469e-02,-3.344762520576805009e-06,-5.566364709438031966e-02,6.575135219308768375e-02,-4.427952193087655863e-03
-2.069999999999999965e-02,1.625421000000000005e+00,1.564628600000000036e+00,6.079239999999996868e-02,5.498454263717134083e-02,6.079569934598563763e-02,-3.299345985668944436e-06,-5.512900469986670160e-02,6.524619444738752327e-02,-4.453794447387554589e-03
-2.060000000000000026e-02,1.624891000000000085e+00,1.564627800000000013e+00,6.026320000000007227e-02,5.445526172505354978e-02,6.026719981023020284e-02,-3.999810230130573796e-06,-5.459695240731221588e-02,6.474348409630688306e-02,-4.480284096306810793e-03
-2.050000000000000086e-02,1.624363999999999919e+00,1.564626999999999990e+00,5.973699999999992905e-02,5.392853064989377998e-02,5.974124634715107657e-02,-4.246347151147522592e-06,-5.406749002034993978e-02,6.424322095429808865e-02,-4.506220954298159609e-03
-2.040000000000000147e-02,1.623839999999999950e+00,1.564625799999999956e+00,5.921419999999999462e-02,5.340434960631634809e-02,5.921783915108525670e-02,-3.639151085262082308e-06,-5.354061734331017064e-02,6.374540483647228584e-02,-4.531204836472291220e-03
-2.029999999999999860e-02,1.623318000000000039e+00,1.564624599999999921e+00,5.869340000000011770e-02,5.288271878440964358e-02,5.869697841184051690e-02,-3.578411840399198240e-06,-5.301633418191853409e-02,6.325003555925909349e-02,-4.556635559258975787e-03
-2.019999999999999921e-02,1.622799000000000103e+00,1.564623600000000003e+00,5.817540000000009925e-02,5.236363837565694013e-02,5.817866432061744031e-02,-3.264320617341054387e-06,-5.249464034294737402e-02,6.275711294007713104e-02,-4.581712940077031782e-03
-2.009999999999999981e-02,1.622282000000000002e+00,1.564622799999999980e+00,5.765920000000002155e-02,5.184710857049656951e-02,5.766289706757320860e-02,-3.697067573187051703e-06,-5.197553563351808847e-02,6.226663679667488599e-02,-4.607436796674864443e-03
-2.000000000000000042e-02,1.621768000000000098e+00,1.564621999999999957e+00,5.714600000000014113e-02,5.133312955622715279e-02,5.714967683972995566e-02,-3.676839729814529445e-06,-5.145901986214518331e-02,6.177860694811716097e-02,-4.632606948117019841e-03
-1.990000000000000102e-02,1.621256000000000030e+00,1.564620799999999923e+00,5.663520000000010768e-02,5.082170152258846940e-02,5.663900382654733778e-02,-3.803826547230104715e-06,-5.094509283804349309e-02,6.129302321413052784e-02,-4.657823214130420164e-03
-1.980000000000000163e-02,1.620746999999999938e+00,1.564619599999999888e+00,5.612740000000004947e-02,5.031282465653053038e-02,5.613087821469937844e-02,-3.478214699328963100e-06,-5.043375437217045842e-02,6.080988541608813025e-02,-4.682485416088080776e-03
-1.969999999999999876e-02,1.620239999999999903e+00,1.564618599999999971e+00,5.562139999999993201e-02,4.980649914290946612e-02,5.562530018876931520e-02,-3.900188769383194920e-06,-4.992500427513446581e-02,6.032919337503331314e-02,-4.707793375033381134e-03
-1.959999999999999937e-02,1.619736000000000065e+00,1.564617799999999948e+00,5.511820000000011710e-02,4.930272516762990165e-02,5.512226993438731210e-02,-4.069934387194995562e-06,-4.941884235963689420e-02,5.985094691398707561e-02,-4.732746913986958515e-03
-1.949999999999999997e-02,1.619234999999999980e+00,1.564616999999999924e+00,5.461800000000005539e-02,4.880150291554841147e-02,5.462178763613705079e-02,-3.787636136995398140e-06,-4.891526843872817665e-02,5.937514585630025016e-02,-4.757145856300194764e-03
-1.940000000000000058e-02,1.618735999999999953e+00,1.564615799999999890e+00,5.412020000000006270e-02,4.830283256942946579e-02,5.412385347651318956e-02,-3.653476513126863168e-06,-4.841428232685407451e-02,5.890179002664211461e-02,-4.781590026642051905e-03
-1.930000000000000118e-02,1.618238999999999983e+00,1.564614599999999855e+00,5.362440000000012752e-02,4.780671431238525670e-02,5.362846763835758812e-02,-4.067638357460601206e-06,-4.791588383915668103e-02,5.843087925033990659e-02,-4.806479250339779075e-03
-1.919999999999999832e-02,1.617744999999999989e+00,1.564613599999999938e+00,5.313140000000005081e-02,4.731314832439093010e-02,5.313563030137970905e-02,-4.230301379658241157e-06,-4.742007279112847584e-02,5.796241335305196002e-02,-4.831013353051909209e-03
-1.909999999999999892e-02,1.617253999999999969e+00,1.564612799999999915e+00,5.264120000000005462e-02,4.682213478821006802e-02,5.264534164807331551e-02,-4.141648073260895124e-06,-4.692684900070265286e-02,5.749639216274283343e-02,-4.855192162742778816e-03
-1.899999999999999953e-02,1.616765000000000008e+00,1.564611999999999892e+00,5.215300000000011593e-02,4.633367388172437984e-02,5.215760185605751442e-02,-4.601856057398490130e-06,-4.643621228581240601e-02,5.703281550737709926e-02,-4.879815507376983330e-03
-1.890000000000000013e-02,1.616279000000000021e+00,1.564611199999999869e+00,5.166780000000015249e-02,4.584776578490767918e-02,5.167241110504042917e-02,-4.611105040276675116e-06,-4.594816246508859336e-02,5.657168321557853180e-02,-4.903883215578379307e-03
-1.880000000000000074e-02,1.615796000000000010e+00,1.564610400000000068e+00,5.118559999999994226e-02,4.536441067564123131e-02,5.118976957264072258e-02,-4.169572640780327966e-06,-4.546269935855695721e-02,5.611299511728895517e-02,-4.927395117289012916e-03
-1.870000000000000134e-02,1.615313999999999917e+00,1.564609400000000150e+00,5.070459999999976652e-02,4.488360872901653309e-02,5.070967743369140385e-02,-5.077433691637323054e-06,-4.497982278728995809e-02,5.565675104343923568e-02,-4.952151043439469158e-03
-1.859999999999999848e-02,1.614835999999999938e+00,1.564608200000000116e+00,5.022779999999982259e-02,4.440536012396023580e-02,5.023213486685498136e-02,-4.334866855158769905e-06,-4.449953257340677482e-02,5.520295082594928876e-02,-4.975150825949466171e-03
-1.849999999999999908e-02,1.614360000000000017e+00,1.564607000000000081e+00,4.975299999999993616e-02,4.392966503242501375e-02,4.975714204383027001e-02,-4.142043830333841381e-06,-4.402182853937386398e-02,5.475159429706716319e-02,-4.998594297067227021e-03
-1.839999999999999969e-02,1.613887000000000072e+00,1.564606200000000058e+00,4.928080000000001348e-02,4.345652363054819389e-02,4.928469914049458250e-02,-3.899140494569020010e-06,-4.354671050975200686e-02,5.430268129101985253e-02,-5.021881291019839044e-03
-1.830000000000000029e-02,1.613415999999999961e+00,1.564605400000000035e+00,4.881059999999992627e-02,4.298593609167644658e-02,4.881480632993866892e-02,-4.206329938742647823e-06,-4.307417830840476469e-02,5.385621164137554401e-02,-5.045611641375617740e-03
-1.820000000000000090e-02,1.612946999999999909e+00,1.564604600000000012e+00,4.834239999999989656e-02,4.251790258636711783e-02,4.834746378246808363e-02,-5.063782468187061347e-06,-4.260423176128602663e-02,5.341218518367756712e-02,-5.069785183677670559e-03
-1.810000000000000150e-02,1.612481999999999971e+00,1.564603799999999989e+00,4.787819999999998188e-02,4.205242328692015974e-02,4.788267167012842662e-02,-4.471670128444737990e-06,-4.213687069539773233e-02,5.297060175445958419e-02,-5.092401754459602303e-03
-1.799999999999999864e-02,1.612019000000000091e+00,1.564602999999999966e+00,4.741600000000012471e-02,4.158949836424152835e-02,4.742043016357333496e-02,-4.430163573210244010e-06,-4.167209493844037382e-02,5.253146119091529204e-02,-5.115461190915167322e-03
-1.789999999999999925e-02,1.611558000000000046e+00,1.564601799999999932e+00,4.695620000000011451e-02,4.112912798714463136e-02,4.696073943136701290e-02,-4.539431366898383224e-06,-4.120990431880899862e-02,5.209476333089469585e-02,-5.138563330894581338e-03
-1.779999999999999985e-02,1.611099999999999977e+00,1.564600599999999897e+00,4.649940000000007956e-02,4.067131232479037628e-02,4.650359964242062327e-02,-4.199642420543714394e-06,-4.075029866629753528e-02,5.166050801356959765e-02,-5.161108013569518094e-03
-1.770000000000000046e-02,1.610643999999999965e+00,1.564599599999999979e+00,4.604439999999998534e-02,4.021605154389873427e-02,4.604901096320802162e-02,-4.610963208036278349e-06,-4.029327781104563577e-02,5.122869507843847564e-02,-5.184295078438490301e-03
-1.760000000000000106e-02,1.610190999999999928e+00,1.564598799999999956e+00,4.559219999999997164e-02,3.976334581188800676e-02,4.559697356090035292e-02,-4.773560900381279559e-06,-3.983884158528683272e-02,5.079932436697832954e-02,-5.207124366978357899e-03
-1.750000000000000167e-02,1.609741000000000088e+00,1.564597999999999933e+00,4.514300000000015523e-02,3.931319529408261459e-02,4.514748760057796934e-02,-4.487600577814110370e-06,-3.938698982090649281e-02,5.037239572033716528e-02,-5.229395720337010056e-03
-1.739999999999999880e-02,1.609293000000000085e+00,1.564597199999999910e+00,4.469580000000017428e-02,3.886560015615692087e-02,4.470055324767065186e-02,-4.753247670477578346e-06,-3.893772235118375669e-02,4.994790898097998394e-02,-5.252108980979809660e-03
-1.729999999999999941e-02,1.608848000000000056e+00,1.564596400000000109e+00,4.425159999999994653e-02,3.842056056134235398e-02,4.425617066516885495e-02,-4.570665168908416565e-06,-3.849103901114303561e-02,4.952586399302087022e-02,-5.274263993020923691e-03
-1.720000000000000001e-02,1.608405000000000085e+00,1.564595600000000086e+00,4.380939999999999834e-02,3.797807667182540037e-02,4.381434001501963160e-02,-4.940015019633259286e-06,-3.804693963580807470e-02,4.910626060057331210e-02,-5.296860600573313760e-03
-1.710000000000000062e-02,1.607965000000000089e+00,1.564594800000000063e+00,4.337020000000002540e-02,3.753814865083837660e-02,4.337506146021431752e-02,-4.861460214292123716e-06,-3.760542406124867121e-02,4.868909864873918747e-02,-5.318898648739162072e-03
-1.700000000000000122e-02,1.607526999999999928e+00,1.564594000000000040e+00,4.293299999999988792e-02,3.710077665986899476e-02,4.293833516200222522e-02,-5.335162002337301423e-06,-3.716649212493017274e-02,4.827437798393906243e-02,-5.341377983939174512e-03
-1.689999999999999836e-02,1.607091999999999965e+00,1.564593200000000017e+00,4.249879999999994773e-02,3.666596085796469673e-02,4.250416127919600523e-02,-5.361279196057500140e-06,-3.673014366536464514e-02,4.786209845358252446e-02,-5.363298453582576730e-03
-1.679999999999999896e-02,1.606659999999999977e+00,1.564592399999999994e+00,4.206759999999998278e-02,3.623370140452064625e-02,4.207253997095548870e-02,-4.939970955505912364e-06,-3.629637852106393225e-02,4.745225990507895980e-02,-5.384659905078977016e-03
-1.669999999999999957e-02,1.606230000000000047e+00,1.564591599999999971e+00,4.163840000000007535e-02,3.580399845858384111e-02,4.164347139609289594e-02,-5.071396092820590340e-06,-3.586519653298037014e-02,4.704486218814379200e-02,-5.406462188143716652e-03
-1.660000000000000017e-02,1.605801999999999952e+00,1.564590799999999948e+00,4.121120000000000339e-02,3.537685217710850871e-02,4.121695571133073693e-02,-5.755711330733548348e-06,-3.543659754171923915e-02,4.663990515216449168e-02,-5.428705152164488290e-03
-1.650000000000000078e-02,1.605377999999999972e+00,1.564589999999999925e+00,4.078800000000004644e-02,3.495226271669960028e-02,4.079299307304277283e-02,-4.993073042726392519e-06,-3.501058138893098359e-02,4.623738864751612831e-02,-5.449388647516081874e-03
-1.640000000000000138e-02,1.604954999999999909e+00,1.564589199999999902e+00,4.036580000000000723e-02,3.453023023256762691e-02,4.037158363621037166e-02,-5.783636210364428987e-06,-3.458714791870765026e-02,4.583731252688082874e-02,-5.471512526880821514e-03
-1.629999999999999852e-02,1.604535999999999962e+00,1.564588400000000101e+00,3.994759999999986100e-02,3.411075487957337948e-02,3.995272755546571547e-02,-5.127555465854471972e-06,-3.416629697374684582e-02,4.543967664162313486e-02,-5.492076641623273858e-03
-1.619999999999999912e-02,1.604119000000000073e+00,1.564587600000000078e+00,3.953139999999999432e-02,3.369383681188153901e-02,3.953642498474588957e-02,-5.024984745895244576e-06,-3.374802839988433334e-02,4.504448084607280689e-02,-5.513080846072812569e-03
-1.609999999999999973e-02,1.603704000000000018e+00,1.564586800000000055e+00,3.911719999999996311e-02,3.327947618121340767e-02,3.912267607554821558e-02,-5.476075548252468117e-06,-3.333234204295676406e-02,4.465172499456047939e-02,-5.534524994560516276e-03
-1.600000000000000033e-02,1.603291999999999939e+00,1.564586000000000032e+00,3.870599999999990715e-02,3.286767313964067405e-02,3.871148097971987417e-02,-5.480979719967027375e-06,-3.291923774949734316e-02,4.426140894207494098e-02,-5.555408942075033829e-03
-1.590000000000000094e-02,1.602881999999999918e+00,1.564585200000000009e+00,3.829679999999990869e-02,3.245842783853669644e-02,3.830283984841076350e-02,-6.039848410854808947e-06,-3.250871536708688225e-02,4.387353254459486901e-02,-5.576732544594960317e-03
-1.580000000000000154e-02,1.602476000000000012e+00,1.564584399999999986e+00,3.789160000000002526e-02,3.205174042683345270e-02,3.789675283033298869e-02,-5.152830332963431736e-06,-3.210077474504902106e-02,4.348809565974574853e-02,-5.596495659745723272e-03
-1.569999999999999868e-02,1.602071000000000023e+00,1.564583599999999963e+00,3.748740000000005956e-02,3.164761105555546905e-02,3.749322007628812237e-02,-5.820076288062803194e-06,-3.169541573270784340e-02,4.310509814515348787e-02,-5.617698145153428302e-03
-1.559999999999999928e-02,1.601669000000000009e+00,1.564582799999999940e+00,3.708620000000006911e-02,3.124603987049612286e-02,3.709224173185431128e-02,-6.041731854242171629e-06,-3.129263818078276138e-02,4.272453985976243374e-02,-5.638339859762364625e-03
-1.549999999999999989e-02,1.601269999999999971e+00,1.564581999999999917e+00,3.668800000000005390e-02,3.084702702023811582e-02,3.669381794539490482e-02,-5.817945394850920771e-06,-3.089244194103946128e-02,4.234642066350557260e-02,-5.658420663505518700e-03
-1.540000000000000049e-02,1.600872999999999990e+00,1.564581199999999894e+00,3.629180000000009620e-02,3.045057265092321330e-02,3.629794886283592426e-02,-6.148862835828050599e-06,-3.049482686559179534e-02,4.197074041664486388e-02,-5.678940416644767675e-03
-1.529999999999999936e-02,1.600478999999999985e+00,1.564580400000000093e+00,3.589859999999989171e-02,3.005667690694946437e-02,3.590463462836224195e-02,-6.034628362350247244e-06,-3.009979280864749640e-02,4.159749898142078156e-02,-5.698898981420889853e-03
-1.519999999999999997e-02,1.600087999999999955e+00,1.564579600000000070e+00,3.550839999999988450e-02,2.966533993376074818e-02,3.551387538720302689e-02,-5.475387203142390025e-06,-2.970733962441318710e-02,4.122669622007275880e-02,-5.718296220072874303e-03
-1.510000000000000057e-02,1.599698999999999982e+00,1.564578800000000047e+00,3.512019999999993480e-02,2.927656187401073140e-02,3.512567128180134335e-02,-5.471281801408545142e-06,-2.931746716849148449e-02,4.085833199615930555e-02,-5.738131996159370751e-03
-1.499999999999999944e-02,1.599312000000000067e+00,1.564578000000000024e+00,3.473400000000004262e-02,2.889034287035374682e-02,3.474002245460092869e-02,-6.022454600886073539e-06,-2.893017529648433950e-02,4.049240617323829339e-02,-5.758406173238250769e-03
-1.490000000000000005e-02,1.598929000000000045e+00,1.564577200000000001e+00,3.435180000000004341e-02,2.850668306404791075e-02,3.435692904665136466e-02,-5.129046651321245154e-06,-2.854546386678435965e-02,4.012891861750449846e-02,-5.777118617504455045e-03
-1.480000000000000066e-02,1.598546999999999940e+00,1.564576399999999978e+00,3.397059999999996194e-02,2.812558259635222768e-02,3.397639119900311422e-02,-5.791199003152280866e-06,-2.816333273708671037e-02,3.976786919449368934e-02,-5.797269194493727407e-03
-1.469999999999999953e-02,1.598168000000000033e+00,1.564575599999999955e+00,3.359240000000007775e-02,2.774704160713015177e-02,3.359840905131314392e-02,-6.009051313066171573e-06,-2.778378176717888337e-02,3.940925777171866429e-02,-5.816857771718586534e-03
-1.460000000000000013e-02,1.597792000000000101e+00,1.564574799999999932e+00,3.321720000000016881e-02,2.737106023380375674e-02,3.322298274080067587e-02,-5.782740800507057966e-06,-2.740681081615092829e-02,3.905308421603322089e-02,-5.835884216033052074e-03
-1.450000000000000074e-02,1.597418999999999922e+00,1.564573999999999909e+00,3.284500000000001307e-02,2.699763861553883260e-02,3.285011240642603247e-02,-5.112406426019400207e-06,-2.703241974692982552e-02,3.869934839791668024e-02,-5.854348397916667168e-03
-1.439999999999999961e-02,1.597048000000000023e+00,1.564573199999999886e+00,3.247480000000013689e-02,2.662677688871140091e-02,3.247979818436391025e-02,-4.998184363773361394e-06,-2.666060842000073094e-02,3.834805018554107020e-02,-5.873250185540933310e-03
-1.430000000000000021e-02,1.596678999999999959e+00,1.564572400000000085e+00,3.210659999999987413e-02,2.625847518934776303e-02,3.211204021043979895e-02,-5.440210439924819674e-06,-2.629137669898784502e-02,3.799918945004451126e-02,-5.892589450044637134e-03
-1.420000000000000082e-02,1.596313000000000093e+00,1.564571799999999957e+00,3.174120000000013597e-02,2.589273365242883429e-02,3.174683861943534968e-02,-5.638619435213709785e-06,-2.592472444856208647e-02,3.765276606355417999e-02,-5.911566063554044015e-03
-1.409999999999999969e-02,1.595949999999999980e+00,1.564571399999999946e+00,3.137860000000003424e-02,2.552955241188858970e-02,3.138419354508680675e-02,-5.593545086772511166e-06,-2.556065153269648782e-02,3.730877989753781515e-02,-5.930179897537780909e-03
-1.400000000000000029e-02,1.595588999999999924e+00,1.564570999999999934e+00,3.101799999999999002e-02,2.516893160096400628e-02,3.102410512043444688e-02,-6.105120434456851042e-06,-2.519915781815429412e-02,3.696723082609962296e-02,-5.949230826099632941e-03
-1.389999999999999916e-02,1.595231000000000066e+00,1.564570199999999911e+00,3.066080000000015460e-02,2.481087135149584455e-02,3.066657347712440501e-02,-5.773477124250414594e-06,-2.484024317169941654e-02,3.662811872334445495e-02,-5.967318723344300357e-03
-1.379999999999999977e-02,1.594875000000000043e+00,1.564569400000000110e+00,3.030559999999993259e-02,2.445537179602341737e-02,3.031159874750032415e-02,-5.998747500391560239e-06,-2.448390746044371014e-02,3.629144346370592744e-02,-5.985843463705994849e-03
-1.370000000000000037e-02,1.594521999999999995e+00,1.564568600000000087e+00,2.995339999999990788e-02,2.410243306324932888e-02,2.995918106007480763e-02,-5.781060074899757595e-06,-2.413015055428968658e-02,3.595720492425455439e-02,-6.003804924254646513e-03
-1.359999999999999924e-02,1.594171000000000005e+00,1.564567800000000064e+00,2.960319999999994067e-02,2.375205528396828747e-02,2.960932054544947525e-02,-6.120545449534581239e-06,-2.377897232209358336e-02,3.562540298107223780e-02,-6.022202981072297123e-03
-1.349999999999999985e-02,1.593822999999999990e+00,1.564567000000000041e+00,2.925599999999994871e-02,2.340423858548801306e-02,2.926201733074410352e-02,-6.017330744154808508e-06,-2.343037263515301838e-02,3.529603751254772881e-02,-6.040037512547780096e-03
-1.340000000000000045e-02,1.593477999999999950e+00,1.564566600000000030e+00,2.891139999999992050e-02,2.305898309616138953e-02,2.891727154412209247e-02,-5.871544122171973301e-06,-2.308435136441655544e-02,3.496910839673995908e-02,-6.057708396740038581e-03
-1.329999999999999932e-02,1.593134999999999968e+00,1.564566200000000018e+00,2.856879999999994979e-02,2.271628894259802856e-02,2.857508331200613733e-02,-6.283312006187535825e-06,-2.274090838362408107e-02,3.464461551434539627e-02,-6.075815514345446477e-03
-1.319999999999999993e-02,1.592794999999999961e+00,1.564565599999999890e+00,2.822940000000007110e-02,2.237615625036215583e-02,2.823545275977510163e-02,-6.052759775030530642e-06,-2.240004356511904327e-02,3.432255874474100105e-02,-6.093158744740929944e-03
-1.310000000000000053e-02,1.592457000000000011e+00,1.564564800000000089e+00,2.789219999999992261e-02,2.203858514362089238e-02,2.789838001141279472e-02,-6.180011412872110643e-06,-2.206175678473343282e-02,3.400293797060007644e-02,-6.110737970600153834e-03
-1.299999999999999940e-02,1.592122000000000037e+00,1.564564000000000066e+00,2.755799999999997141e-02,2.170357574689130153e-02,2.756386519125246168e-02,-5.865191252490270513e-06,-2.172604791655508016e-02,3.368575307294786880e-02,-6.127753072947897395e-03
-1.290000000000000001e-02,1.591788999999999898e+00,1.564563200000000043e+00,2.722579999999985567e-02,2.137112818155162408e-02,2.723190842049315330e-02,-6.108420493297628262e-06,-2.139291683816013645e-02,3.337100393610572396e-02,-6.145203936105868292e-03
-1.280000000000000061e-02,1.591458999999999957e+00,1.564562400000000020e+00,2.689659999999993722e-02,2.104124257142103716e-02,2.690250982277125544e-02,-5.909822771318212764e-06,-2.106236342572898046e-02,3.305869044307613996e-02,-6.162090443076202739e-03
-1.269999999999999948e-02,1.591131000000000073e+00,1.564561800000000114e+00,2.656919999999995952e-02,2.071391903752850538e-02,2.657566951893705967e-02,-6.469518937100154909e-06,-2.073438755893031171e-02,3.274881248015772822e-02,-6.179612480157768706e-03
-1.260000000000000009e-02,1.590807000000000082e+00,1.564561400000000102e+00,2.624559999999998006e-02,2.038915769811255885e-02,2.625138762705454126e-02,-5.787627054561206297e-06,-2.040898911603750143e-02,3.244136993233066868e-02,-6.195769932330688623e-03
-1.250000000000000069e-02,1.590484000000000009e+00,1.564561000000000091e+00,2.592299999999991833e-02,2.006695867315633208e-02,2.592966426692970561e-02,-6.664266929787276972e-06,-2.008616797811402233e-02,3.213636268721149075e-02,-6.213362687211572422e-03
-1.239999999999999956e-02,1.590163999999999911e+00,1.564560200000000068e+00,2.560379999999984335e-02,1.974732208194451832e-02,2.561049955767114722e-02,-6.699557671303868478e-06,-1.976592402587495911e-02,3.183379063208754273e-02,-6.229990632087699376e-03
-1.230000000000000017e-02,1.589847000000000010e+00,1.564559400000000045e+00,2.528759999999996566e-02,1.943024804027471131e-02,2.529389361490551325e-02,-6.293614905547584293e-06,-1.944825714108167070e-02,3.153365365523480568e-02,-6.246053655234840019e-03
-1.220000000000000077e-02,1.589531999999999945e+00,1.564558799999999916e+00,2.497320000000002871e-02,1.911573666568766594e-02,2.497984655600003073e-02,-6.646556000002024067e-06,-1.913316720723912123e-02,3.123595164657678655e-02,-6.262751646576757841e-03
-1.209999999999999964e-02,1.589220000000000077e+00,1.564558399999999905e+00,2.466160000000017227e-02,1.880378807223703763e-02,2.466835849483998283e-02,-6.758494839810558208e-06,-1.882065410889899315e-02,3.094068449702605528e-02,-6.279084497025883005e-03
-1.200000000000000025e-02,1.588910999999999962e+00,1.564557999999999893e+00,2.435300000000006904e-02,1.849440237467347981e-02,2.435942954600661681e-02,-6.429546006547770531e-06,-1.851071773026402578e-02,3.064785209716544903e-02,-6.294852097165379995e-03
-1.190000000000000085e-02,1.588603999999999905e+00,1.564557199999999870e+00,2.404680000000003481e-02,1.818757968635287270e-02,2.405305982268847106e-02,-6.259822688436250671e-06,-1.820335795728100781e-02,3.035745433922576453e-02,-6.310654339225729714e-03
-1.179999999999999973e-02,1.588298999999999905e+00,1.564556400000000069e+00,2.374259999999983606e-02,1.788332012097959556e-02,2.374924943842205913e-02,-6.649438422223069578e-06,-1.789857467764033316e-02,3.006949111708534517e-02,-6.326891117085509109e-03
-1.170000000000000033e-02,1.587997000000000103e+00,1.564555799999999941e+00,2.344120000000016191e-02,1.758162378911920509e-02,2.344799850360971410e-02,-6.798503609552197791e-06,-1.759636777833528676e-02,2.978396232396382515e-02,-6.342762323963663240e-03
-1.159999999999999920e-02,1.587698000000000054e+00,1.564555399999999930e+00,2.314260000000012418e-02,1.728249080133703597e-02,2.314930712865354706e-02,-6.707128653422878006e-06,-1.729673714845159083e-02,2.950086785505799322e-02,-6.358267855057869039e-03
-1.149999999999999981e-02,1.587401000000000062e+00,1.564554999999999918e+00,2.284600000000014397e-02,1.698592126889619802e-02,2.285317542465241034e-02,-7.175424652266365610e-06,-1.699968267812135281e-02,2.922020760655336807e-02,-6.374207606553224104e-03
-1.140000000000000041e-02,1.587107000000000046e+00,1.564554199999999895e+00,2.255280000000015050e-02,1.669191529922287032e-02,2.255960349887388763e-02,-6.803498873737129360e-06,-1.670520425747679116e-02,2.894198147463557594e-02,-6.389181474635425434e-03
-1.129999999999999928e-02,1.586816000000000004e+00,1.564553400000000094e+00,2.226259999999991024e-02,1.640047299974356498e-02,2.226859145858590613e-02,-5.991458585995895758e-06,-1.641330177839372961e-02,2.866618935713777586e-02,-6.403589357137865617e-03
-1.119999999999999989e-02,1.586527000000000021e+00,1.564552799999999966e+00,2.197420000000005480e-02,1.611159447788457211e-02,2.198013941105616056e-02,-5.939411056105764475e-06,-1.612397513379504321e-02,2.839283115288249518e-02,-6.418631152882440377e-03
-1.110000000000000049e-02,1.586240000000000094e+00,1.564552399999999954e+00,2.168760000000014010e-02,1.582527984072334970e-02,2.169424746320403399e-02,-6.647463203893894113e-06,-1.583722421660282986e-02,2.812190676069152226e-02,-6.434306760691382160e-03
-1.099999999999999936e-02,1.585955999999999921e+00,1.564551999999999943e+00,2.140399999999997860e-02,1.554152919219864426e-02,2.141091571881482622e-02,-6.915718814847621188e-06,-1.555304892113473780e-02,2.785341608070530245e-02,-6.449416080705323850e-03
-1.089999999999999997e-02,1.585674999999999946e+00,1.564551599999999931e+00,2.112340000000001439e-02,1.526034263589992612e-02,2.113014428132508477e-02,-6.744281325070378141e-06,-1.527144914415001775e-02,2.758735901537136617e-02,-6.463959015371351785e-03
-1.080000000000000057e-02,1.585396000000000027e+00,1.564551199999999920e+00,2.084480000000010769e-02,1.498172027681210494e-02,2.085193325556472868e-02,-7.133255564620993860e-06,-1.499242478101248111e-02,2.732373546581868054e-02,-6.478935465818572853e-03
-1.069999999999999944e-02,1.585120000000000084e+00,1.564550600000000014e+00,2.056940000000007096e-02,1.470566221573454957e-02,2.057628274218431877e-02,-6.882742184247808703e-06,-1.471597572952743072e-02,2.706254533548319366e-02,-6.493145335483122699e-03
-1.060000000000000005e-02,1.584845999999999977e+00,1.564549799999999991e+00,2.029619999999998647e-02,1.443216855451301406e-02,2.030319284287926060e-02,-6.992842879274124845e-06,-1.444210188715178145e-02,2.680378852747165169e-02,-6.507588527471665218e-03
-1.050000000000000065e-02,1.584575000000000067e+00,1.564548999999999968e+00,2.002600000000009928e-02,1.416123939359814621e-02,2.003266365795190046e-02,-6.663657951801182922e-06,-1.417080315413243863e-02,2.654746494752707742e-02,-6.521464947526978140e-03
-1.039999999999999952e-02,1.584306999999999910e+00,1.564548599999999956e+00,1.975839999999995378e-02,1.389287483134804546e-02,1.976469528561513450e-02,-6.295285615180723493e-06,-1.390207943036747551e-02,2.629357450106287880e-02,-6.535174501062925023e-03
-1.030000000000000013e-02,1.584041000000000032e+00,1.564548199999999945e+00,1.949280000000008783e-02,1.362707496716641931e-02,1.949928782512592995e-02,-6.487825125842117124e-06,-1.363593061680157259e-02,2.604211709448140885e-02,-6.549317094481321017e-03
-1.020000000000000073e-02,1.583776999999999990e+00,1.564547799999999933e+00,1.922920000000005736e-02,1.336383989871414713e-02,1.923644137400098292e-02,-7.241374000925560050e-06,-1.337235661577429457e-02,2.579309263550304265e-02,-6.563892635502985295e-03
-1.009999999999999960e-02,1.583517000000000063e+00,1.564547399999999922e+00,1.896960000000014190e-02,1.310316972295366700e-02,1.897615602905959251e-02,-6.556029059450602103e-06,-1.311135732997414927e-02,2.554650103217788112e-02,-6.576901032177739220e-03
-1.000000000000000021e-02,1.583258000000000054e+00,1.564546999999999910e+00,1.871100000000014418e-02,1.284506453475509069e-02,1.871843188503181238e-02,-7.431885031668195030e-06,-1.285293266418230385e-02,2.530234219453338096e-02,-6.591342194533236776e-03
-9.900000000000000813e-03,1.583002999999999938e+00,1.564546199999999887e+00,1.845680000000005094e-02,1.258952442898852997e-02,1.846326903664769967e-02,-6.469036647648723770e-06,-1.259708252213376234e-02,2.506061603160847709e-02,-6.603816031608426146e-03
-9.799999999999999684e-03,1.582748999999999961e+00,1.564545400000000086e+00,1.820359999999987544e-02,1.233654949843099313e-02,1.821066757654729584e-02,-7.067576547420406641e-06,-1.234380681105096134e-02,2.482132245573738863e-02,-6.617722455737513193e-03
-9.700000000000000289e-03,1.582499000000000100e+00,1.564544799999999958e+00,1.795420000000014227e-02,1.208613983830153504e-02,1.796062759980909113e-02,-6.427599808948858406e-06,-1.209310543676156424e-02,2.458446137793640976e-02,-6.630261377936267492e-03
-9.599999999999999159e-03,1.582251000000000074e+00,1.564544399999999946e+00,1.770660000000012779e-02,1.183829553858728456e-02,1.771314919628736231e-02,-6.549196287234521074e-06,-1.184497830753450387e-02,2.435003271152860055e-02,-6.643432711528472756e-03
-9.499999999999999764e-03,1.582006000000000023e+00,1.564543999999999935e+00,1.746200000000008856e-02,1.159301669101886478e-02,1.746823245757731652e-02,-6.232457577227956680e-06,-1.159942533198798920e-02,2.411803637016704180e-02,-6.656036370166953237e-03
-9.400000000000000369e-03,1.581763000000000030e+00,1.564543599999999923e+00,1.721940000000010684e-02,1.135030338628106872e-02,1.722587747422986426e-02,-6.477474229757418378e-06,-1.135644641978583724e-02,2.388847226849282954e-02,-6.669072268492722694e-03
-9.299999999999999239e-03,1.581522000000000094e+00,1.564543199999999912e+00,1.697880000000018264e-02,1.111015571191931173e-02,1.698608433366118400e-02,-7.284333661001368698e-06,-1.111604148198752640e-02,2.366134032246581392e-02,-6.682540322465631288e-03
-9.199999999999999845e-03,1.581285000000000052e+00,1.564542800000000122e+00,1.674219999999992936e-02,1.087257375652539437e-02,1.674885312433228857e-02,-6.653124332359205972e-06,-1.087821042930370297e-02,2.343664044771622684e-02,-6.694440447716297482e-03
-9.100000000000000450e-03,1.581050000000000066e+00,1.564542400000000111e+00,1.650759999999995564e-02,1.063755760834250719e-02,1.651418393435609769e-02,-6.583934356142046029e-06,-1.064295317523511475e-02,2.321437256251068781e-02,-6.706772562510732172e-03
-8.999999999999999320e-03,1.580816999999999917e+00,1.564542000000000099e+00,1.627499999999981739e-02,1.040510735282340615e-02,1.628207684905921479e-02,-7.076849059397399833e-06,-1.041026963223645740e-02,2.299453658412738827e-02,-6.719536584127570877e-03
-8.899999999999999925e-03,1.580586999999999964e+00,1.564541600000000088e+00,1.604539999999987643e-02,1.017522307542090276e-02,1.605253195376829534e-02,-7.131953768418908268e-06,-1.018015971590108260e-02,2.277713243281025146e-02,-6.731732432810375033e-03
-8.800000000000000530e-03,1.580359000000000069e+00,1.564541200000000076e+00,1.581779999999999298e-02,9.947904860541256777e-03,1.582554933276499390e-02,-7.749332765000921386e-06,-9.952623340427568799e-03,2.256216002748527572e-02,-6.744360027485282738e-03
-8.699999999999999400e-03,1.580135000000000067e+00,1.564540800000000065e+00,1.559420000000000250e-02,9.723152790847122695e-03,1.560112906858993065e-02,-6.929068589928144561e-06,-9.727660423153317026e-03,2.234961929004433689e-02,-6.755419290044334391e-03
-8.600000000000000006e-03,1.579911999999999983e+00,1.564540400000000053e+00,1.537159999999992976e-02,9.500966950396094735e-03,1.537927124517660810e-02,-7.671245176678331834e-06,-9.505270881067173772e-03,2.213951014204995973e-02,-6.767910142050029970e-03
-8.500000000000000611e-03,1.579693000000000014e+00,1.564540000000000042e+00,1.515299999999997205e-02,9.281347419409058386e-03,1.515997594262748216e-02,-6.975942627510112182e-06,-9.285454631855316610e-03,2.193183250572358634e-02,-6.778832505723614288e-03
-8.399999999999999481e-03,1.579474999999999962e+00,1.564539600000000030e+00,1.493539999999993206e-02,9.064294279502227436e-03,1.494324324243827967e-02,-7.843242438347608481e-06,-9.068211595296915561e-03,2.172658630526432683e-02,-6.791186305264394762e-03
-8.300000000000000086e-03,1.579261000000000026e+00,1.564539200000000019e+00,1.472180000000000710e-02,8.849807609850213197e-03,1.472907322366672628e-02,-7.273223666719175196e-06,-8.853541691519695167e-03,2.152377146520064594e-02,-6.801971465200638833e-03
-8.200000000000000691e-03,1.579048999999999925e+00,1.564538800000000007e+00,1.451019999999991761e-02,8.637887488581186268e-03,1.451746596432565255e-02,-7.265964325734938778e-06,-8.641444841000267552e-03,2.132338791039067177e-02,-6.813187910390754165e-03
-8.099999999999999561e-03,1.578839000000000103e+00,1.564538399999999996e+00,1.430060000000010767e-02,8.428533995218645547e-03,1.430842154382115997e-02,-7.821543821052295842e-06,-8.431920966656791805e-03,2.112543556799954814e-02,-6.824835567999440467e-03
-8.000000000000000167e-03,1.578632000000000035e+00,1.564537999999999984e+00,1.409400000000005093e-02,8.221747204751772564e-03,1.410194003703172348e-02,-7.940037031672550483e-06,-8.224969990360875283e-03,2.092991436420354665e-02,-6.835914364203495713e-03
-7.900000000000000772e-03,1.578427999999999942e+00,1.564537599999999973e+00,1.389039999999996944e-02,8.017527194262352719e-03,1.389802152092533410e-02,-7.621520925364666521e-06,-8.020591837123502987e-03,2.073682422814532994e-02,-6.846424228145360502e-03
-7.799999999999999642e-03,1.578225999999999907e+00,1.564537199999999961e+00,1.368879999999994546e-02,7.815874038739623053e-03,1.369666607038052403e-02,-7.866070380578571442e-06,-7.818786430908997165e-03,2.054616508797857746e-02,-6.857365087978632007e-03
-7.700000000000000247e-03,1.578027000000000069e+00,1.564536799999999950e+00,1.349020000000011876e-02,7.616787811777658845e-03,1.349787375888272280e-02,-7.673758882604034270e-06,-7.619553698123449070e-03,2.035793687416419598e-02,-6.867736874164077215e-03
-7.599999999999999985e-03,1.577830000000000066e+00,1.564536399999999938e+00,1.329360000000012754e-02,7.420268586272760203e-03,1.330164465922061522e-02,-8.044659220487679341e-06,-7.422893565172838937e-03,2.017213951716298817e-02,-6.878539517162860634e-03
-7.499999999999999722e-03,1.577636000000000038e+00,1.564535999999999927e+00,1.310000000000011156e-02,7.226316435121560300e-03,1.310797884418321742e-02,-7.978844183105862631e-06,-7.228805959858197738e-03,1.998877294875394534e-02,-6.888772948753833780e-03
-7.400000000000000328e-03,1.577444999999999986e+00,1.564535599999999915e+00,1.290940000000007082e-02,7.034931428430091227e-03,1.291687638377306616e-02,-7.476383772995337518e-06,-7.037290811027052673e-03,1.980783710170489972e-02,-6.898437101704828905e-03
-7.300000000000000065e-03,1.577255999999999991e+00,1.564535199999999904e+00,1.272080000000008759e-02,6.846113638048545447e-03,1.272833734973428076e-02,-7.537349734193163342e-06,-6.848348047875651989e-03,1.962933190911318390e-02,-6.908531909113096309e-03
-7.199999999999999803e-03,1.577069999999999972e+00,1.564534800000000114e+00,1.253519999999985757e-02,6.659863131292631522e-03,1.254236180928319615e-02,-7.161809283338579912e-06,-6.661977600995461213e-03,1.945325730539447864e-02,-6.918057305394621076e-03
-7.100000000000000408e-03,1.576886000000000010e+00,1.564534400000000103e+00,1.235159999999990710e-02,6.476179978966267736e-03,1.235894983311919965e-02,-7.349833119292548123e-06,-6.478179402372996609e-03,1.927961322628265334e-02,-6.928013226282746240e-03
-7.000000000000000146e-03,1.576705000000000023e+00,1.564534000000000091e+00,1.217099999999993187e-02,6.295064246292447763e-03,1.217810148636900083e-02,-7.101486369068960025e-06,-6.296953383994885467e-03,1.910839960751167799e-02,-6.937399607511746114e-03
-6.899999999999999883e-03,1.576526000000000094e+00,1.564533600000000080e+00,1.199240000000001416e-02,6.116516001633431898e-03,1.199981683729393553e-02,-7.416837293921368923e-06,-6.118299479591526868e-03,1.893961638646322540e-02,-6.947216386463211241e-03
-6.799999999999999621e-03,1.576349999999999918e+00,1.564533200000000068e+00,1.181679999999984965e-02,5.940535309166050659e-03,1.182409594997609406e-02,-7.295949976244414659e-06,-5.942217622544709865e-03,1.877326350018955828e-02,-6.956463500189708632e-03
-6.700000000000000226e-03,1.576176000000000021e+00,1.564532800000000057e+00,1.164319999999996469e-02,5.767122233067023540e-03,1.165093888849744880e-02,-7.738888497484108786e-06,-5.768707749723989142e-03,1.860934088903853922e-02,-6.966140889038574535e-03
-6.599999999999999964e-03,1.576005000000000100e+00,1.564532400000000045e+00,1.147260000000005498e-02,5.596276838908342821e-03,1.148034571833319271e-02,-7.745718333137738276e-06,-5.597769795557483441e-03,1.844784849105111577e-02,-6.975248491051060790e-03
-6.499999999999999702e-03,1.575836999999999932e+00,1.564532000000000034e+00,1.130499999999989846e-02,5.427999188425236543e-03,1.131231650112741495e-02,-7.316501127516486513e-06,-5.429403698658630262e-03,1.828878624822295740e-02,-6.983786248223058934e-03
-6.400000000000000307e-03,1.575671000000000044e+00,1.564531600000000022e+00,1.113940000000002151e-02,5.262289343701764821e-03,1.114685129887251977e-02,-7.451298872498263171e-06,-5.263609396594592926e-03,1.813215410156109042e-02,-6.992754101561068913e-03
-6.300000000000000044e-03,1.575507999999999909e+00,1.564531200000000011e+00,1.097679999999989775e-02,5.099147365078021688e-03,1.098395017181952316e-02,-7.150171819625406044e-06,-5.100386827978975468e-03,1.797795199306134392e-02,-7.001151993061446172e-03
-6.199999999999999782e-03,1.575347000000000053e+00,1.564530999999999894e+00,1.081600000000015882e-02,4.938573312545407878e-03,1.082361317987126127e-02,-7.613179871102451757e-06,-4.939735933517902522e-03,1.782617986669677093e-02,-7.010179866696612111e-03
-6.100000000000000387e-03,1.575188999999999950e+00,1.564530999999999894e+00,1.065800000000005632e-02,4.780567245397659981e-03,1.066584038223393656e-02,-7.840382233880241469e-06,-4.781656653917665256e-03,1.767683766644057020e-02,-7.018837666440513878e-03
-6.000000000000000125e-03,1.575034000000000045e+00,1.564530999999999894e+00,1.050300000000015110e-02,4.625129221533408330e-03,1.051063183672070606e-02,-7.631836720554951992e-06,-4.626148930930829017e-03,1.752992533725458713e-02,-7.026925337254436021e-03
-5.899999999999999863e-03,1.574880999999999975e+00,1.564530599999999882e+00,1.035040000000009286e-02,4.472259298153674623e-03,1.035798760044814339e-02,-7.587600448050527135e-06,-4.473212707705204183e-03,1.738544282541901881e-02,-7.035042825418925949e-03
-5.799999999999999600e-03,1.574729999999999963e+00,1.564530199999999871e+00,1.019980000000009213e-02,4.321957531064374303e-03,1.020790772913978198e-02,-8.107729139689850983e-06,-4.322847927388434597e-03,1.724339007721392009e-02,-7.043590077213827960e-03
-5.700000000000000205e-03,1.574583000000000066e+00,1.564529800000000082e+00,1.005319999999998437e-02,4.174223976071367304e-03,1.006039227851909454e-02,-7.192278519110167911e-06,-4.175054535569849845e-03,1.710376704122649680e-02,-7.050567041226512427e-03
-5.599999999999999943e-03,1.574437000000000086e+00,1.564529400000000070e+00,9.907600000000016394e-03,4.029058686887881935e-03,9.915441302220015171e-03,-7.841302219998777523e-06,-4.029832477489919684e-03,1.696657366571430875e-02,-7.058973665714292356e-03
-5.499999999999999681e-03,1.574295000000000000e+00,1.564529000000000059e+00,9.765999999999941394e-03,3.886461717227063239e-03,9.773054853876389503e-03,-7.054853876448108352e-06,-3.887181699784192368e-03,1.683180990025314253e-02,-7.065809900253201131e-03
-5.400000000000000286e-03,1.574154999999999971e+00,1.564528600000000047e+00,9.626399999999923907e-03,3.746433118709369126e-03,9.633232985032472509e-03,-6.832985032548602455e-06,-3.747102150134684617e-03,1.669947569540758056e-02,-7.073075695407656655e-03
-5.300000000000000024e-03,1.574016999999999999e+00,1.564528200000000036e+00,9.488799999999963930e-03,3.608972944001614946e-03,9.495975748277327502e-03,-7.175748277363572236e-06,-3.609593776920938524e-03,1.656957100240131694e-02,-7.080771002401353015e-03
-5.199999999999999761e-03,1.573882000000000003e+00,1.564527999999999919e+00,9.354000000000084469e-03,3.474081242282739401e-03,9.361283192717291535e-03,-7.283192717207065403e-06,-3.474656529568853625e-03,1.644209577344673406e-02,-7.088095773446649595e-03
-5.100000000000000366e-03,1.573749999999999982e+00,1.564527999999999919e+00,9.222000000000063480e-03,3.341758063429234316e-03,9.229155368155222625e-03,-7.155368155159144705e-06,-3.342290358550686902e-03,1.631704996174493036e-02,-7.095049961744866879e-03
-5.000000000000000104e-03,1.573620000000000019e+00,1.564527999999999919e+00,9.092000000000100002e-03,3.212003457317702537e-03,9.099592324394093282e-03,-7.592324393993279963e-06,-3.212495215036303975e-03,1.619443352115617490e-02,-7.102433521156074903e-03
-4.899999999999999842e-03,1.573493000000000031e+00,1.564527599999999907e+00,8.965400000000123271e-03,3.084817469639150600e-03,8.972594107057457052e-03,-7.194107057333781752e-06,-3.085271051939481035e-03,1.607424640718856795e-02,-7.108846407188444683e-03
-4.799999999999999580e-03,1.573368000000000100e+00,1.564527199999999896e+00,8.840800000000204051e-03,2.960200149223740640e-03,8.848160764903389638e-03,-7.360764903185587626e-06,-2.960617821825189955e-03,1.595648857502060883e-02,-7.115688575020404777e-03
-4.700000000000000185e-03,1.573245999999999922e+00,1.564527000000000001e+00,8.718999999999921258e-03,2.838151540018679642e-03,8.726292341814215897e-03,-7.292341814294639457e-06,-2.838535479002340933e-03,1.584115998147866272e-02,-7.122159981478741464e-03
-4.599999999999999922e-03,1.573126000000000024e+00,1.564527000000000001e+00,8.599000000000023292e-03,2.718671687017393257e-03,8.606988882716944123e-03,-7.988882716920830962e-06,-2.719023978826229371e-03,1.572826058437782476e-02,-7.129260584377801468e-03
-4.499999999999999660e-03,1.573009000000000102e+00,1.564527000000000001e+00,8.482000000000100570e-03,2.601760635562194723e-03,8.490250432886944573e-03,-8.250432886844003000e-06,-2.602083277698508113e-03,1.561779034252189224e-02,-7.135790342521791674e-03
-4.400000000000000265e-03,1.572894999999999932e+00,1.564526599999999990e+00,8.368399999999942551e-03,2.487418426809953620e-03,8.376077033420329873e-03,-7.677033420387321949e-06,-2.487713332020843882e-03,1.550974921471467809e-02,-7.141349214714735535e-03
-4.300000000000000003e-03,1.572783000000000042e+00,1.564526199999999978e+00,8.256800000000064088e-03,2.375645104010212783e-03,8.264468727502794626e-03,-7.668727502730537937e-06,-2.375914099589968020e-03,1.540413716107819249e-02,-7.147337161078128401e-03
-4.199999999999999740e-03,1.572673999999999905e+00,1.564526000000000083e+00,8.147999999999822052e-03,2.266440707971065227e-03,8.155425555882186636e-03,-7.425555882364584526e-06,-2.266685540295437784e-03,1.530095414371196970e-02,-7.152954143712147647e-03
-4.100000000000000346e-03,1.572567000000000048e+00,1.564526000000000083e+00,8.040999999999964842e-03,2.159805279151758017e-03,8.048947558958022969e-03,-7.947558958058126288e-06,-2.160027612980383593e-03,1.520020012372676373e-02,-7.159200123726798884e-03
-4.000000000000000083e-03,1.572462999999999944e+00,1.564526000000000083e+00,7.936999999999860833e-03,2.055738854872507515e-03,7.945034773995426902e-03,-8.034773995566069082e-06,-2.055940279278259397e-03,1.510187506486992091e-02,-7.164875064870060081e-03
-3.899999999999999821e-03,1.572360999999999898e+00,1.564525600000000072e+00,7.835399999999825837e-03,1.954241476290127788e-03,7.843687242090452080e-03,-8.287242090626242841e-06,-1.954423500124938262e-03,1.500597893022963605e-02,-7.170578930229810216e-03
-3.799999999999999992e-03,1.572262000000000048e+00,1.564525200000000060e+00,7.736799999999988131e-03,1.855313177934553304e-03,7.744904997722055519e-03,-8.104997722067387722e-06,-1.855477238897812464e-03,1.491251168520110575e-02,-7.175711685201117615e-03
-3.700000000000000164e-03,1.572165999999999952e+00,1.564524999999999944e+00,7.641000000000008896e-03,1.758953997474749231e-03,7.648688078503594091e-03,-7.688078503585195345e-06,-1.759101458974246524e-03,1.482147329517949710e-02,-7.180473295179488208e-03
-3.599999999999999901e-03,1.572071999999999914e+00,1.564524999999999944e+00,7.546999999999970399e-03,1.665163970835742413e-03,7.555036520307059807e-03,-8.036520307089407844e-06,-1.665296124777990161e-03,1.473286372654871237e-02,-7.185863726548741975e-03
-3.500000000000000073e-03,1.571981000000000073e+00,1.564524999999999944e+00,7.456000000000129191e-03,1.573943131152305552e-03,7.463950356218307901e-03,-7.950356218178709911e-06,-1.574061202476703669e-03,1.464668294734047804e-02,-7.190682947340348852e-03
-3.399999999999999811e-03,1.571892000000000067e+00,1.564524599999999932e+00,7.367400000000134952e-03,1.485291513303135802e-03,7.375429621064545464e-03,-8.029621064410512321e-06,-1.485396657540508092e-03,1.456293092492741414e-02,-7.195530924927279193e-03
-3.299999999999999982e-03,1.571806000000000036e+00,1.564524199999999921e+00,7.281800000000115958e-03,1.399209148330235464e-03,7.289474345841946007e-03,-7.674345841830049197e-06,-1.399302458578569053e-03,1.448160762964823337e-02,-7.199807629648117407e-03
-3.200000000000000153e-03,1.571722999999999981e+00,1.564524000000000026e+00,7.198999999999955435e-03,1.315696069019572922e-03,7.206084563288079128e-03,-7.084563288123693625e-06,-1.315778572804959801e-03,1.440271303052342161e-02,-7.203713030523466176e-03
-3.099999999999999891e-03,1.571641999999999983e+00,1.564524000000000026e+00,7.117999999999957694e-03,1.234752306064387795e-03,7.125260304050871733e-03,-7.260304050914039020e-06,-1.234824969526385208e-03,1.432624709855079975e-02,-7.208247098550842058e-03
-3.000000000000000062e-03,1.571563000000000043e+00,1.564524000000000026e+00,7.039000000000017465e-03,1.156377889111590007e-03,7.047001597733464941e-03,-8.001597733447475547e-06,-1.156441620491145683e-03,1.425220980703525292e-02,-7.213209807035235455e-03
-2.899999999999999800e-03,1.571487000000000078e+00,1.564523600000000014e+00,6.963400000000063983e-03,1.080572845366528645e-03,6.971308471501047252e-03,-7.908471500983269009e-06,-1.080628495354778174e-03,1.418060112730421853e-02,-7.217201127304154543e-03
-2.799999999999999972e-03,1.571414000000000089e+00,1.564523200000000003e+00,6.890800000000085745e-03,1.007337204824876320e-03,6.898180955305007259e-03,-7.380955304921513194e-06,-1.007385566563115398e-03,1.411142103332168121e-02,-7.220621033321595467e-03
-2.700000000000000143e-03,1.571342999999999934e+00,1.564523000000000108e+00,6.819999999999826201e-03,9.366709939944428687e-04,6.827619075614024639e-03,-7.619075614198438096e-06,-9.367128079571448995e-04,1.404466950036992179e-02,-7.224669500370095587e-03
-2.599999999999999881e-03,1.571274999999999977e+00,1.564523000000000108e+00,6.751999999999869218e-03,8.685742376390859221e-04,6.759622857155395126e-03,-7.622857155525908368e-06,-8.686101930290707207e-04,1.398034650340164442e-02,-7.228346503401775203e-03
-2.500000000000000052e-03,1.571209999999999996e+00,1.564523000000000108e+00,6.686999999999887478e-03,8.030469615690413732e-04,6.694192325701252277e-03,-7.192325701364798984e-06,-8.030776963174543481e-04,1.391845201835826586e-02,-7.231452018358378378e-03
-2.399999999999999790e-03,1.571147000000000071e+00,1.564523000000000108e+00,6.623999999999963251e-03,7.400891898505790323e-04,6.631327505282339635e-03,-7.327505282376384210e-06,-7.401152948023556610e-04,1.385898602348818211e-02,-7.234986023488218856e-03
-2.299999999999999961e-03,1.571085999999999983e+00,1.564523000000000108e+00,6.562999999999874490e-03,6.797009462012337799e-04,6.571028419581174951e-03,-8.028419581300461072e-06,-6.797229644174909713e-04,1.380194849605109221e-02,-7.238948496051217721e-03
-2.200000000000000133e-03,1.571028000000000091e+00,1.564523000000000108e+00,6.504999999999983018e-03,6.218822518969900626e-04,6.513295089842335503e-03,-8.295089842352484921e-06,-6.219006835380680442e-04,1.374733941561366926e-02,-7.242339415613686243e-03
-2.099999999999999870e-03,1.570972999999999953e+00,1.564523000000000108e+00,6.449999999999844746e-03,5.666331285626331760e-04,6.458127537658680736e-03,-8.127537658835989887e-06,-5.666484301905180820e-04,1.369515876141302532e-02,-7.245158761413180576e-03
-2.000000000000000042e-03,1.570920000000000094e+00,1.564523000000000108e+00,6.396999999999986031e-03,5.139535960790100888e-04,6.405525782881710435e-03,-8.525782881724404405e-06,-5.139661848427810875e-04,1.364540651499326560e-02,-7.248406514993279565e-03
-1.899999999999999996e-03,1.570869999999999989e+00,1.564522600000000097e+00,6.347399999999892017e-03,4.638436739781912066e-04,6.355489845014657829e-03,-8.089845014765811859e-06,-4.638539279627866552e-04,1.359808265789847620e-02,-7.250682657898584182e-03
-1.799999999999999951e-03,1.570823000000000080e+00,1.564522200000000085e+00,6.300799999999995293e-03,4.163033814434460855e-04,6.308019743212472247e-03,-7.219743212476953387e-06,-4.163116410648357024e-04,1.355318717266147492e-02,-7.252387172661479628e-03
-1.699999999999999905e-03,1.570778000000000008e+00,1.564521999999999968e+00,6.256000000000039307e-03,3.713327355653363304e-04,6.263115494540486342e-03,-7.115494540447034333e-06,-3.713393067095865918e-04,1.351072004280377478e-02,-7.254720042803735475e-03
-1.600000000000000077e-03,1.570734999999999992e+00,1.564521999999999968e+00,6.213000000000024059e-03,3.289317516904817496e-04,6.220777114322663566e-03,-7.777114322639507027e-06,-3.289369081552681595e-04,1.347068125250602821e-02,-7.257681252506004155e-03
-1.500000000000000031e-03,1.570694999999999952e+00,1.564521999999999968e+00,6.172999999999984055e-03,2.891004472582239804e-04,6.181004619972599659e-03,-8.004619972615603651e-06,-2.891044300552623320e-04,1.343307078726717514e-02,-7.260070787267191086e-03
-1.399999999999999986e-03,1.570658000000000110e+00,1.564521999999999968e+00,6.136000000000141341e-03,2.518388344761035569e-04,6.143798023679813113e-03,-7.798023679671771402e-06,-2.518418574117310682e-04,1.339788863291571479e-02,-7.261888632915573447e-03
-1.299999999999999940e-03,1.570623000000000102e+00,1.564521999999999968e+00,6.101000000000134094e-03,2.171469300858881735e-04,6.109157342161357883e-03,-8.157342161223789245e-06,-2.171491773195616259e-04,1.336513477725757154e-02,-7.264134777257437448e-03
-1.199999999999999895e-03,1.570591000000000070e+00,1.564521999999999968e+00,6.069000000000102091e-03,1.850247445511835065e-04,6.077082585865390199e-03,-8.082585865288108296e-06,-1.850263765248542913e-04,1.333480920776909662e-02,-7.265809207768994527e-03
-1.100000000000000066e-03,1.570562000000000014e+00,1.564521999999999968e+00,6.040000000000045333e-03,1.554722907771049004e-04,6.047573767677973805e-03,-7.573767677928472386e-06,-1.554734428200693977e-04,1.330691191291535208e-02,-7.266911912915306748e-03
-1.000000000000000021e-03,1.570535000000000014e+00,1.564521999999999968e+00,6.013000000000046086e-03,1.284895795760424009e-04,6.020630898395538423e-03,-7.630898395492337338e-06,-1.284903660903882402e-04,1.328144288313881649e-02,-7.268442883138770405e-03
-8.999999999999999754e-04,1.570510000000000073e+00,1.564521999999999968e+00,5.988000000000104350e-03,1.040766193188807226e-04,5.996253986376609731e-03,-8.253986376505380307e-06,-1.040771358722060100e-04,1.325840210855240391e-02,-7.270402108552299555e-03
-8.000000000000000383e-04,1.570488000000000106e+00,1.564521999999999968e+00,5.966000000000137860e-03,8.223342116680121966e-05,5.974443042765892678e-03,-8.443042765754818491e-06,-8.223374344585015344e-05,1.323778958091686650e-02,-7.271789580916728640e-03
-6.999999999999999929e-04,1.570468999999999893e+00,1.564521999999999968e+00,5.946999999999924569e-03,6.295999209553811843e-05,5.955198074528822438e-03,-8.198074528897869584e-06,-6.296018078922379496e-05,1.321960529265210280e-02,-7.272605292652178227e-03
-5.999999999999999474e-04,1.570451999999999959e+00,1.564521999999999968e+00,5.929999999999990834e-03,4.625633942961651993e-05,5.938519088979111148e-03,-8.519088979120313654e-06,-4.625644127537664393e-05,1.320384923749629361e-02,-7.273849237496302772e-03
-5.000000000000000104e-04,1.570438000000000001e+00,1.564521999999999968e+00,5.916000000000032344e-03,3.212246840083904549e-05,5.924406091340838655e-03,-8.406091340806311207e-06,-3.212251792857187191e-05,1.319052140885803963e-02,-7.274521408858007285e-03
-4.000000000000000192e-04,1.570427000000000017e+00,1.564521999999999968e+00,5.905000000000049099e-03,2.055838563615620257e-05,5.912859088231171845e-03,-7.859088231122746127e-06,-2.055840551700664071e-05,1.317962180179379876e-02,-7.274621801793749662e-03
-2.999999999999999737e-04,1.570418000000000092e+00,1.564521999999999968e+00,5.896000000000123364e-03,1.156409427464900018e-05,5.903878082784557411e-03,-7.878082784434047026e-06,-1.156410055281231926e-05,1.317115041300787395e-02,-7.275150413007750588e-03
-2.000000000000000096e-04,1.570411000000000001e+00,1.564521999999999968e+00,5.889000000000033097e-03,5.139598152973257755e-06,5.897463078831986436e-03,-8.463078831953338432e-06,-5.139599548120655972e-06,1.316510723920456989e-02,-7.276107239204536795e-03
-1.000000000000000048e-04,1.570407000000000108e+00,1.564521999999999968e+00,5.885000000000140119e-03,1.284899363849896438e-06,5.893614078463092071e-03,-8.614078462951951787e-06,-1.284899712636745992e-06,1.316149227774732547e-02,-7.276492277747185350e-03
0.000000000000000000e+00,1.570405999999999969e+00,1.564521999999999968e+00,5.884000000000000341e-03,0.000000000000000000e+00,5.892331083767504869e-03,-8.331083767504528226e-06,0.000000000000000000e+00,1.316030552764743504e-02,-7.276305527647434698e-03
1.000000000000000048e-04,1.570407000000000108e+00,1.564521999999999968e+00,5.885000000000140119e-03,1.284899363849896438e-06,5.893614094048680446e-03,-8.614094048540327231e-06,-1.284899712636745992e-06,1.316154698824575919e-02,-7.276546988245619074e-03
2.000000000000000096e-04,1.570411000000000001e+00,1.564521999999999968e+00,5.889000000000033097e-03,5.139598152973257755e-06,5.897463110003164921e-03,-8.463110003131824044e-06,-5.139599548120655972e-06,1.316521666020143387e-02,-7.276216660201400774e-03
2.999999999999999737e-04,1.570418000000000092e+00,1.564521999999999968e+00,5.896000000000123364e-03,1.156409427464900018e-05,5.903878129541324273e-03,-7.878129541200908081e-06,-1.156410055281231926e-05,1.317131454450317166e-02,-7.275314544503048292e-03
4.000000000000000192e-04,1.570427000000000017e+00,1.564521999999999968e+00,5.905000000000049099e-03,2.055838563615620257e-05,5.912859150573527081e-03,-7.859150573477982626e-06,-2.055840551700664071e-05,1.317984064378752672e-02,-7.274840643787477620e-03
5.000000000000000104e-04,1.570438000000000001e+00,1.564521999999999968e+00,5.916000000000032344e-03,3.212246840083904549e-05,5.924406169268782267e-03,-8.406169268749923151e-06,-3.212251792857187191e-05,1.319079496135020131e-02,-7.274794961350168968e-03
5.999999999999999474e-04,1.570451999999999959e+00,1.564521999999999968e+00,5.929999999999990834e-03,4.625633942961651993e-05,5.938519182492644870e-03,-8.519182492654035765e-06,-4.625644127537664393e-05,1.320417750048688554e-02,-7.274177500486894710e-03
6.999999999999999929e-04,1.570468999999999893e+00,1.564521999999999968e+00,5.946999999999924569e-03,6.295999209553811843e-05,5.955198183627944536e-03,-8.198183628019967140e-06,-6.296018078922379496e-05,1.321998826614112846e-02,-7.272988266141203889e-03
8.000000000000000383e-04,1.570488000000000106e+00,1.564521999999999968e+00,5.966000000000137860e-03,8.223342116680121966e-05,5.974443167450603151e-03,-8.443167450465291490e-06,-8.223374344585015344e-05,1.323822726490432242e-02,-7.272227264904184557e-03
8.999999999999999754e-04,1.570510000000000073e+00,1.564521999999999968e+00,5.988000000000104350e-03,1.040766193188807226e-04,5.996254126646908579e-03,-8.254126646804228751e-06,-1.040771358722060100e-04,1.325889450303829355e-02,-7.270894503038189197e-03
1.000000000000000021e-03,1.570535000000000014e+00,1.564521999999999968e+00,6.013000000000046086e-03,1.284895795760424009e-04,6.020631054251427382e-03,-7.631054251381295950e-06,-1.284903660903882402e-04,1.328198998812313986e-02,-7.268989988123093771e-03
1.100000000000000066e-03,1.570562000000000014e+00,1.564521999999999968e+00,6.040000000000045333e-03,1.554722907771049004e-04,6.047573939119451139e-03,-7.573939119405806442e-06,-1.554734428200693977e-04,1.330751372839810570e-02,-7.267513728398060369e-03
1.199999999999999895e-03,1.570591000000000070e+00,1.564521999999999968e+00,6.069000000000102091e-03,1.850247445511835065e-04,6.077082772892455909e-03,-8.082772892353817795e-06,-1.850263765248542913e-04,1.333546573375028396e-02,-7.266465733750181871e-03
1.299999999999999940e-03,1.570623000000000102e+00,1.564521999999999968e+00,6.101000000000134094e-03,2.171469300858881735e-04,6.109157544774011968e-03,-8.157544773877874189e-06,-2.171491773195616259e-04,1.336584601373718914e-02,-7.264846013737055047e-03
1.399999999999999986e-03,1.570658000000000110e+00,1.564521999999999968e+00,6.136000000000141341e-03,2.518388344761035569e-04,6.143798241878057308e-03,-7.798241877915966513e-06,-2.518418574117310682e-04,1.339865457989376611e-02,-7.262654579893624771e-03
1.500000000000000031e-03,1.570694999999999952e+00,1.564521999999999968e+00,6.172999999999984055e-03,2.891004472582239804e-04,6.181004853756432230e-03,-8.004853756448174207e-06,-2.891044300552623320e-04,1.343389144474365672e-02,-7.260891444743672665e-03
1.600000000000000077e-03,1.570734999999999992e+00,1.564521999999999968e+00,6.213000000000024059e-03,3.289317516904817496e-04,6.220777363692084512e-03,-7.777363692060453026e-06,-3.289369081552681595e-04,1.347155662048094352e-02,-7.258556620480919458e-03
1.699999999999999905e-03,1.570778000000000008e+00,1.564521999999999968e+00,6.256000000000039307e-03,3.713327355653363304e-04,6.263115759495497398e-03,-7.115759495458090500e-06,-3.713393067095865918e-04,1.351165012127712034e-02,-7.255650121277081033e-03
1.799999999999999951e-03,1.570823000000000080e+00,1.564522200000000085e+00,6.300799999999995293e-03,4.163033814434460855e-04,6.308020023753071678e-03,-7.220023753076384998e-06,-4.163116410648357024e-04,1.355417196163325420e-02,-7.253371961633258910e-03
1.899999999999999996e-03,1.570869999999999989e+00,1.564522600000000097e+00,6.347399999999892017e-03,4.638436739781912066e-04,6.355490141140845636e-03,-8.090141140953618915e-06,-4.638539279627866552e-04,1.359912215736868921e-02,-7.251722157368797189e-03
2.000000000000000042e-03,1.570920000000000094e+00,1.564523000000000108e+00,6.396999999999986031e-03,5.139535960790100888e-04,6.405526094593486618e-03,-8.526094593500586905e-06,-5.139661848427810875e-04,1.364650072496190886e-02,-7.249500724961922826e-03
2.099999999999999870e-03,1.570972999999999953e+00,1.564523000000000108e+00,6.449999999999844746e-03,5.666331285626331760e-04,6.458127864956047029e-03,-8.127864956202282554e-06,-5.666484301905180820e-04,1.369630768188010231e-02,-7.246307681880257562e-03
2.200000000000000133e-03,1.571028000000000091e+00,1.564523000000000108e+00,6.504999999999983018e-03,6.218822518969900626e-04,6.513295432725290171e-03,-8.295432725307153032e-06,-6.219006835380680442e-04,1.374854304657917650e-02,-7.243543046579193484e-03
2.299999999999999961e-03,1.571085999999999983e+00,1.564523000000000108e+00,6.562999999999874490e-03,6.797009462012337799e-04,6.571028778049717994e-03,-8.028778049843504627e-06,-6.797229644174909713e-04,1.380320683751503318e-02,-7.240206837515158686e-03
2.399999999999999790e-03,1.571147000000000071e+00,1.564523000000000108e+00,6.623999999999963251e-03,7.400891898505790323e-04,6.631327879336471054e-03,-7.327879336507803210e-06,-7.401152948023556610e-04,1.386029907545055333e-02,-7.236299075450590076e-03
2.500000000000000052e-03,1.571209999999999996e+00,1.564523000000000108e+00,6.686999999999887478e-03,8.030469615690413732e-04,6.694192715340973807e-03,-7.192715341086328151e-06,-8.030776963174543481e-04,1.391981978081907080e-02,-7.232819780819183322e-03
2.599999999999999881e-03,1.571274999999999977e+00,1.564523000000000108e+00,6.751999999999869218e-03,8.685742376390859221e-04,6.759623262380705030e-03,-7.623262380835812979e-06,-8.686101930290707207e-04,1.398176897636087962e-02,-7.229768976361010402e-03
2.700000000000000143e-03,1.571342999999999934e+00,1.564523000000000108e+00,6.819999999999826201e-03,9.366709939944428687e-04,6.827619496424922919e-03,-7.619496425096718151e-06,-9.367128079571448995e-04,1.404614668382759071e-02,-7.226146683827764511e-03
2.799999999999999972e-03,1.571414000000000089e+00,1.564523200000000003e+00,6.890800000000085745e-03,1.007337204824876320e-03,6.898181391701495649e-03,-7.381391701409903416e-06,-1.007385566563115398e-03,1.411295292727778386e-02,-7.222152927277698115e-03
2.899999999999999800e-03,1.571487000000000078e+00,1.564523600000000014e+00,6.963400000000063983e-03,1.080572845366528645e-03,6.971308923483124018e-03,-7.908923483060034676e-06,-1.080628495354778174e-03,1.418218773175875143e-02,-7.218787731758687445e-03
3.000000000000000062e-03,1.571563000000000043e+00,1.564524000000000026e+00,7.039000000000017465e-03,1.156377889111590007e-03,7.047002065301130082e-03,-8.002065301112616658e-06,-1.156441620491145683e-03,1.425385112198821955e-02,-7.214851121988202082e-03
3.099999999999999891e-03,1.571641999999999983e+00,1.564524000000000026e+00,7.117999999999957694e-03,1.234752306064387795e-03,7.125260787204125250e-03,-7.260787204167555575e-06,-1.234824969526385208e-03,1.432794312400219663e-02,-7.209943124002238940e-03
3.200000000000000153e-03,1.571722999999999981e+00,1.564524000000000026e+00,7.198999999999955435e-03,1.315696069019572922e-03,7.206085062026922755e-03,-7.085062026967320348e-06,-1.315778572804959801e-03,1.440446376647325222e-02,-7.205463766473296783e-03
3.299999999999999982e-03,1.571806000000000036e+00,1.564524199999999921e+00,7.281800000000115958e-03,1.399209148330235464e-03,7.289474860166378009e-03,-7.674860166262051364e-06,-1.399302458578569053e-03,1.448341307609649423e-02,-7.201613076096378269e-03
3.399999999999999811e-03,1.571892000000000067e+00,1.564524599999999932e+00,7.367400000000134952e-03,1.485291513303135802e-03,7.375430150974565842e-03,-8.030150974430889932e-06,-1.485396657540508092e-03,1.456479108187410873e-02,-7.197391081873973778e-03
3.500000000000000073e-03,1.571981000000000073e+00,1.564524999999999944e+00,7.456000000000129191e-03,1.573943131152305552e-03,7.463950901713916654e-03,-7.950901713787462965e-06,-1.574061202476703669e-03,1.464859781478560288e-02,-7.192597814785473692e-03
3.599999999999999901e-03,1.572071999999999914e+00,1.564524999999999944e+00,7.546999999999970399e-03,1.665163970835742413e-03,7.555037081388258670e-03,-8.037081388288271067e-06,-1.665296124777990161e-03,1.473483330449227094e-02,-7.187833304492300540e-03
3.700000000000000164e-03,1.572165999999999952e+00,1.564524999999999944e+00,7.641000000000008896e-03,1.758953997474749231e-03,7.648688655170381330e-03,-7.688655170372434011e-06,-1.759101458974246524e-03,1.482349758362148592e-02,-7.182497583621477028e-03
3.799999999999999992e-03,1.572262000000000048e+00,1.564525200000000060e+00,7.736799999999988131e-03,1.855313177934553304e-03,7.744905589974431133e-03,-8.105589974443001833e-06,-1.855477238897812464e-03,1.491459068414152829e-02,-7.177790684141540159e-03
3.899999999999999821e-03,1.572360999999999898e+00,1.564525600000000072e+00,7.835399999999825837e-03,1.954241476290127788e-03,7.843687849928416070e-03,-8.287849928590232396e-06,-1.954423500124938262e-03,1.500811263966849232e-02,-7.172712639668666484e-03
4.000000000000000083e-03,1.572462999999999944e+00,1.564526000000000083e+00,7.936999999999860833e-03,2.055738854872507515e-03,7.945035397418981002e-03,-8.035397419120168805e-06,-2.055940279278259397e-03,1.510406348480720744e-02,-7.167063484807346604e-03
4.100000000000000346e-03,1.572567000000000048e+00,1.564526000000000083e+00,8.040999999999964842e-03,2.159805279151758017e-03,8.048948197967165444e-03,-7.948197967200601455e-06,-2.160027612980383593e-03,1.520244325416248397e-02,-7.161443254162519131e-03
4.199999999999999740e-03,1.572673999999999905e+00,1.564526000000000083e+00,8.147999999999822052e-03,2.266440707971065227e-03,8.155426210476917487e-03,-7.426210477095435136e-06,-2.266685540295437784e-03,1.530325198464612020e-02,-7.155251984646298150e-03
4.300000000000000003e-03,1.572783000000000042e+00,1.564526199999999978e+00,8.256800000000064088e-03,2.375645104010212783e-03,8.264469397683115587e-03,-7.669397683051498715e-06,-2.375914099589968020e-03,1.540648971251077672e-02,-7.149689712510712628e-03
4.400000000000000265e-03,1.572894999999999932e+00,1.564526599999999990e+00,8.368399999999942551e-03,2.487418426809953620e-03,8.376077719186239209e-03,-7.677719186296658171e-06,-2.487713332020843882e-03,1.551215647664569257e-02,-7.143756476645750017e-03
4.499999999999999660e-03,1.573009000000000102e+00,1.564527000000000001e+00,8.482000000000100570e-03,2.601760635562194723e-03,8.490251134238442285e-03,-8.251134238341714666e-06,-2.602083277698508113e-03,1.562025231495134045e-02,-7.138252314951239880e-03
4.599999999999999922e-03,1.573126000000000024e+00,1.564527000000000001e+00,8.599000000000023292e-03,2.718671687017393257e-03,8.606989599654030210e-03,-7.989599654006918072e-06,-2.719023978826229371e-03,1.573077726730570322e-02,-7.131777267305679929e-03
4.700000000000000185e-03,1.573245999999999922e+00,1.564527000000000001e+00,8.718999999999921258e-03,2.838151540018679642e-03,8.726293074336892094e-03,-7.293074336970836735e-06,-2.838535479002340933e-03,1.584373137490497491e-02,-7.124731374905053649e-03
4.799999999999999580e-03,1.573368000000000100e+00,1.564527199999999896e+00,8.840800000000204051e-03,2.960200149223740640e-03,8.848161513011654211e-03,-7.361513011450160349e-06,-2.960617821825189955e-03,1.595911467894535474e-02,-7.118314678945150686e-03
4.899999999999999842e-03,1.573493000000000031e+00,1.564527599999999907e+00,8.965400000000123271e-03,3.084817469639150600e-03,8.972594870751310001e-03,-7.194870751186729918e-06,-3.085271051939481035e-03,1.607692722161174412e-02,-7.111527221611620847e-03
5.000000000000000104e-03,1.573620000000000019e+00,1.564527999999999919e+00,9.092000000000100002e-03,3.212003457317702537e-03,9.099593103673534605e-03,-7.593103673434603573e-06,-3.212495215036303975e-03,1.619716904607778479e-02,-7.105169046077684791e-03
5.100000000000000366e-03,1.573749999999999982e+00,1.564527999999999919e+00,9.222000000000063480e-03,3.341758063429234316e-03,9.229156163020254058e-03,-7.156163020190578483e-06,-3.342290358550686902e-03,1.631984019716497050e-02,-7.097840197164907022e-03
5.199999999999999761e-03,1.573882000000000003e+00,1.564527999999999919e+00,9.354000000000084469e-03,3.474081242282739401e-03,9.361284003167911344e-03,-7.284003167826874625e-06,-3.474656529568853625e-03,1.644494071936520793e-02,-7.090940719365123462e-03
5.300000000000000024e-03,1.574016999999999999e+00,1.564528200000000036e+00,9.488799999999963930e-03,3.608972944001614946e-03,9.495976574313535687e-03,-7.176574313571756902e-06,-3.609593776920938524e-03,1.657247065881822107e-02,-7.083670658818257138e-03
5.400000000000000286e-03,1.574154999999999971e+00,1.564528600000000047e+00,9.626399999999923907e-03,3.746433118709369126e-03,9.633233826654270804e-03,-6.833826654346897289e-06,-3.747102150134684617e-03,1.670243006232291841e-02,-7.076030062322994502e-03
5.499999999999999681e-03,1.574295000000000000e+00,1.564529000000000059e+00,9.765999999999941394e-03,3.886461717227063239e-03,9.773055711083776173e-03,-7.055711083834778630e-06,-3.887181699784192368e-03,1.683481897766691063e-02,-7.068818977666969233e-03
5.599999999999999943e-03,1.574437000000000086e+00,1.564529400000000070e+00,9.907600000000016394e-03,4.029058686887881935e-03,9.915442175012990217e-03,-7.842175012973823245e-06,-4.029832477489919684e-03,1.696963745362651058e-02,-7.062037453626494182e-03
5.700000000000000205e-03,1.574583000000000066e+00,1.564529800000000082e+00,1.005319999999998437e-02,4.174223976071367304e-03,1.006039316689765796e-02,-7.193166897673589077e-06,-4.175054535569849845e-03,1.710688553963713235e-02,-7.053685539637147978e-03
5.799999999999999600e-03,1.574729999999999963e+00,1.564530199999999871e+00,1.019980000000009213e-02,4.321957531064374303e-03,1.020790863310393551e-02,-8.108633103843382317e-06,-4.322847927388434597e-03,1.724656328612298589e-02,-7.046763286122893766e-03
5.899999999999999863e-03,1.574880999999999975e+00,1.564530599999999882e+00,1.035040000000009286e-02,4.472259298153674623e-03,1.035798851999788529e-02,-7.588519997792433913e-06,-4.473212707705204183e-03,1.738867074482651834e-02,-7.038270744826425479e-03
6.000000000000000125e-03,1.575034000000000045e+00,1.564530999999999894e+00,1.050300000000015110e-02,4.625129221533408330e-03,1.051063277185603634e-02,-7.632771855885234213e-06,-4.626148930930829017e-03,1.753320796716051691e-02,-7.030207967160365806e-03
6.100000000000000387e-03,1.575188999999999950e+00,1.564530999999999894e+00,1.065800000000005632e-02,4.780567245397659981e-03,1.066584133295485522e-02,-7.841332954798899135e-06,-4.781656653917665256e-03,1.768017500684493370e-02,-7.022175006844877387e-03
6.199999999999999782e-03,1.575347000000000053e+00,1.564530999999999894e+00,1.081600000000015882e-02,4.938573312545407878e-03,1.082361414617777004e-02,-7.614146177611219590e-06,-4.939735933517902522e-03,1.782957191759956470e-02,-7.013571917599405875e-03
6.300000000000000044e-03,1.575507999999999909e+00,1.564531200000000011e+00,1.097679999999989775e-02,5.099147365078021688e-03,1.098395115371162030e-02,-7.151153711722549322e-06,-5.100386827978975468e-03,1.798139875446257141e-02,-7.004598754462673660e-03
6.400000000000000307e-03,1.575671000000000044e+00,1.564531600000000022e+00,1.113940000000002151e-02,5.262289343701764821e-03,1.114685229635020529e-02,-7.452296350183781892e-06,-5.263609396594592926e-03,1.813565557346074816e-02,-6.996255573460726657e-03
6.499999999999999702e-03,1.575836999999999932e+00,1.564532000000000034e+00,1.130499999999989846e-02,5.427999188425236543e-03,1.131231751419068884e-02,-7.317514190790380679e-06,-5.429403698658630262e-03,1.829234243062104887e-02,-6.987342430621150402e-03
6.599999999999999964e-03,1.576005000000000100e+00,1.564532400000000045e+00,1.147260000000005498e-02,5.596276838908342821e-03,1.148034674698205672e-02,-7.746746982001742610e-06,-5.597769795557483441e-03,1.845145938394764096e-02,-6.978859383947585981e-03
6.700000000000000226e-03,1.576176000000000021e+00,1.564532800000000057e+00,1.164319999999996469e-02,5.767122233067023540e-03,1.165093993273190118e-02,-7.739932731936488564e-06,-5.768707749723989142e-03,1.861300649243349467e-02,-6.969806492433529982e-03
6.799999999999999621e-03,1.576349999999999918e+00,1.564533200000000068e+00,1.181679999999984965e-02,5.940535309166050659e-03,1.182409700979613482e-02,-7.297009796285169880e-06,-5.942217622544709865e-03,1.877698381408294745e-02,-6.960183814083097803e-03
6.899999999999999883e-03,1.576526000000000094e+00,1.564533600000000080e+00,1.199240000000001416e-02,6.116516001633431898e-03,1.199981791269956639e-02,-7.417912699552234312e-06,-6.118299479591526868e-03,1.894339141085504483e-02,-6.950991410855030667e-03
7.000000000000000146e-03,1.576705000000000023e+00,1.564534000000000091e+00,1.217099999999993187e-02,6.295064246292447763e-03,1.217810257736022007e-02,-7.102577360288200858e-06,-6.296953383994885467e-03,1.911222934240193114e-02,-6.941229342401999264e-03
7.100000000000000408e-03,1.576886000000000010e+00,1.564534400000000103e+00,1.235159999999990710e-02,6.476179978966267736e-03,1.235895093969600726e-02,-7.350939696100164400e-06,-6.478179402372996609e-03,1.928349767167133674e-02,-6.931897671671429645e-03
7.199999999999999803e-03,1.577069999999999972e+00,1.564534800000000114e+00,1.253519999999985757e-02,6.659863131292631522e-03,1.254236293144559214e-02,-7.162931445734571634e-06,-6.661977600995461213e-03,1.945719646128159577e-02,-6.921996461281738205e-03
7.300000000000000065e-03,1.577255999999999991e+00,1.564535199999999904e+00,1.272080000000008759e-02,6.846113638048545447e-03,1.272833848748226686e-02,-7.538487482179265231e-06,-6.848348047875651989e-03,1.963332577549873129e-02,-6.912525775498643693e-03
7.400000000000000328e-03,1.577444999999999986e+00,1.564535599999999915e+00,1.290940000000007082e-02,7.034931428430091227e-03,1.291687753710664063e-02,-7.477537106569814851e-06,-7.037290811027052673e-03,1.981188567858888083e-02,-6.902485678588810014e-03
7.499999999999999722e-03,1.577636000000000038e+00,1.564535999999999927e+00,1.310000000000011156e-02,7.226316435121560300e-03,1.310798001310238027e-02,-7.980013102268715408e-06,-7.228805959858197738e-03,1.999287623613636017e-02,-6.892876236136248613e-03
7.599999999999999985e-03,1.577830000000000066e+00,1.564536399999999938e+00,1.329360000000012754e-02,7.420268586272760203e-03,1.330164584372536644e-02,-8.045843725238907562e-06,-7.422893565172838937e-03,2.017629751504383326e-02,-6.882697515043705722e-03
7.700000000000000247e-03,1.578027000000000069e+00,1.564536799999999950e+00,1.349020000000011876e-02,7.616787811777658845e-03,1.349787495897306414e-02,-7.674958972945372659e-06,-7.619553698123449070e-03,2.036214958254347479e-02,-6.871949582543356028e-03
7.799999999999999642e-03,1.578225999999999907e+00,1.564537199999999961e+00,1.368879999999994546e-02,7.815874038739623053e-03,1.369666728605645374e-02,-7.867286056508285275e-06,-7.818786430908997165e-03,2.055043250685628653e-02,-6.861632506856341074e-03
7.900000000000000772e-03,1.578427999999999942e+00,1.564537599999999973e+00,1.389039999999996944e-02,8.017527194262352719e-03,1.389802275218685219e-02,-7.622752186882755798e-06,-8.020591837123502987e-03,2.074114635752147273e-02,-6.850746357521503294e-03
8.000000000000000167e-03,1.578632000000000035e+00,1.564537999999999984e+00,1.409400000000005093e-02,8.221747204751772564e-03,1.410194128387883168e-02,-7.941283878780749927e-06,-8.224969990360875283e-03,2.093429120407811969e-02,-6.840291204078068760e-03
8.099999999999999561e-03,1.578839000000000103e+00,1.564538399999999996e+00,1.430060000000010767e-02,8.428533995218645547e-03,1.430842280625385654e-02,-7.822806253748870731e-06,-8.431920966656791805e-03,2.112986711837255491e-02,-6.829267118372447237e-03
8.200000000000000691e-03,1.579048999999999925e+00,1.564538800000000007e+00,1.451019999999991761e-02,8.637887488581186268e-03,1.451746724234393750e-02,-7.267242344019889111e-06,-8.641444841000267552e-03,2.132787417126210880e-02,-6.817674171262191191e-03
8.300000000000000086e-03,1.579261000000000026e+00,1.564539200000000019e+00,1.472180000000000710e-02,8.849807609850213197e-03,1.472907451727059960e-02,-7.274517270592500973e-06,-8.853541691519695167e-03,2.152831243657051669e-02,-6.806512436570509583e-03
8.399999999999999481e-03,1.579474999999999962e+00,1.564539600000000030e+00,1.493539999999993206e-02,9.064294279502227436e-03,1.494324455162774311e-02,-7.844551627811044425e-06,-9.068211595296915561e-03,2.173118198713263130e-02,-6.795781987132699237e-03
8.500000000000000611e-03,1.579693000000000014e+00,1.564540000000000042e+00,1.515299999999997205e-02,9.281347419409058386e-03,1.515997726740253397e-02,-6.977267402561923570e-06,-9.285454631855316610e-03,2.193648289809032106e-02,-6.783482898090349017e-03
8.600000000000000006e-03,1.579911999999999983e+00,1.564540400000000053e+00,1.537159999999992976e-02,9.500966950396094735e-03,1.537927258553724828e-02,-7.672585537318518667e-06,-9.505270881067173772e-03,2.214421524491512819e-02,-6.772615244915198424e-03
8.699999999999999400e-03,1.580135000000000067e+00,1.564540800000000065e+00,1.559420000000000250e-02,9.723152790847122695e-03,1.560113042453615921e-02,-6.930424536156706838e-06,-9.727660423153317026e-03,2.235437910340793560e-02,-6.760179103407933099e-03
8.800000000000000530e-03,1.580359000000000069e+00,1.564541200000000076e+00,1.581779999999999298e-02,9.947904860541256777e-03,1.582555070429681257e-02,-7.750704296819593830e-06,-9.952623340427568799e-03,2.256697455134730815e-02,-6.749174551347315171e-03
8.899999999999999925e-03,1.580586999999999964e+00,1.564541600000000088e+00,1.604539999999987643e-02,1.017522307542090276e-02,1.605253334088570238e-02,-7.133340885825956157e-06,-1.018015971590108260e-02,2.278200166717071415e-02,-6.736601667170837721e-03
8.999999999999999320e-03,1.580816999999999917e+00,1.564542000000000099e+00,1.627499999999981739e-02,1.040510735282340615e-02,1.628207825176221021e-02,-7.078251762392823165e-06,-1.041026963223645740e-02,2.299946052898628468e-02,-6.724460528986467289e-03
9.100000000000000450e-03,1.581050000000000066e+00,1.564542400000000111e+00,1.650759999999995564e-02,1.063755760834250719e-02,1.651418535264468149e-02,-6.585352644725844806e-06,-1.064295317523511475e-02,2.321935121786801448e-02,-6.711751217868058839e-03
9.199999999999999845e-03,1.581285000000000052e+00,1.564542800000000122e+00,1.674219999999992936e-02,1.087257375652539437e-02,1.674885455820646421e-02,-6.654558206534849640e-06,-1.087821042930370297e-02,2.344167381357198723e-02,-6.699473813572057873e-03
9.299999999999999239e-03,1.581522000000000094e+00,1.564543199999999912e+00,1.697880000000018264e-02,1.111015571191931173e-02,1.698608578312094802e-02,-7.285783120765387810e-06,-1.111604148198752640e-02,2.366642839882000457e-02,-6.687628398819821934e-03
9.400000000000000369e-03,1.581763000000000030e+00,1.564543599999999923e+00,1.721940000000010684e-02,1.135030338628106872e-02,1.722587893927521666e-02,-6.478939275109812934e-06,-1.135644641978583724e-02,2.389361505534545391e-02,-6.674215055345347064e-03
9.499999999999999764e-03,1.582006000000000023e+00,1.564543999999999935e+00,1.746200000000008856e-02,1.159301669101886478e-02,1.746823393820825729e-02,-6.233938208168726680e-06,-1.159942533198798920e-02,2.412323386751809989e-02,-6.661233867518011331e-03
9.599999999999999159e-03,1.582251000000000074e+00,1.564544399999999946e+00,1.770660000000012779e-02,1.183829553858728456e-02,1.771315069250389146e-02,-6.550692503763666519e-06,-1.184497830753450387e-02,2.435528491937808890e-02,-6.648684919377961106e-03
9.700000000000000289e-03,1.582499000000000100e+00,1.564544799999999958e+00,1.795420000000014227e-02,1.208613983830153504e-02,1.796062911161120865e-02,-6.429111611066379295e-06,-1.209310543676156424e-02,2.458976829628433183e-02,-6.635568296284189566e-03
9.799999999999999684e-03,1.582748999999999961e+00,1.564545400000000086e+00,1.820359999999987544e-02,1.233654949843099313e-02,1.821066910393500174e-02,-7.069103935126302973e-06,-1.234380681105096134e-02,2.482668408458374096e-02,-6.623084084583865522e-03
9.900000000000000813e-03,1.583002999999999938e+00,1.564546199999999887e+00,1.845680000000005094e-02,1.258952442898852997e-02,1.846327057962099394e-02,-6.470579620942995547e-06,-1.259708252213376234e-02,2.506603237095326314e-02,-6.609232370953212199e-03
1.000000000000000021e-02,1.583258000000000054e+00,1.564546999999999910e+00,1.871100000000014418e-02,1.284506453475509069e-02,1.871843344359069503e-02,-7.433443590550842250e-06,-1.285293266418230385e-02,2.530781324437659727e-02,-6.596813244376453084e-03
1.009999999999999960e-02,1.583517000000000063e+00,1.564547399999999922e+00,1.896960000000014190e-02,1.310316972295366700e-02,1.897615760320406353e-02,-6.557603203921624768e-06,-1.311135732997414927e-02,2.555202679251953116e-02,-6.582426792519389253e-03
1.020000000000000073e-02,1.583776999999999990e+00,1.564547799999999933e+00,1.922920000000005736e-02,1.336383989871414713e-02,1.923644296373104579e-02,-7.242963730988427606e-06,-1.337235661577429457e-02,2.579867310634312294e-02,-6.569473106343065583e-03
1.030000000000000013e-02,1.584041000000000032e+00,1.564548199999999945e+00,1.949280000000008783e-02,1.362707496716641931e-02,1.949928943044158119e-02,-6.489430441493360124e-06,-1.363593061680157259e-02,2.604775227581992286e-02,-6.554952275819835028e-03
1.039999999999999952e-02,1.584306999999999910e+00,1.564548599999999956e+00,1.975839999999995378e-02,1.389287483134804546e-02,1.976469690651637412e-02,-6.296906516420341937e-06,-1.390207943036747551e-02,2.629926439289982654e-02,-6.540864392899872759e-03
1.050000000000000065e-02,1.584575000000000067e+00,1.564548999999999968e+00,2.002600000000009928e-02,1.416123939359814621e-02,2.003266529443872845e-02,-6.665294438629176810e-06,-1.417080315413243863e-02,2.655320954986245541e-02,-6.527209549862356130e-03
1.060000000000000005e-02,1.584845999999999977e+00,1.564549799999999991e+00,2.029619999999998647e-02,1.443216855451301406e-02,2.030319449495167697e-02,-6.994494951690494178e-06,-1.444210188715178145e-02,2.680958784030546341e-02,-6.513387840305476933e-03
1.069999999999999944e-02,1.585120000000000084e+00,1.564550600000000014e+00,2.056940000000007096e-02,1.470566221573454957e-02,2.057628440984232698e-02,-6.884409842256022927e-06,-1.471597572952743072e-02,2.706839935881543563e-02,-6.498999358815364669e-03
1.080000000000000057e-02,1.585396000000000027e+00,1.564551199999999920e+00,2.084480000000010769e-02,1.498172027681210494e-02,2.085193493880832527e-02,-7.134938808217583528e-06,-1.499242478101248111e-02,2.732964419964935623e-02,-6.484844199649248547e-03
1.089999999999999997e-02,1.585674999999999946e+00,1.564551599999999931e+00,2.112340000000001439e-02,1.526034263589992612e-02,2.113014598015426973e-02,-6.745980154255343253e-06,-1.527144914415001775e-02,2.759332245970047212e-02,-6.469922459700457734e-03
1.099999999999999936e-02,1.585955999999999921e+00,1.564551999999999943e+00,2.140399999999997860e-02,1.554152919219864426e-02,2.141091743322959956e-02,-6.917433229620961743e-06,-1.555304892113473780e-02,2.785943423553284212e-02,-6.455434235532863524e-03
1.110000000000000049e-02,1.586240000000000094e+00,1.564552399999999954e+00,2.168760000000014010e-02,1.582527984072334970e-02,2.169424919320439571e-02,-6.649193204255610112e-06,-1.583722421660282986e-02,2.812797962601749219e-02,-6.440379626017352088e-03
1.119999999999999989e-02,1.586527000000000021e+00,1.564552799999999966e+00,2.197420000000005480e-02,1.611159447788457211e-02,2.198014115664211066e-02,-5.941156642055855919e-06,-1.612397513379504321e-02,2.839895872870689883e-02,-6.424758728706844030e-03
1.129999999999999928e-02,1.586816000000000004e+00,1.564553400000000094e+00,2.226259999999991024e-02,1.640047299974356498e-02,2.226859321975744460e-02,-5.993219757534362646e-06,-1.641330177839372961e-02,2.867237164346061323e-02,-6.409771643460702994e-03
1.140000000000000041e-02,1.587107000000000046e+00,1.564554199999999895e+00,2.255280000000015050e-02,1.669191529922287032e-02,2.255960527563101795e-02,-6.805275630867441139e-06,-1.670520425747679116e-02,2.894821847145684357e-02,-6.395418471456693066e-03
1.149999999999999981e-02,1.587401000000000062e+00,1.564554999999999918e+00,2.284600000000014397e-02,1.698592126889619802e-02,2.285317721699512555e-02,-7.177216994981583387e-06,-1.699968267812135281e-02,2.922649931387306943e-02,-6.380499313872925460e-03
1.159999999999999920e-02,1.587698000000000054e+00,1.564555399999999930e+00,2.314260000000012418e-02,1.728249080133703597e-02,2.314930893658185065e-02,-6.708936581726471227e-06,-1.729673714845159083e-02,2.950721427287612483e-02,-6.364614272876000650e-03
1.170000000000000033e-02,1.587997000000000103e+00,1.564555799999999941e+00,2.344120000000016191e-02,1.758162378911920509e-02,2.344800032712360954e-02,-6.800327123447635902e-06,-1.759636777833528676e-02,2.979036345228039048e-02,-6.349163452280228576e-03
1.179999999999999973e-02,1.588298999999999905e+00,1.564556400000000069e+00,2.374259999999983606e-02,1.788332012097959556e-02,2.374925127752154294e-02,-6.651277521706883133e-06,-1.789857467764033316e-02,3.007594695590034076e-02,-6.333346955900504699e-03
1.190000000000000085e-02,1.588603999999999905e+00,1.564557199999999870e+00,2.404680000000003481e-02,1.818757968635287270e-02,2.405306167737354325e-02,-6.261677373508439670e-06,-1.820335795728100781e-02,3.036396488853919384e-02,-6.317164888539159029e-03
1.200000000000000025e-02,1.588910999999999962e+00,1.564557999999999893e+00,2.435300000000006904e-02,1.849440237467347981e-02,2.435943141627727737e-02,-6.431416277208334975e-06,-1.851071773026402578e-02,3.065441735697730860e-02,-6.301417356977239564e-03
1.209999999999999964e-02,1.589220000000000077e+00,1.564558399999999905e+00,2.466160000000017227e-02,1.880378807223703763e-02,2.466836038069623177e-02,-6.760380696059498096e-06,-1.882065410889899315e-02,3.094730446733634857e-02,-6.285704467336176299e-03
1.220000000000000077e-02,1.589531999999999945e+00,1.564558799999999916e+00,2.497320000000002871e-02,1.911573666568766594e-02,2.497984845744187152e-02,-6.648457441842808846e-06,-1.913316720723912123e-02,3.124262632738551357e-02,-6.269426327385484859e-03
1.230000000000000017e-02,1.589847000000000010e+00,1.564559400000000045e+00,2.528759999999996566e-02,1.943024804027471131e-02,2.529389553193293894e-02,-6.295531932973275069e-06,-1.944825714108167070e-02,3.154038304654196295e-02,-6.252783046541997292e-03
1.239999999999999956e-02,1.590163999999999911e+00,1.564560200000000068e+00,2.560379999999984335e-02,1.974732208194451832e-02,2.561050149028416476e-02,-6.701490284321404145e-06,-1.976592402587495911e-02,3.184057473389313025e-02,-6.236774733893286904e-03
1.250000000000000069e-02,1.590484000000000009e+00,1.564561000000000091e+00,2.592299999999991833e-02,2.006695867315633208e-02,2.592966621512831152e-02,-6.666215128393188083e-06,-2.008616797811402233e-02,3.214320149951550853e-02,-6.220201499515590204e-03
1.260000000000000009e-02,1.590807000000000082e+00,1.564561400000000102e+00,2.624559999999998006e-02,2.038915769811255885e-02,2.625138959083873555e-02,-5.789590838755492852e-06,-2.040898911603750143e-02,3.244826345513312366e-02,-6.202663455133143600e-03
1.269999999999999948e-02,1.591131000000000073e+00,1.564561800000000114e+00,2.656919999999995952e-02,2.071391903752850538e-02,2.657567149830684233e-02,-6.471498306882816909e-06,-2.073438755893031171e-02,3.275576071345861345e-02,-6.186560713458653937e-03
1.280000000000000061e-02,1.591458999999999957e+00,1.564562400000000020e+00,2.689659999999993722e-02,2.104124257142103716e-02,2.690251181772662648e-02,-5.911817726689250208e-06,-2.106236342572898046e-02,3.306569338687545545e-02,-6.169093386875518226e-03
1.290000000000000001e-02,1.591788999999999898e+00,1.564563200000000043e+00,2.722579999999985567e-02,2.137112818155162408e-02,2.723191043103411618e-02,-6.110431034260510597e-06,-2.139291683816013645e-02,3.337806159040346971e-02,-6.152261590403614033e-03
1.299999999999999940e-02,1.592122000000000037e+00,1.564564000000000066e+00,2.755799999999997141e-02,2.170357574689130153e-02,2.756386721737901294e-02,-5.867217379041528291e-06,-2.172604791655508016e-02,3.369286543774405174e-02,-6.134865437744080330e-03
1.310000000000000053e-02,1.592457000000000011e+00,1.564564800000000089e+00,2.789219999999992261e-02,2.203858514362089238e-02,2.789838205312493435e-02,-6.182053125011743866e-06,-2.206175678473343282e-02,3.401010504589469657e-02,-6.117905045894773963e-03
1.319999999999999993e-02,1.592794999999999961e+00,1.564565599999999890e+00,2.822940000000007110e-02,2.237615625036215583e-02,2.823545481707282617e-02,-6.054817072755069862e-06,-2.240004356511904327e-02,3.432978053053405143e-02,-6.100380530533980328e-03
1.329999999999999932e-02,1.593134999999999968e+00,1.564566200000000018e+00,2.856879999999994979e-02,2.271628894259802856e-02,2.857508538488945371e-02,-6.285384889503919936e-06,-2.274090838362408107e-02,3.465189201063687691e-02,-6.083092010636927116e-03
1.340000000000000045e-02,1.593477999999999950e+00,1.564566600000000030e+00,2.891139999999992050e-02,2.305898309616138953e-02,2.891727363259099723e-02,-5.873632591076732856e-06,-2.308435136441655544e-02,3.497643960352986997e-02,-6.065039603529949475e-03
1.349999999999999985e-02,1.593822999999999990e+00,1.564567000000000041e+00,2.925599999999994871e-02,2.340423858548801306e-02,2.926201943479859666e-02,-6.019434798647943508e-06,-2.343037263515301838e-02,3.530342342983606996e-02,-6.047423429836121245e-03
1.359999999999999924e-02,1.594171000000000005e+00,1.564567800000000064e+00,2.960319999999994067e-02,2.375205528396828747e-02,2.960932266508956023e-02,-6.122665089619561130e-06,-2.377897232209358336e-02,3.563284360885901614e-02,-6.029643608859075465e-03
1.370000000000000037e-02,1.594521999999999995e+00,1.564568600000000087e+00,2.995339999999990788e-02,2.410243306324932888e-02,2.995918319530048099e-02,-5.783195300573112929e-06,-2.413015055428968658e-02,3.596470026253976299e-02,-6.011300262539855110e-03
1.379999999999999977e-02,1.594875000000000043e+00,1.564569400000000110e+00,3.030559999999993259e-02,2.445537179602341737e-02,3.031160089831158588e-02,-6.000898311653291017e-06,-2.448390746044371014e-02,3.629899351248956629e-02,-5.993393512489633701e-03
1.389999999999999916e-02,1.595231000000000066e+00,1.564570199999999911e+00,3.066080000000015460e-02,2.481087135149584455e-02,3.066657564352125165e-02,-5.775643521097051369e-06,-2.484024317169941654e-02,3.663572348262652406e-02,-5.974923482626369464e-03
1.400000000000000029e-02,1.595588999999999924e+00,1.564570999999999934e+00,3.101799999999999002e-02,2.516893160096400628e-02,3.102410730241688536e-02,-6.107302416895332708e-06,-2.519915781815429412e-02,3.697489029588012927e-02,-5.956890295880139241e-03
1.409999999999999969e-02,1.595949999999999980e+00,1.564571399999999946e+00,3.137860000000003424e-02,2.552955241188858970e-02,3.138419574265483014e-02,-5.595742654795898829e-06,-2.556065153269648782e-02,3.731649407781675171e-02,-5.937894077816717464e-03
1.420000000000000082e-02,1.596313000000000093e+00,1.564571799999999957e+00,3.174120000000013597e-02,2.589273365242883429e-02,3.174684083258896145e-02,-5.640832588825472893e-06,-2.592472444856208647e-02,3.766053495433155374e-02,-5.919334954331417764e-03
1.430000000000000021e-02,1.596678999999999959e+00,1.564572400000000085e+00,3.210659999999987413e-02,2.625847518934776303e-02,3.211204243917900603e-02,-5.442439179131897120e-06,-2.629137669898784502e-02,3.800701305132031527e-02,-5.900413051320441138e-03
1.439999999999999961e-02,1.597048000000000023e+00,1.564573199999999886e+00,3.247480000000013689e-02,2.662677688871140091e-02,3.247980042868870570e-02,-5.000428688568814284e-06,-2.666060842000073094e-02,3.835592849731530446e-02,-5.881128497315167569e-03
1.450000000000000074e-02,1.597418999999999922e+00,1.564573999999999909e+00,3.284500000000001307e-02,2.699763861553883260e-02,3.285011466633640936e-02,-5.114666336396289648e-06,-2.703241974692982552e-02,3.870728142018934476e-02,-5.862281420189331682e-03
1.460000000000000013e-02,1.597792000000000101e+00,1.564574799999999932e+00,3.321720000000016881e-02,2.737106023380375674e-02,3.322298501629664114e-02,-5.785016296472322850e-06,-2.740681081615092829e-02,3.906107194880432260e-02,-5.843871948804153782e-03
1.469999999999999953e-02,1.598168000000000033e+00,1.564575599999999955e+00,3.359240000000007775e-02,2.774704160713015177e-02,3.359841134239470450e-02,-6.011342394626750796e-06,-2.778378176717888337e-02,3.941730021498819625e-02,-5.824900214988118496e-03
1.480000000000000066e-02,1.598546999999999940e+00,1.564576399999999978e+00,3.397059999999996194e-02,2.812558259635222768e-02,3.397639350567026317e-02,-5.793505670301235533e-06,-2.816333273708671037e-02,3.977596634826165156e-02,-5.805366348261689624e-03
1.490000000000000005e-02,1.598929000000000045e+00,1.564577200000000001e+00,3.435180000000004341e-02,2.850668306404791075e-02,3.435693136890410199e-02,-5.131368904058575264e-06,-2.854546386678435965e-02,4.013707048177089093e-02,-5.785270481770847517e-03
1.499999999999999944e-02,1.599312000000000067e+00,1.564578000000000024e+00,3.473400000000004262e-02,2.889034287035374682e-02,3.474002479243925440e-02,-6.024792439211779094e-06,-2.893017529648433950e-02,4.050061274800311611e-02,-5.766612748003073496e-03
1.510000000000000057e-02,1.599698999999999982e+00,1.564578800000000047e+00,3.512019999999993480e-02,2.927656187401073140e-02,3.512567363522526437e-02,-5.473635225329565035e-06,-2.931746716849148449e-02,4.086659328142256548e-02,-5.746393281422630672e-03
1.519999999999999997e-02,1.600087999999999955e+00,1.564579600000000070e+00,3.550839999999988450e-02,2.966533993376074818e-02,3.551387775621252935e-02,-5.477756212644846467e-06,-2.970733962441318710e-02,4.123501221583444898e-02,-5.726612215834564479e-03
1.529999999999999936e-02,1.600478999999999985e+00,1.564580400000000093e+00,3.589859999999989171e-02,3.005667690694946437e-02,3.590463701295733973e-02,-6.037012957448018025e-06,-3.009979280864749640e-02,4.160586968768090893e-02,-5.707269687681017223e-03
1.540000000000000049e-02,1.600872999999999990e+00,1.564581199999999894e+00,3.629180000000009620e-02,3.045057265092321330e-02,3.629795126301660346e-02,-6.151263016507257930e-06,-3.049482686559179534e-02,4.197916583340341456e-02,-5.687365833403318360e-03
1.549999999999999989e-02,1.601269999999999971e+00,1.564581999999999917e+00,3.668800000000005390e-02,3.084702702023811582e-02,3.669382036116117241e-02,-5.820361161118503546e-06,-3.089244194103946128e-02,4.235490079076256048e-02,-5.666900790762506579e-03
1.559999999999999928e-02,1.601669000000000009e+00,1.564582799999999940e+00,3.708620000000006911e-02,3.124603987049612286e-02,3.709224416320616724e-02,-6.044163206098129848e-06,-3.129263818078276138e-02,4.273307469751785187e-02,-5.646874697517782760e-03
1.569999999999999868e-02,1.602071000000000023e+00,1.564583599999999963e+00,3.748740000000005956e-02,3.164761105555546905e-02,3.749322252322556670e-02,-5.822523225507136857e-06,-3.169541573270784340e-02,4.311368769340734319e-02,-5.626287693407283630e-03
1.580000000000000154e-02,1.602476000000000012e+00,1.564584399999999986e+00,3.789160000000002526e-02,3.205174042683345270e-02,3.789675529285602140e-02,-5.155292855996140844e-06,-3.210077474504902106e-02,4.349673991849803412e-02,-5.605139918498008855e-03
1.590000000000000094e-02,1.602881999999999918e+00,1.564585200000000009e+00,3.829679999999990869e-02,3.245842783853669644e-02,3.830284232651938459e-02,-6.042326519475893498e-06,-3.250871536708688225e-02,4.388223151384558485e-02,-5.585431513845676155e-03
1.600000000000000033e-02,1.603291999999999939e+00,1.564586000000000032e+00,3.870599999999990715e-02,3.286767313964067405e-02,3.871148347341409057e-02,-5.483473414183426264e-06,-3.291923774949734316e-02,4.427016262182408707e-02,-5.564162621824179922e-03
1.609999999999999973e-02,1.603704000000000018e+00,1.564586800000000055e+00,3.911719999999996311e-02,3.327947618121340767e-02,3.912267858482801342e-02,-5.478584828050303557e-06,-3.333234204295676406e-02,4.466053338480806267e-02,-5.543333384808099562e-03
1.619999999999999912e-02,1.604119000000000073e+00,1.564587600000000078e+00,3.953139999999999432e-02,3.369383681188153901e-02,3.953642750961128272e-02,-5.027509611288394353e-06,-3.374802839988433334e-02,4.505334394681882043e-02,-5.521943946818826110e-03
1.629999999999999852e-02,1.604535999999999962e+00,1.564588400000000101e+00,3.994759999999986100e-02,3.411075487957337948e-02,3.995273009591669700e-02,-5.130095916835997194e-06,-3.416629697374684582e-02,4.544859445286757865e-02,-5.500994452867717655e-03
1.640000000000000138e-02,1.604954999999999909e+00,1.564589199999999902e+00,4.036580000000000723e-02,3.453023023256762691e-02,4.037158619224694156e-02,-5.786192246934329653e-06,-3.458714791870765026e-02,4.584628504862370973e-02,-5.480485048623702504e-03
1.650000000000000078e-02,1.605377999999999972e+00,1.564589999999999925e+00,4.078800000000004644e-02,3.495226271669960028e-02,4.079299564466493111e-02,-4.995644664884668629e-06,-3.501058138893098359e-02,4.624641587975743262e-02,-5.458415879757386180e-03
1.660000000000000017e-02,1.605801999999999952e+00,1.564590799999999948e+00,4.121120000000000339e-02,3.537685217710850871e-02,4.121695829853848358e-02,-5.758298538480199902e-06,-3.543659754171923915e-02,4.664898709490423317e-02,-5.437787094904229790e-03
1.669999999999999957e-02,1.606230000000000047e+00,1.564591599999999971e+00,4.163840000000007535e-02,3.580399845858384111e-02,4.164347399888623791e-02,-5.073998886162556232e-06,-3.586519653298037014e-02,4.705399884138196376e-02,-5.415598841381888406e-03
1.679999999999999896e-02,1.606659999999999977e+00,1.564592399999999994e+00,4.206759999999998278e-02,3.623370140452064625e-02,4.207254258933441904e-02,-4.942589334436253701e-06,-3.629637852106393225e-02,4.746145126881556875e-02,-5.393851268815585964e-03
1.689999999999999836e-02,1.607091999999999965e+00,1.564593200000000017e+00,4.249879999999994773e-02,3.666596085796469673e-02,4.250416391316051701e-02,-5.363913160569278027e-06,-3.673014366536464514e-02,4.787134452781756366e-02,-5.372544527817615934e-03
1.700000000000000122e-02,1.607526999999999928e+00,1.564594000000000040e+00,4.293299999999988792e-02,3.710077665986899476e-02,4.293833781155233231e-02,-5.337811552444393648e-06,-3.716649212493017274e-02,4.828367876867253189e-02,-5.350678768672643970e-03
1.710000000000000062e-02,1.607965000000000089e+00,1.564594800000000063e+00,4.337020000000002540e-02,3.753814865083837660e-02,4.337506412535001299e-02,-4.864125349987591385e-06,-3.760542406124867121e-02,4.869845414397109412e-02,-5.328254143971068724e-03
1.720000000000000001e-02,1.608405000000000085e+00,1.564595600000000086e+00,4.380939999999999834e-02,3.797807667182540037e-02,4.381434269574091545e-02,-4.942695740917102398e-06,-3.804693963580807470e-02,4.911567080630364207e-02,-5.306270806303643728e-03
1.729999999999999941e-02,1.608848000000000056e+00,1.564596400000000109e+00,4.425159999999994653e-02,3.842056056134235398e-02,4.425617336147572717e-02,-4.573361475780635121e-06,-3.849103901114303561e-02,4.953532890924963739e-02,-5.283728909249690853e-03
1.739999999999999880e-02,1.609293000000000085e+00,1.564597199999999910e+00,4.469580000000017428e-02,3.886560015615692087e-02,4.470055595956311245e-02,-4.755959562938172347e-06,-3.893772235118375669e-02,4.995742860770718136e-02,-5.261628607707007077e-03
1.750000000000000167e-02,1.609741000000000088e+00,1.564597999999999933e+00,4.514300000000015523e-02,3.931319529408261459e-02,4.514749032805601830e-02,-4.490328055863079815e-06,-3.938698982090649281e-02,5.038197005756279989e-02,-5.238970057562644667e-03
1.760000000000000106e-02,1.610190999999999928e+00,1.564598799999999956e+00,4.559219999999997164e-02,3.976334581188800676e-02,4.559697630396399026e-02,-4.776303964018624448e-06,-3.983884158528683272e-02,5.080895341470239440e-02,-5.216753414702422764e-03
1.770000000000000046e-02,1.610643999999999965e+00,1.564599599999999979e+00,4.604439999999998534e-02,4.021605154389873427e-02,4.604901372185724734e-02,-4.613721857261998682e-06,-4.029327781104563577e-02,5.123837883666097076e-02,-5.193978836660985421e-03
1.779999999999999985e-02,1.611099999999999977e+00,1.564600599999999897e+00,4.649940000000007956e-02,4.067131232479037628e-02,4.650360241665543737e-02,-4.202416655357810171e-06,-4.075029866629753528e-02,5.167024648229052303e-02,-5.170846482290443469e-03
1.789999999999999925e-02,1.611558000000000046e+00,1.564601799999999932e+00,4.695620000000011451e-02,4.112912798714463136e-02,4.696074222118741537e-02,-4.542221187300854446e-06,-4.120990431880899862e-02,5.210455651011405148e-02,-5.148356510113936968e-03
1.799999999999999864e-02,1.612019000000000091e+00,1.564602999999999966e+00,4.741600000000012471e-02,4.158949836424152835e-02,4.742043296897932581e-02,-4.432968979201090676e-06,-4.167209493844037382e-02,5.254130908063308486e-02,-5.125309080632960146e-03
1.810000000000000150e-02,1.612481999999999971e+00,1.564603799999999989e+00,4.787819999999998188e-02,4.205242328692015974e-02,4.788267449112000584e-02,-4.474491120023960100e-06,-4.213687069539773233e-02,5.298050435467580727e-02,-5.102304354675825382e-03
1.820000000000000090e-02,1.612946999999999909e+00,1.564604600000000012e+00,4.834239999999989656e-02,4.251790258636711783e-02,4.834746661904525816e-02,-5.066619045361597795e-06,-4.260423176128602663e-02,5.342214249439222740e-02,-5.079742494392330832e-03
1.830000000000000029e-02,1.613415999999999961e+00,1.564605400000000035e+00,4.881059999999992627e-02,4.298593609167644658e-02,4.881480918210142489e-02,-4.209182101498620820e-06,-4.307417830840476469e-02,5.386622366258862760e-02,-5.055623662588701328e-03
1.839999999999999969e-02,1.613887000000000072e+00,1.564606200000000058e+00,4.928080000000001348e-02,4.345652363054819389e-02,4.928470200824292685e-02,-3.902008242913368452e-06,-4.354671050975200686e-02,5.431274802273137331e-02,-5.031948022731359826e-03
1.849999999999999908e-02,1.614360000000000017e+00,1.564607000000000081e+00,4.975299999999993616e-02,4.392966503242501375e-02,4.975714492716420967e-02,-4.144927164273504161e-06,-4.402182853937386398e-02,5.476171573927711422e-02,-5.008715739277178058e-03
1.859999999999999848e-02,1.614835999999999938e+00,1.564608200000000116e+00,5.022779999999982259e-02,4.440536012396023580e-02,5.023213776577450246e-02,-4.337765774679869235e-06,-4.449953257340677482e-02,5.521312697865767699e-02,-4.985326978657854402e-03
1.870000000000000134e-02,1.615313999999999917e+00,1.564609400000000150e+00,5.070459999999976652e-02,4.488360872901653309e-02,5.070968034819652026e-02,-5.080348196753736723e-06,-4.497982278728995809e-02,5.566698190664605417e-02,-4.962381906646287644e-03
1.880000000000000074e-02,1.615796000000000010e+00,1.564610400000000068e+00,5.118559999999994226e-02,4.536441067564123131e-02,5.118977250273142737e-02,-4.172502731485117078e-06,-4.546269935855695721e-02,5.612328069099420391e-02,-4.937680690994261656e-03
1.890000000000000013e-02,1.616279000000000021e+00,1.564611199999999869e+00,5.166780000000015249e-02,4.584776578490767918e-02,5.167241405071672233e-02,-4.614050716569839672e-06,-4.594816246508859336e-02,5.658202349978221080e-02,-4.914223499782058302e-03
1.899999999999999953e-02,1.616765000000000008e+00,1.564611999999999892e+00,5.215300000000011593e-02,4.633367388172437984e-02,5.215760481731939596e-02,-4.604817319280030130e-06,-4.643621228581240601e-02,5.704321050207920851e-02,-4.890210502079092580e-03
1.909999999999999892e-02,1.617253999999999969e+00,1.564612799999999915e+00,5.264120000000005462e-02,4.682213478821006802e-02,5.264534462492078543e-02,-4.144624920730810569e-06,-4.692684900070265286e-02,5.750684186794337988e-02,-4.865641867943325261e-03
1.919999999999999832e-02,1.617744999999999989e+00,1.564613599999999938e+00,5.313140000000005081e-02,4.731314832439093010e-02,5.313563329381276734e-02,-4.233293812716532045e-06,-4.742007279112847584e-02,5.797291776875093672e-02,-4.841517768750885908e-03
1.930000000000000118e-02,1.618238999999999983e+00,1.564614599999999855e+00,5.362440000000012752e-02,4.780671431238525670e-02,5.362847064637623479e-02,-4.070646376107267539e-06,-4.791588383915668103e-02,5.844143837653732049e-02,-4.817038376537192967e-03
1.940000000000000058e-02,1.618735999999999953e+00,1.564615799999999890e+00,5.412020000000006270e-02,4.830283256942946579e-02,5.412385650011742461e-02,-3.656500117361904945e-06,-4.841428232685407451e-02,5.891240386333795181e-02,-4.792203863337889114e-03
1.949999999999999997e-02,1.619234999999999980e+00,1.564616999999999924e+00,5.461800000000005539e-02,4.880150291554841147e-02,5.462179067532687421e-02,-3.790675326818815360e-06,-4.891526843872817665e-02,5.938581440349452456e-02,-4.767814403494469166e-03
1.959999999999999937e-02,1.619736000000000065e+00,1.564617799999999948e+00,5.511820000000011710e-02,4.930272516762990165e-02,5.512227298916272389e-02,-4.072989162606788227e-06,-4.941884235963689420e-02,5.986167017167978721e-02,-4.743470171679670111e-03
1.969999999999999876e-02,1.620239999999999903e+00,1.564618599999999971e+00,5.562139999999993201e-02,4.980649914290946612e-02,5.562530325913031537e-02,-3.903259130383363029e-06,-4.992500427513446581e-02,6.033997134322445499e-02,-4.718571343224522985e-03
1.980000000000000163e-02,1.620746999999999938e+00,1.564619599999999888e+00,5.612740000000004947e-02,5.031282465653053038e-02,5.613088130064597392e-02,-3.481300645924445547e-06,-5.043375437217045842e-02,6.082071809477770236e-02,-4.693318094777652882e-03
1.990000000000000102e-02,1.621256000000000030e+00,1.564620799999999923e+00,5.663520000000010768e-02,5.082170152258846940e-02,5.663900692807951470e-02,-3.806928079407023713e-06,-5.094509283804349309e-02,6.130391060331853020e-02,-4.668710603318422525e-03
2.000000000000000042e-02,1.621768000000000098e+00,1.564621999999999957e+00,5.714600000000014113e-02,5.133312955622715279e-02,5.714967995684772095e-02,-3.679956847579823886e-06,-5.145901986214518331e-02,6.178954904780359358e-02,-4.643549047803452456e-03
2.009999999999999981e-02,1.622282000000000002e+00,1.564622799999999980e+00,5.765920000000002155e-02,5.184710857049656951e-02,5.766290020027656921e-02,-3.700200276547660483e-06,-5.197553563351808847e-02,6.227763360685974886e-02,-4.618433606859727314e-03
2.019999999999999921e-02,1.622799000000000103e+00,1.564623600000000003e+00,5.817540000000009925e-02,5.236363837565694013e-02,5.817866746890638235e-02,-3.267468906283099717e-06,-5.249464034294737402e-02,6.276816446076043110e-02,-4.592764460760331846e-03
2.029999999999999860e-02,1.623318000000000039e+00,1.564624599999999921e+00,5.869340000000011770e-02,5.288271878440964358e-02,5.869698157571505426e-02,-3.581575714936557908e-06,-5.301633418191853409e-02,6.326114179044081687e-02,-4.567741790440699168e-03
2.040000000000000147e-02,1.623839999999999950e+00,1.564625799999999956e+00,5.921419999999999462e-02,5.340434960631634809e-02,5.921784233054538243e-02,-3.642330545387817420e-06,-5.354061734331017064e-02,6.375656577815246029e-02,-4.542365778152465672e-03
2.050000000000000086e-02,1.624363999999999919e+00,1.564626999999999990e+00,5.973699999999992905e-02,5.392853064989377998e-02,5.974124954219679068e-02,-4.249542196861633148e-06,-5.406749002034993978e-02,6.425443660647668642e-02,-4.517436606476757377e-03
2.060000000000000026e-02,1.624891000000000085e+00,1.564627800000000013e+00,6.026320000000007227e-02,5.445526172505354978e-02,6.026720302086150532e-02,-4.003020861433059796e-06,-5.459695240731221588e-02,6.475475445898391802e-02,-4.491554458983845755e-03
2.069999999999999965e-02,1.625421000000000005e+00,1.564628600000000036e+00,6.079239999999996868e-02,5.498454263717134083e-02,6.079570257220252849e-02,-3.302572202559805881e-06,-5.512900469986670160e-02,6.525751952056299543e-02,-4.465119520563026745e-03
2.079999999999999905e-02,1.625952999999999982e+00,1.564629599999999954e+00,6.132340000000002789e-02,5.551637319406665938e-02,6.132674800432308393e-02,-3.348004323056041898e-06,-5.566364709438031966e-02,6.576273197676157922e-02,-4.439331976761551335e-03
2.089999999999999844e-02,1.626487999999999934e+00,1.564630799999999988e+00,6.185719999999994556e-02,5.605075320076746692e-02,6.186033912253896538e-02,-3.139122539019822966e-06,-5.620087978826626696e-02,6.627039201411595581e-02,-4.413192014116010253e-03
2.100000000000000130e-02,1.627024999999999944e+00,1.564632000000000023e+00,6.239299999999992075e-02,5.658768246195267082e-02,6.239647573181743290e-02,-3.475731817512150990e-06,-5.674070297998401458e-02,6.678049982015103747e-02,-4.387499820151116725e-03
2.110000000000000070e-02,1.627564999999999928e+00,1.564633200000000057e+00,6.293179999999987118e-02,5.712716078230162253e-02,6.293515763712619060e-02,-3.357637126319423793e-06,-5.728311686834253180e-02,6.729305558272197230e-02,-4.361255582722101121e-03
2.120000000000000009e-02,1.628106999999999971e+00,1.564634400000000092e+00,6.347259999999987912e-02,5.766918796196041086e-02,6.347638463890634131e-02,-3.784638906462189922e-06,-5.782812165389428216e-02,6.780805949133136834e-02,-4.335459491331489223e-03
2.129999999999999949e-02,1.628651999999999989e+00,1.564635400000000010e+00,6.401659999999997908e-02,5.821376380560705499e-02,6.402015654212429852e-02,-3.556542124319439502e-06,-5.837571753788850515e-02,6.832551173614016815e-02,-4.308911736140189075e-03
2.139999999999999888e-02,1.629199000000000064e+00,1.564636200000000033e+00,6.456280000000003128e-02,5.876088811269042367e-02,6.456647314652495806e-02,-3.673146524926784728e-06,-5.892590472262293488e-02,6.884541250830007730e-02,-4.282612508300046028e-03
2.149999999999999828e-02,1.629748999999999892e+00,1.564637000000000056e+00,6.511199999999983667e-02,5.931056068335482934e-02,6.511533425254770191e-02,-3.334252547865235172e-06,-5.947868341108986101e-02,6.936776199961909584e-02,-4.255761999619259162e-03
2.160000000000000114e-02,1.630301999999999918e+00,1.564638200000000090e+00,6.566379999999982786e-02,5.986278131600153429e-02,6.566673965889141540e-02,-2.939658891587537681e-06,-6.003405380698234595e-02,6.989256040256736080e-02,-4.228760402567532939e-03
2.170000000000000054e-02,1.630857000000000001e+00,1.564639400000000125e+00,6.621759999999987656e-02,6.041754980972946498e-02,6.622068916495157942e-02,-3.089164951702860762e-06,-6.059201611643239005e-02,7.041980791191956857e-02,-4.202207911919692007e-03
2.179999999999999993e-02,1.631415000000000060e+00,1.564640599999999937e+00,6.677440000000012255e-02,6.097486596224221955e-02,6.677718256873046987e-02,-2.782568730347323438e-06,-6.115257054452705177e-02,7.094950472146306641e-02,-4.175104721462943869e-03
2.189999999999999933e-02,1.631974999999999953e+00,1.564641799999999972e+00,6.733319999999998196e-02,6.153472956810457362e-02,6.733621966509613366e-02,-3.019665096151702421e-06,-6.171571729879454793e-02,7.148165102729185649e-02,-4.148451027291874538e-03
2.199999999999999872e-02,1.632536999999999905e+00,1.564643000000000006e+00,6.789399999999989888e-02,6.209714042397340705e-02,6.789780025100564109e-02,-3.800251005742216748e-06,-6.228145658676309537e-02,7.201624702549991319e-02,-4.122247025500014317e-03
2.210000000000000159e-02,1.633102999999999971e+00,1.564644200000000041e+00,6.845879999999993082e-02,6.266209832406444136e-02,6.846192412097849844e-02,-3.124120978567623830e-06,-6.284978861805301520e-02,7.255329291415810178e-02,-4.094492914158170960e-03
2.220000000000000098e-02,1.633671000000000095e+00,1.564645400000000075e+00,6.902560000000002027e-02,6.322960306154756793e-02,6.902859106848996396e-02,-2.991068489943682351e-06,-6.342071360193735075e-02,7.309278889100907783e-02,-4.067188891009057561e-03
2.230000000000000038e-02,1.634241000000000055e+00,1.564646399999999993e+00,6.959460000000006197e-02,6.379965442924317998e-02,6.959780088666625564e-02,-3.200886666193669683e-06,-6.399423174978080553e-02,7.363473515577194373e-02,-4.040135155771881759e-03
2.239999999999999977e-02,1.634813999999999989e+00,1.564647200000000016e+00,7.016679999999997364e-02,6.437225221892495242e-02,7.016955336758846917e-02,-2.753367588495536644e-06,-6.457034327329580492e-02,7.417913190849438620e-02,-4.012331908494412569e-03
2.249999999999999917e-02,1.635388999999999982e+00,1.564648000000000039e+00,7.074099999999994282e-02,6.494739622167067239e-02,7.074384830264282553e-02,-2.848302642882716285e-06,-6.514904838489465888e-02,7.472597934988538249e-02,-3.984979349885439670e-03
2.259999999999999856e-02,1.635966999999999949e+00,1.564649200000000073e+00,7.131779999999987574e-02,6.552508622646335823e-02,7.132068548112384387e-02,-2.885481123968136608e-06,-6.573034729908133755e-02,7.527527768263034269e-02,-3.957477682630466953e-03
2.270000000000000143e-02,1.636547999999999892e+00,1.564650400000000108e+00,7.189759999999978390e-02,6.610532202263597057e-02,7.190006469267549993e-02,-2.464692675716029235e-06,-6.631424023001031287e-02,7.582702710908441335e-02,-3.929427109084629444e-03
2.280000000000000082e-02,1.637130999999999892e+00,1.564651599999999920e+00,7.247939999999997163e-02,6.668810339777753171e-02,7.248198572520038463e-02,-2.585725200413002689e-06,-6.690072739358088327e-02,7.638122783325146381e-02,-3.901827833251492184e-03
2.290000000000000022e-02,1.637717000000000089e+00,1.564652799999999955e+00,7.306420000000013459e-02,6.727343014052333814e-02,7.306644836764585038e-02,-2.248367645715787511e-06,-6.748980900708723141e-02,7.693788006045336469e-02,-3.873680060453230101e-03
2.299999999999999961e-02,1.638304999999999900e+00,1.564653999999999989e+00,7.365099999999991098e-02,6.786130203532314553e-02,7.365345240477985667e-02,-2.452404779945682733e-06,-6.808148528747537398e-02,7.749698399568302754e-02,-3.845983995683116552e-03
2.309999999999999901e-02,1.638894999999999991e+00,1.564655200000000024e+00,7.423979999999996693e-02,6.845171886767209557e-02,7.424299762241420853e-02,-3.197622414241596545e-06,-6.867575645343348967e-02,7.805853984557953318e-02,-3.818739845579566250e-03
2.319999999999999840e-02,1.639488999999999974e+00,1.564656400000000058e+00,7.483259999999991585e-02,6.904468042271849626e-02,7.483508380601439081e-02,-2.483806014474954083e-06,-6.927262272504774998e-02,7.862254781810290583e-02,-3.789947818102989974e-03
2.330000000000000127e-02,1.640085000000000015e+00,1.564657599999999871e+00,7.542740000000014433e-02,6.964018648386538501e-02,7.542971073930321291e-02,-2.310739303068576334e-06,-6.987208432240121780e-02,7.918900812121025534e-02,-3.761608121210111011e-03
2.340000000000000066e-02,1.640682999999999891e+00,1.564658799999999905e+00,7.602419999999998623e-02,7.023823683242325089e-02,7.602687820391400286e-02,-2.678203914016630272e-06,-7.047414146732222662e-02,7.975792096450780300e-02,-3.733720964507816764e-03
2.350000000000000006e-02,1.641283999999999965e+00,1.564659999999999940e+00,7.662400000000002542e-02,7.083883125109835532e-02,7.662658598287382106e-02,-2.585982873795633630e-06,-7.107879438198905220e-02,8.032928655793242223e-02,-3.705286557932396807e-03
2.359999999999999945e-02,1.641887000000000096e+00,1.564661199999999974e+00,7.722580000000012213e-02,7.144196952015446911e-02,7.722883385677081769e-02,-3.033856770695564364e-06,-7.168604329032257638e-02,8.090310511306759989e-02,-3.677305113067477760e-03
2.369999999999999885e-02,1.642492999999999981e+00,1.564662400000000009e+00,7.783059999999997203e-02,7.204765141915858706e-02,7.783362160549742170e-02,-3.021605497449675326e-06,-7.229588841659184695e-02,8.147937684182575413e-02,-3.648776841825782102e-03
2.380000000000000171e-02,1.643102000000000062e+00,1.564663599999999821e+00,7.843840000000024126e-02,7.265587672663098573e-02,7.844094900790085645e-02,-2.549007900615185562e-06,-7.290832998646346041e-02,8.205810195743991342e-02,-3.619701957439672158e-03
2.390000000000000110e-02,1.643712999999999980e+00,1.564664799999999856e+00,7.904820000000012392e-02,7.326664522144055169e-02,7.905081584317648347e-02,-2.615843176359544664e-06,-7.352336822594995880e-02,8.263928067346995587e-02,-3.591080673469831952e-03
2.400000000000000050e-02,1.644327000000000094e+00,1.564665999999999890e+00,7.966100000000020387e-02,7.387995667931823718e-02,7.966322188738632348e-02,-2.221887386119614227e-06,-7.414100336280959880e-02,8.322291320512530122e-02,-3.561913205125097348e-03
2.409999999999999989e-02,1.644943000000000044e+00,1.564667199999999925e+00,8.027580000000011928e-02,7.449581087773715637e-02,8.027816691833201956e-02,-2.366918331900280670e-06,-7.476123562480063711e-02,8.380899976761536918e-02,-3.533199767615249898e-03
2.419999999999999929e-02,1.645561999999999969e+00,1.564668399999999959e+00,8.089360000000000994e-02,7.511420759138065506e-02,8.089565071102952643e-02,-2.050711029516483208e-06,-7.538406524177299062e-02,8.439754057812598464e-02,-3.503940578125974703e-03
2.429999999999999868e-02,1.646182999999999952e+00,1.564669599999999994e+00,8.151339999999995811e-02,7.573514659353852707e-02,8.151567303910335627e-02,-2.273039103398155625e-06,-7.600949244427512852e-02,8.498853585450304171e-02,-3.475135854503083599e-03
2.440000000000000155e-02,1.646806999999999910e+00,1.564670800000000028e+00,8.213619999999988153e-02,7.635862765854506407e-02,8.213823367722090929e-02,-2.033677221027763160e-06,-7.663751746285463184e-02,8.558198581459160181e-02,-3.445785814591720286e-03
2.450000000000000094e-02,1.647432999999999925e+00,1.564672000000000063e+00,8.276099999999986245e-02,7.698465055864200934e-02,8.276333239796020147e-02,-2.332397960339016585e-06,-7.726814052980479630e-02,8.617789067788625412e-02,-3.416890677886391670e-03
2.460000000000000034e-02,1.648061999999999916e+00,1.564673200000000097e+00,8.338879999999981862e-02,7.761321506502527612e-02,8.339096897285488974e-02,-2.168972855071116257e-06,-7.790136187915974730e-02,8.677625066552650812e-02,-3.387450665526689497e-03
2.469999999999999973e-02,1.648692999999999964e+00,1.564674400000000132e+00,8.401859999999983231e-02,7.824432094784539160e-02,8.402114317239485486e-02,-2.543172395022552656e-06,-7.853718174425949883e-02,8.737706599799598128e-02,-3.358465997996148977e-03
2.479999999999999913e-02,1.649326999999999988e+00,1.564675599999999944e+00,8.465140000000004328e-02,7.887796797794832671e-02,8.465385476776436657e-02,-2.454767764323295687e-06,-7.917560036053439276e-02,8.798033689775347499e-02,-3.328936897753431712e-03
2.489999999999999852e-02,1.649963999999999986e+00,1.564676799999999979e+00,8.528720000000000745e-02,7.951415592339072802e-02,8.528910352736245037e-02,-1.903527362442924975e-06,-7.981661796446193335e-02,8.858606358824724913e-02,-3.298863588247241685e-03
2.500000000000000139e-02,1.650603000000000042e+00,1.564678000000000013e+00,8.592500000000002913e-02,8.015288455188196437e-02,8.592688921924143686e-02,-1.889219241407724681e-06,-8.046023479252006894e-02,8.919424629292597995e-02,-3.269246292925950814e-03
2.510000000000000078e-02,1.651245000000000074e+00,1.564679200000000048e+00,8.656580000000002606e-02,8.079415363043018772e-02,8.656721161075341120e-02,-1.411610753385139638e-06,-8.110645108327885211e-02,8.980488523721517902e-02,-3.239085237215152957e-03
2.520000000000000018e-02,1.651888999999999941e+00,1.564680400000000082e+00,8.720859999999985845e-02,8.143796292535032677e-02,8.721007046855831779e-02,-1.470468558459336883e-06,-8.175526707565650142e-02,9.041798064686935865e-02,-3.209380646869500198e-03
2.529999999999999957e-02,1.652536000000000005e+00,1.564681800000000012e+00,8.785419999999999341e-02,8.208431220155976149e-02,8.785546555792056456e-02,-1.265557920571147577e-06,-8.240668300961928594e-02,9.103353274863329458e-02,-3.179332748633301176e-03
2.539999999999999897e-02,1.653184999999999905e+00,1.564683400000000058e+00,8.850159999999984706e-02,8.273320122257921128e-02,8.850339664270998052e-02,-1.796642710133466991e-06,-8.306069912617886075e-02,9.165154177023958348e-02,-3.149941770239736427e-03
2.549999999999999836e-02,1.653837000000000002e+00,1.564685000000000104e+00,8.915199999999989799e-02,8.338462975228111418e-02,8.915386348714761378e-02,-1.863487147715781056e-06,-8.371731566739271102e-02,9.227200794040903153e-02,-3.120007940409133540e-03
2.560000000000000123e-02,1.654490999999999934e+00,1.564686200000000138e+00,8.980479999999979590e-02,8.403859755314257995e-02,8.980686585406121025e-02,-2.065854061414351683e-06,-8.437653287636592836e-02,9.289493148885231977e-02,-3.090131488852523867e-03
2.570000000000000062e-02,1.655148000000000064e+00,1.564687400000000173e+00,9.046059999999989110e-02,8.469510438589455958e-02,9.046240350453493839e-02,-1.803504535047295576e-06,-8.503835099620182802e-02,9.352031264527845000e-02,-3.059712645278558907e-03
2.580000000000000002e-02,1.655807000000000029e+00,1.564688599999999985e+00,9.111840000000004380e-02,8.535415001196611229e-02,9.112047620035007567e-02,-2.076200350031864872e-06,-8.570277027314610052e-02,9.414815164236568779e-02,-3.029751642365643982e-03
2.589999999999999941e-02,1.656468999999999969e+00,1.564689800000000020e+00,9.177919999999994971e-02,8.601573419000008158e-02,9.178108370050577780e-02,-1.883700505828089788e-06,-8.636979095204466716e-02,9.477844871146959282e-02,-2.999248711469643114e-03
2.599999999999999881e-02,1.657134000000000107e+00,1.564691000000000054e+00,9.244300000000005291e-02,8.667985668037569980e-02,9.244422576573502193e-02,-1.225765734969019860e-06,-8.703941328018860446e-02,9.541120408625623772e-02,-2.968204086256184815e-03
2.610000000000000167e-02,1.657801000000000080e+00,1.564692200000000089e+00,9.310879999999999157e-02,8.734651723859609973e-02,9.310990215190187436e-02,-1.102151901882786333e-06,-8.771163750521715485e-02,9.604641800072061253e-02,-2.937618000720620959e-03
2.620000000000000107e-02,1.658470000000000111e+00,1.564693400000000123e+00,9.377659999999998774e-02,8.801571562295151807e-02,9.377811261765341133e-02,-1.512617653423586894e-06,-8.838646387616311273e-02,9.668409069017451507e-02,-2.907490690174527326e-03
2.630000000000000046e-02,1.659141999999999895e+00,1.564694800000000052e+00,9.444719999999984239e-02,8.868745158859248079e-02,9.444885691850163356e-02,-1.656918501791171394e-06,-8.906389264275738071e-02,9.732422239058938218e-02,-2.877022390589539791e-03
2.639999999999999986e-02,1.659817000000000098e+00,1.564696399999999876e+00,9.512060000000022164e-02,8.936172489137028663e-02,9.512213481065825982e-02,-1.534810658038177067e-06,-8.974392405543074602e-02,9.796681333859795504e-02,-2.846213338597733400e-03
2.649999999999999925e-02,1.660493999999999915e+00,1.564697999999999922e+00,9.579599999999999227e-02,9.003853528538741102e-02,9.579794604858879459e-02,-1.946048588802318235e-06,-9.042655836670299152e-02,9.861186377280689586e-02,-2.815863772806903587e-03
2.659999999999999865e-02,1.661173999999999928e+00,1.564699199999999957e+00,9.647479999999997169e-02,9.071788252300816424e-02,9.647629038502311682e-02,-1.490385023145135435e-06,-9.111179582840023272e-02,9.925937393116740504e-02,-2.784573931167433347e-03
2.670000000000000151e-02,1.661856000000000000e+00,1.564700399999999991e+00,9.715560000000000862e-02,9.139976635763780166e-02,9.715716757373053791e-02,-1.567573730529292497e-06,-9.179963669513480085e-02,9.990934405426339648e-02,-2.753744054263387864e-03
2.680000000000000090e-02,1.662541000000000047e+00,1.564701600000000026e+00,9.783940000000002080e-02,9.208418653989625113e-02,9.784057736569912178e-02,-1.177365699100985097e-06,-9.249008122047630565e-02,1.005617743816934889e-01,-2.722374381693468126e-03
2.690000000000000030e-02,1.663227999999999929e+00,1.564702800000000060e+00,9.852519999999986844e-02,9.277114282039722326e-02,9.852651951191077062e-02,-1.319511910902182450e-06,-9.318312966147868082e-02,1.012166651563486813e-01,-2.691465156348812893e-03
2.699999999999999969e-02,1.663918000000000008e+00,1.564704000000000095e+00,9.921399999999991337e-02,9.346063494871614807e-02,9.921499376231059097e-02,-9.937623106776038995e-07,-9.387878227345680671e-02,1.018740166194767177e-01,-2.660016619476804345e-03
2.709999999999999909e-02,1.664609999999999923e+00,1.564705600000000141e+00,9.990439999999978227e-02,9.415266267267607958e-02,9.990599986509392239e-02,-1.599865094140118238e-06,-9.457703931451089119e-02,1.025338290149572229e-01,-2.629429014957440636e-03
2.719999999999999848e-02,1.665305000000000035e+00,1.564707199999999965e+00,1.005978000000000705e-01,9.484722574254789151e-02,1.005995375709003159e-01,-1.737570900245399841e-06,-9.527790104378919267e-02,1.031961025876600990e-01,-2.598302587660028529e-03
2.730000000000000135e-02,1.666002999999999901e+00,1.564708599999999894e+00,1.012944000000000067e-01,9.554432390267120212e-02,1.012956066244468101e-01,-1.206624446803417072e-06,-9.598136772009357998e-02,1.038608375821279545e-01,-2.566437582127947814e-03
2.740000000000000074e-02,1.666703000000000046e+00,1.564709799999999928e+00,1.019932000000001171e-01,9.624395689982545576e-02,1.019942067728866891e-01,-1.006772886572027126e-06,-9.668743960501302581e-02,1.045280342455369577e-01,-2.534834245536840558e-03
2.750000000000000014e-02,1.667405000000000026e+00,1.564710999999999963e+00,1.026940000000000630e-01,9.694612447904837893e-02,1.026953377616340590e-01,-1.337761633996015220e-06,-9.739611695874117459e-02,1.051976928237448039e-01,-2.503692823744740892e-03
2.759999999999999953e-02,1.668109999999999982e+00,1.564712600000000009e+00,1.033973999999999727e-01,9.765082638572497586e-02,1.033989993364498178e-01,-1.599336449845112362e-06,-9.810740004461493413e-02,1.058698135655792988e-01,-2.472413565579326122e-03
2.769999999999999893e-02,1.668817999999999913e+00,1.564714200000000055e+00,1.041037999999998576e-01,9.835806236105515410e-02,1.041051912389159284e-01,-1.391238916070847154e-06,-9.882128912596588322e-02,1.065443967198631547e-01,-2.440596719863297182e-03
2.779999999999999832e-02,1.669527999999999901e+00,1.564715599999999984e+00,1.048123999999999167e-01,9.906783214798320358e-02,1.048139132123561829e-01,-1.513212356266113723e-06,-9.953778446717542749e-02,1.072214425364111379e-01,-2.409042536411221125e-03
2.790000000000000119e-02,1.670241000000000087e+00,1.564716800000000019e+00,1.055242000000000679e-01,9.978013548771080821e-02,1.055251649983543205e-01,-9.649983542525664149e-07,-1.002568863343684669e-01,1.079009512666854048e-01,-2.376751266685336872e-03
2.800000000000000058e-02,1.670956000000000108e+00,1.564718000000000053e+00,1.062380000000000546e-01,1.004949721217842651e-01,1.062389463388381666e-01,-9.463388381120152459e-07,-1.009785949929717930e-01,1.085829231614884594e-01,-2.344923161488404739e-03
2.809999999999999998e-02,1.671674000000000104e+00,1.564719600000000099e+00,1.069544000000000050e-01,1.012123417889645438e-01,1.069552569729543823e-01,-8.569729543772552915e-07,-1.017029107108520236e-01,1.092673584739282527e-01,-2.312958473928247716e-03
2.819999999999999937e-02,1.672393999999999936e+00,1.564721199999999923e+00,1.076728000000000129e-01,1.019322442276591190e-01,1.076740966394966054e-01,-1.296639496592422169e-06,-1.024298337565765493e-01,1.099542574577748455e-01,-2.281457457774832553e-03
2.829999999999999877e-02,1.673116999999999965e+00,1.564722599999999852e+00,1.083944000000001129e-01,1.026546791762807942e-01,1.083954650772638306e-01,-1.065077263717739697e-06,-1.031593643994090925e-01,1.106436203674562857e-01,-2.249220367456172820e-03
2.840000000000000163e-02,1.673842000000000052e+00,1.564723799999999887e+00,1.091182000000001651e-01,1.033796463711444957e-01,1.091193620229602562e-01,-1.162022960091158019e-06,-1.038915029100069276e-01,1.113354474587173876e-01,-2.217247458717222508e-03
2.850000000000000103e-02,1.674569999999999892e+00,1.564724999999999921e+00,1.098449999999999704e-01,1.041071455485687025e-01,1.098457872132936192e-01,-7.872132936487252763e-07,-1.046262495593790476e-01,1.120297389876353383e-01,-2.184738987635367891e-03
2.860000000000000042e-02,1.675300999999999929e+00,1.564726599999999967e+00,1.105743999999999616e-01,1.048371764445210630e-01,1.105747403846213672e-01,-3.403846214056205355e-07,-1.053636046199262211e-01,1.127264952116023566e-01,-2.152095211602395031e-03
2.869999999999999982e-02,1.676034000000000024e+00,1.564728200000000014e+00,1.113058000000000103e-01,1.055697387918304031e-01,1.113062212701667331e-01,-4.212701667227758406e-07,-1.061035683647491012e-01,1.134257163886720349e-01,-2.119916388672024588e-03
2.879999999999999921e-02,1.676768999999999954e+00,1.564729599999999943e+00,1.120394000000000112e-01,1.063048323233264369e-01,1.120402296031538653e-01,-8.296031538540526995e-07,-1.068461410686927238e-01,1.141274027785462164e-01,-2.088002778546205196e-03
2.889999999999999861e-02,1.677507000000000081e+00,1.564730799999999977e+00,1.127762000000001041e-01,1.070424567725369869e-01,1.127767651175039659e-01,-5.651175038617894941e-07,-1.075913230072975679e-01,1.148315546415838717e-01,-2.055354641583767572e-03
2.900000000000000147e-02,1.678247999999999962e+00,1.564732000000000012e+00,1.135159999999999503e-01,1.077826118705447200e-01,1.135158275446967041e-01,1.724553032461662028e-07,-1.083391144557577235e-01,1.155381722378166776e-01,-2.022172237816727280e-03
2.910000000000000087e-02,1.678990999999999900e+00,1.564733600000000058e+00,1.142573999999998424e-01,1.085252973480894667e-01,1.142574166158694116e-01,-1.661586956913652102e-08,-1.090895156920543840e-01,1.162472558299098430e-01,-1.989855829910000540e-03
2.920000000000000026e-02,1.679735999999999896e+00,1.564735199999999882e+00,1.150008000000000141e-01,1.092705129334641256e-01,1.150015320597161106e-01,-7.320597160964670280e-07,-1.098425269945213500e-01,1.169588056808617410e-01,-1.958005680861726883e-03
2.929999999999999966e-02,1.680485000000000007e+00,1.564736799999999928e+00,1.157482000000000788e-01,1.100182583570576966e-01,1.157481736070238021e-01,2.639297627671233215e-08,-1.105981486421869775e-01,1.176728220543270670e-01,-1.924622054326988185e-03
2.939999999999999905e-02,1.681235000000000035e+00,1.564738399999999974e+00,1.164966000000000612e-01,1.107685333454204724e-01,1.164973409847464975e-01,-7.409847464362462333e-07,-1.113563809151276729e-01,1.183893052149508074e-01,-1.892705214950746173e-03
2.949999999999999845e-02,1.681988999999999956e+00,1.564740000000000020e+00,1.172489999999999366e-01,1.115213376268471279e-01,1.172490339215799676e-01,-3.392158003101553021e-08,-1.121172240944652287e-01,1.191082554283657141e-01,-1.859255428365777507e-03
2.960000000000000131e-02,1.682744000000000018e+00,1.564741200000000054e+00,1.180027999999999633e-01,1.122766709261462381e-01,1.180032521427390457e-01,-4.521427390824506176e-07,-1.128806784634148741e-01,1.198296729621826789e-01,-1.826872962182715665e-03
2.970000000000000070e-02,1.683502999999999972e+00,1.564742400000000089e+00,1.187605999999998829e-01,1.130345329695190415e-01,1.187599953748291887e-01,6.046251706942618043e-07,-1.136467443037956215e-01,1.205535580826932601e-01,-1.792958082693377198e-03
2.980000000000000010e-02,1.684263000000000066e+00,1.564743800000000018e+00,1.195192000000000476e-01,1.137949234803778964e-01,1.195192633416710531e-01,-6.334167100552345886e-08,-1.144154219005679707e-01,1.212799110591574331e-01,-1.760711059157385461e-03
2.989999999999999949e-02,1.685027000000000053e+00,1.564745400000000064e+00,1.202815999999999885e-01,1.145578421814370529e-01,1.202810557663882701e-01,5.442336117184032318e-07,-1.151867115386888685e-01,1.220087321608318287e-01,-1.727132160831840180e-03
2.999999999999999889e-02,1.685793000000000097e+00,1.564747000000000110e+00,1.210459999999999869e-01,1.153232887964579234e-01,1.210453723731500508e-01,6.276268499361137287e-07,-1.159606135045141428e-01,1.227400216582948678e-01,-1.694021658294880828e-03
3.009999999999999828e-02,1.686560999999999977e+00,1.564748600000000156e+00,1.218123999999998208e-01,1.160912630453632133e-01,1.218122128822925476e-01,1.871177072731988744e-07,-1.167371280847442350e-01,1.234737798224506133e-01,-1.661379822450792521e-03
3.020000000000000115e-02,1.687332000000000054e+00,1.564750199999999980e+00,1.225818000000000740e-01,1.168617646505207830e-01,1.225815770165935292e-01,2.229834065448077496e-07,-1.175162555678284093e-01,1.242100069258555706e-01,-1.628206925855496534e-03
3.030000000000000054e-02,1.688104999999999967e+00,1.564751800000000026e+00,1.233531999999999407e-01,1.176347933308061755e-01,1.233534644953435122e-01,-2.644953435715358125e-07,-1.182979962432586518e-01,1.249487032420515259e-01,-1.595503242051585224e-03
3.039999999999999994e-02,1.688881000000000077e+00,1.564753399999999850e+00,1.241276000000002266e-01,1.184103488047503205e-01,1.241278750374889966e-01,-2.750374887700024473e-07,-1.190823504001787825e-01,1.256898690442513067e-01,-1.562269044251080041e-03
3.049999999999999933e-02,1.689659999999999940e+00,1.564754999999999896e+00,1.249050000000000438e-01,1.191884307901833751e-01,1.249048083612766674e-01,1.916387233763527931e-07,-1.198693183301751120e-01,1.264335046079756442e-01,-1.528504607975600393e-03
3.059999999999999873e-02,1.690441000000000082e+00,1.564756599999999942e+00,1.256844000000001405e-01,1.199690390049381605e-01,1.256842641849559294e-01,1.358150442110073186e-07,-1.206589003255311709e-01,1.271796102094040204e-01,-1.495210209403879942e-03
3.070000000000000159e-02,1.691224000000000061e+00,1.564758199999999988e+00,1.264658000000000726e-01,1.207521731637042350e-01,1.264662422236375316e-01,-4.422236374590493568e-07,-1.214510966792277102e-01,1.279281861253748209e-01,-1.462386125374748325e-03
3.080000000000000099e-02,1.692010000000000014e+00,1.564759800000000034e+00,1.272501999999999800e-01,1.215378329832699222e-01,1.272507421945278661e-01,-5.421945278860640371e-07,-1.222459076849427007e-01,1.286792326333851821e-01,-1.429032633385202145e-03
3.090000000000000038e-02,1.692798999999999943e+00,1.564761399999999858e+00,1.280376000000000847e-01,1.223260181772785060e-01,1.280377638116930172e-01,-1.638116929325583726e-07,-1.230433336377512177e-01,1.294327500122523233e-01,-1.395150012252238669e-03
3.099999999999999978e-02,1.693589999999999929e+00,1.564762999999999904e+00,1.288270000000000248e-01,1.231167284586813793e-01,1.288273067885081224e-01,-3.067885080976218148e-07,-1.238433748341210006e-01,1.301887385421094945e-01,-1.361738542109469652e-03
3.109999999999999917e-02,1.694383999999999890e+00,1.564764199999999938e+00,1.296197999999999517e-01,1.239099635407736599e-01,1.296193708386915444e-01,4.291613084073109263e-07,-1.246460315712178968e-01,1.309471985037495290e-01,-1.327398503749577241e-03
3.119999999999999857e-02,1.695179999999999909e+00,1.564765399999999973e+00,1.304145999999999361e-01,1.247057231333643657e-01,1.304139556724807081e-01,6.443275192280495389e-07,-1.254513041465585843e-01,1.317081301782967451e-01,-1.293530178296808941e-03
3.130000000000000143e-02,1.695978999999999903e+00,1.564766800000000124e+00,1.312121999999997790e-01,1.255040069497521671e-01,1.312110610035975289e-01,1.138996402250125328e-06,-1.262591928594014590e-01,1.324715338485212834e-01,-1.259333848521504429e-03
3.139999999999999736e-02,1.696779999999999955e+00,1.564768399999999948e+00,1.320116000000000067e-01,1.263048146983507536e-01,1.320106865408861851e-01,9.134591138215686357e-07,-1.270696980093539707e-01,1.332374097975230487e-01,-1.225809797523041977e-03
3.150000000000000022e-02,1.697583999999999982e+00,1.564769999999999994e+00,1.328139999999999876e-01,1.271081460875729263e-01,1.328128319931899115e-01,1.168006810076116508e-06,-1.278828198981178943e-01,1.340057583103808625e-01,-1.191758310380874875e-03
3.160000000000000309e-02,1.698390000000000066e+00,1.564771600000000040e+00,1.336184000000000260e-01,1.279140008268822015e-01,1.336174970704011866e-01,9.029295988394192563e-07,-1.286985588273932279e-01,1.347765796721719644e-01,-1.158179672171938401e-03
3.169999999999999901e-02,1.699198999999999904e+00,1.564773200000000086e+00,1.344257999999998177e-01,1.287223786218998356e-01,1.344246814785758082e-01,1.118521424009477627e-06,-1.295169150995780782e-01,1.355498741686331221e-01,-1.124074168633304449e-03
3.180000000000000188e-02,1.700010000000000021e+00,1.564774800000000132e+00,1.352351999999998888e-01,1.295332791792960236e-01,1.352343849248170138e-01,8.150751828750468775e-07,-1.303378890195112660e-01,1.363256420878073971e-01,-1.090442087807508287e-03
3.189999999999999780e-02,1.700823999999999891e+00,1.564776399999999956e+00,1.360475999999999352e-01,1.303467022053936830e-01,1.360466071158812906e-01,9.928841186446213385e-07,-1.311614808920342767e-01,1.371038837177404046e-01,-1.056283717740469363e-03
3.200000000000000067e-02,1.701640000000000041e+00,1.564778000000000002e+00,1.368620000000000392e-01,1.311626474030269662e-01,1.368613477550414959e-01,6.522449585433243158e-07,-1.319876910226840394e-01,1.378845993471348175e-01,-1.022599347134778291e-03
3.209999999999999659e-02,1.702458999999999945e+00,1.564779600000000048e+00,1.376793999999998963e-01,1.319811144767717437e-01,1.376786065473095955e-01,7.934526903008443099e-07,-1.328165197183910351e-01,1.386677892660101163e-01,-9.883892660102200356e-04
3.219999999999999946e-02,1.703281000000000045e+00,1.564781199999999872e+00,1.384998000000001728e-01,1.328021031291131138e-01,1.384983831956099476e-01,1.416804390225179233e-06,-1.336479672874855140e-01,1.394534537657084183e-01,-9.536537657082455599e-04
3.230000000000000232e-02,1.704104999999999981e+00,1.564782799999999918e+00,1.393222000000000627e-01,1.336256130611408466e-01,1.393206774014735527e-01,1.522598526509932881e-06,-1.344820340386414514e-01,1.402415931378966363e-01,-9.193931378965736201e-04
3.239999999999999825e-02,1.704930999999999974e+00,1.564784399999999964e+00,1.401466000000000101e-01,1.344516439739456004e-01,1.401454888664323828e-01,1.111133567627264895e-06,-1.353187202822816460e-01,1.410322076758941667e-01,-8.856076758941566762e-04
3.250000000000000111e-02,1.705759999999999943e+00,1.564786000000000010e+00,1.409739999999999327e-01,1.352801955686162572e-01,1.409728172920165779e-01,1.182707983354847059e-06,-1.361580263284754011e-01,1.418252976726863124e-01,-8.512976726863796806e-04
3.259999999999999704e-02,1.706592000000000109e+00,1.564788000000000068e+00,1.418040000000000411e-01,1.361112675431028762e-01,1.418026623766220906e-01,1.337623377950514225e-06,-1.369999524900862298e-01,1.426208634238987083e-01,-8.168634238986671736e-04
3.269999999999999990e-02,1.707426000000000110e+00,1.564790000000000125e+00,1.426359999999999850e-01,1.369448595950082392e-01,1.426350238182981789e-01,9.761817018061336171e-07,-1.378444990792759839e-01,1.434189052244939921e-01,-7.829052244940071237e-04
3.280000000000000276e-02,1.708261999999999947e+00,1.564791800000000066e+00,1.434701999999998812e-01,1.377809714229805138e-01,1.434699013161378489e-01,2.986838620322451732e-07,-1.386916664103043928e-01,1.442194233714170215e-01,-7.492233714171403491e-04
3.289999999999999869e-02,1.709100999999999981e+00,1.564793399999999890e+00,1.443076000000000914e-01,1.386196027225272687e-01,1.443072945660981987e-01,3.054339018926377491e-07,-1.395414547981248532e-01,1.450224181622681852e-01,-7.148181622680938041e-04
3.300000000000000155e-02,1.709942999999999991e+00,1.564794999999999936e+00,1.451480000000000548e-01,1.394607531888105711e-01,1.451472032637913245e-01,7.967362087302198859e-07,-1.403938645587370360e-01,1.458278898956364422e-01,-6.798898956363874646e-04
3.309999999999999748e-02,1.710787000000000058e+00,1.564796599999999982e+00,1.459904000000000757e-01,1.403044225169898240e-01,1.459896271048266581e-01,7.728951734176092714e-07,-1.412488960091895507e-01,1.466358388711019034e-01,-6.454388711018277380e-04
3.320000000000000034e-02,1.711634000000000100e+00,1.564798200000000028e+00,1.468358000000000718e-01,1.411506104015280982e-01,1.468345657841183538e-01,1.234215881718014884e-06,-1.421065494668791729e-01,1.474462653885736940e-01,-6.104653885736222030e-04
3.330000000000000321e-02,1.712482999999999977e+00,1.564799800000000074e+00,1.476831999999999034e-01,1.419993165337487540e-01,1.476820189934454075e-01,1.181006554495933614e-06,-1.429668252509443960e-01,1.482591697496066785e-01,-5.759697496067750500e-04
3.339999999999999913e-02,1.713335000000000052e+00,1.564801399999999898e+00,1.485336000000001544e-01,1.428505406056732596e-01,1.485319864252840072e-01,1.613574716147203603e-06,-1.438297236812227098e-01,1.490745522564161651e-01,-5.409522564160107461e-04
3.350000000000000200e-02,1.714188999999999963e+00,1.564802999999999944e+00,1.493860000000000188e-01,1.437042823100203037e-01,1.493844677728064507e-01,1.532227193568047596e-06,-1.446952450789469324e-01,1.498924132125359909e-01,-5.064132125359721570e-04
3.359999999999999792e-02,1.715046000000000070e+00,1.564804599999999990e+00,1.502414000000000804e-01,1.445605413349735358e-01,1.502394627246566861e-01,1.937275343394384564e-06,-1.455633897660488785e-01,1.507127529221603812e-01,-4.713529221603007802e-04
3.370000000000000079e-02,1.715905000000000014e+00,1.564806200000000036e+00,1.510987999999999776e-01,1.454193173701145980e-01,1.510969709708746833e-01,1.829029125294256986e-06,-1.464341580648058638e-01,1.515355716898101335e-01,-4.367716898101559053e-04
3.379999999999999671e-02,1.716766999999999932e+00,1.564807800000000082e+00,1.519591999999998500e-01,1.462806101050224683e-01,1.519569922014976648e-01,2.207798502185109868e-06,-1.473075502992422514e-01,1.523608698216567248e-01,-4.016698216568748148e-04
3.389999999999999958e-02,1.717630999999999908e+00,1.564809399999999906e+00,1.528216000000000019e-01,1.471444192257882477e-01,1.528195261030801388e-01,2.073896919863038590e-06,-1.481835667951232338e-01,1.531886476255166496e-01,-3.670476255166477131e-04
3.400000000000000244e-02,1.718498000000000081e+00,1.564810999999999952e+00,1.536870000000001291e-01,1.480107444192011457e-01,1.536845723628737226e-01,2.427637126406478885e-06,-1.490622078775194481e-01,1.540189054085500386e-01,-3.319054085499095752e-04
3.409999999999999837e-02,1.719367000000000090e+00,1.564813000000000009e+00,1.545540000000000802e-01,1.488795853710049855e-01,1.545521306670861461e-01,1.869332913934096396e-06,-1.499434738735923034e-01,1.548516434798926367e-01,-2.976434798925564618e-04
3.420000000000000123e-02,1.720239000000000074e+00,1.564815000000000067e+00,1.554240000000000066e-01,1.497509417665936482e-01,1.554222007015757523e-01,1.799298424254303086e-06,-1.508273651112013169e-01,1.556868621493397997e-01,-2.628621493397931275e-04
3.429999999999999716e-02,1.721112999999999893e+00,1.564816800000000008e+00,1.562961999999998852e-01,1.506248132896192971e-01,1.562947821504617196e-01,1.417849538165594225e-06,-1.517138819192531685e-01,1.565245617276764256e-01,-2.283617276765403936e-04
3.440000000000000002e-02,1.721989999999999910e+00,1.564818400000000054e+00,1.571715999999998559e-01,1.515011996223334378e-01,1.571698746964646509e-01,1.725303535204947281e-06,-1.526030246280489777e-01,1.573647425270049138e-01,-1.931425270050579623e-04
3.450000000000000289e-02,1.722868999999999984e+00,1.564820000000000100e+00,1.580489999999998840e-01,1.523801004473428478e-01,1.580474780226598652e-01,1.521977340018798586e-06,-1.534947935675416986e-01,1.582074048590987603e-01,-1.584048590988762495e-04
3.459999999999999881e-02,1.723751000000000033e+00,1.564821600000000146e+00,1.589293999999998874e-01,1.532615154465535312e-01,1.589275918114229913e-01,1.808188576896130328e-06,-1.543891890704722769e-01,1.590525490383658258e-01,-1.231490383659383792e-04
3.470000000000000168e-02,1.724636000000000058e+00,1.564823199999999970e+00,1.598128000000000881e-01,1.541454442990808360e-01,1.598102157423430814e-01,2.584257657006761022e-06,-1.552862114699324891e-01,1.599001753795454561e-01,-8.737537954536800378e-05
3.479999999999999760e-02,1.725522999999999918e+00,1.564824999999999910e+00,1.606980000000000075e-01,1.550318866847391064e-01,1.606953494957071571e-01,2.650504292850408561e-06,-1.561858610990149998e-01,1.607502841973778573e-01,-5.228419737784983923e-05
3.490000000000000047e-02,1.726412000000000058e+00,1.564826999999999968e+00,1.615850000000000897e-01,1.559208422826436902e-01,1.615829927511042707e-01,2.007248895818936063e-06,-1.570881382932522996e-01,1.616028758089086137e-01,-1.787580890852402682e-05
3.500000000000000333e-02,1.727303999999999951e+00,1.564829000000000025e+00,1.624749999999999250e-01,1.568123107701673291e-01,1.624731451863834775e-01,1.854813616447570368e-06,-1.579930433881759910e-01,1.624579505311824767e-01,1.704946881744828779e-05
3.509999999999999926e-02,1.728197999999999901e+00,1.564830600000000072e+00,1.633673999999998294e-01,1.577062918239846567e-01,1.633658064786967234e-01,1.593521303105971398e-06,-1.589005767210647235e-01,1.633155086828950164e-01,5.189131710481298398e-05
3.520000000000000212e-02,1.729095000000000049e+00,1.564832199999999895e+00,1.642628000000001531e-01,1.586027851197231442e-01,1.642609763041503468e-01,1.823695849806350466e-06,-1.598107386298925903e-01,1.641755505833988604e-01,8.724941660129270637e-05
3.529999999999999805e-02,1.729994999999999949e+00,1.564833999999999836e+00,1.651610000000001133e-01,1.595017903337101473e-01,1.651586543395495432e-01,2.345660450570052902e-06,-1.607235294529827385e-01,1.650380765523765114e-01,1.229234476236018558e-04
3.540000000000000091e-02,1.730896999999999908e+00,1.564835999999999894e+00,1.660610000000000142e-01,1.604033071377344299e-01,1.660588402571675781e-01,2.159742832436029047e-06,-1.616389495310981417e-01,1.659030869118159057e-01,1.579130881841084300e-04
3.549999999999999684e-02,1.731800999999999924e+00,1.564837999999999951e+00,1.669629999999999725e-01,1.613073352067315724e-01,1.669615337324199533e-01,1.466267580019220418e-06,-1.625569992050071022e-01,1.667705819837099201e-01,1.924180162900523960e-04
3.559999999999999970e-02,1.732707999999999915e+00,1.564839599999999997e+00,1.678683999999999177e-01,1.622138742131848943e-01,1.678667344382734905e-01,1.665561726427178257e-06,-1.634776788161698136e-01,1.676405620907052696e-01,2.278379092946480888e-04
3.570000000000000256e-02,1.733618000000000103e+00,1.564841200000000043e+00,1.687768000000000601e-01,1.631229238274940485e-01,1.687744420456143979e-01,2.357954385662219821e-06,-1.644009887077917398e-01,1.685130275570977387e-01,2.637724429023213801e-04
3.579999999999999849e-02,1.734529999999999905e+00,1.564842999999999984e+00,1.696869999999999212e-01,1.640344837214513518e-01,1.696846562267195768e-01,2.343773280344407794e-06,-1.653269292241272836e-01,1.693879787081743193e-01,2.990212918256018870e-04
3.590000000000000135e-02,1.735444999999999904e+00,1.564845000000000041e+00,1.705999999999998629e-01,1.649485535640557998e-01,1.705973766510766043e-01,2.623348923258550514e-06,-1.662555007094272952e-01,1.702654158692185893e-01,3.345841307812735810e-04
3.599999999999999728e-02,1.736361999999999961e+00,1.564847000000000099e+00,1.715149999999998620e-01,1.658651330236136090e-01,1.715126029874814162e-01,2.397012518445817975e-06,-1.671867035110849997e-01,1.711453393684833624e-01,3.696606315164996381e-04
3.610000000000000014e-02,1.737281000000000075e+00,1.564848600000000145e+00,1.724323999999999302e-01,1.667842217691219986e-01,1.724303349054198686e-01,2.065094580061543894e-06,-1.681205379743975215e-01,1.720277495322408978e-01,4.046504677590323507e-04
3.620000000000000301e-02,1.738202999999999943e+00,1.564850199999999969e+00,1.733527999999999736e-01,1.677058194671463554e-01,1.733505720719496213e-01,2.227928050352323552e-06,-1.690570044485042445e-01,1.729126466903939674e-01,4.401533096060061823e-04
3.629999999999999893e-02,1.739128000000000007e+00,1.564851999999999910e+00,1.742760000000000975e-01,1.686299257835432996e-01,1.742733141534205388e-01,2.685846579558726077e-06,-1.699961032821875051e-01,1.738000311725079738e-01,4.759688274921236584e-04
3.640000000000000180e-02,1.740054999999999907e+00,1.564853999999999967e+00,1.752009999999999401e-01,1.695565403852263842e-01,1.751985608172379194e-01,2.439182762020708495e-06,-1.709378348252830193e-01,1.746899033091436626e-01,5.110966908562775135e-04
3.649999999999999772e-02,1.740985000000000005e+00,1.564856000000000025e+00,1.761289999999999800e-01,1.704856629342170748e-01,1.761263117259222188e-01,2.688274077761176883e-06,-1.718821994286710009e-01,1.755822634318487396e-01,5.467365681512403874e-04
3.660000000000000059e-02,1.741916999999999938e+00,1.564857600000000071e+00,1.770593999999998669e-01,1.714172930942865491e-01,1.770565665437409397e-01,2.833456258927169458e-06,-1.728291974446243273e-01,1.764771118734868582e-01,5.822881265130086526e-04
3.670000000000000345e-02,1.742850999999999928e+00,1.564859199999999895e+00,1.779918000000000333e-01,1.723514305306004246e-01,1.779893249363539987e-01,2.475063646034669773e-06,-1.737788292261157608e-01,1.773744489675829483e-01,6.173510324170849994e-04
3.679999999999999938e-02,1.743789000000000033e+00,1.564860999999999835e+00,1.789280000000001980e-01,1.732880749020431210e-01,1.789245865631494681e-01,3.413436850729922867e-06,-1.747310951275125035e-01,1.782742750489795802e-01,6.537249510206177838e-04
3.690000000000000224e-02,1.744728000000000057e+00,1.564862999999999893e+00,1.798650000000001636e-01,1.742272258716877076e-01,1.798623510876977416e-01,2.648912302422035125e-06,-1.756859955035317000e-01,1.791765904528499764e-01,6.884095471501872066e-04
3.699999999999999817e-02,1.745670000000000055e+00,1.564864999999999950e+00,1.808050000000001045e-01,1.751688830977222722e-01,1.808026181686915590e-01,2.381831308545523385e-06,-1.766435307099367691e-01,1.800813955153559853e-01,7.236044846441191947e-04
3.710000000000000103e-02,1.746615000000000029e+00,1.564867000000000008e+00,1.817480000000000206e-01,1.761130462404292274e-01,1.817453874669148206e-01,2.612533085200041683e-06,-1.776037011049300673e-01,1.809886905749640562e-01,7.593094250359644359e-04
3.719999999999999696e-02,1.747562000000000060e+00,1.564869000000000065e+00,1.826929999999999943e-01,1.770597149580002139e-01,1.826906586410638189e-01,2.341358936175375050e-06,-1.785665070453195113e-01,1.818984759688229425e-01,7.945240311770518371e-04
3.729999999999999982e-02,1.748512000000000066e+00,1.564870800000000006e+00,1.836412000000000599e-01,1.780088889072235503e-01,1.836384313484335229e-01,2.768651566537050357e-06,-1.795319488910553929e-01,1.828107520370507444e-01,8.304479629493155546e-04
3.740000000000000269e-02,1.749463999999999908e+00,1.564872400000000052e+00,1.845915999999998558e-01,1.789605677448946608e-01,1.845887052463260070e-01,2.894753673848837749e-06,-1.805000270017362851e-01,1.837255191194331061e-01,8.660808805667497001e-04
3.749999999999999861e-02,1.750418999999999947e+00,1.564874000000000098e+00,1.855449999999998489e-01,1.799147511267626953e-01,1.855414799909986812e-01,3.520009001167778706e-06,-1.814707417390550859e-01,1.846427775577346997e-01,9.022224422651492493e-04
3.760000000000000148e-02,1.751376000000000044e+00,1.564875999999999934e+00,1.865000000000001101e-01,1.808714387075287533e-01,1.864967552376623483e-01,3.244762337761830651e-06,-1.824440934647011403e-01,1.855625276937167834e-01,9.374723062833267839e-04
3.769999999999999740e-02,1.752335999999999894e+00,1.564877999999999991e+00,1.874579999999999025e-01,1.818306301401477754e-01,1.874545306397843447e-01,3.469360215557770744e-06,-1.834200825417653391e-01,1.864847698704649726e-01,9.732301295349299330e-04
3.780000000000000027e-02,1.753298000000000023e+00,1.564879999999999827e+00,1.884180000000001964e-01,1.827923250793226373e-01,1.884148058525772496e-01,3.194147422946880255e-06,-1.843987093350758499e-01,1.874095044327064308e-01,1.008495567293765660e-03
3.790000000000000313e-02,1.754262999999999906e+00,1.564881999999999884e+00,1.893810000000000215e-01,1.837565231755675654e-01,1.893775805270712376e-01,3.419472928783973131e-06,-1.853799742091144509e-01,1.883367317248410000e-01,1.044268275159021542e-03
3.799999999999999906e-02,1.755230000000000068e+00,1.564883999999999942e+00,1.903460000000001262e-01,1.847232240804430603e-01,1.903428543153412311e-01,3.145684658895087082e-06,-1.863638775304572448e-01,1.892664520932474670e-01,1.079547906752659214e-03
3.810000000000000192e-02,1.756199999999999983e+00,1.564885999999999999e+00,1.913139999999999841e-01,1.856924274448186196e-01,1.913106268687721490e-01,3.373131227835113322e-06,-1.873504196663766663e-01,1.901986658849626199e-01,1.115334115037364127e-03
3.819999999999999785e-02,1.757171999999999956e+00,1.564888000000000057e+00,1.922839999999998994e-01,1.866641329185068088e-01,1.922808978376934763e-01,3.102162306423128513e-06,-1.883396009848450348e-01,1.911333734476844959e-01,1.150626552315403561e-03
3.830000000000000071e-02,1.758145999999999987e+00,1.564889799999999997e+00,1.932561999999999891e-01,1.876383401488883607e-01,1.932536668700065852e-01,2.533129993403937519e-06,-1.893314218552237804e-01,1.920705751304237763e-01,1.185624869576212825e-03
3.839999999999999664e-02,1.759123999999999910e+00,1.564891400000000043e+00,1.942325999999998665e-01,1.886150487840350110e-01,1.942289336143026846e-01,3.666385697181917536e-06,-1.903258826475795473e-01,1.930102712828574707e-01,1.222328717142395771e-03
3.849999999999999950e-02,1.760102999999999973e+00,1.564893000000000089e+00,1.952099999999998836e-01,1.895942584713239398e-01,1.952066977184795937e-01,3.302281520289884753e-06,-1.913229837344125883e-01,1.939524622569621104e-01,1.257537743037773215e-03
3.860000000000000236e-02,1.761085999999999929e+00,1.564894999999999925e+00,1.961910000000000043e-01,1.905759688563861687e-01,1.961869588286914434e-01,4.041171308560853603e-06,-1.923227254857895474e-01,1.948971484024147049e-01,1.293851597585299329e-03
3.869999999999999829e-02,1.762070000000000025e+00,1.564896999999999982e+00,1.971730000000000427e-01,1.915601795838099974e-01,1.971697165900512250e-01,3.283409948817705981e-06,-1.933251082770031104e-01,1.958443300738303416e-01,1.328669926169701032e-03
3.880000000000000115e-02,1.763058000000000014e+00,1.564898999999999818e+00,1.981590000000001961e-01,1.925468902992264475e-01,1.981549706487130968e-01,4.029351287099247614e-06,-1.943301324816033571e-01,1.967940076241775915e-01,1.364992375822604576e-03
3.889999999999999708e-02,1.764046999999999921e+00,1.564900999999999875e+00,1.991460000000000452e-01,1.935361006447831045e-01,1.991427206473529721e-01,3.279352647073130456e-06,-1.953377984748847496e-01,1.977461814080732350e-01,1.399818591926810241e-03
3.899999999999999994e-02,1.765039999999999942e+00,1.564902999999999933e+00,2.001370000000000093e-01,1.945278102629703909e-01,2.001329662289890454e-01,4.033771010963915771e-06,-1.963481066335415193e-01,1.987008517814566610e-01,1.436148218543348287e-03
3.910000000000000281e-02,1.766034000000000104e+00,1.564904999999999990e+00,2.011290000000001132e-01,1.955220187955823974e-01,2.011257070359442067e-01,3.292964055906510978e-06,-1.973610573346071817e-01,1.996580191005879745e-01,1.470980899412138720e-03
3.919999999999999873e-02,1.767031999999999936e+00,1.564907000000000048e+00,2.021249999999998881e-01,1.965187258837239881e-01,2.021209427098531464e-01,4.057290146741721060e-06,-1.983766509565167979e-01,2.006176837230514709e-01,1.507316276948417189e-03
3.930000000000000160e-02,1.768030999999999908e+00,1.564908999999999883e+00,2.031220000000000248e-01,1.975179311667449866e-01,2.031186728905981509e-01,3.327109401873862282e-06,-1.993948878791016455e-01,2.015798460077508070e-01,1.542153992249217787e-03
3.939999999999999752e-02,1.769033999999999995e+00,1.564910999999999941e+00,2.041230000000000544e-01,1.985196342839987693e-01,2.041188972180649486e-01,4.102781935105825895e-06,-2.004157684825358388e-01,2.025445063139135471e-01,1.578493686086507308e-03
3.950000000000000039e-02,1.770038000000000000e+00,1.564912999999999998e+00,2.051250000000000018e-01,1.995238348730978828e-01,2.051216153304011303e-01,3.384669598871514751e-06,-2.014392931480450954e-01,2.035116650017610163e-01,1.613334998238985518e-03
3.960000000000000325e-02,1.771045999999999898e+00,1.564915000000000056e+00,2.061309999999998421e-01,2.005305325716530973e-01,2.061268268657524272e-01,4.173134247414944653e-06,-2.024654622589459052e-01,2.044813224334899593e-01,1.649677566509882842e-03
3.969999999999999918e-02,1.772054999999999936e+00,1.564917000000000114e+00,2.071379999999998223e-01,2.015397270158789667e-01,2.071345314608704635e-01,3.468539129358738649e-06,-2.034942761975102599e-01,2.054534789703102993e-01,1.684521029689522997e-03
3.980000000000000204e-02,1.773068000000000088e+00,1.564918999999999949e+00,2.081490000000001395e-01,2.025514178416436550e-01,2.081447287521609457e-01,4.271247839193748064e-06,-2.045257353494918107e-01,2.064281349767217444e-01,1.720865023278395078e-03
3.989999999999999797e-02,1.774081999999999937e+00,1.564921000000000006e+00,2.091609999999999303e-01,2.035656046830656152e-01,2.091574183742824777e-01,3.581625717452574520e-06,-2.055598400999585351e-01,2.074052908165761044e-01,1.755709183423825870e-03
4.000000000000000083e-02,1.775098999999999982e+00,1.564923000000000064e+00,2.101759999999999184e-01,2.045822871735740733e-01,2.101725999612054641e-01,3.400038794454385283e-06,-2.065965908350104741e-01,2.083849468547003814e-01,1.791053145299537075e-03
4.009999999999999676e-02,1.776119000000000003e+00,1.564925000000000122e+00,2.111939999999998818e-01,2.056014649469410926e-01,2.111902731472425909e-01,3.726852757290899376e-06,-2.076359879431990407e-01,2.093671034582379187e-01,1.826896541761963144e-03
4.019999999999999962e-02,1.777141000000000082e+00,1.564927000000000179e+00,2.122139999999999027e-01,2.066231376351979065e-01,2.122104375649683239e-01,3.562435031578825573e-06,-2.086780318123757638e-01,2.103517609936707000e-01,1.862239006329202695e-03
4.030000000000000249e-02,1.778165999999999913e+00,1.564929000000000014e+00,2.132369999999998988e-01,2.076473048682778710e-01,2.132330928448623597e-01,3.907155137539142231e-06,-2.097227228324847204e-01,2.113389198294579885e-01,1.898080170541910361e-03
4.039999999999999841e-02,1.779193000000000024e+00,1.564931000000000072e+00,2.142619999999999525e-01,2.086739662775176640e-01,2.142582386188056354e-01,3.761381194317126031e-06,-2.107700613945144852e-01,2.123285803350459799e-01,1.933419664953972550e-03
4.050000000000000128e-02,1.780223000000000111e+00,1.564932999999999907e+00,2.152900000000002034e-01,2.097031214928524179e-01,2.152858745172795962e-01,4.125482720607198672e-06,-2.118200478894554095e-01,2.133207428798825356e-01,1.969257120117667847e-03
4.059999999999999720e-02,1.781255000000000033e+00,1.564934999999999965e+00,2.163200000000000678e-01,2.107347701410802188e-01,2.163160001676332489e-01,3.999832366818889540e-06,-2.128726827103921693e-01,2.143154078353945169e-01,2.004592164605550897e-03
4.070000000000000007e-02,1.782289999999999930e+00,1.564937000000000022e+00,2.173529999999999074e-01,2.117689118510917012e-01,2.173486151993051230e-01,4.384800694784418695e-06,-2.139279662514486091e-01,2.153125755739906111e-01,2.040424426009296299e-03
4.080000000000000293e-02,1.783327000000000107e+00,1.564938999999999858e+00,2.183880000000002486e-01,2.128055462496849515e-01,2.183837192396442528e-01,4.280760355995782973e-06,-2.149858989067610082e-01,2.163122464680913293e-01,2.075753531908919314e-03
4.089999999999999886e-02,1.784367000000000036e+00,1.564940999999999915e+00,2.194260000000001209e-01,2.138446729622653919e-01,2.194213119146090629e-01,4.688085391058027795e-06,-2.160464810728957019e-01,2.173144208924132903e-01,2.111579107586830650e-03
4.100000000000000172e-02,1.785409000000000024e+00,1.564942999999999973e+00,2.204660000000000508e-01,2.148862916145812818e-01,2.204613928505003151e-01,4.607149499735729847e-06,-2.171097131457244700e-01,2.183190992210168602e-01,2.146900778983190650e-03
4.109999999999999765e-02,1.786453999999999986e+00,1.564945400000000042e+00,2.215085999999999444e-01,2.159304018306418271e-01,2.215039616718822990e-01,4.638328117645418303e-06,-2.181755955235669120e-01,2.193262818302753325e-01,2.182318169724611900e-03
4.120000000000000051e-02,1.787501000000000007e+00,1.564947799999999889e+00,2.225532000000001176e-01,2.169770032327100751e-01,2.225490180015756714e-01,4.181998424446220497e-06,-2.192441286057800198e-01,2.203359690975423002e-01,2.217230902457817399e-03
4.130000000000000338e-02,1.788550000000000084e+00,1.564949999999999841e+00,2.236000000000002430e-01,2.180260954451451738e-01,2.235965614644941646e-01,3.438535506078421733e-06,-2.203153127917261145e-01,2.213481614001762965e-01,2.251838599823946518e-03
4.139999999999999930e-02,1.789603000000000055e+00,1.564951999999999899e+00,2.246510000000001561e-01,2.190776780874159613e-01,2.246465916806683893e-01,4.408319331766774596e-06,-2.213891484825083467e-01,2.223628591171808166e-01,2.288140882819339472e-03
4.150000000000000216e-02,1.790656999999999943e+00,1.564953999999999956e+00,2.257029999999999870e-01,2.201317507821425323e-01,2.256991082732755505e-01,3.891726724436495033e-06,-2.224656360799333044e-01,2.233800626282240465e-01,2.322937371775940507e-03
4.159999999999999809e-02,1.791714000000000029e+00,1.564956000000000014e+00,2.267580000000000151e-01,2.211883131487883958e-01,2.267541108623409296e-01,3.889137659085495358e-06,-2.235447759868431916e-01,2.243997723139527223e-01,2.358227686047292826e-03
4.170000000000000095e-02,1.792774000000000090e+00,1.564958000000000071e+00,2.278160000000000185e-01,2.222473648050922179e-01,2.278115990661675194e-01,4.400933832499065446e-06,-2.246265686074906398e-01,2.254219885563462922e-01,2.394011443653726312e-03
4.179999999999999688e-02,1.793835999999999986e+00,1.564959999999999907e+00,2.288760000000000794e-01,2.233089053712209449e-01,2.288715725054830119e-01,4.427494517067476210e-06,-2.257110143475067332e-01,2.264467117386866901e-01,2.429288261313389263e-03
4.189999999999999974e-02,1.794901000000000080e+00,1.564961999999999964e+00,2.299390000000001155e-01,2.243729344628100364e-01,2.299340307964903019e-01,4.969203509813668873e-06,-2.267981136125332142e-01,2.274739422442659531e-01,2.465057755734162415e-03
4.200000000000000261e-02,1.795968000000000009e+00,1.564964000000000022e+00,2.310039999999999871e-01,2.254394516965465556e-01,2.309989735564423607e-01,5.026443557626381065e-06,-2.278878668089099335e-01,2.285036804570357571e-01,2.500319542964229980e-03
4.209999999999999853e-02,1.797036999999999995e+00,1.564966400000000091e+00,2.320705999999999047e-01,2.265084566894604023e-01,2.320664004029343863e-01,4.199597065518423378e-06,-2.289802743461084589e-01,2.295359267639069112e-01,2.534673236092993553e-03
4.220000000000000140e-02,1.798108999999999957e+00,1.564968799999999938e+00,2.331402000000000196e-01,2.275799490540482140e-01,2.331363109490351415e-01,3.889050964878126848e-06,-2.300753366322112470e-01,2.305706815504776908e-01,2.569518449522328885e-03
4.229999999999999732e-02,1.799183999999999894e+00,1.564970999999999890e+00,2.342130000000000045e-01,2.286539284062989452e-01,2.342087048113004610e-01,4.295188699543484034e-06,-2.311730540780896348e-01,2.316079452049815690e-01,2.605054795018435509e-03
4.240000000000000019e-02,1.800260999999999889e+00,1.564972999999999947e+00,2.352879999999999416e-01,2.297303943580093488e-01,2.352835816021002224e-01,4.418397899719206379e-06,-2.322734270953112912e-01,2.326477181163099928e-01,2.640281883689948872e-03
4.250000000000000305e-02,1.801341000000000081e+00,1.564975000000000005e+00,2.363660000000000760e-01,2.308093465206351169e-01,2.363609409334636868e-01,5.059066536389211777e-06,-2.333764560950957190e-01,2.336900006730254498e-01,2.675999326974626280e-03
4.259999999999999898e-02,1.802423000000000108e+00,1.564977000000000062e+00,2.374460000000000459e-01,2.318907845070175000e-01,2.374407824188037031e-01,5.217581196342857552e-06,-2.344821414914530777e-01,2.347347932663272629e-01,2.711206733672782976e-03
4.270000000000000184e-02,1.803506999999999971e+00,1.564979000000000120e+00,2.385279999999998513e-01,2.329747079268678078e-01,2.385231056684077033e-01,4.894331592147915799e-06,-2.355904836987434692e-01,2.357820962877454907e-01,2.745903712254360585e-03
4.279999999999999777e-02,1.804594000000000031e+00,1.564981200000000072e+00,2.396127999999999592e-01,2.340611163891956892e-01,2.396079102918625969e-01,4.889708137362225315e-06,-2.367014831320215507e-01,2.368319101294664442e-01,2.780889870533514996e-03
4.290000000000000063e-02,1.805684000000000067e+00,1.564983599999999919e+00,2.407004000000001476e-01,2.351500095037071247e-01,2.406951958994505147e-01,5.204100549632828532e-06,-2.378151402080863619e-01,2.378842351853246717e-01,2.816164814675475858e-03
4.299999999999999656e-02,1.806775000000000020e+00,1.564985999999999988e+00,2.417890000000000317e-01,2.362413868776691572e-01,2.417849620990183135e-01,4.037900981718189897e-06,-2.389314553440922140e-01,2.389390718494904808e-01,2.849928150509550839e-03
4.309999999999999942e-02,1.807870000000000088e+00,1.564988000000000046e+00,2.428820000000000423e-01,2.373352481176507212e-01,2.428772084977157131e-01,4.791502284329229866e-06,-2.400504289582290340e-01,2.399964205171127296e-01,2.885579482887312697e-03
4.320000000000000229e-02,1.808966999999999992e+00,1.564990000000000103e+00,2.439769999999998884e-01,2.384315928305671406e-01,2.439719347030383512e-01,5.065296961537235632e-06,-2.411720614711345689e-01,2.410562815856531482e-01,2.920718414346740177e-03
4.329999999999999821e-02,1.810065999999999953e+00,1.564992200000000055e+00,2.450737999999998973e-01,2.395304206208965780e-01,2.450691403200483398e-01,4.659679951557471611e-06,-2.422963533024020677e-01,2.421186554515866451e-01,2.955144548413252137e-03
4.340000000000000108e-02,1.811167999999999889e+00,1.564994599999999902e+00,2.461733999999999867e-01,2.406317310941581411e-01,2.461688249548470708e-01,4.575045152915846458e-06,-2.434233048737137750e-01,2.431835425133619111e-01,2.989857486638075601e-03
4.349999999999999700e-02,1.812273000000000023e+00,1.564996999999999971e+00,2.472760000000000513e-01,2.417355238530856099e-01,2.472709882107548551e-01,5.011789245196185405e-06,-2.445529166077982097e-01,2.442509431704163181e-01,3.025056829583733231e-03
4.359999999999999987e-02,1.813379000000000074e+00,1.564999000000000029e+00,2.483800000000000452e-01,2.428417985000628221e-01,2.483756296907425054e-01,4.370309257539783943e-06,-2.456851889287836599e-01,2.453208578235099024e-01,3.059142176490142750e-03
4.370000000000000273e-02,1.814489000000000019e+00,1.565001000000000086e+00,2.494879999999999320e-01,2.439505546374718392e-01,2.494827489977791135e-01,5.251002220818534738e-06,-2.468201222607895318e-01,2.463932868733942350e-01,3.094713126605697084e-03
4.379999999999999866e-02,1.815601000000000020e+00,1.565003200000000039e+00,2.505977999999999817e-01,2.450617918662985062e-01,2.505923457334395255e-01,5.454266560456222379e-06,-2.479577170300366618e-01,2.474682307228066314e-01,3.129569277193350318e-03
4.390000000000000152e-02,1.816715000000000080e+00,1.565005599999999886e+00,2.517094000000001941e-01,2.461755097864859465e-01,2.517044194982575034e-01,4.980501742690712774e-06,-2.490979736630904995e-01,2.485456897748099803e-01,3.163710225190213832e-03
4.399999999999999745e-02,1.817831999999999892e+00,1.565007999999999955e+00,2.528239999999999377e-01,2.472917079976291177e-01,2.528189698924190876e-01,5.030107580850096127e-06,-2.502408925868664369e-01,2.496256644327977947e-01,3.198335567202142959e-03
4.410000000000000031e-02,1.818950999999999985e+00,1.565010000000000012e+00,2.539409999999999723e-01,2.484103860975732658e-01,2.539359965143632714e-01,5.003485636700943928e-06,-2.513864742321167967e-01,2.507081551037891876e-01,3.232844896210784746e-03
4.420000000000000318e-02,1.820073000000000052e+00,1.565012000000000070e+00,2.550609999999999822e-01,2.495315436841689660e-01,2.550554989625342661e-01,5.501037465716063224e-06,-2.525347190271496345e-01,2.517931621924936469e-01,3.267837807506335235e-03
4.429999999999999910e-02,1.821196999999999955e+00,1.565014200000000022e+00,2.561827999999999328e-01,2.506551803542169665e-01,2.561774768343280662e-01,5.323165671866636472e-06,-2.536856274037671000e-01,2.528806861069222145e-01,3.302113893077718298e-03
4.440000000000000197e-02,1.822324000000000055e+00,1.565016599999999869e+00,2.573074000000001860e-01,2.517812957031253518e-01,2.573019297257500559e-01,5.470274250130024996e-06,-2.548391997941124032e-01,2.539707272554082573e-01,3.336672744591928641e-03
4.449999999999999789e-02,1.823452999999999991e+00,1.565018999999999938e+00,2.584340000000000526e-01,2.529098893259558167e-01,2.584288572324597300e-01,5.142767540322612518e-06,-2.559954366299859174e-01,2.550632860459611240e-01,3.370713954038928595e-03
4.460000000000000075e-02,1.824584999999999901e+00,1.565020999999999995e+00,2.595639999999999059e-01,2.540409608177629508e-01,2.595582589501094772e-01,5.741049890428673308e-06,-2.571543383470213939e-01,2.561583628902123766e-01,3.405637109787529315e-03
4.469999999999999668e-02,1.825719000000000092e+00,1.565023000000000053e+00,2.606960000000000388e-01,2.551745097704660736e-01,2.606901344712210800e-01,5.865528778958850609e-06,-2.583159053791082016e-01,2.572559581981452848e-01,3.440041801854754056e-03
4.479999999999999954e-02,1.826854999999999896e+00,1.565025200000000005e+00,2.618297999999998904e-01,2.563105357777306637e-01,2.618244833900598700e-01,5.316609940020367020e-06,-2.594801381632798609e-01,2.583560723827141303e-01,3.473727617285760072e-03
4.490000000000000241e-02,1.827993999999999897e+00,1.565027599999999852e+00,2.629664000000000446e-01,2.574490384307761559e-01,2.629613052984487997e-01,5.094701551244806836e-06,-2.606470371362128446e-01,2.594587058565356319e-01,3.507694143464412662e-03
4.499999999999999833e-02,1.829136000000000095e+00,1.565029999999999921e+00,2.641060000000001740e-01,2.585900173201292063e-01,2.641005997875189859e-01,5.400212481188049196e-06,-2.618166027359887238e-01,2.605638590335543903e-01,3.542140966445783690e-03
4.510000000000000120e-02,1.830279999999999907e+00,1.565032399999999990e+00,2.652475999999999168e-01,2.597334720359647520e-01,2.652423664480503263e-01,5.233551949590520280e-06,-2.629888354024227937e-01,2.616715323293530293e-01,3.576067670646887464e-03
4.519999999999999712e-02,1.831426999999999916e+00,1.565034800000000059e+00,2.663921999999998569e-01,2.608794021670615138e-01,2.663866048694287780e-01,5.595130571078854587e-06,-2.641637355756873973e-01,2.627817261598517362e-01,3.610473840148120672e-03
4.529999999999999999e-02,1.832575999999999983e+00,1.565037000000000011e+00,2.675389999999999713e-01,2.620278073015036568e-01,2.675333146403464091e-01,5.685359653562205295e-06,-2.653413036976957073e-01,2.638944409426153825e-01,3.644559057384588741e-03
4.540000000000000285e-02,1.833727000000000107e+00,1.565039000000000069e+00,2.686880000000000379e-01,2.631786870266754619e-01,2.686824953487968459e-01,5.504651203191990305e-06,-2.665215402096592356e-01,2.650096770945460367e-01,3.678322905454001202e-03
4.549999999999999878e-02,1.834880999999999984e+00,1.565040999999999904e+00,2.698400000000000798e-01,2.643320409292631012e-01,2.698341465820762730e-01,5.853417923806780720e-06,-2.677044455555890323e-01,2.661274350351910400e-01,3.712564964809039747e-03
4.560000000000000164e-02,1.836036999999999919e+00,1.565043399999999973e+00,2.709935999999999456e-01,2.654878685949135786e-01,2.709882679264434269e-01,5.332073556518768243e-06,-2.688900201808799295e-01,2.672477151854051325e-01,3.745884814594813150e-03
4.569999999999999757e-02,1.837196000000000051e+00,1.565045800000000042e+00,2.721502000000000088e-01,2.666461696089115208e-01,2.721448589677952223e-01,5.341032204786433368e-06,-2.700782645295429774e-01,2.683705179647355998e-01,3.779682035264408935e-03
4.580000000000000043e-02,1.838357999999999937e+00,1.565048200000000111e+00,2.733097999999998251e-01,2.678069435537651088e-01,2.733039192892561253e-01,5.880710743699779641e-06,-2.712691790497654409e-01,2.694958437966759601e-01,3.813956203323864980e-03
4.590000000000000330e-02,1.839522000000000101e+00,1.565050599999999958e+00,2.744714000000001430e-01,2.689701900137180246e-01,2.744654484756836599e-01,5.951524316483158827e-06,-2.724627641879973083e-01,2.706236931030779336e-01,3.847706896922209463e-03
4.599999999999999922e-02,1.840688000000000102e+00,1.565053000000000027e+00,2.756350000000000744e-01,2.701359085709231778e-01,2.756294461098475201e-01,5.553890152554252779e-06,-2.736590203934738952e-01,2.717540663084252461e-01,3.880933691574828259e-03
4.610000000000000209e-02,1.841857000000000077e+00,1.565055400000000096e+00,2.768015999999999810e-01,2.713040988068389225e-01,2.767959117738240105e-01,5.688226175970534371e-06,-2.748579481161304017e-01,2.728869638378630391e-01,3.914636162136941877e-03
4.619999999999999801e-02,1.843028000000000111e+00,1.565057799999999943e+00,2.779702000000001672e-01,2.724747603015220676e-01,2.779648450482898325e-01,5.354951710334621140e-06,-2.760595478066019126e-01,2.740223861171975916e-01,3.947813882802575502e-03
4.630000000000000088e-02,1.844201999999999897e+00,1.565060200000000012e+00,2.791417999999998845e-01,2.736478926353846930e-01,2.791362455142765153e-01,5.554485723369140260e-06,-2.772638199165644579e-01,2.751603335732188405e-01,3.981466426781044010e-03
4.639999999999999680e-02,1.845377999999999963e+00,1.565062599999999859e+00,2.803154000000001034e-01,2.748234953874408859e-01,2.803101127514196489e-01,5.287248580454484426e-06,-2.784707648990938367e-01,2.763008066340393865e-01,4.014593365960716920e-03
4.649999999999999967e-02,1.846557000000000004e+00,1.565064999999999928e+00,2.814920000000000755e-01,2.760015681339123006e-01,2.814864463365665537e-01,5.553663433521816017e-06,-2.796803832079621799e-01,2.774438057284298598e-01,4.048194271570215719e-03
4.660000000000000253e-02,1.847738000000000103e+00,1.565066999999999986e+00,2.826710000000001166e-01,2.771821104538165770e-01,2.826652458493562614e-01,5.754150643855204805e-06,-2.808926752990323905e-01,2.785893312871363103e-01,4.081668712863806281e-03
4.669999999999999846e-02,1.848921999999999954e+00,1.565069000000000043e+00,2.838529999999999109e-01,2.783651219230272034e-01,2.838465108662884817e-01,6.489133711429229123e-06,-2.821076416271228737e-01,2.797373837399179664e-01,4.115616260081944588e-03
4.680000000000000132e-02,1.850108000000000086e+00,1.565071199999999996e+00,2.850368000000000901e-01,2.795506021174194444e-01,2.850302409638645895e-01,6.559036135500573295e-06,-2.833252826501908572e-01,2.808879635194999058e-01,4.148836480500184276e-03
4.689999999999999725e-02,1.851296000000000053e+00,1.565073599999999843e+00,2.862224000000002100e-01,2.807385506100779082e-01,2.862164357157993555e-01,5.964284200854486073e-06,-2.845455988265435110e-01,2.820410710589378311e-01,4.181328941062378846e-03
4.700000000000000011e-02,1.852486999999999995e+00,1.565075999999999912e+00,2.874110000000000831e-01,2.819289669772260254e-01,2.874050946989419320e-01,5.905301058151124494e-06,-2.857685906144826760e-01,2.831967067912825042e-01,4.214293208717578842e-03
4.710000000000000298e-02,1.853680999999999912e+00,1.565078399999999981e+00,2.886025999999999314e-01,2.831218507898576320e-01,2.885962174849194262e-01,6.382515080505246630e-06,-2.869942584751097314e-01,2.843548711522298489e-01,4.247728847770082528e-03
4.719999999999999890e-02,1.854877000000000109e+00,1.565080800000000050e+00,2.897962000000000593e-01,2.843172016217554443e-01,2.897898036481437734e-01,6.396351856285953374e-06,-2.882226028695189513e-01,2.855155645774691275e-01,4.280635422530931766e-03
4.730000000000000177e-02,1.856074999999999919e+00,1.565083200000000119e+00,2.909917999999998006e-01,2.855150190418171974e-01,2.909858527581491994e-01,5.947241850601248103e-06,-2.894536242602008258e-01,2.866787875040089917e-01,4.313012495990808937e-03
4.739999999999999769e-02,1.857275999999999927e+00,1.565085599999999966e+00,2.921903999999999613e-01,2.867153026227775570e-01,2.921843643883010877e-01,6.035611698873566411e-06,-2.906873231103439537e-01,2.878445403695175653e-01,4.345859630482395985e-03
4.750000000000000056e-02,1.858479999999999910e+00,1.565088000000000035e+00,2.933919999999998751e-01,2.879180519335413635e-01,2.933853381081406586e-01,6.661891859216506617e-06,-2.919236998848830922e-01,2.890128236133130413e-01,4.379176386686833844e-03
4.760000000000000342e-02,1.859685000000000032e+00,1.565090400000000104e+00,2.945945999999999287e-01,2.891232665419547487e-01,2.945887734861520890e-01,5.826513847839720484e-06,-2.931627550491011647e-01,2.901836376750425717e-01,4.410962324957357072e-03
4.769999999999999934e-02,1.860894000000000048e+00,1.565092799999999951e+00,2.958012000000000974e-01,2.903309460176224377e-01,2.957946700925754846e-01,6.529907424612790834e-06,-2.944044890693202632e-01,2.913569829953351897e-01,4.444217004664907655e-03
4.780000000000000221e-02,1.862104999999999899e+00,1.565095200000000020e+00,2.970097999999998795e-01,2.915410899266479561e-01,2.970030274941549142e-01,6.772505844965248656e-06,-2.956489024143156286e-01,2.925328600171379634e-01,4.476939982861916079e-03
4.789999999999999813e-02,1.863318000000000030e+00,1.565097599999999867e+00,2.982204000000001631e-01,2.927536978347919927e-01,2.982138452572921095e-01,6.554742708053673539e-06,-2.968959955514591798e-01,2.937112691820719101e-01,4.509130817928252988e-03
4.800000000000000100e-02,1.864533999999999914e+00,1.565099999999999936e+00,2.994339999999999780e-01,2.939687693085151210e-01,2.994271229490876318e-01,6.877050912346138745e-06,-2.981457689512652109e-01,2.948922109347272835e-01,4.541789065272694437e-03
4.809999999999999692e-02,1.865752000000000077e+00,1.565102400000000005e+00,3.006496000000000723e-01,2.951863039121800369e-01,3.006428601345474405e-01,6.739865452631832454e-06,-2.993982230845961823e-01,2.960756857200234071e-01,4.573914279976665220e-03
4.819999999999999979e-02,1.866972000000000076e+00,1.565104800000000074e+00,3.018672000000000022e-01,2.964063012091084914e-01,3.018610563776378264e-01,6.143622362175804597e-06,-3.006533584233590517e-01,2.972616939838664818e-01,4.605506016133520397e-03
4.830000000000000265e-02,1.868195000000000050e+00,1.565107200000000143e+00,3.030877999999999073e-01,2.976287607622687403e-01,3.030817112419722514e-01,6.088758027655849503e-06,-3.019111754405088277e-01,2.984502361731529718e-01,4.637563826846935466e-03
4.839999999999999858e-02,1.869420999999999999e+00,1.565109599999999990e+00,3.043114000000000097e-01,2.988536821339327076e-01,3.043048242904688450e-01,6.575709531164708466e-06,-3.031716746097004034e-01,2.996413127354407013e-01,4.670087264559308338e-03
4.850000000000000144e-02,1.870649000000000006e+00,1.565112000000000059e+00,3.055369999999999475e-01,3.000810648849796536e-01,3.055303950846551819e-01,6.604915344765593943e-06,-3.044348564063277252e-01,3.008349241199308466e-01,4.702075880069100933e-03
4.859999999999999737e-02,1.871879999999999988e+00,1.565114799999999917e+00,3.067652000000000712e-01,3.013109085762852857e-01,3.067584231860551736e-01,6.776813944897597253e-06,-3.057007213064881768e-01,3.020310707764891078e-01,4.734129223510963325e-03
4.870000000000000023e-02,1.873112000000000110e+00,1.565117599999999998e+00,3.079944000000001125e-01,3.025432127669827054e-01,3.079889081544527896e-01,5.491845547322959931e-06,-3.069692697876664766e-01,3.032297531562921367e-01,4.764646843707975865e-03
4.880000000000000310e-02,1.874347999999999903e+00,1.565120199999999961e+00,3.092277999999999416e-01,3.037779770158568482e-01,3.092218495492843888e-01,5.950450715552779712e-06,-3.082405023280543332e-01,3.044309717111846614e-01,4.796828288815280228e-03
4.889999999999999902e-02,1.875585999999999975e+00,1.565122600000000030e+00,3.104633999999999450e-01,3.050152008813444837e-01,3.104572469296384973e-01,6.153070361447632308e-06,-3.095144194065326815e-01,3.056347268936625006e-01,4.828673106337444398e-03
4.900000000000000189e-02,1.876826000000000105e+00,1.565125000000000099e+00,3.117010000000000058e-01,3.062548839204861650e-01,3.116950998532097006e-01,5.900146790305260680e-06,-3.107910215040785573e-01,3.068410191582023883e-01,4.859980841797617579e-03
4.909999999999999781e-02,1.878068999999999988e+00,1.565127400000000168e+00,3.129415999999998199e-01,3.074970256885780628e-01,3.129354078759506441e-01,6.192124049175795619e-06,-3.120703091020189390e-01,3.080498489596113498e-01,4.891751040388470084e-03
4.920000000000000068e-02,1.879313999999999929e+00,1.565129800000000015e+00,3.141841999999999135e-01,3.087416257409181242e-01,3.141781705538158054e-01,6.029446184108167017e-06,-3.133522826823771368e-01,3.092612167533547174e-01,4.922983246645196154e-03
4.929999999999999660e-02,1.880562000000000067e+00,1.565132200000000084e+00,3.154297999999999824e-01,3.099886836334988516e-01,3.154233874434531071e-01,6.412556546875336494e-06,-3.146369427299671173e-01,3.104751229975344917e-01,4.954677002465490698e-03
4.939999999999999947e-02,1.881812000000000040e+00,1.565134599999999931e+00,3.166774000000001088e-01,3.112381989191774778e-01,3.166710580983799206e-01,6.341901620188217237e-06,-3.159242897282066309e-01,3.116915681489335066e-01,4.985831851066602205e-03
4.950000000000000233e-02,1.883064999999999989e+00,1.565137000000000000e+00,3.179279999999999884e-01,3.124901711504577406e-01,3.179211820717606218e-01,6.817928239366555232e-06,-3.172143241633040844e-01,3.129105526669714310e-01,5.017447333028557388e-03
4.959999999999999826e-02,1.884319999999999995e+00,1.565139400000000069e+00,3.191805999999999255e-01,3.137445998805468150e-01,3.191737589174619694e-01,6.841082537956122422e-06,-3.185070465221677694e-01,3.141320770117292382e-01,5.048522988270687240e-03
4.970000000000000112e-02,1.885577000000000059e+00,1.565141799999999916e+00,3.204352000000001421e-01,3.150014846602058327e-01,3.204287881869083421e-01,6.411813091800055986e-06,-3.198024572924005327e-01,3.153561416439442655e-01,5.079058356055876633e-03
4.979999999999999705e-02,1.886837000000000097e+00,1.565144399999999880e+00,3.216926000000002173e-01,3.162608250381051533e-01,3.216862694294362890e-01,6.330570563928272776e-06,-3.211005569633513801e-01,3.165827470260038079e-01,5.109852973996409364e-03
4.989999999999999991e-02,1.888099999999999890e+00,1.565147199999999961e+00,3.229527999999999288e-01,3.175226205667502910e-01,3.229462021982120734e-01,6.597801787855406275e-06,-3.224013460247157070e-01,3.178118936206223433e-01,5.140906379377585544e-03
5.000000000000000278e-02,1.889364999999999961e+00,1.565150000000000041e+00,3.242149999999999199e-01,3.187868707930672230e-01,3.242085860408304709e-01,6.413959169448979480e-06,-3.237048249679350675e-01,3.190435818921644184e-01,5.171418107835501488e-03
5.009999999999999870e-02,1.890632000000000090e+00,1.565152400000000110e+00,3.254795999999999800e-01,3.200535752650264243e-01,3.254734205059292562e-01,6.179494070723823285e-06,-3.250109942844474631e-01,3.202778123049911385e-01,5.201787695008841528e-03
5.020000000000000157e-02,1.891901999999999973e+00,1.565154799999999957e+00,3.267472000000000154e-01,3.213227335302555332e-01,3.267407051418039776e-01,6.494858196037789355e-06,-3.263198544681387148e-01,3.215145853257767028e-01,5.232614674223312612e-03
5.029999999999999749e-02,1.893173999999999912e+00,1.565157200000000026e+00,3.280167999999998862e-01,3.225943451346324764e-01,3.280104394950029145e-01,6.360504996971716452e-06,-3.276314060128910910e-01,3.227539014211917578e-01,5.262898578808128391e-03
5.040000000000000036e-02,1.894449000000000050e+00,1.565159599999999873e+00,3.292894000000001764e-01,3.238684096243868993e-01,3.292826231124256209e-01,6.776887574555523486e-06,-3.289456494143294663e-01,3.239957610595536885e-01,5.293638940446487862e-03
5.050000000000000322e-02,1.895726000000000022e+00,1.565161999999999942e+00,3.305640000000000800e-01,3.251449265429524615e-01,3.305572555381797728e-01,6.744461820307190436e-06,-3.302625851684233282e-01,3.252401647095053971e-01,5.323835290494682848e-03
5.059999999999999915e-02,1.897005999999999970e+00,1.565164800000000023e+00,3.318411999999999473e-01,3.264238954344662602e-01,3.318343363170754845e-01,6.863682924462821688e-06,-3.315822137732524766e-01,3.264871128416839685e-01,5.354087158315978812e-03
5.070000000000000201e-02,1.898287999999999975e+00,1.565167600000000103e+00,3.331203999999998722e-01,3.277053158423690604e-01,3.331138649932274265e-01,6.535006772445672851e-06,-3.329045357272200079e-01,3.277366059270318543e-01,5.383794072968017819e-03
5.079999999999999793e-02,1.899572000000000038e+00,1.565170200000000067e+00,3.344017999999999713e-01,3.289891873080037499e-01,3.343958411086557225e-01,5.958891344248762323e-06,-3.342295515298019382e-01,3.289886444375053620e-01,5.413155562494609274e-03
5.090000000000000080e-02,1.900859000000000076e+00,1.565172599999999914e+00,3.356864000000001624e-01,3.302755093741112091e-01,3.356802642067762688e-01,6.135793223893681869e-06,-3.355572616818420784e-01,3.302432288463531540e-01,5.443171153647008431e-03
5.099999999999999672e-02,1.902149000000000090e+00,1.565174999999999983e+00,3.369740000000001068e-01,3.315642815792472220e-01,3.369671338268260263e-01,6.866173174080447694e-06,-3.368876666845572743e-01,3.315003596271764996e-01,5.473640372823607159e-03
5.109999999999999959e-02,1.903440999999999939e+00,1.565177800000000063e+00,3.382631999999998751e-01,3.328555034644082866e-01,3.382564495104791180e-01,6.750489520757074757e-06,-3.382207670422907597e-01,3.327600372565307496e-01,5.503162743469125484e-03
5.120000000000000245e-02,1.904735000000000067e+00,1.565180600000000144e+00,3.395543999999999230e-01,3.341491745681466341e-01,3.395482107969690078e-01,6.189203030915191306e-06,-3.395565632573003256e-01,3.340222622090006088e-01,5.532137790999314131e-03
5.129999999999999838e-02,1.906031999999999949e+00,1.565183200000000108e+00,3.408487999999998408e-01,3.354452944272772186e-01,3.408424172237944916e-01,6.382776205349216525e-06,-3.408950558356629301e-01,3.352870349627797286e-01,5.561765037220112173e-03
5.140000000000000124e-02,1.907331000000000110e+00,1.565185599999999955e+00,3.421454000000001550e-01,3.367438625810521557e-01,3.421390683308878078e-01,6.331669112347171335e-06,-3.422362452827805157e-01,3.365543559954237152e-01,5.591044004576439796e-03
5.149999999999999717e-02,1.908633000000000024e+00,1.565188000000000024e+00,3.434450000000000003e-01,3.380448785645349119e-01,3.434381636539988736e-01,6.836346001126702987e-06,-3.435801321064850811e-01,3.378242257867845599e-01,5.620774213215440351e-03
5.160000000000000003e-02,1.909936999999999996e+00,1.565190799999999882e+00,3.447462000000001137e-01,3.393483419131477774e-01,3.447397027292357641e-01,6.497270764349583061e-06,-3.449267168146121776e-01,3.390966448167174185e-01,5.649555183282695126e-03
5.170000000000000290e-02,1.911243999999999943e+00,1.565193599999999963e+00,3.460503999999999802e-01,3.406542521622952790e-01,3.460436850926889019e-01,6.714907311078377461e-06,-3.462759999167310809e-01,3.403716135667158027e-01,5.678786433284177537e-03
5.179999999999999882e-02,1.912552999999999948e+00,1.565196199999999926e+00,3.473568000000000211e-01,3.419626088456624302e-01,3.473501102787316941e-01,6.689721268327009085e-06,-3.476279819231287149e-01,3.416491325189511818e-01,5.707667481048839253e-03
5.190000000000000169e-02,1.913864000000000010e+00,1.565198599999999995e+00,3.486654000000000142e-01,3.432734114951685456e-01,3.486589778199745138e-01,6.422180025500434652e-06,-3.489826633451187377e-01,3.429292021565653603e-01,5.736197843434653887e-03
5.199999999999999761e-02,1.915178000000000047e+00,1.565201000000000064e+00,3.499769999999999825e-01,3.445866596455395836e-01,3.499702872518301588e-01,6.712748169823701261e-06,-3.503400446950699632e-01,3.442118229636970117e-01,5.765177036302970848e-03
5.210000000000000048e-02,1.916495000000000060e+00,1.565203799999999923e+00,3.512912000000001367e-01,3.459023528252096469e-01,3.512840381034289527e-01,7.161896571183934412e-06,-3.517001264874437538e-01,3.454969954264620613e-01,5.794204573538075387e-03
5.220000000000000334e-02,1.917812999999999990e+00,1.565206600000000003e+00,3.526063999999999865e-01,3.472204905675049247e-01,3.526002299087859782e-01,6.170091214008355252e-06,-3.530629092363533061e-01,3.467847200306476418e-01,5.821679969352344663e-03
5.229999999999999927e-02,1.919135000000000035e+00,1.565209199999999967e+00,3.539258000000000681e-01,3.485410724001631877e-01,3.539188621963362258e-01,6.937803663842334601e-06,-3.544283934576561990e-01,3.480749972636889567e-01,5.850802736311111474e-03
5.240000000000000213e-02,1.920457999999999998e+00,1.565211600000000036e+00,3.552463999999999622e-01,3.498640978540699109e-01,3.552399344976576723e-01,6.465502342289930482e-06,-3.557965796682474036e-01,3.493678276140015360e-01,5.878572385998426242e-03
5.249999999999999806e-02,1.921785000000000077e+00,1.565214000000000105e+00,3.565709999999999713e-01,3.511895664545257034e-01,3.565634463387517550e-01,7.553661248216325674e-06,-3.571674683864287658e-01,3.506632115713302911e-01,5.907788428669680236e-03
5.260000000000000092e-02,1.923113000000000072e+00,1.565216799999999964e+00,3.578962000000001087e-01,3.525174777324160402e-01,3.578893972511965060e-01,6.802748803602653993e-06,-3.585410601308467449e-01,3.519611496257455951e-01,5.935050374254513539e-03
5.269999999999999685e-02,1.924444000000000043e+00,1.565219600000000044e+00,3.592243999999999993e-01,3.538478312112900426e-01,3.592177867592443730e-01,6.613240755626303979e-06,-3.599173554215440163e-01,3.532616422686373214e-01,5.962757731362677838e-03
5.279999999999999971e-02,1.925777999999999990e+00,1.565222399999999903e+00,3.605556000000000871e-01,3.551806264188996920e-01,3.605486143913445574e-01,6.985608655529773614e-06,-3.612963547803005326e-01,3.545646899930368634e-01,5.990910006963223733e-03
5.290000000000000258e-02,1.927113999999999994e+00,1.565225199999999983e+00,3.618888000000000105e-01,3.565158628784423911e-01,3.618818796713983432e-01,6.920328601667247170e-06,-3.626780587285551860e-01,3.558702932916532058e-01,6.018506708346804679e-03
5.299999999999999850e-02,1.928452000000000055e+00,1.565228000000000064e+00,3.632239999999999913e-01,3.578535401152294071e-01,3.632175821254177706e-01,6.417874582220761681e-06,-3.640624677905357487e-01,3.571784526598306142e-01,6.045547340169377115e-03
5.310000000000000137e-02,1.929793000000000092e+00,1.565230400000000133e+00,3.645625999999999589e-01,3.591936576521135294e-01,3.645557212769600652e-01,6.878723039893674951e-06,-3.654495824904699930e-01,3.584891685929135208e-01,6.073431407086438139e-03
5.319999999999999729e-02,1.931135999999999964e+00,1.565232799999999980e+00,3.659031999999999840e-01,3.605362150116100395e-01,3.658962966492453339e-01,6.903350754650094956e-06,-3.668394033536266363e-01,3.598024415872296822e-01,6.100758412770301842e-03
5.330000000000000016e-02,1.932482000000000033e+00,1.565235399999999943e+00,3.672466000000000896e-01,3.618812117151790630e-01,3.672393077644401926e-01,7.292235559896997898e-06,-3.682319309066777180e-01,3.611182721404330720e-01,6.128327859567017644e-03
5.340000000000000302e-02,1.933829999999999938e+00,1.565238200000000024e+00,3.685917999999999140e-01,3.632286472835950519e-01,3.685847541440266384e-01,7.045855973275561013e-06,-3.696271656776843884e-01,3.624366607514901140e-01,6.155139248509799987e-03
5.349999999999999895e-02,1.935181000000000040e+00,1.565241000000000104e+00,3.699399999999999356e-01,3.645785212365701966e-01,3.699326353084257946e-01,7.364691574140991293e-06,-3.710251081954076824e-01,3.637576079200285917e-01,6.182392079971343879e-03
5.360000000000000181e-02,1.936533999999999978e+00,1.565243799999999963e+00,3.712902000000000147e-01,3.659308330941790643e-01,3.712829507784208283e-01,7.249221579186393427e-06,-3.724257589896566856e-01,3.650811141466666632e-01,6.209085853333351501e-03
5.369999999999999774e-02,1.937888999999999973e+00,1.565246600000000043e+00,3.726423999999999292e-01,3.672855823733449654e-01,3.726357000716481460e-01,6.699928351783235314e-06,-3.738291185916331472e-01,3.664071799333382673e-01,6.235220066661661953e-03
5.380000000000000060e-02,1.939246999999999943e+00,1.565249399999999902e+00,3.739976000000000411e-01,3.686427685937978538e-01,3.739908827085467458e-01,6.717291453295359815e-06,-3.752351875325352637e-01,3.677358057819740678e-01,6.261794218025973358e-03
5.390000000000000346e-02,1.940606999999999971e+00,1.565252199999999982e+00,3.753547999999999885e-01,3.700023912700203255e-01,3.753484982043159279e-01,6.301795684060529368e-06,-3.766439663470606547e-01,3.690669921978114165e-01,6.287807802188571937e-03
5.399999999999999939e-02,1.941969999999999974e+00,1.565255000000000063e+00,3.767149999999999110e-01,3.713644499196391280e-01,3.767085460772946481e-01,6.453922705262904458e-06,-3.780554555678001805e-01,3.704007396840969246e-01,6.314260315902986420e-03
5.410000000000000225e-02,1.943335000000000035e+00,1.565257400000000132e+00,3.780775999999999026e-01,3.727289440564511835e-01,3.780710258419975878e-01,6.574158002314867133e-06,-3.794696557311922902e-01,3.717370487477127394e-01,6.340551252287163209e-03
5.419999999999999818e-02,1.944703000000000070e+00,1.565259799999999979e+00,3.794432000000000915e-01,3.740958731956389727e-01,3.794359370143228771e-01,7.262985677214395253e-06,-3.808865673736683277e-01,3.730759198955343470e-01,6.367280104465744550e-03
5.430000000000000104e-02,1.946072999999999942e+00,1.565262399999999943e+00,3.808105999999999991e-01,3.754652368506441462e-01,3.808032791084305368e-01,7.320891569462251169e-06,-3.823061910323630741e-01,3.744173536351018683e-01,6.393246364898130807e-03
5.439999999999999697e-02,1.947446000000000010e+00,1.565265200000000023e+00,3.821807999999999872e-01,3.768370345338638572e-01,3.821730516374375330e-01,7.748362562454147451e-06,-3.837285272458004215e-01,3.757613504752681521e-01,6.419449524731835055e-03
5.449999999999999983e-02,1.948820999999999914e+00,1.565268000000000104e+00,3.835529999999998108e-01,3.782112657573506453e-01,3.835452541141167182e-01,7.745885883092551438e-06,-3.851535765545968104e-01,3.771079109268631324e-01,6.445089073136678337e-03
5.460000000000000270e-02,1.950198000000000098e+00,1.565270799999999962e+00,3.849272000000001359e-01,3.795879300317430705e-01,3.849198860498291852e-01,7.313950170950711538e-06,-3.865813394986865603e-01,3.784570355000722586e-01,6.470164499927877344e-03
5.469999999999999862e-02,1.951578000000000035e+00,1.565273600000000043e+00,3.863043999999999922e-01,3.809670268680562799e-01,3.862969469563118929e-01,7.453043688099292297e-06,-3.880118166200716701e-01,3.798087247070348060e-01,6.495675292965186198e-03
5.480000000000000149e-02,1.952960000000000029e+00,1.565276399999999901e+00,3.876836000000001281e-01,3.823485557751880037e-01,3.876764363431876026e-01,7.163656812525509565e-06,-3.894450084621681185e-01,3.811629790612259261e-01,6.520620938774202013e-03
5.489999999999999741e-02,1.954344999999999999e+00,1.565279199999999982e+00,3.890658000000000172e-01,3.837325162620537355e-01,3.890583537200967279e-01,7.446279903289276803e-06,-3.908809155687329451e-01,3.825197990764432898e-01,6.546000923556727358e-03
5.500000000000000028e-02,1.955732000000000026e+00,1.565282000000000062e+00,3.904499999999999638e-01,3.851189078361656470e-01,3.904426985952785811e-01,7.301404721382631635e-06,-3.923195384849229583e-01,3.838791852678070660e-01,6.570814732192897800e-03
5.510000000000000314e-02,1.957121000000000111e+00,1.565284799999999921e+00,3.918362000000001899e-01,3.865077300053769704e-01,3.918294704773129244e-01,6.729522687265454550e-06,-3.937608777576286911e-01,3.852411381520756128e-01,6.595061847924577059e-03
5.519999999999999907e-02,1.958512999999999948e+00,1.565287600000000001e+00,3.932253999999999472e-01,3.878989822754661532e-01,3.932186688727077328e-01,6.731127292214367230e-06,-3.952049339334067213e-01,3.866056582456918744e-01,6.619741754308072768e-03
5.530000000000000193e-02,1.959907999999999983e+00,1.565290399999999860e+00,3.946176000000001238e-01,3.892926641511529340e-01,3.946102932869139934e-01,7.306713086130400825e-06,-3.966517075612436827e-01,3.879727460673947914e-01,6.644853932605332414e-03
5.539999999999999786e-02,1.961305000000000076e+00,1.565293199999999940e+00,3.960118000000001359e-01,3.906887751378569362e-01,3.960043432260814678e-01,7.456773918668169188e-06,-3.981011991911813652e-01,3.893424021369203958e-01,6.669397863079740141e-03
5.550000000000000072e-02,1.962704000000000004e+00,1.565296000000000021e+00,3.974079999999999835e-01,3.920873147396051195e-01,3.974008181949693075e-01,7.181805030676002843e-06,-3.995534093728991820e-01,3.907146269736622712e-01,6.693373026337712250e-03
5.559999999999999665e-02,1.964105999999999908e+00,1.565298800000000101e+00,3.988071999999998063e-01,3.934882824590246742e-01,3.987997176969389490e-01,7.482303060857287136e-06,-4.010083386585314713e-01,3.920894210993338125e-01,6.717778900665993813e-03
5.569999999999999951e-02,1.965510000000000090e+00,1.565301600000000182e+00,4.002083999999999087e-01,3.948916777977018455e-01,4.002010412343124934e-01,7.358765687415225187e-06,-4.024659876016087878e-01,3.934667850369675812e-01,6.741614963032327434e-03
5.580000000000000238e-02,1.966916000000000109e+00,1.565304400000000040e+00,4.016116000000000685e-01,3.962975002582602713e-01,4.016047883104477689e-01,6.811689552299604600e-06,-4.039263567556439227e-01,3.948467193095792638e-01,6.764880690420804754e-03
5.589999999999999830e-02,1.968325000000000102e+00,1.565307200000000121e+00,4.030177999999999816e-01,3.977057493408970856e-01,4.030109584262797640e-01,6.841573720217652976e-06,-4.053894466755636472e-01,3.962292244415208109e-01,6.788575558479170713e-03
5.600000000000000117e-02,1.969737000000000071e+00,1.565309999999999979e+00,4.044270000000000920e-01,3.991164245440508296e-01,4.044195510809874827e-01,7.448919012609245272e-06,-4.068552579176838435e-01,3.976143009584566235e-01,6.812699041543468503e-03
5.609999999999999709e-02,1.971151000000000098e+00,1.565312800000000060e+00,4.058382000000000378e-01,4.005295253693113011e-01,4.058305657768965791e-01,7.634223103458737114e-06,-4.083237910397130577e-01,3.990019493873671608e-01,6.836250612632877033e-03
5.619999999999999996e-02,1.972566999999999959e+00,1.565315600000000140e+00,4.072513999999998191e-01,4.019450513130244929e-01,4.072440020110965064e-01,7.397988903312668896e-06,-4.097950465993633884e-01,4.003921702552359907e-01,6.859229744763828407e-03
5.630000000000000282e-02,1.973986000000000018e+00,1.565318399999999999e+00,4.086676000000000197e-01,4.033630018729397193e-01,4.086598592820780973e-01,7.740717921922435352e-06,-4.112690251567805433e-01,4.017849640913465636e-01,6.882635908653456092e-03
5.639999999999999875e-02,1.975406999999999913e+00,1.565321200000000079e+00,4.100857999999998338e-01,4.047833765461028577e-01,4.100781370876296905e-01,7.662912370143271090e-06,-4.127457272717727221e-01,4.031803314246630299e-01,6.905468575336803916e-03
5.650000000000000161e-02,1.976830000000000087e+00,1.565323999999999938e+00,4.115060000000001494e-01,4.062061748274743422e-01,4.114988349234572906e-01,7.165076542858805908e-06,-4.142251535069334523e-01,4.045782727867817119e-01,6.927727213218437541e-03
5.659999999999999754e-02,1.978256000000000014e+00,1.565327200000000030e+00,4.129287999999999847e-01,4.076313962123627732e-01,4.129219522856146241e-01,6.847714385360692546e-06,-4.157073044248527083e-01,4.059787887092954350e-01,6.950011290704549705e-03
5.670000000000000040e-02,1.979684999999999917e+00,1.565330399999999900e+00,4.143546000000000173e-01,4.090590401964142586e-01,4.143474886704923144e-01,7.111329507702990327e-06,-4.171921805888239021e-01,4.073818797244617151e-01,6.972720275538302204e-03
5.680000000000000326e-02,1.981116000000000099e+00,1.565333399999999875e+00,4.157826000000002242e-01,4.104891062707558547e-01,4.157754435699687057e-01,7.156430031518556945e-06,-4.186797825649293259e-01,4.087875463671732934e-01,6.995053632826930823e-03
5.689999999999999919e-02,1.982548999999999895e+00,1.565336199999999955e+00,4.172127999999999393e-01,4.119215939299891716e-01,4.172058164793914781e-01,6.983520608461191159e-06,-4.201701109185478344e-01,4.101957891716582760e-01,7.017010828341663231e-03
5.700000000000000205e-02,1.983983999999999970e+00,1.565339000000000036e+00,4.186449999999999338e-01,4.133565026641896623e-01,4.186386068895888712e-01,6.393110411062608023e-06,-4.216631662175061024e-01,4.116066086744576413e-01,7.038391325542292520e-03
5.709999999999999798e-02,1.985422999999999938e+00,1.565341799999999894e+00,4.200812000000000435e-01,4.147938319658805995e-01,4.200738142938333364e-01,7.385706166707084463e-06,-4.231589490296308043e-01,4.130200054121124786e-01,7.061194587887564822e-03
5.720000000000000084e-02,1.986863000000000046e+00,1.565344599999999975e+00,4.215184000000000708e-01,4.162335813240751747e-01,4.215114381818925171e-01,6.961818107553696677e-06,-4.246574599244894443e-01,4.144359799228086172e-01,7.082420077191453611e-03
5.729999999999999677e-02,1.988305999999999907e+00,1.565347399999999833e+00,4.229586000000000734e-01,4.176757502292112179e-01,4.229514780449563638e-01,7.121955043709604638e-06,-4.261586994730421907e-01,4.158545327460479446e-01,7.104067253952128791e-03
5.739999999999999963e-02,1.989751000000000047e+00,1.565350199999999914e+00,4.244008000000001335e-01,4.191203381696020358e-01,4.243939333720936902e-01,6.866627906443323326e-06,-4.276626682466115881e-01,4.172756644216748523e-01,7.125135578325281216e-03
5.750000000000000250e-02,1.991198999999999941e+00,1.565352999999999994e+00,4.258459999999999468e-01,4.205673446325448595e-01,4.258388036513585662e-01,7.196348641380634348e-06,-4.291693668178986343e-01,4.186993754908359677e-01,7.146624509163979067e-03
5.759999999999999842e-02,1.992648999999999893e+00,1.565355800000000075e+00,4.272931999999998176e-01,4.220167691056637693e-01,4.272860883711315227e-01,7.111628868294861405e-06,-4.306787957613593676e-01,4.201256664963365361e-01,7.167533503663281458e-03
5.770000000000000129e-02,1.994102000000000041e+00,1.565358600000000155e+00,4.287433999999998857e-01,4.234686110755490063e-01,4.287357870187606390e-01,7.612981239246696674e-06,-4.321909556514427209e-01,4.215545379809749194e-01,7.188862019024966354e-03
5.779999999999999721e-02,1.995557000000000025e+00,1.565361600000000131e+00,4.301953999999998945e-01,4.249228700263394387e-01,4.301878990791464519e-01,7.500920853442671898e-06,-4.337058470646901753e-01,4.229859904895267864e-01,7.209409510473108185e-03
5.790000000000000008e-02,1.997014000000000067e+00,1.565364800000000001e+00,4.316492000000000662e-01,4.263795454446253075e-01,4.316424240396371514e-01,6.775960362914723589e-06,-4.352234705783502022e-01,4.244200245674358274e-01,7.229175432564238779e-03
5.800000000000000294e-02,1.998474000000000084e+00,1.565368000000000093e+00,4.331059999999999910e-01,4.278386368124600381e-01,4.330993613830506628e-01,6.638616949328213224e-06,-4.367438267703604993e-01,4.258566407607970450e-01,7.249359239202946004e-03
5.809999999999999887e-02,1.999937000000000076e+00,1.565370799999999951e+00,4.345662000000001246e-01,4.293001436136307802e-01,4.345587105939363592e-01,7.489406063765358113e-06,-4.382669162207548652e-01,4.272958396176859130e-01,7.270360382314211556e-03
5.820000000000000173e-02,2.001400999999999986e+00,1.565373600000000032e+00,4.360273999999999539e-01,4.307640653305462308e-01,4.360204711554669932e-01,6.928844532960720670e-06,-4.397927395099081593e-01,4.287376216865003697e-01,7.289778313499584161e-03
5.829999999999999766e-02,2.002867999999999871e+00,1.565376399999999890e+00,4.374915999999999805e-01,4.322304014442117648e-01,4.374846425494140489e-01,6.957450585931557185e-06,-4.413212972192575023e-01,4.301819875166419394e-01,7.309612483358041146e-03
5.840000000000000052e-02,2.004338000000000175e+00,1.565379199999999971e+00,4.389588000000002044e-01,4.336991514363219835e-01,4.389512242582374046e-01,7.575741762799736989e-06,-4.428525899319666337e-01,4.316289376591436189e-01,7.329862340856585501e-03
5.850000000000000339e-02,2.005809999999999871e+00,1.565382000000000051e+00,4.404279999999998196e-01,4.351703147861414323e-01,4.404202157619703240e-01,7.784238029495682554e-06,-4.443866182322580016e-01,4.330784726660389383e-01,7.349527333960881315e-03
5.859999999999999931e-02,2.007283999999999846e+00,1.565385200000000143e+00,4.418987999999997029e-01,4.366438909725900430e-01,4.418916165403020124e-01,7.183459697690519619e-06,-4.459233827043505016e-01,4.345305930893579305e-01,7.368206910641772467e-03
5.870000000000000218e-02,2.008760999999999797e+00,1.565388400000000013e+00,4.433725999999997835e-01,4.381198794752698689e-01,4.433654260736027419e-01,7.173926397041618941e-06,-4.474628839355965226e-01,4.359852994840915374e-01,7.387300515908246101e-03
5.879999999999999810e-02,2.010240000000000027e+00,1.565391399999999988e+00,4.448486000000000384e-01,4.395982797699531375e-01,4.448416438384186211e-01,6.956161581417319439e-06,-4.490051225123075085e-01,4.374425924042470992e-01,7.406007595752939210e-03
5.890000000000000097e-02,2.011721999999999788e+00,1.565394200000000069e+00,4.463277999999997192e-01,4.410790913345117303e-01,4.463202693133924703e-01,7.530686607248870956e-06,-4.505500990232427228e-01,4.389024724061448279e-01,7.425327593854891273e-03
5.899999999999999689e-02,2.013205999999999829e+00,1.565396999999999927e+00,4.478089999999999016e-01,4.425623136440179906e-01,4.478013019743714018e-01,7.698025628499749473e-06,-4.520978140581952687e-01,4.403649400470819320e-01,7.444059952917969625e-03
5.909999999999999976e-02,2.014692000000000149e+00,1.565400200000000019e+00,4.492918000000001300e-01,4.440479461752921964e-01,4.492847412989481870e-01,7.058701051942950500e-06,-4.536482682073064154e-01,4.418299958846845787e-01,7.461804115315551211e-03
5.920000000000000262e-02,2.016181000000000001e+00,1.565403399999999889e+00,4.507776000000001115e-01,4.455359884016658611e-01,4.507705867612318285e-01,7.013238768283081015e-06,-4.552014620631759101e-01,4.432976404789019109e-01,7.479959521098200614e-03
5.929999999999999855e-02,2.017672000000000132e+00,1.565406399999999865e+00,4.522656000000002674e-01,4.470264397968257697e-01,4.522588378356860450e-01,6.762164314222385286e-06,-4.567573962180375702e-01,4.447678743893372921e-01,7.497725610662975271e-03
5.940000000000000141e-02,2.019165999999999794e+00,1.565409199999999945e+00,4.537567999999998491e-01,4.485192998333964454e-01,4.537494939957139595e-01,7.306004285889677874e-06,-4.583160712662284197e-01,4.462406981775814963e-01,7.516101822418352896e-03
5.949999999999999734e-02,2.020662000000000180e+00,1.565412000000000026e+00,4.552500000000001545e-01,4.500145679836649037e-01,4.552425547143816309e-01,7.445285618523644899e-06,-4.598774878027711566e-01,4.477161124058731678e-01,7.533887594126986720e-03
5.960000000000000020e-02,2.022159999999999958e+00,1.565415200000000118e+00,4.567447999999998398e-01,4.515122437192253813e-01,4.567380194640633384e-01,6.780535936501408401e-06,-4.614416464234025739e-01,4.491941176371255784e-01,7.550682362874261422e-03
5.970000000000000306e-02,2.023661000000000154e+00,1.565418399999999988e+00,4.582426000000001665e-01,4.530123265102652397e-01,4.582358877157286514e-01,6.712284271515045475e-06,-4.630085477269858529e-01,4.506747144372063030e-01,7.567885562793863485e-03
5.979999999999999899e-02,2.025164999999999882e+00,1.565421399999999963e+00,4.597435999999999190e-01,4.545148158269789462e-01,4.597361589403541893e-01,7.441059645729719563e-06,-4.645781923106433453e-01,4.521579033703379547e-01,7.585696629661964341e-03
5.990000000000000185e-02,2.026670000000000194e+00,1.565424200000000043e+00,4.612458000000001501e-01,4.560197111378130330e-01,4.612388326071711342e-01,6.967392829015928157e-06,-4.661505807749861674e-01,4.536436850040395652e-01,7.602114995960584931e-03
5.999999999999999778e-02,2.028178000000000036e+00,1.565426999999999902e+00,4.627510000000001344e-01,4.575270119101766397e-01,4.627439081843749413e-01,7.091815625193120809e-06,-4.677257137202772697e-01,4.551320599055013738e-01,7.618940094498760640e-03
6.010000000000000064e-02,2.029688999999999854e+00,1.565430199999999994e+00,4.642587999999998605e-01,4.590367176128609117e-01,4.642513851415409065e-01,7.414858458953954568e-06,-4.693035917488721509e-01,4.566230286438907604e-01,7.635771356109100072e-03
6.019999999999999657e-02,2.031201999999999952e+00,1.565433399999999864e+00,4.657686000000000881e-01,4.605488277115270535e-01,4.657612629451191588e-01,7.337054880929283485e-06,-4.708842154631263099e-01,4.581165917883751049e-01,7.652008211624983236e-03
6.029999999999999943e-02,2.032716999999999885e+00,1.565436599999999956e+00,4.672803999999999292e-01,4.620633416728807674e-01,4.672735410626026598e-01,6.858937397269393443e-06,-4.724675854681805731e-01,4.596127499107536818e-01,7.667650089246247358e-03
6.040000000000000230e-02,2.034234999999999793e+00,1.565439799999999826e+00,4.687951999999999675e-01,4.635802589601389911e-01,4.687882189580007686e-01,6.981041999198911441e-06,-4.740537023681383744e-01,4.611115035818454944e-01,7.683696418154473129e-03
6.049999999999999822e-02,2.035754999999999981e+00,1.565442999999999918e+00,4.703120000000000633e-01,4.650995790400038743e-01,4.703052960988029496e-01,6.703901197113726340e-06,-4.756425667705848070e-01,4.626128533757595251e-01,7.699146624240538195e-03
6.060000000000000109e-02,2.037277000000000005e+00,1.565445799999999998e+00,4.718312000000000062e-01,4.666213013739479720e-01,4.718247719472767887e-01,6.428052723217447806e-06,-4.772341792820569140e-01,4.641167998656142157e-01,7.714400134385790420e-03
6.069999999999999701e-02,2.038802000000000003e+00,1.565448600000000079e+00,4.733533999999999242e-01,4.681454254258916592e-01,4.733466459681340277e-01,6.754031865896514830e-06,-4.788285405122429950e-01,4.656233436275057924e-01,7.730056372494131800e-03
6.079999999999999988e-02,2.040329999999999977e+00,1.565451600000000054e+00,4.748783999999999228e-01,4.696719506569522196e-01,4.748709176232875362e-01,7.482376712386606954e-06,-4.804256510704618677e-01,4.671324852371812608e-01,7.745914762818661981e-03
6.090000000000000274e-02,2.041859999999999786e+00,1.565454799999999924e+00,4.764051999999998621e-01,4.712008765282575951e-01,4.763975863746607864e-01,7.613625339075724696e-06,-4.820255115677980484e-01,4.686442252720561807e-01,7.760974727943681373e-03
6.099999999999999867e-02,2.043391999999999875e+00,1.565458000000000016e+00,4.779339999999998589e-01,4.727322025009357276e-01,4.779266516841771950e-01,7.348315822663931129e-06,-4.836281226163698932e-01,4.701585643105228862e-01,7.775435689476972723e-03
6.110000000000000153e-02,2.044925999999999799e+00,1.565461200000000108e+00,4.794647999999996912e-01,4.742659280340113526e-01,4.794581130116601919e-01,6.686988339499322365e-06,-4.852334848296919745e-01,4.716755029322930448e-01,7.789297067706646427e-03
6.119999999999999746e-02,2.046463000000000143e+00,1.565464399999999978e+00,4.809986000000001649e-01,4.758020525861716976e-01,4.809919698165960877e-01,6.630183404077172327e-06,-4.868415988212753120e-01,4.731950417170748269e-01,7.803558282925338041e-03
6.130000000000000032e-02,2.048001999999999878e+00,1.565467600000000070e+00,4.825343999999998079e-01,4.773405756157451663e-01,4.825282215581129241e-01,6.178441886883767609e-06,-4.884524652070894035e-01,4.747171812468996555e-01,7.817218753100152462e-03
6.140000000000000319e-02,2.049544000000000032e+00,1.565470799999999940e+00,4.840732000000000923e-01,4.788814965793299905e-01,4.840668676936112358e-01,6.332306388856512314e-06,-4.900660846044786467e-01,4.762419221050979701e-01,7.831277894902122227e-03
6.149999999999999911e-02,2.051088000000000022e+00,1.565474000000000032e+00,4.856139999999999901e-01,4.804248149345617946e-01,4.856079076815272844e-01,6.092318472705748889e-06,-4.916824576300982130e-01,4.777692648743489534e-01,7.844735125651036700e-03
6.160000000000000198e-02,2.052634999999999987e+00,1.565476799999999891e+00,4.871582000000000967e-01,4.819705301366283834e-01,4.871513409778531756e-01,6.859022146921134322e-06,-4.933015849033957068e-01,4.792992101399703997e-01,7.858989860029697017e-03
6.169999999999999790e-02,2.054183999999999788e+00,1.565479599999999971e+00,4.887043999999998167e-01,4.835186416403800536e-01,4.886971670382440069e-01,7.232961755809785842e-06,-4.949234670445150641e-01,4.808317584879380213e-01,7.872641512061795410e-03
6.180000000000000077e-02,2.055734999999999868e+00,1.565482599999999946e+00,4.902523999999999216e-01,4.850691488996190515e-01,4.902453853173083242e-01,7.014682691597329267e-06,-4.965481046742930005e-01,4.823669105048822292e-01,7.885489495117692371e-03
6.189999999999999669e-02,2.057288999999999923e+00,1.565485799999999816e+00,4.918032000000001069e-01,4.866220513688404026e-01,4.917959952703465087e-01,7.204729653598196393e-06,-4.981754984156694377e-01,4.839046667794206780e-01,7.898533220579428971e-03
6.199999999999999956e-02,2.058844999999999814e+00,1.565488999999999908e+00,4.933559999999999057e-01,4.881773484993985335e-01,4.933489963495229502e-01,7.003650476955503024e-06,-4.998056488915700868e-01,4.854450279001575885e-01,7.910972099842317196e-03
6.210000000000000242e-02,2.060404000000000124e+00,1.565492200000000000e+00,4.949118000000001238e-01,4.897350397443993586e-01,4.949043880087509173e-01,7.411991249206550947e-06,-5.014385567270238653e-01,4.869879944576845920e-01,7.923805542315531802e-03
6.219999999999999835e-02,2.061964000000000130e+00,1.565495399999999870e+00,4.964686000000002597e-01,4.912951245531083089e-01,4.964621696981089127e-01,6.430301891346967835e-06,-5.030742225474114093e-01,4.885335670429256094e-01,7.935032957074650284e-03
6.230000000000000121e-02,2.063527999999999807e+00,1.565498599999999962e+00,4.980293999999998444e-01,4.928576023775832482e-01,4.980223408704637089e-01,7.059129536135522187e-06,-5.047126469794918080e-01,4.900817462481070752e-01,7.947653751892769236e-03
6.239999999999999714e-02,2.065093000000000067e+00,1.565501799999999832e+00,4.995912000000002351e-01,4.944224726660415570e-01,4.995849009748472014e-01,6.299025153033710467e-06,-5.063538306521344623e-01,4.916325326674493845e-01,7.958667332550850571e-03
6.250000000000000000e-02,2.066661999999999999e+00,1.565504999999999924e+00,5.011570000000000746e-01,4.959897348691448826e-01,5.011498494627321110e-01,7.150537267963663624e-06,-5.079977741938535019e-01,4.931859268948373676e-01,7.971073105162707062e-03
6.260000000000000286e-02,2.068232000000000070e+00,1.565508200000000016e+00,5.027238000000000540e-01,4.975593884326698912e-01,5.027171857807132271e-01,6.614219286826816813e-06,-5.096444782345557201e-01,4.947419295254716909e-01,7.981870474528363069e-03
6.270000000000000573e-02,2.069805000000000117e+00,1.565511399999999886e+00,5.042936000000002306e-01,4.991314328051821292e-01,5.042869093781702228e-01,6.690621830007792425e-06,-5.112939434069438960e-01,4.963005411571950187e-01,7.993058842805211839e-03
6.279999999999999472e-02,2.071379999999999999e+00,1.565514599999999978e+00,5.058654000000000206e-01,5.007058674328099812e-01,5.058590197020491619e-01,6.380297950858704326e-06,-5.129461703426656527e-01,4.978617623868529241e-01,8.003637613147096541e-03
6.289999999999999758e-02,2.072957999999999856e+00,1.565517799999999848e+00,5.074402000000000079e-01,5.022826917606373343e-01,5.074335161982530540e-01,6.683801746953932366e-06,-5.146011596761681517e-01,4.994255938139363638e-01,8.014606186063644166e-03
6.300000000000000044e-02,2.074537999999999993e+00,1.565520999999999940e+00,5.090170000000000528e-01,5.038619052351336336e-01,5.090103983140686905e-01,6.601685931362233362e-06,-5.162589120415468358e-01,5.009920360376038939e-01,8.024963962396158834e-03
6.310000000000000331e-02,2.076119999999999965e+00,1.565524200000000032e+00,5.105957999999999330e-01,5.054435072992902178e-01,5.105896654933094192e-01,6.134506690513852334e-06,-5.179194280756824753e-01,5.025610896596458543e-01,8.034710340354078717e-03
6.320000000000000617e-02,2.077704999999999913e+00,1.565527399999999902e+00,5.121776000000000106e-01,5.070274973974910893e-01,5.121713171811798082e-01,6.282818820202429322e-06,-5.195827084154629460e-01,5.041327552818595237e-01,8.044844718140486961e-03
6.329999999999999516e-02,2.079292000000000140e+00,1.565530599999999994e+00,5.137614000000001457e-01,5.086138749706243800e-01,5.137553528193932184e-01,6.047180606927327062e-06,-5.212487536991652348e-01,5.057070335073545753e-01,8.054366492645570474e-03
6.339999999999999802e-02,2.080881999999999898e+00,1.565533799999999864e+00,5.153482000000000340e-01,5.102026394620331473e-01,5.153417718521144941e-01,6.428147885539914341e-06,-5.229175645661179317e-01,5.072839249402343320e-01,8.064275059765702025e-03
6.350000000000000089e-02,2.082473999999999936e+00,1.565536999999999956e+00,5.169369999999999798e-01,5.117937903119056386e-01,5.169305737203583329e-01,6.426279641646992502e-06,-5.245891416577457278e-01,5.088634301865828657e-01,8.073569813417114105e-03
6.360000000000000375e-02,2.084067999999999810e+00,1.565540200000000048e+00,5.185277999999997611e-01,5.133873269618440816e-01,5.185217578665514138e-01,6.042133448347364322e-06,-5.262634856151073848e-01,5.104455498521383028e-01,8.082250147861458345e-03
6.370000000000000662e-02,2.085665000000000102e+00,1.565543399999999918e+00,5.201216000000001838e-01,5.149832488499477279e-01,5.201153237296224363e-01,6.276270377747472651e-06,-5.279405970813684235e-01,5.120302845446296214e-01,8.091315455370562404e-03
6.379999999999999560e-02,2.087263999999999786e+00,1.565546600000000010e+00,5.217173999999997758e-01,5.165815554160637646e-01,5.217112707502454816e-01,6.129249754294185948e-06,-5.296204767003978020e-01,5.136176348724504903e-01,8.099765127549285459e-03
6.389999999999999847e-02,2.088865999999999890e+00,1.565549799999999880e+00,5.233162000000000091e-01,5.181822460983021017e-01,5.233095983673600182e-01,6.601632639990917539e-06,-5.313031251184909820e-01,5.152076014462870779e-01,8.108598553712931256e-03
6.400000000000000133e-02,2.090469999999999828e+00,1.565552999999999972e+00,5.249169999999998559e-01,5.197853203333657746e-01,5.249103060185006386e-01,6.693981499217294129e-06,-5.329885429809024799e-01,5.168001848758424499e-01,8.116815124157406025e-03
6.410000000000000420e-02,2.092076000000000047e+00,1.565556200000000064e+00,5.265197999999999823e-01,5.213907775579684767e-01,5.265133931412127044e-01,6.406858787277869283e-06,-5.346767309353346320e-01,5.183953857731321557e-01,8.124414226867826549e-03
6.419999999999999318e-02,2.093684999999999796e+00,1.565559399999999934e+00,5.281255999999998618e-01,5.229986172084686302e-01,5.281188591726866388e-01,6.740827313223007877e-06,-5.363676896315716647e-01,5.199932047521392819e-01,8.132395247860579879e-03
6.429999999999999605e-02,2.095295999999999825e+00,1.565562600000000026e+00,5.297333999999997989e-01,5.246088387191392144e-01,5.297267035480306419e-01,6.696451969157024564e-06,-5.380614197187121306e-01,5.215936424261987669e-01,8.139757573801031931e-03
6.439999999999999891e-02,2.096909000000000134e+00,1.565565799999999896e+00,5.313432000000002375e-01,5.262214415242354448e-01,5.313369257023350389e-01,6.274297665198602658e-06,-5.397579218475847540e-01,5.231966994102805746e-01,8.146500589719662955e-03
6.450000000000000178e-02,2.098524999999999974e+00,1.565568999999999988e+00,5.329559999999999853e-01,5.278364250583820194e-01,5.329495250710593046e-01,6.474928940680690914e-06,-5.414571966707732997e-01,5.248023763210128978e-01,8.153623678987087509e-03
6.460000000000000464e-02,2.100143000000000093e+00,1.565572200000000080e+00,5.345708000000000126e-01,5.294537887527113185e-01,5.345645010861755919e-01,6.298913824420715457e-06,-5.431592448419095831e-01,5.264106737760143595e-01,8.160126223985653127e-03
6.469999999999999363e-02,2.101764000000000188e+00,1.565575399999999950e+00,5.361886000000002372e-01,5.310735320397412806e-01,5.361818531810396138e-01,6.746818960623457428e-06,-5.448640670149629273e-01,5.280215923932223276e-01,8.167007606777909601e-03
6.479999999999999649e-02,2.103387000000000118e+00,1.565578799999999937e+00,5.378082000000001806e-01,5.326956543513006181e-01,5.378015807883187449e-01,6.619211681435643868e-06,-5.465716638460023091e-01,5.296351327925582497e-01,8.173067207441930826e-03
6.489999999999999936e-02,2.105011999999999883e+00,1.565582400000000041e+00,5.394295999999998426e-01,5.343201551178182740e-01,5.394236833392829222e-01,5.916660716920318919e-06,-5.482820359914377661e-01,5.312512955942657600e-01,8.178304405734082572e-03
6.500000000000000222e-02,2.106640000000000068e+00,1.565585999999999922e+00,5.410540000000001459e-01,5.359470337686786934e-01,5.410481602641589172e-01,5.839735841228765878e-06,-5.499951841097932004e-01,5.328700814205860059e-01,8.183918579414140027e-03
6.510000000000000508e-02,2.108270000000000088e+00,1.565589200000000014e+00,5.426808000000000742e-01,5.375762897329181556e-01,5.426750109928258903e-01,5.789007174183957716e-06,-5.517111088599193636e-01,5.344914908940688880e-01,8.189309105931186217e-03
6.519999999999999407e-02,2.109903000000000084e+00,1.565592399999999884e+00,5.443106000000001998e-01,5.392079224385284419e-01,5.443042349541201697e-01,6.365045880030173464e-06,-5.534298109027702139e-01,5.361155246392516061e-01,8.195075360748593774e-03
6.529999999999999694e-02,2.111537999999999915e+00,1.565595599999999976e+00,5.459423999999999388e-01,5.408419313135013340e-01,5.459358315768778613e-01,6.568423122077504672e-06,-5.551512908989408857e-01,5.377421832803325197e-01,8.200216719667419163e-03
6.539999999999999980e-02,2.113175000000000026e+00,1.565598799999999846e+00,5.475762000000001795e-01,5.424783157837254066e-01,5.475698002878351955e-01,6.399712164983917262e-06,-5.568755495114814380e-01,5.393714674438293555e-01,8.204732556170823976e-03
6.550000000000000266e-02,2.114815000000000111e+00,1.565601999999999938e+00,5.492130000000001733e-01,5.441170752761514962e-01,5.492061405147888875e-01,6.859485211285765160e-06,-5.586025874041311567e-01,5.410033777569112079e-01,8.209622243088965377e-03
6.560000000000000553e-02,2.116457000000000033e+00,1.565605600000000042e+00,5.508513999999999911e-01,5.457582092156272324e-01,5.508448516834357767e-01,6.548316564214395896e-06,-5.603324052420290968e-01,5.426379148480700021e-01,8.213485151929988959e-03
6.569999999999999452e-02,2.118100999999999789e+00,1.565609200000000145e+00,5.524917999999996443e-01,5.474017170263039134e-01,5.524859332187771477e-01,5.866781222496619819e-06,-5.620650036917034242e-01,5.442750793471098358e-01,8.216720652889808463e-03
6.579999999999999738e-02,2.119747999999999966e+00,1.565612600000000132e+00,5.541353999999998337e-01,5.490475981312918918e-01,5.541293845447751165e-01,6.015455224717136673e-06,-5.638003834196858577e-01,5.459148718838386927e-01,8.220528116161140986e-03
6.590000000000000024e-02,2.121396999999999977e+00,1.565615800000000002e+00,5.557811999999999752e-01,5.506958519554387976e-01,5.557752050871263005e-01,5.994912873674707043e-06,-5.655385450949523829e-01,5.475572930903735980e-01,8.223906909626377271e-03
6.600000000000000311e-02,2.123047999999999824e+00,1.565619000000000094e+00,5.574289999999997303e-01,5.523464779194107166e-01,5.574233942673521014e-01,5.605732647628869358e-06,-5.672794893871717647e-01,5.492023435994866087e-01,8.226656400513121525e-03
6.610000000000000597e-02,2.124702000000000091e+00,1.565622200000000186e+00,5.590797999999999046e-01,5.539994754445736191e-01,5.590739515076726951e-01,5.848492327209520170e-06,-5.690232169667126527e-01,5.508500240446109197e-01,8.229775955388984876e-03
6.619999999999999496e-02,2.126358999999999888e+00,1.565625400000000056e+00,5.607335999999998322e-01,5.556548439529791494e-01,5.607268762309930432e-01,6.723769006788948843e-06,-5.707697285063879633e-01,5.525003350614893227e-01,8.233264938510509445e-03
6.629999999999999782e-02,2.128016999999999825e+00,1.565628800000000043e+00,5.623881999999997827e-01,5.573125828635525636e-01,5.623821678570960492e-01,6.032142903733550554e-06,-5.725190246786517889e-01,5.541532772855255473e-01,8.234922714474235406e-03
6.640000000000000069e-02,2.129678000000000182e+00,1.565632400000000146e+00,5.640456000000000358e-01,5.589726915952191177e-01,5.640398258057649494e-01,5.774194235086405058e-06,-5.742711061580685339e-01,5.558088513541173947e-01,8.236748645882641107e-03
6.650000000000000355e-02,2.131342000000000070e+00,1.565636000000000028e+00,5.657060000000000421e-01,5.606351695672451285e-01,5.656998494971233749e-01,6.150502876667296448e-06,-5.760259736205775027e-01,5.574670579059618492e-01,8.238942094038192998e-03
6.660000000000000642e-02,2.133007000000000097e+00,1.565639200000000120e+00,5.673677999999999777e-01,5.623000161964561983e-01,5.673622383488577947e-01,5.561651142182988394e-06,-5.777836277421286582e-01,5.591278975797659978e-01,8.239902420233979896e-03
6.669999999999999540e-02,2.134675000000000100e+00,1.565642399999999990e+00,5.690326000000001105e-01,5.639672309014294171e-01,5.690269917804037236e-01,5.608219596386909700e-06,-5.795440692014643957e-01,5.607913710168752619e-01,8.241228983124848639e-03
6.679999999999999827e-02,2.136346000000000078e+00,1.565645799999999976e+00,5.707002000000001019e-01,5.656368130962050600e-01,5.706941092066663002e-01,6.090793333801691745e-06,-5.813072986766236738e-01,5.624574788579707052e-01,8.242721142029396653e-03
6.690000000000000113e-02,2.138018999999999892e+00,1.565649400000000080e+00,5.723695999999998119e-01,5.673087621976016237e-01,5.723635900453252212e-01,6.009954674590645141e-06,-5.830733168484414364e-01,5.641262217463751671e-01,8.243378253624644714e-03
6.700000000000000400e-02,2.139693999999999985e+00,1.565652999999999961e+00,5.740410000000000235e-01,5.689830776210627050e-01,5.740354337126868378e-01,5.566287313185647179e-06,-5.848421243984489593e-01,5.657976003260694053e-01,8.243399673930618121e-03
6.710000000000000686e-02,2.141372000000000053e+00,1.565656200000000053e+00,5.757157999999999998e-01,5.706597587788735382e-01,5.757096396219041345e-01,6.160378095865226555e-06,-5.866137220088667448e-01,5.674716152416855453e-01,8.244184758314454520e-03
6.719999999999999585e-02,2.143050999999999817e+00,1.565659399999999923e+00,5.773915999999998938e-01,5.723388050850779507e-01,5.773862071878859137e-01,5.392812113980127720e-06,-5.883881103633186171e-01,5.691482671391815407e-01,8.243332860818353147e-03
6.729999999999999871e-02,2.144734000000000140e+00,1.565662799999999910e+00,5.790712000000002302e-01,5.740202159519718350e-01,5.790651358237957069e-01,6.064176204523263891e-06,-5.901652901471763357e-01,5.708275566661673572e-01,8.243643333832872955e-03
6.740000000000000158e-02,2.146418000000000159e+00,1.565666400000000014e+00,5.807516000000001455e-01,5.757039907921921440e-01,5.807464249431376624e-01,5.175056862483096154e-06,-5.919452620461491676e-01,5.725094844705712616e-01,8.242115529428883924e-03
6.750000000000000444e-02,2.148105999999999849e+00,1.565669999999999895e+00,5.824359999999999538e-01,5.773901290152494425e-01,5.824300739562939810e-01,5.926043705972716680e-06,-5.937280267476978679e-01,5.741940512019770848e-01,8.241948798022868949e-03
6.759999999999999343e-02,2.149795000000000122e+00,1.565673199999999987e+00,5.841218000000001354e-01,5.790786300327326330e-01,5.841160822757222038e-01,5.717724277931601762e-06,-5.955135849399795234e-01,5.758812575106263543e-01,8.240542489373781088e-03
6.769999999999999629e-02,2.151486999999999927e+00,1.565676399999999857e+00,5.858106000000000702e-01,5.807694932531077825e-01,5.858044493107616990e-01,6.150689238371143119e-06,-5.973019373132402166e-01,5.775711040487345738e-01,8.239495951265496387e-03
6.779999999999999916e-02,2.153181000000000012e+00,1.565679799999999844e+00,5.875012000000001677e-01,5.824627180865675768e-01,5.874951744724760117e-01,6.025527524156082393e-06,-5.990930845577366881e-01,5.792635914685271281e-01,8.237608531473039619e-03
6.790000000000000202e-02,2.154876999999999931e+00,1.565683399999999947e+00,5.891935999999999840e-01,5.841583039398337007e-01,5.891882571684624592e-01,5.342831537524794783e-06,-6.008870273661521821e-01,5.809587204245224568e-01,8.234879575477527247e-03
6.800000000000000488e-02,2.156575999999999826e+00,1.565687000000000051e+00,5.908889999999997755e-01,5.858562502203064071e-01,5.908836968069962614e-01,5.303193003514117265e-06,-6.026837664311770482e-01,5.826564915712456605e-01,8.232508428754115037e-03
6.809999999999999387e-02,2.158277000000000001e+00,1.565690599999999932e+00,5.925864000000000686e-01,5.875565563354108178e-01,5.925814927963772849e-01,4.907203622783740116e-06,-6.044833024469014049e-01,5.843569055645443378e-01,8.229494435455730894e-03
6.819999999999999674e-02,2.159981000000000151e+00,1.565694200000000036e+00,5.942868000000001150e-01,5.892592216908028036e-01,5.942816445431388095e-01,5.155456861305474092e-06,-6.062856361095008140e-01,5.860599630622368439e-01,8.226836937763271074e-03
6.829999999999999960e-02,2.161687000000000136e+00,1.565697600000000023e+00,5.959894000000001135e-01,5.909642456914596664e-01,5.959841514531366569e-01,5.248546863456660105e-06,-6.080907681155096611e-01,5.877656647224803743e-01,8.223735277519739206e-03
6.840000000000000246e-02,2.163394999999999957e+00,1.565700799999999893e+00,5.976942000000000643e-01,5.926716277413000000e-01,5.976890129311693833e-01,5.187068830680985343e-06,-6.098986991628372323e-01,5.894740112047314184e-01,8.220188795268645876e-03
6.850000000000000533e-02,2.165106000000000197e+00,1.565703999999999985e+00,5.994020000000002124e-01,5.943813672442495033e-01,5.993962283820426507e-01,5.771617957561758772e-06,-6.117094299504621802e-01,5.911850031694568797e-01,8.216996830543332742e-03
6.859999999999999432e-02,2.166818999999999829e+00,1.565707599999999866e+00,6.011113999999999624e-01,5.960934636035304379e-01,6.011057972098596824e-01,5.602790140279978459e-06,-6.135229611787522686e-01,5.928986412784362781e-01,8.212758721563684361e-03
6.869999999999999718e-02,2.168534000000000184e+00,1.565711199999999970e+00,6.028228000000002140e-01,5.978079162209795072e-01,6.028177188173402534e-01,5.081182659960603587e-06,-6.153392935494537141e-01,5.946149261947514253e-01,8.207873805248788734e-03
6.880000000000000004e-02,2.170252000000000070e+00,1.565714799999999851e+00,6.045372000000002188e-01,5.995247244980674850e-01,6.045319926068387639e-01,5.207393161454909603e-06,-6.171584277650339345e-01,5.963338585821659210e-01,8.203341417834297822e-03
6.890000000000000291e-02,2.171971999999999792e+00,1.565718399999999955e+00,6.062535999999998371e-01,6.012438878352419636e-01,6.062486179796878760e-01,4.982020311961044001e-06,-6.189803645293352474e-01,5.980554391057423258e-01,8.198160894257511266e-03
6.900000000000000577e-02,2.173694999999999933e+00,1.565722000000000058e+00,6.079729999999998746e-01,6.029654056332844902e-01,6.079675943375538738e-01,5.405662446000825128e-06,-6.208051045479621166e-01,5.997796684322080907e-01,8.193331567791783954e-03
6.909999999999999476e-02,2.175419000000000214e+00,1.565725200000000150e+00,6.096938000000000635e-01,6.046892772901841795e-01,6.096889210793144942e-01,4.878920685569276827e-06,-6.226326485261601817e-01,6.015065472279521597e-01,8.187252772047903804e-03
6.919999999999999762e-02,2.177147000000000165e+00,1.565728400000000020e+00,6.114186000000001453e-01,6.064155022060262468e-01,6.114125976059405776e-01,6.002394059567706108e-06,-6.244629971719675154e-01,6.032360761620013667e-01,8.182523837998778582e-03
6.930000000000000049e-02,2.178875999999999813e+00,1.565731800000000007e+00,6.131441999999998060e-01,6.081440797770696349e-01,6.131386233145824649e-01,5.576685417341131767e-06,-6.262961511941114168e-01,6.049682559040342467e-01,8.175944095965559377e-03
6.940000000000000335e-02,2.180607999999999880e+00,1.565735400000000110e+00,6.148725999999997693e-01,6.098750094009517397e-01,6.148669976037667295e-01,5.602396233039819151e-06,-6.281321113027296121e-01,6.067030871250619350e-01,8.169512874937834290e-03
6.950000000000000622e-02,2.182341999999999782e+00,1.565738999999999992e+00,6.166029999999997901e-01,6.116082904742761173e-01,6.165977198709876594e-01,5.280129012130707622e-06,-6.299708782079491698e-01,6.084405704960855754e-01,8.162429503914214735e-03
6.959999999999999520e-02,2.184079000000000104e+00,1.565742599999999873e+00,6.183364000000002303e-01,6.133439223922430017e-01,6.183307895123385522e-01,5.610487661678043025e-06,-6.318124526230413096e-01,6.101807066910770461e-01,8.155693308923184226e-03
6.969999999999999807e-02,2.185817999999999817e+00,1.565746199999999977e+00,6.200717999999998398e-01,6.150819045493598480e-01,6.200662059232204815e-01,5.594076779358303497e-06,-6.336568352605738141e-01,6.119234963833436458e-01,8.148303616656193959e-03
6.980000000000000093e-02,2.187558999999999809e+00,1.565749799999999858e+00,6.218091999999999508e-01,6.168222363401305586e-01,6.218039684990314120e-01,5.231500968538860263e-06,-6.355040268355658384e-01,6.136689402485089317e-01,8.140259751491019102e-03
6.990000000000000380e-02,2.189303000000000221e+00,1.565753399999999962e+00,6.235496000000002592e-01,6.185649171583662564e-01,6.235440766344773067e-01,5.523365522952516926e-06,-6.373540280640668243e-01,6.154170389631702376e-01,8.132561036830021628e-03
7.000000000000000666e-02,2.191049000000000024e+00,1.565757000000000065e+00,6.252919999999999590e-01,6.203099463964818483e-01,6.252865297228701325e-01,5.470277129826506268e-06,-6.392068396624921434e-01,6.171677932042702874e-01,8.124206795729671526e-03
7.009999999999999565e-02,2.192797000000000107e+00,1.565760599999999947e+00,6.270364000000001603e-01,6.220573234461888035e-01,6.270313271568191960e-01,5.072843180964348164e-06,-6.410624623493426100e-01,6.189212036507225623e-01,8.115196349277598031e-03
7.019999999999999851e-02,2.194548000000000165e+00,1.565764200000000050e+00,6.287838000000001148e-01,6.238070476981576462e-01,6.287784683278947462e-01,5.331672105368667758e-06,-6.429208968441670891e-01,6.206772709824307510e-01,8.106529017569363837e-03
7.030000000000000138e-02,2.196301000000000059e+00,1.565767799999999932e+00,6.305332000000001269e-01,6.255591185448032832e-01,6.305279526294084169e-01,5.247370591709987764e-06,-6.447821438675518380e-01,6.224359958802789805e-01,8.097204119721146398e-03
7.040000000000000424e-02,2.198055999999999788e+00,1.565771400000000035e+00,6.322845999999997524e-01,6.273135353733074737e-01,6.322797794494469104e-01,4.820550552842028935e-06,-6.466462041414970940e-01,6.241973790264871980e-01,8.087220973512554423e-03
7.049999999999999323e-02,2.199813999999999936e+00,1.565774999999999917e+00,6.340390000000000192e-01,6.290702975746853554e-01,6.340339481799243115e-01,5.051820075707702529e-06,-6.485130783886745576e-01,6.259614211039099541e-01,8.077578896090065186e-03
7.059999999999999609e-02,2.201573999999999920e+00,1.565778600000000020e+00,6.357953999999998995e-01,6.308294045357740742e-01,6.357904582085829315e-01,4.941791416968044359e-06,-6.503827673338768989e-01,6.277281227974058631e-01,8.067277202594036467e-03
7.069999999999999896e-02,2.203336000000000183e+00,1.565782200000000124e+00,6.375538000000000594e-01,6.325908556454926668e-01,6.375493089252439738e-01,4.491074756085566833e-06,-6.522552717018719193e-01,6.294974847918100025e-01,8.056315208190056865e-03
7.080000000000000182e-02,2.205100999999999978e+00,1.565785800000000005e+00,6.393151999999999724e-01,6.343546502903301132e-01,6.393104997173021387e-01,4.700282697833735313e-06,-6.541305922191931188e-01,6.312695077736260041e-01,8.045692226373968303e-03
7.090000000000000469e-02,2.206868000000000052e+00,1.565789400000000109e+00,6.410785999999999429e-01,6.361207878564236751e-01,6.410740299718008517e-01,4.570028199091247245e-06,-6.560087296147969482e-01,6.330441924316468905e-01,8.034407568353052476e-03
7.099999999999999367e-02,2.208636999999999961e+00,1.565792999999999990e+00,6.428439999999999710e-01,6.378892677281555734e-01,6.428398990740311625e-01,4.100925968808510902e-06,-6.578896846166095713e-01,6.348215394536920186e-01,8.022460546307952356e-03
7.109999999999999654e-02,2.210408999999999846e+00,1.565796599999999872e+00,6.446123999999999743e-01,6.396600892916701753e-01,6.446081064110438241e-01,4.293588956150173885e-06,-6.597734579556764345e-01,6.366015495305284988e-01,8.010850469471475499e-03
7.119999999999999940e-02,2.212183000000000010e+00,1.565800199999999975e+00,6.463828000000000351e-01,6.414332519296159774e-01,6.463786513663986044e-01,4.148633601430695705e-06,-6.616600503627125818e-01,6.383842233526106913e-01,7.998576647389343819e-03
7.130000000000000226e-02,2.213960000000000150e+00,1.565803799999999857e+00,6.481562000000002932e-01,6.432087550267162612e-01,6.481515333257270584e-01,4.666674273234860948e-06,-6.635494625712254901e-01,6.401695616130321786e-01,7.986638386968114567e-03
7.140000000000000513e-02,2.215739000000000125e+00,1.565807399999999960e+00,6.499316000000001647e-01,6.449865979642410707e-01,6.499267516712127213e-01,4.848328787443456633e-06,-6.654416953146977676e-01,6.419575650048625626e-01,7.974034995137602166e-03
7.149999999999999412e-02,2.217519999999999936e+00,1.565811000000000064e+00,6.517089999999998717e-01,6.467667801248353499e-01,6.517043057864119193e-01,4.694213587952411615e-06,-6.673367493283848262e-01,6.437482342228468823e-01,7.960765777152989386e-03
7.159999999999999698e-02,2.219303000000000026e+00,1.565814599999999945e+00,6.534884000000000803e-01,6.485493008890514943e-01,6.534841950527914278e-01,4.204947208652498603e-06,-6.692346253478760332e-01,6.455415699620454806e-01,7.946830037954599746e-03
7.169999999999999984e-02,2.221089000000000091e+00,1.565818200000000049e+00,6.552708000000000421e-01,6.503341596377794076e-01,6.552664188521553079e-01,4.381147844734201158e-06,-6.711353241115389778e-01,6.473375729201440443e-01,7.933227079855997843e-03
7.180000000000000271e-02,2.222876999999999992e+00,1.565821799999999930e+00,6.570552000000000614e-01,6.521213557502036906e-01,6.570509765646045386e-01,4.223435395522834312e-06,-6.730388463581249425e-01,6.491362437951907483e-01,7.918956204809313171e-03
7.190000000000000557e-02,2.224667999999999868e+00,1.565825400000000034e+00,6.588425999999998339e-01,6.539108886054592062e-01,6.588378675701906939e-01,4.732429809140015209e-06,-6.749451928270531198e-01,6.509375832858647071e-01,7.905016714135126854e-03
7.199999999999999456e-02,2.226461000000000023e+00,1.565828999999999915e+00,6.606320000000001080e-01,6.557027575820271181e-01,6.606270912483123148e-01,4.908751687793255769e-06,-6.768543642601869692e-01,6.527415920931549653e-01,7.890407906845142705e-03
7.209999999999999742e-02,2.228256000000000014e+00,1.565832600000000019e+00,6.624233999999999956e-01,6.574969620566122330e-01,6.624186469765943608e-01,4.753023405634770882e-06,-6.787663613990559952e-01,6.545482709177348202e-01,7.875129082265175384e-03
7.220000000000000029e-02,2.230052999999999841e+00,1.565836200000000122e+00,6.642167999999997186e-01,6.592935014069922772e-01,6.642125341337332678e-01,4.265866266450757394e-06,-6.806811849879608189e-01,6.563576204628959188e-01,7.859179537103799795e-03
7.230000000000000315e-02,2.231853000000000087e+00,1.565840000000000121e+00,6.660129999999999661e-01,6.610923750088275597e-01,6.660087520963109409e-01,4.247903689025278595e-06,-6.825988357715786492e-01,6.581696414322859567e-01,7.843358567714009411e-03
7.240000000000000602e-02,2.233655000000000168e+00,1.565844000000000014e+00,6.678110000000001545e-01,6.628935822381336607e-01,6.678073002412642234e-01,3.699758735931091280e-06,-6.845193144959438314e-01,6.599843345308347153e-01,7.826665469165439148e-03
7.249999999999999500e-02,2.235459999999999781e+00,1.565847999999999907e+00,6.696119999999998740e-01,6.646971224678068779e-01,6.696081779424151170e-01,3.822057584756954896e-06,-6.864426219081778413e-01,6.618017004644995982e-01,7.810299535500275780e-03
7.259999999999999787e-02,2.237267000000000117e+00,1.565851600000000010e+00,6.714154000000001066e-01,6.665029950738556863e-01,6.714113845766933597e-01,4.015423306746868093e-06,-6.883687587571145627e-01,6.636217399408557149e-01,7.793660059144391639e-03
7.270000000000000073e-02,2.239075999999999844e+00,1.565855200000000114e+00,6.732207999999997305e-01,6.683111994284658408e-01,6.732169195172115206e-01,3.880482788209960177e-06,-6.902977257916020903e-01,6.654444536674917199e-01,7.776346332508010661e-03
7.280000000000000360e-02,2.240886999999999851e+00,1.565858799999999995e+00,6.750281999999998561e-01,6.701217349041783677e-01,6.750247821374368851e-01,3.417862562971052398e-06,-6.922295237636220122e-01,6.672698423549572322e-01,7.758357645042623929e-03
7.290000000000000646e-02,2.242700999999999834e+00,1.565862400000000099e+00,6.768385999999997349e-01,6.719346008731648112e-01,6.768349718104678114e-01,3.628189531923453615e-06,-6.941641534244737954e-01,6.690979067131571645e-01,7.740693286842570409e-03
7.299999999999999545e-02,2.244517000000000095e+00,1.565865999999999980e+00,6.786510000000001153e-01,6.737497967058772019e-01,6.786474879076858091e-01,3.512092314306158869e-06,-6.961016155285619789e-01,6.709286474549304158e-01,7.722352545069699481e-03
7.309999999999999831e-02,2.246335999999999888e+00,1.565869599999999862e+00,6.804664000000000268e-01,6.755673217734425862e-01,6.804623298011462929e-01,4.070198853733941746e-06,-6.980419108292821306e-01,6.727620652921627586e-01,7.704334707837268148e-03
7.320000000000000118e-02,2.248156999999999961e+00,1.565873199999999965e+00,6.822837999999999958e-01,6.773871754449132254e-01,6.822794968608330013e-01,4.303139166994540687e-06,-6.999850400831419961e-01,6.745981609396802803e-01,7.685639060319715554e-03
7.330000000000000404e-02,2.249979999999999869e+00,1.565876999999999963e+00,6.841029999999999056e-01,6.792093570896682309e-01,6.840989884570559676e-01,4.011542943938017913e-06,-7.019310040473740742e-01,6.764369351129941865e-01,7.666064887005719086e-03
7.340000000000000691e-02,2.251806000000000196e+00,1.565880999999999856e+00,6.859250000000003400e-01,6.810338660760777429e-01,6.859208039591179196e-01,4.196040882420426499e-06,-7.038798034798787739e-01,6.782783885282467340e-01,7.646611471753606004e-03
7.349999999999999589e-02,2.253633000000000219e+00,1.565884999999999971e+00,6.877480000000002480e-01,6.828607017717729377e-01,6.877449427355833977e-01,3.057264416850280497e-06,-7.058314391396152132e-01,6.801225219025804902e-01,7.625478097419757795e-03
7.359999999999999876e-02,2.255463999999999913e+00,1.565888599999999853e+00,6.895754000000000605e-01,6.846898635430065383e-01,6.895714041536409322e-01,3.995846359128307768e-06,-7.077859117886902141e-01,6.819693359561124213e-01,7.606064043887639237e-03
7.370000000000000162e-02,2.257296000000000191e+00,1.565892199999999956e+00,6.914038000000002349e-01,6.865213507567489160e-01,6.914001875811951470e-01,3.612418805087891371e-06,-7.097432221881589953e-01,6.838188314079656216e-01,7.584968592034613266e-03
7.380000000000000449e-02,2.259131000000000000e+00,1.565895999999999955e+00,6.932350000000000456e-01,6.883551627778459192e-01,6.932312923840298069e-01,3.707615970238720138e-06,-7.117033711011515607e-01,6.856710089792237284e-01,7.563991020776317242e-03
7.389999999999999347e-02,2.260968000000000089e+00,1.565899999999999848e+00,6.950680000000002412e-01,6.901912989704612755e-01,6.950647179272473331e-01,3.282072752908149482e-06,-7.136663592922261046e-01,6.875258693923200770e-01,7.542130607680164189e-03
7.399999999999999634e-02,2.262807000000000013e+00,1.565903999999999963e+00,6.969030000000000502e-01,6.920297587004924367e-01,6.969004635776810952e-01,2.536422318955011690e-06,-7.156321875273050637e-01,6.893834133709769718e-01,7.519586629023078395e-03
7.409999999999999920e-02,2.264648999999999912e+00,1.565907600000000066e+00,6.987413999999998460e-01,6.938705413296730740e-01,6.987385286980071220e-01,2.871301992724006880e-06,-7.176008565730356281e-01,6.912436416396012806e-01,7.497758360398565358e-03
7.420000000000000207e-02,2.266493000000000091e+00,1.565911200000000170e+00,7.005817999999999213e-01,6.957136462211153116e-01,7.005789126522776744e-01,2.887347722246857984e-06,-7.195723671974363356e-01,6.931065549238960566e-01,7.475245076103864683e-03
7.430000000000000493e-02,2.268339999999999801e+00,1.565914800000000051e+00,7.024251999999997498e-01,6.975590727361833387e-01,7.024216148027999651e-01,3.585197199784673217e-06,-7.215467201702807643e-01,6.949721539512223600e-01,7.453046048777389743e-03
7.439999999999999392e-02,2.270188999999999790e+00,1.565918400000000155e+00,7.042705999999996358e-01,6.994068202376482191e-01,7.042666345132856387e-01,3.965486713997101731e-06,-7.235239162616906583e-01,6.968404394492705434e-01,7.430160550729092428e-03
7.449999999999999678e-02,2.272040000000000060e+00,1.565922000000000036e+00,7.061180000000000234e-01,7.012568880840888141e-01,7.061139711432604660e-01,4.028856739557440392e-06,-7.255039562438909684e-01,6.987114121477181472e-01,7.406587852281876216e-03
7.459999999999999964e-02,2.273893000000000164e+00,1.565926000000000151e+00,7.079670000000000130e-01,7.031092756368835239e-01,7.079636240550456483e-01,3.375944954364662465e-06,-7.274868408894263894e-01,7.005850727765445818e-01,7.381927223455431175e-03
7.470000000000000251e-02,2.275748999999999800e+00,1.565930000000000044e+00,7.098189999999997557e-01,7.049639822546041046e-01,7.098155926081599620e-01,3.407391839793660893e-06,-7.294725709733143049e-01,7.024614220680662768e-01,7.357577931933478865e-03
7.480000000000000537e-02,2.277607000000000159e+00,1.565933800000000042e+00,7.116732000000001168e-01,7.068210072951401912e-01,7.116698761614408397e-01,3.323838559277092486e-06,-7.314611472705507822e-01,7.043404607545790119e-01,7.332739245421104890e-03
7.489999999999999436e-02,2.279466999999999910e+00,1.565937400000000146e+00,7.135295999999997640e-01,7.086803501170706454e-01,7.135264740744141632e-01,3.125925585600874967e-06,-7.334525705578869292e-01,7.062221895700370178e-01,7.307410429962746257e-03
7.499999999999999722e-02,2.281330000000000080e+00,1.565941000000000027e+00,7.153890000000000526e-01,7.105420100768853331e-01,7.153853857045198161e-01,3.614295480236506819e-06,-7.354468416138146836e-01,7.081066092500397646e-01,7.282390749960288012e-03
7.510000000000000009e-02,2.283195000000000086e+00,1.565945000000000142e+00,7.172499999999999432e-01,7.124059865314080753e-01,7.172466104095309714e-01,3.389590468971803716e-06,-7.374439612171883596e-01,7.099937205305286714e-01,7.256279469471271781e-03
7.520000000000000295e-02,2.285061999999999927e+00,1.565949000000000035e+00,7.191129999999998912e-01,7.142722788357573904e-01,7.191101475455183856e-01,2.852454481505617423e-06,-7.394439301485675742e-01,7.118835241490567567e-01,7.229475850943134496e-03
7.530000000000000582e-02,2.286932000000000187e+00,1.565953000000000150e+00,7.209790000000000365e-01,7.161408863443128325e-01,7.209759964678145172e-01,3.003532185519297570e-06,-7.414467491896061802e-01,7.137760208442108789e-01,7.202979155789157595e-03
7.539999999999999480e-02,2.288803999999999839e+00,1.565957000000000043e+00,7.228469999999997953e-01,7.180118084128608302e-01,7.228441565331570340e-01,2.843466842761266378e-06,-7.434524191240186042e-01,7.156712113565252276e-01,7.175788643474567685e-03
7.549999999999999767e-02,2.290678000000000214e+00,1.565960999999999936e+00,7.247170000000002776e-01,7.198850443937132582e-01,7.247146270948138236e-01,2.372905186454055126e-06,-7.454609407348300465e-01,7.175690964258822913e-01,7.147903574117986381e-03
7.560000000000000053e-02,2.292555000000000121e+00,1.565964600000000040e+00,7.265904000000000806e-01,7.217605936409086098e-01,7.265874075077771721e-01,2.992492222908538224e-06,-7.474723148085544722e-01,7.194696767954613659e-01,7.120723204538714768e-03
7.570000000000000340e-02,2.294433999999999862e+00,1.565968200000000143e+00,7.284657999999997191e-01,7.236384555053732015e-01,7.284624971239314073e-01,3.302876068311810798e-06,-7.494865421313576803e-01,7.213729532081128992e-01,7.092846791886819879e-03
7.580000000000000626e-02,2.296314999999999884e+00,1.565972000000000142e+00,7.303429999999997424e-01,7.255186293390352148e-01,7.303398952961616120e-01,3.104703838130440374e-06,-7.515036234915086766e-01,7.232789264086741943e-01,7.064073591325548129e-03
7.589999999999999525e-02,2.298198000000000185e+00,1.565976000000000035e+00,7.322220000000001505e-01,7.274011144931691319e-01,7.322196013766999467e-01,2.398623300203794884e-06,-7.535235596786407086e-01,7.251875971432721890e-01,7.034402856727961506e-03
7.599999999999999811e-02,2.300084000000000017e+00,1.565979999999999928e+00,7.341040000000000898e-01,7.292859103162356860e-01,7.341016147149689308e-01,2.385285031158979052e-06,-7.555463514820814908e-01,7.270989661577447194e-01,7.005033842255370402e-03
7.610000000000000098e-02,2.301972000000000129e+00,1.565984000000000043e+00,7.359880000000000866e-01,7.311730161598433142e-01,7.359859346635343469e-01,2.065336465739697758e-06,-7.575719996942567036e-01,7.290130342008570574e-01,6.974965799143029166e-03
7.620000000000000384e-02,2.303863000000000216e+00,1.565987999999999936e+00,7.378750000000002807e-01,7.330624313707119200e-01,7.378725605700803269e-01,2.439429919953717274e-06,-7.596005051083167814e-01,7.309298020220593717e-01,6.945197977940908984e-03
7.630000000000000671e-02,2.305756000000000139e+00,1.565991799999999934e+00,7.397642000000002049e-01,7.349541552986949000e-01,7.397614917854201666e-01,2.708214580038337260e-06,-7.616318685180942794e-01,7.328492703714460932e-01,6.914929628554111751e-03
7.639999999999999569e-02,2.307650999999999897e+00,1.565995400000000037e+00,7.416555999999998594e-01,7.368481872894818707e-01,7.416527276562094873e-01,2.872343790372156036e-06,-7.636660907191767933e-01,7.347714400007703262e-01,6.884159999229533256e-03
7.649999999999999856e-02,2.309547999999999934e+00,1.565998999999999919e+00,7.435490000000000155e-01,7.387445266904819619e-01,7.435462675308206482e-01,2.732469179367313927e-06,-7.657031725081964169e-01,7.366963116627719410e-01,6.852688337228074467e-03
7.660000000000000142e-02,2.311447999999999947e+00,1.566003000000000034e+00,7.454449999999999132e-01,7.406431728473776843e-01,7.454421107559023874e-01,2.889244097525889288e-06,-7.677431146838671339e-01,7.386238861121580124e-01,6.821113887841900869e-03
7.670000000000000429e-02,2.313349999999999795e+00,1.566006999999999927e+00,7.473429999999998685e-01,7.425441251058373382e-01,7.473402566780887879e-01,2.743321911080620623e-06,-7.697859180445618676e-01,7.405541641033134281e-01,6.788835896686440385e-03
7.679999999999999327e-02,2.315253999999999923e+00,1.566011000000000042e+00,7.492429999999998813e-01,7.444473828094615442e-01,7.492407046419495842e-01,2.295358050297124919e-06,-7.718315833911120194e-01,7.424871463929457738e-01,6.755853607054107535e-03
7.689999999999999614e-02,2.317161000000000026e+00,1.566014999999999935e+00,7.511460000000000914e-01,7.463529453032009542e-01,7.511434539934023213e-01,2.546006597770045232e-06,-7.738801115250097951e-01,7.444228337383875793e-01,6.723166261612512073e-03
7.699999999999999900e-02,2.319069999999999965e+00,1.566019000000000050e+00,7.530509999999999149e-01,7.482608119299669625e-01,7.530485040763287286e-01,2.495923671186339732e-06,-7.759315032498648179e-01,7.463612268989717746e-01,6.689773101028140267e-03
7.710000000000000187e-02,2.320981000000000183e+00,1.566022999999999943e+00,7.549580000000002400e-01,7.501709820319319988e-01,7.549558542338721256e-01,2.145766128114345861e-06,-7.779857593696348772e-01,7.483023266343602486e-01,6.655673365639991346e-03
7.720000000000000473e-02,2.322893999999999792e+00,1.566026999999999836e+00,7.568669999999999565e-01,7.520834549519861412e-01,7.568655038098927035e-01,1.496190107252992618e-06,-7.800428806893222600e-01,7.502461337052019896e-01,6.620866294797966844e-03
7.729999999999999372e-02,2.324809999999999821e+00,1.566030999999999951e+00,7.587789999999998702e-01,7.539982300288343708e-01,7.587774521440717734e-01,1.547855928096808498e-06,-7.821028680170556413e-01,7.521926488750999562e-01,6.586351124899914034e-03
7.739999999999999658e-02,2.326728000000000129e+00,1.566034999999999844e+00,7.606930000000002856e-01,7.559153066060559922e-01,7.606916985809576426e-01,1.301419042643026103e-06,-7.841657221595923488e-01,7.541418729063615878e-01,6.551127093638697829e-03
7.749999999999999944e-02,2.328648999999999969e+00,1.566038999999999959e+00,7.626100000000000101e-01,7.578346840209491120e-01,7.626082424588268571e-01,1.757541173152965541e-06,-7.862314439268018873e-01,7.560938065642346384e-01,6.516193435765371689e-03
7.760000000000000231e-02,2.330572000000000088e+00,1.566043000000000074e+00,7.645290000000000141e-01,7.597563616136184805e-01,7.645270831187582772e-01,1.916881241736945185e-06,-7.883000341289303492e-01,7.580484506143231327e-01,6.480549385676881435e-03
7.770000000000000517e-02,2.332497000000000043e+00,1.566046999999999967e+00,7.664500000000000757e-01,7.616803387227548683e-01,7.664482199004190033e-01,1.780099581072391857e-06,-7.903714935782915063e-01,7.600058058241845327e-01,6.444194175815542991e-03
7.779999999999999416e-02,2.334423999999999833e+00,1.566051000000000082e+00,7.683729999999997506e-01,7.636066146846403058e-01,7.683716521410708378e-01,1.347858928912870624e-06,-7.924458230879096732e-01,7.619658729620477633e-01,6.407127037951987347e-03
7.789999999999999702e-02,2.336354000000000042e+00,1.566054999999999975e+00,7.702990000000000670e-01,7.655351888379442471e-01,7.702973791803595649e-01,1.620819640502091374e-06,-7.945230234718536622e-01,7.639286527971287377e-01,6.370347202871329273e-03
7.799999999999999989e-02,2.338286000000000087e+00,1.566059000000000090e+00,7.722269999999999968e-01,7.674660605189345119e-01,7.722254003555327762e-01,1.599644467220606714e-06,-7.966030955462883867e-01,7.658941461006240070e-01,6.332853899375989748e-03
7.810000000000000275e-02,2.340219999999999967e+00,1.566062999999999983e+00,7.741569999999999840e-01,7.693992290621451957e-01,7.741557150021072253e-01,1.284997892758710236e-06,-7.986860401277198207e-01,7.678623536440524200e-01,6.294646355947564054e-03
7.820000000000000562e-02,2.342156000000000127e+00,1.566066999999999876e+00,7.760890000000002509e-01,7.713346938031051536e-01,7.760883224565924277e-01,6.775434078232223101e-07,-8.007718580344018733e-01,7.698332762005843932e-01,6.255723799415857656e-03
7.829999999999999460e-02,2.344094999999999818e+00,1.566070999999999991e+00,7.780239999999998268e-01,7.732724540763626919e-01,7.780232220545193478e-01,7.779454804790475464e-07,-8.028605500859882227e-01,7.718069145447128410e-01,6.217085455286985862e-03
7.839999999999999747e-02,2.346035999999999788e+00,1.566074999999999884e+00,7.799609999999999044e-01,7.752125092160611075e-01,7.799604131310141630e-01,5.868689857413400546e-07,-8.049521171031699396e-01,7.737832694519112264e-01,6.177730548088677942e-03
7.850000000000000033e-02,2.347980000000000178e+00,1.566078999999999999e+00,7.819010000000001792e-01,7.771548585546241839e-01,7.818998950194860909e-01,1.104980514088360621e-06,-8.070465599073415319e-01,7.757623416983173703e-01,6.138658301682808904e-03
7.860000000000000320e-02,2.349925999999999959e+00,1.566083000000000114e+00,7.838429999999998454e-01,7.790995014234383120e-01,7.838416670523086216e-01,1.332947691223829167e-06,-8.091438793226828352e-01,7.777441320627012100e-01,6.098867937298635411e-03
7.870000000000000606e-02,2.351874000000000020e+00,1.566087000000000007e+00,7.857870000000000132e-01,7.810464371556093965e-01,7.857857285635723166e-01,1.271436427696670535e-06,-8.112440761730326244e-01,7.797286413235103852e-01,6.058358676489628003e-03
7.879999999999999505e-02,2.353823999999999916e+00,1.566091000000000122e+00,7.877329999999997945e-01,7.829956650804277274e-01,7.877320788835575627e-01,9.211164422318063316e-07,-8.133471512850221075e-01,7.817158702618309807e-01,6.017129738168813802e-03
7.889999999999999791e-02,2.355776999999999788e+00,1.566095000000000015e+00,7.896819999999997730e-01,7.849471845299689221e-01,7.896807173453259665e-01,1.282654673806504775e-06,-8.154531054849130101e-01,7.837058196583999159e-01,5.976180341599857115e-03
7.900000000000000078e-02,2.357731999999999939e+00,1.566098999999999908e+00,7.916330000000000311e-01,7.869009948335161653e-01,7.916316432791509206e-01,1.356720849110537586e-06,-8.175619396014255358e-01,7.856984902962774742e-01,5.934509703722556928e-03
7.910000000000000364e-02,2.359688999999999925e+00,1.566103000000000023e+00,7.935859999999999026e-01,7.888570953189528723e-01,7.935848560139080465e-01,1.143986091856064036e-06,-8.196736544643314915e-01,7.876938829595171443e-01,5.892117040482758306e-03
7.920000000000000651e-02,2.361648000000000192e+00,1.566106999999999916e+00,7.955410000000002757e-01,7.908154853148658958e-01,7.955403548791755153e-01,6.451208247604256485e-07,-8.217882509040919103e-01,7.896919984328240050e-01,5.849001567176270733e-03
7.929999999999999549e-02,2.363609999999999989e+00,1.566111000000000031e+00,7.974989999999999579e-01,7.927761641494868172e-01,7.974981392041764483e-01,8.607958235096191402e-07,-8.239057297536049873e-01,7.916928375032058485e-01,5.806162496794109451e-03
7.939999999999999836e-02,2.365574000000000066e+00,1.566114999999999924e+00,7.994590000000001417e-01,7.947391311482689957e-01,7.994582083153600749e-01,7.916846400668475781e-07,-8.260260918457760226e-01,7.936964009576772394e-01,5.762599042322902321e-03
7.950000000000000122e-02,2.367539999999999978e+00,1.566119000000000039e+00,8.014209999999999390e-01,7.967043856394511181e-01,8.014205615419568440e-01,4.384580430949469587e-07,-8.281493380159403728e-01,7.957026895855490167e-01,5.718310414450922252e-03
7.960000000000000409e-02,2.369508999999999865e+00,1.566123000000000154e+00,8.033859999999997115e-01,7.986719269474278349e-01,8.033851982093588306e-01,8.017906408808173069e-07,-8.302754690994618159e-01,7.977117041761586647e-01,5.674295823841046804e-03
7.969999999999999307e-02,2.371480000000000032e+00,1.566127000000000047e+00,8.053529999999999855e-01,8.006417543969419626e-01,8.053521176433056095e-01,8.823566943760852155e-07,-8.324044859341128699e-01,7.997234455211197357e-01,5.629554478880249846e-03
7.979999999999999594e-02,2.373453000000000035e+00,1.566131000000000162e+00,8.073219999999998731e-01,8.026138673127576340e-01,8.073213191695582935e-01,6.808304415795163322e-07,-8.345363893587247617e-01,8.017379144130463153e-01,5.584085586953557723e-03
7.989999999999999880e-02,2.375429000000000013e+00,1.566135000000000055e+00,8.092939999999999579e-01,8.045882650182036855e-01,8.092928021124444760e-01,1.197887555481891297e-06,-8.366711802124839892e-01,8.037551116448879984e-01,5.538888355111959427e-03
8.000000000000000167e-02,2.377406999999999826e+00,1.566138999999999948e+00,8.112679999999998781e-01,8.065649468359694652e-01,8.112665657956535936e-01,1.434204346284495557e-06,-8.388088593373694835e-01,8.057750380122330469e-01,5.492961987766831200e-03
8.010000000000000453e-02,2.379386999999999919e+00,1.566143399999999852e+00,8.132436000000000664e-01,8.085439120890356435e-01,8.132426095431656288e-01,9.904568344376585287e-07,-8.409494275753317538e-01,8.077976943106429664e-01,5.445905689357100066e-03
8.019999999999999352e-02,2.381368999999999847e+00,1.566147799999999979e+00,8.152211999999998682e-01,8.105251600979670457e-01,8.152209326765486042e-01,2.673234512640121352e-07,-8.430928857704529378e-01,8.098230813376933179e-01,5.398118662306550242e-03
8.029999999999999638e-02,2.383354000000000195e+00,1.566151999999999989e+00,8.172020000000002060e-01,8.125086901836908737e-01,8.172015345177321421e-01,4.654822680638659449e-07,-8.452392347674830830e-01,8.118511998915907135e-01,5.350800108409492495e-03
8.039999999999999925e-02,2.385340999999999934e+00,1.566155999999999882e+00,8.191850000000000520e-01,8.144945016677951344e-01,8.191844143893058927e-01,5.856106941592997828e-07,-8.473884754129343833e-01,8.138820507722068776e-01,5.302949227793174458e-03
8.050000000000000211e-02,2.387329999999999952e+00,1.566159999999999997e+00,8.211699999999999555e-01,8.164825938684145967e-01,8.211695716104110421e-01,4.283895889134470281e-07,-8.495406085547116959e-01,8.159156347807297038e-01,5.254365219270251686e-03
8.060000000000000497e-02,2.389320999999999806e+00,1.566164000000000112e+00,8.231569999999996945e-01,8.184729661047214222e-01,8.231570055012249476e-01,-5.501225253112806968e-09,-8.516956350414091048e-01,8.179519527189978989e-01,5.205047281001795589e-03
8.069999999999999396e-02,2.391315000000000079e+00,1.566168000000000005e+00,8.251470000000000748e-01,8.204656176955253954e-01,8.251467153815630340e-01,2.846184370408622044e-07,-8.538535557230204631e-01,8.199910053901731111e-01,5.155994609826963782e-03
8.079999999999999682e-02,2.393311000000000188e+00,1.566172000000000120e+00,8.271390000000000686e-01,8.224605479572062450e-01,8.271387005688143335e-01,2.994311857351661388e-07,-8.560143714516215141e-01,8.220327935993840818e-01,5.106206400615986851e-03
8.089999999999999969e-02,2.395309999999999828e+00,1.566176000000000013e+00,8.291339999999998156e-01,8.244577562082398003e-01,8.291329603824605377e-01,1.039617539277948310e-06,-8.581780830796645887e-01,8.240773181521154900e-01,5.056681847884325620e-03
8.100000000000000255e-02,2.397310000000000052e+00,1.566179999999999906e+00,8.311300000000001464e-01,8.264572417636060209e-01,8.311294941384932411e-01,5.058615069053473690e-07,-8.603446914613144259e-01,8.261245798554699427e-01,5.005420144530203785e-03
8.110000000000000542e-02,2.399312999999999807e+00,1.566184400000000032e+00,8.331285999999997749e-01,8.284590039393293637e-01,8.331283011539463157e-01,2.988460534592007889e-07,-8.625141974521568500e-01,8.281745795178929725e-01,4.954020482106802348e-03
8.119999999999999440e-02,2.401317999999999842e+00,1.566188800000000159e+00,8.351291999999996829e-01,8.304630420510932254e-01,8.351293807455136831e-01,-1.807455140001579252e-07,-8.646866019084669119e-01,8.302273179484811472e-01,4.901882051518535732e-03
8.129999999999999727e-02,2.403325999999999851e+00,1.566193000000000168e+00,8.371329999999996829e-01,8.324693554121367356e-01,8.371327322274481064e-01,2.677725515765061459e-07,-8.668619056889355079e-01,8.322827959586140967e-01,4.850204041385586251e-03
8.140000000000000013e-02,2.405336000000000141e+00,1.566197000000000061e+00,8.391390000000000793e-01,8.344779433360400844e-01,8.391383549143431875e-01,6.450856568918084122e-07,-8.690401096522961666e-01,8.343410143597113082e-01,4.797985640288771059e-03
8.150000000000000300e-02,2.407347999999999821e+00,1.566200999999999954e+00,8.411469999999998670e-01,8.364888051364118837e-01,8.411462481208209496e-01,7.518791789173917550e-07,-8.712212146593500961e-01,8.364019739651463725e-01,4.745026034853494501e-03
8.160000000000000586e-02,2.409361999999999782e+00,1.566205399999999859e+00,8.431565999999999228e-01,8.385019401250701776e-01,8.431564111597152911e-01,1.888402846317305261e-07,-8.734052215719501078e-01,8.384656755892864188e-01,4.690924410713503967e-03
8.169999999999999485e-02,2.411378000000000021e+00,1.566209799999999985e+00,8.451682000000000361e-01,8.405173476138756428e-01,8.451688433439027426e-01,-6.433439027064835614e-07,-8.755921312529792999e-01,8.405321200474722421e-01,4.636079952527794035e-03
8.179999999999999771e-02,2.413396999999999792e+00,1.566213999999999995e+00,8.471829999999997973e-01,8.425350269136231418e-01,8.471835439851956862e-01,-5.439851958888297645e-07,-8.777819445674523990e-01,8.426013081570584706e-01,4.581691842941326698e-03
8.190000000000000058e-02,2.415417999999999843e+00,1.566217999999999888e+00,8.491999999999999549e-01,8.445549773347451605e-01,8.492005123950446821e-01,-5.123950447272207498e-07,-8.799746623810449364e-01,8.446732407360245665e-01,4.526759263975388414e-03
8.200000000000000344e-02,2.417441999999999869e+00,1.566222000000000003e+00,8.512199999999998656e-01,8.465771981873686514e-01,8.512197478845949794e-01,2.521154048862328523e-07,-8.821702855608535288e-01,8.467479186036923622e-01,4.472081396307503454e-03
8.210000000000000631e-02,2.419467000000000034e+00,1.566226399999999908e+00,8.532406000000001267e-01,8.486016887794747277e-01,8.532412497628494297e-01,-6.497628493029594665e-07,-8.843688149753461403e-01,8.488253425806797647e-01,4.415257419320361976e-03
8.219999999999999529e-02,2.421495000000000175e+00,1.566230800000000034e+00,8.552642000000001410e-01,8.506284484194353013e-01,8.552650173392009059e-01,-8.173392007648772051e-07,-8.865702514936941725e-01,8.509055134882692606e-01,4.358686511730880397e-03
8.229999999999999816e-02,2.423525000000000151e+00,1.566235000000000044e+00,8.572900000000001075e-01,8.526574764162972997e-01,8.572910499237164084e-01,-1.049923716300860121e-06,-8.887745959878756707e-01,8.529884321503953259e-01,4.301567849604781557e-03
8.240000000000000102e-02,2.425558000000000103e+00,1.566238999999999937e+00,8.593190000000001660e-01,8.546887720763223228e-01,8.593193468236816068e-01,-3.468236814407887891e-07,-8.909818493295063035e-01,8.550740993906501553e-01,4.244900609350010789e-03
8.250000000000000389e-02,2.427592999999999890e+00,1.566243000000000052e+00,8.613499999999998380e-01,8.567223347054309102e-01,8.613499073460418876e-01,9.265395795043929184e-08,-8.931920123926460064e-01,8.571625160349354289e-01,4.187483965064409119e-03
8.260000000000000675e-02,2.429629999999999956e+00,1.566247399999999956e+00,8.633826000000000001e-01,8.587581636105809935e-01,8.633827307987781419e-01,-1.307987781418162854e-07,-8.954050860520510469e-01,8.592536829098106343e-01,4.128917090189365702e-03
8.269999999999999574e-02,2.431668999999999858e+00,1.566251800000000083e+00,8.654171999999997755e-01,8.607962580955899057e-01,8.654178164867355472e-01,-6.164867357716374840e-07,-8.976210711842256273e-01,8.613476008434872710e-01,4.069599156512504479e-03
8.279999999999999860e-02,2.433710000000000040e+00,1.566256000000000093e+00,8.674539999999999473e-01,8.628366174653265830e-01,8.674551637158092188e-01,-1.163715809271437251e-06,-8.998399686667184483e-01,8.634442706651633825e-01,4.009729334836564796e-03
8.290000000000000147e-02,2.435754000000000197e+00,1.566259999999999986e+00,8.694940000000002112e-01,8.648792410239636297e-01,8.694947717911990503e-01,-7.717911988391890077e-07,-9.020617793777603310e-01,8.655436932046819409e-01,3.950306795318270225e-03
8.300000000000000433e-02,2.437800000000000189e+00,1.566264000000000101e+00,8.715360000000000884e-01,8.669241280742738809e-01,8.715366400167070537e-01,-6.400167069653406315e-07,-9.042865041987511177e-01,8.676458692948799678e-01,3.890130705120120602e-03
8.309999999999999332e-02,2.439849000000000157e+00,1.566268400000000005e+00,8.735806000000001514e-01,8.689712779186891112e-01,8.735807676957949575e-01,-1.676957948060220360e-07,-9.065141440103801074e-01,8.697507997679232439e-01,3.829800232076907562e-03
8.319999999999999618e-02,2.441898999999999820e+00,1.566272800000000132e+00,8.756261999999996881e-01,8.710206898592787184e-01,8.756271541315624463e-01,-9.541315627581425929e-07,-9.087446996957595502e-01,8.718584854582671628e-01,3.767714541732525291e-03
8.329999999999999905e-02,2.443951999999999902e+00,1.566277200000000036e+00,8.776747999999998662e-01,8.730723631977781451e-01,8.776757986267756939e-01,-9.986267758277378448e-07,-9.109781721390746156e-01,8.739689272013806409e-01,3.705872798619225250e-03
8.340000000000000191e-02,2.446006999999999820e+00,1.566281600000000163e+00,8.797253999999996577e-01,8.751262972331232959e-01,8.797267004814057767e-01,-1.300481406119047278e-06,-9.132145622259031370e-01,8.760821258340487638e-01,3.643274165950893817e-03
8.350000000000000477e-02,2.448065000000000158e+00,1.566286000000000067e+00,8.817790000000000905e-01,8.771824912677388397e-01,8.817798589989070956e-01,-8.589989070051373687e-07,-9.154538708428461291e-01,8.781980821940232884e-01,3.580917805976802093e-03
8.359999999999999376e-02,2.450124000000000191e+00,1.566289999999999960e+00,8.838340000000002306e-01,8.792409445981306249e-01,8.838352734768240015e-01,-1.273476823770991473e-06,-9.176960988779185868e-01,8.803167971203920139e-01,3.517202879608216648e-03
8.369999999999999662e-02,2.452186000000000199e+00,1.566293999999999853e+00,8.858920000000003458e-01,8.813016565246130085e-01,8.858929432165038031e-01,-9.432165034573003481e-07,-9.199412472215726666e-01,8.824382714545457862e-01,3.453728545454559651e-03
8.379999999999999949e-02,2.454250000000000043e+00,1.566298199999999863e+00,8.879518000000001798e-01,8.833646263450987135e-01,8.879528675168957275e-01,-1.067516895547626632e-06,-9.221893167632302379e-01,8.845625060369017856e-01,3.389293963098394258e-03
8.390000000000000235e-02,2.456316999999999862e+00,1.566302599999999989e+00,8.900143999999998723e-01,8.854298533557170003e-01,8.900150456751682038e-01,-6.456751683314720935e-07,-9.244403083954182421e-01,8.866895017108111787e-01,3.324898289188693568e-03
8.400000000000000522e-02,2.458384999999999820e+00,1.566306999999999894e+00,8.920779999999999266e-01,8.874973368547358632e-01,8.920794769906250643e-01,-1.476990625137730717e-06,-9.266942230124328717e-01,8.888192593212969062e-01,3.258740678703020421e-03
8.409999999999999420e-02,2.460456000000000198e+00,1.566311400000000020e+00,8.941446000000001781e-01,8.895670761379221858e-01,8.941461607600729167e-01,-1.560760072738531790e-06,-9.289510615082079426e-01,8.909517797130397376e-01,3.192820286960440512e-03
8.419999999999999707e-02,2.462530000000000108e+00,1.566315800000000147e+00,8.962141999999999609e-01,8.916390704996999261e-01,8.962150962789773301e-01,-8.962789773692136919e-07,-9.312108247784394166e-01,8.930870637323852224e-01,3.127136267614738507e-03
8.429999999999999993e-02,2.464605000000000157e+00,1.566320200000000051e+00,8.982848000000001054e-01,8.937133192355162237e-01,8.982862828438255010e-01,-1.482843825395541160e-06,-9.334735137215943723e-01,8.952251122282973705e-01,3.059687771702734871e-03
8.440000000000000280e-02,2.466683000000000181e+00,1.566324600000000178e+00,9.003584000000000032e-01,8.957898216394326596e-01,9.003597197497212878e-01,-1.319749721284679822e-06,-9.357391292358059331e-01,8.973659260494246670e-01,2.992473950575336161e-03
8.450000000000000566e-02,2.468763000000000041e+00,1.566329000000000082e+00,9.024339999999999584e-01,8.978685770044378955e-01,9.024354062906970730e-01,-1.406290697114620514e-06,-9.380076722212820073e-01,8.995095060463762504e-01,2.924493953623708009e-03
8.459999999999999465e-02,2.470845000000000180e+00,1.566333399999999987e+00,9.045116000000001932e-01,8.999495846249558895e-01,9.045133417622184258e-01,-1.741762218232523196e-06,-9.402791435793034225e-01,9.016558530707746710e-01,2.855746929225522202e-03
8.469999999999999751e-02,2.472929000000000155e+00,1.566337800000000113e+00,9.065912000000000415e-01,9.020328437905007490e-01,9.065935254548483924e-01,-2.325454848350894110e-06,-9.425535442125223540e-01,9.038049679755387755e-01,2.786232024461265944e-03
8.480000000000000038e-02,2.475016000000000105e+00,1.566342000000000123e+00,9.086739999999999817e-01,9.041183537961785532e-01,9.086759566647334418e-01,-1.956664733460122818e-06,-9.448308750253318067e-01,9.059568516152318729e-01,2.717148384768108826e-03
8.490000000000000324e-02,2.477104999999999890e+00,1.566346000000000016e+00,9.107589999999998742e-01,9.062061139294073087e-01,9.107606346803438502e-01,-1.634680343975958294e-06,-9.471111369235529764e-01,9.081115048457669703e-01,2.647495154232903936e-03
8.500000000000000611e-02,2.479195999999999955e+00,1.566349999999999909e+00,9.128460000000000463e-01,9.082961234828630381e-01,9.128475587953996939e-01,-1.558795399647650015e-06,-9.493943308129644265e-01,9.102689285230168847e-01,2.577071476983161524e-03
8.509999999999999509e-02,2.481289999999999996e+00,1.566354399999999814e+00,9.149356000000001821e-01,9.103883817446600801e-01,9.149367282990663597e-01,-1.128299066177618215e-06,-9.516804576018174089e-01,9.124291235051906757e-01,2.506476494809506406e-03
8.519999999999999796e-02,2.483385999999999871e+00,1.566358799999999940e+00,9.170271999999999313e-01,9.124828880053570401e-01,9.170281424829496153e-01,-9.424829496840203547e-07,-9.539695182001040052e-01,9.145920906521424198e-01,2.435109347857511430e-03
8.530000000000000082e-02,2.485484000000000027e+00,1.566363199999999845e+00,9.191208000000001821e-01,9.145796415524074519e-01,9.191218006355550418e-01,-1.000635554859741205e-06,-9.562615135181431469e-01,9.167578308240351692e-01,2.362969175965012880e-03
8.540000000000000369e-02,2.487584000000000017e+00,1.566367599999999971e+00,9.212164000000000463e-01,9.166786416735703824e-01,9.212177020456931986e-01,-1.302045693152287242e-06,-9.585564444680301222e-01,9.189263448827100778e-01,2.290055117289968578e-03
8.550000000000000655e-02,2.489685999999999844e+00,1.566372000000000098e+00,9.233139999999997460e-01,9.187798876562851547e-01,9.233158460018552338e-01,-1.846001855487777732e-06,-9.608543119639136876e-01,9.210976336919490803e-01,2.216366308050665701e-03
8.559999999999999554e-02,2.491791000000000089e+00,1.566376400000000002e+00,9.254146000000000871e-01,9.208833787876145038e-01,9.254162317921564851e-01,-1.631792156397970928e-06,-9.631551169192817952e-01,9.232716981149093893e-01,2.142901885090697789e-03
8.569999999999999840e-02,2.493898000000000170e+00,1.566380800000000129e+00,9.275172000000000416e-01,9.229891143525676966e-01,9.275188587026617082e-01,-1.658702661666566769e-06,-9.654588602514380113e-01,9.254485390183538884e-01,2.068660981646153196e-03
8.580000000000000127e-02,2.496007000000000087e+00,1.566385200000000033e+00,9.296218000000000536e-01,9.250970936357632013e-01,9.296237260190454155e-01,-1.926019045361826443e-06,-9.677655428769966761e-01,9.276281572683938714e-01,1.993642731606182217e-03
8.590000000000000413e-02,2.498118999999999978e+00,1.566389600000000160e+00,9.317293999999998189e-01,9.272073159225442396e-01,9.317308330277059847e-01,-1.433027706165823645e-06,-9.700751657153574570e-01,9.298105537337727489e-01,1.918846266227069997e-03
8.599999999999999312e-02,2.500232000000000010e+00,1.566394000000000064e+00,9.338379999999999459e-01,9.293197804975577014e-01,9.338401790143463499e-01,-2.179014346403995717e-06,-9.723877296862823982e-01,9.319957292835762130e-01,1.842270716423732857e-03
8.609999999999999598e-02,2.502348000000000017e+00,1.566398399999999969e+00,9.359496000000000482e-01,9.314344866436812254e-01,9.359517632629027473e-01,-2.163262902699081280e-06,-9.747032357119422841e-01,9.341836847891660245e-01,1.765915210834023696e-03
8.619999999999999885e-02,2.504466999999999999e+00,1.566402800000000095e+00,9.380641999999999037e-01,9.335514336431245397e-01,9.380655850566446130e-01,-1.385056644709337093e-06,-9.770216847142023653e-01,9.363744211216152857e-01,1.689778878384617933e-03
8.630000000000000171e-02,2.506587000000000121e+00,1.566407400000000116e+00,9.401796000000000042e-01,9.356706207784242224e-01,9.401816436791677889e-01,-2.043679167784695494e-06,-9.793430776180187536e-01,9.385679391549176520e-01,1.611660845082352189e-03
8.640000000000000457e-02,2.508710000000000218e+00,1.566412200000000032e+00,9.422978000000001852e-01,9.377920473310936700e-01,9.422999384130461564e-01,-2.138413045971176984e-06,-9.816674153487525700e-01,9.407642397634493614e-01,1.533560236550823852e-03
8.649999999999999356e-02,2.510835000000000150e+00,1.566416999999999948e+00,9.444180000000002018e-01,9.399157125822625858e-01,9.444204685404709032e-01,-2.468540470701441336e-06,-9.839946988331220723e-01,9.429633238228692926e-01,1.454676177130909132e-03
8.659999999999999643e-02,2.512961999999999918e+00,1.566421399999999853e+00,9.465406000000000653e-01,9.420416158113553706e-01,9.465432333419300237e-01,-2.633341929958454841e-06,-9.863249289995934532e-01,9.451651922104874481e-01,1.375407789512617107e-03
8.669999999999999929e-02,2.515090999999999966e+00,1.566425799999999979e+00,9.486651999999999862e-01,9.441697562984714409e-01,9.486682320985857508e-01,-3.032098585764586574e-06,-9.886581067776774034e-01,9.473698458046013737e-01,1.295354195398612518e-03
8.680000000000000215e-02,2.517222999999999988e+00,1.566430199999999884e+00,9.507928000000001045e-01,9.463001333216070066e-01,9.507954640895002196e-01,-2.664089500115096598e-06,-9.909942330986396541e-01,9.495772854851665112e-01,1.215514514833593296e-03
8.690000000000000502e-02,2.519356999999999847e+00,1.566434600000000010e+00,9.529223999999998362e-01,9.484327461612380716e-01,9.529249285962116955e-01,-2.528596211859301945e-06,-9.933333088941012079e-01,9.517875121324742560e-01,1.134887867525580241e-03
8.699999999999999400e-02,2.521492999999999984e+00,1.566438999999999915e+00,9.550540000000000695e-01,9.505675940929236845e-01,9.550566248953485937e-01,-2.624895348524169947e-06,-9.956753350980989126e-01,9.540005266290986219e-01,1.053473370901447659e-03
8.709999999999999687e-02,2.523630999999999958e+00,1.566443399999999819e+00,9.571876000000001383e-01,9.527046763950153263e-01,9.571905522663277655e-01,-2.952266327627128817e-06,-9.980203126464317620e-01,9.562163298592787353e-01,9.712701407214030525e-04
8.719999999999999973e-02,2.525771999999999906e+00,1.566447799999999946e+00,9.593241999999999603e-01,9.548439923437967991e-01,9.593267099865016023e-01,-2.509986501642025303e-06,-1.000368242474543479e+00,9.584349227069178800e-01,8.892772930820802557e-04
8.730000000000000260e-02,2.527915000000000134e+00,1.566452199999999850e+00,9.614628000000002839e-01,9.569855412144789852e-01,9.614650973321507976e-01,-2.297332150513753390e-06,-1.002719125519980992e+00,9.606563060579069724e-01,8.064939420933114889e-04
8.740000000000000546e-02,2.530060000000000198e+00,1.566456599999999977e+00,9.636034000000002209e-01,9.591293222829762044e-01,9.636057135802585938e-01,-2.313580258372915921e-06,-1.005072962723069452e+00,9.628804808007617178e-01,7.229191992385031185e-04
8.749999999999999445e-02,2.532207000000000097e+00,1.566461000000000103e+00,9.657459999999999933e-01,9.612753348234690520e-01,9.657485580060772845e-01,-2.558006077291175018e-06,-1.007429755023089513e+00,9.651074478230110554e-01,6.385521769889379584e-04
8.759999999999999731e-02,2.534355999999999831e+00,1.566465400000000008e+00,9.678905999999998233e-01,9.634235781104862895e-01,9.678936298852065523e-01,-3.029885206728977209e-06,-1.009789503362462426e+00,9.673372080151515506e-01,5.533919848482726778e-04
8.770000000000000018e-02,2.536507999999999985e+00,1.566469800000000134e+00,9.700381999999998506e-01,9.655740514168016375e-01,9.700409284914935926e-01,-2.728491493741991292e-06,-1.012152208684312882e+00,9.695697622683444594e-01,4.684377316553911541e-04
8.780000000000000304e-02,2.538661999999999974e+00,1.566474400000000156e+00,9.721875999999998186e-01,9.677267540158922543e-01,9.721904530994882609e-01,-2.853099488442367715e-06,-1.014517871933165338e+00,9.718051114750734243e-01,3.824885249263942910e-04
8.790000000000000591e-02,2.540817999999999799e+00,1.566479200000000072e+00,9.743387999999997273e-01,9.698816851784428650e-01,9.743422029809519769e-01,-3.402980952249556879e-06,-1.016886494055249557e+00,9.740432565294335765e-01,2.955434705661508232e-04
8.799999999999999489e-02,2.542977000000000043e+00,1.566483999999999988e+00,9.764930000000000554e-01,9.720388441775824617e-01,9.764961774100866521e-01,-3.177410086596665906e-06,-1.019258075997200308e+00,9.762841983259029632e-01,2.088016740970921603e-04
8.809999999999999776e-02,2.545138000000000122e+00,1.566488399999999892e+00,9.786496000000002304e-01,9.741982302840028751e-01,9.786523756586609224e-01,-2.775658660691959767e-06,-1.021632618708750329e+00,9.785279377618866237e-01,1.216622381136067688e-04
8.820000000000000062e-02,2.547299999999999898e+00,1.566492800000000019e+00,9.808071999999998791e-01,9.763598427669890611e-01,9.808107969970383255e-01,-3.596997038446403394e-06,-1.024010123138602069e+00,9.807744757338161534e-01,3.272426618372570317e-05
8.830000000000000349e-02,2.549465999999999788e+00,1.566497199999999923e+00,9.829687999999998649e-01,9.785236808968775790e-01,9.829714406966328921e-01,-2.640696633027239670e-06,-1.026390590239302014e+00,9.830238131417554648e-01,-5.501314175559990360e-05
8.840000000000000635e-02,2.551632999999999818e+00,1.566501600000000050e+00,9.851313999999997684e-01,9.806897439422712637e-01,9.851343060271269270e-01,-2.906027127158594681e-06,-1.028774020963020064e+00,9.852759508854124215e-01,-1.445508854126531517e-04
8.849999999999999534e-02,2.553802999999999823e+00,1.566505999999999954e+00,9.872969999999998691e-01,9.828580311728032370e-01,9.872993922592318006e-01,-2.392259231931426200e-06,-1.031160416264746971e+00,9.875308898671606439e-01,-2.338898671607747559e-04
8.859999999999999820e-02,2.555973999999999968e+00,1.566510800000000092e+00,9.894631999999998762e-01,9.850285418556836703e-01,9.894666986612397075e-01,-3.498661239831335479e-06,-1.033549777098421885e+00,9.897886309883797695e-01,-3.254309883798933711e-04
8.870000000000000107e-02,2.558148000000000089e+00,1.566515600000000008e+00,9.916324000000000805e-01,9.872012752573908756e-01,9.916362245007116494e-01,-3.824500711568923350e-06,-1.035942104422488796e+00,9.920491751547063641e-01,-4.167751547062836792e-04
8.880000000000000393e-02,2.560325000000000184e+00,1.566520200000000029e+00,9.938048000000001547e-01,9.893762306448010690e-01,9.938079690456061988e-01,-3.169045606044029739e-06,-1.038337399194745103e+00,9.943125232711657047e-01,-5.077232711655499386e-04
8.890000000000000679e-02,2.562502999999999975e+00,1.566524600000000156e+00,9.959783999999998194e-01,9.915534072850960001e-01,9.959819315641870174e-01,-3.531564187198021898e-06,-1.040735662374672188e+00,9.965786762443746838e-01,-6.002762443748643761e-04
8.899999999999999578e-02,2.564684000000000186e+00,1.566529000000000060e+00,9.981550000000001255e-01,9.937328044419828643e-01,9.981581113212480982e-01,-3.111321247972753667e-06,-1.043136894923549107e+00,9.988476349826483913e-01,-6.926349826482658401e-04
8.909999999999999865e-02,2.566866999999999788e+00,1.566533799999999976e+00,1.000333199999999811e+00,9.959144213812933799e-01,1.000336507583705181e+00,-3.307583705369765426e-06,-1.045541097803663888e+00,1.001119400395255488e+00,-7.862003952556761988e-04
8.920000000000000151e-02,2.569052000000000113e+00,1.566538599999999892e+00,1.002513400000000221e+00,9.980982573670473812e-01,1.002517119616664676e+00,-3.719616664454861166e-06,-1.047948271978036416e+00,1.003393973392156191e+00,-8.805733921559699695e-04
8.930000000000000437e-02,2.571238999999999830e+00,1.566543199999999914e+00,1.004695799999999917e+00,1.000284311662639425e+00,1.004699946684608269e+00,-4.146684608352657619e-06,-1.050358418413836148e+00,1.005671354887231805e+00,-9.755548872318886566e-04
8.939999999999999336e-02,2.573428999999999967e+00,1.566547600000000040e+00,1.006881399999999926e+00,1.002472583531769601e+00,1.006884988052323182e+00,-3.588052323255652709e-06,-1.052771538076157753e+00,1.007951545792402870e+00,-1.070145792402943385e-03
8.949999999999999623e-02,2.575620999999999938e+00,1.566551999999999945e+00,1.009068999999999994e+00,1.004663072235352672e+00,1.009072242981815526e+00,-3.242981815532175460e-06,-1.055187631933243608e+00,1.010234547022564211e+00,-1.165547022564217272e-03
8.959999999999999909e-02,2.577815000000000190e+00,1.566556800000000083e+00,1.011258200000000107e+00,1.006855777035710275e+00,1.011261710736495623e+00,-3.510736495515587308e-06,-1.057606700954359269e+00,1.012520359493577660e+00,-1.262159493577552638e-03
8.970000000000000195e-02,2.580010999999999832e+00,1.566561599999999999e+00,1.013449399999999834e+00,1.009050697194808777e+00,1.013453390579419633e+00,-3.990579419799189509e-06,-1.060028746110191378e+00,1.014808984122647972e+00,-1.359584122648138660e-03
8.980000000000000482e-02,2.582209999999999894e+00,1.566566200000000020e+00,1.015643799999999874e+00,1.011247831972518441e+00,1.015647281771550059e+00,-3.481771550184475927e-06,-1.062453768373501362e+00,1.017100421828939671e+00,-1.456621828939796970e-03
8.989999999999999380e-02,2.584410000000000096e+00,1.566570600000000146e+00,1.017839399999999950e+00,1.013447180629071909e+00,1.017843383574212224e+00,-3.983574212274021420e-06,-1.064881768717050647e+00,1.019394673531618167e+00,-1.555273531618217575e-03
8.999999999999999667e-02,2.586612999999999829e+00,1.566575000000000051e+00,1.020037999999999778e+00,1.015648742422946782e+00,1.020041695246977964e+00,-3.695246978185906528e-06,-1.067312748115696763e+00,1.021691740151829064e+00,-1.653740151829286020e-03
9.009999999999999953e-02,2.588817999999999842e+00,1.566579799999999967e+00,1.022238199999999875e+00,1.017852516613658054e+00,1.022242216050455621e+00,-4.016050455746267289e-06,-1.069746707546407549e+00,1.023991622612711927e+00,-1.753422612712052242e-03
9.020000000000000240e-02,2.591025999999999829e+00,1.566584599999999883e+00,1.024441399999999947e+00,1.020058502458638827e+00,1.024444945243174754e+00,-3.545243174807310993e-06,-1.072183647986122423e+00,1.026294321837379453e+00,-1.852921837379506442e-03
9.030000000000000526e-02,2.593234999999999957e+00,1.566589400000000021e+00,1.026645599999999936e+00,1.022266699216032748e+00,1.026649882084373688e+00,-4.282084373752326201e-06,-1.074623570414587448e+00,1.028599838751596440e+00,-1.954238751596504287e-03
9.039999999999999425e-02,2.595447000000000060e+00,1.566594199999999937e+00,1.028852800000000123e+00,1.024477106143265814e+00,1.028857025832575101e+00,-4.225832574977772538e-06,-1.077066475811882640e+00,1.030908174281443435e+00,-2.055374281443311801e-03
9.049999999999999711e-02,2.597660999999999998e+00,1.566599000000000075e+00,1.031061999999999923e+00,1.026689722495326862e+00,1.031066375743867392e+00,-4.375743867468528947e-06,-1.079512365159857268e+00,1.033219329354672533e+00,-2.157329354672610222e-03
9.059999999999999998e-02,2.599877000000000216e+00,1.566603399999999979e+00,1.033273600000000236e+00,1.028904547529307933e+00,1.033277931076439726e+00,-4.331076439489933705e-06,-1.081961239441739053e+00,1.035533304900338347e+00,-2.259704900338110889e-03
9.070000000000000284e-02,2.602094999999999825e+00,1.566607800000000106e+00,1.035487199999999719e+00,1.031121580499139156e+00,1.035491691085323129e+00,-4.491085323410359820e-06,-1.084413099642496547e+00,1.037850101849140394e+00,-2.362901849140675026e-03
9.080000000000000571e-02,2.604315999999999853e+00,1.566612400000000127e+00,1.037703599999999726e+00,1.033340820659475412e+00,1.037707655026273157e+00,-4.055026273430684114e-06,-1.086867946748157010e+00,1.040169721132778724e+00,-2.466121132778997804e-03
9.089999999999999469e-02,2.606539000000000161e+00,1.566617200000000043e+00,1.039921800000000118e+00,1.035562267265653702e+00,1.039925822155726154e+00,-4.022155726035592238e-06,-1.089325781745436927e+00,1.042492163683604200e+00,-2.570363683604082183e-03
9.099999999999999756e-02,2.608763999999999861e+00,1.566621999999999959e+00,1.042141999999999902e+00,1.037785919569174098e+00,1.042146191726287086e+00,-4.191726287183783484e-06,-1.091786605624179174e+00,1.044817430436922434e+00,-2.675430436922532351e-03
9.110000000000000042e-02,2.610990999999999840e+00,1.566626800000000097e+00,1.044364199999999743e+00,1.040011776823632772e+00,1.044368762992654132e+00,-4.562992654388864366e-06,-1.094250419374262151e+00,1.047145522328072120e+00,-2.781322328072377559e-03
9.120000000000000329e-02,2.613220999999999794e+00,1.566631600000000013e+00,1.046589399999999781e+00,1.042239838280892172e+00,1.046593535207793968e+00,-4.135207794186968044e-06,-1.096717223987276668e+00,1.049476440294010438e+00,-2.887040294010656538e-03
9.130000000000000615e-02,2.615451999999999888e+00,1.566636400000000151e+00,1.048815599999999737e+00,1.044470103192793431e+00,1.048820507624652620e+00,-4.907624652883413319e-06,-1.099187020456220409e+00,1.051810185273023501e+00,-2.994585273023764316e-03
9.139999999999999514e-02,2.617685999999999957e+00,1.566641200000000067e+00,1.051044799999999890e+00,1.046702570810495558e+00,1.051049679495494216e+00,-4.879495494325425398e-06,-1.101659809775824783e+00,1.054146758205035894e+00,-3.101958205036003946e-03
9.149999999999999800e-02,2.619921999999999862e+00,1.566645999999999983e+00,1.053275999999999879e+00,1.048937240383757796e+00,1.053281050071185554e+00,-5.050071185674909202e-06,-1.104135592941901223e+00,1.056486160030992716e+00,-3.210160030992836866e-03
9.160000000000000087e-02,2.622160000000000046e+00,1.566650399999999888e+00,1.055509600000000159e+00,1.051174111162339386e+00,1.055514618602593879e+00,-5.018602593720444816e-06,-1.106614370951255921e+00,1.058828391692778537e+00,-3.318791692778377822e-03
9.170000000000000373e-02,2.624401000000000206e+00,1.566654800000000014e+00,1.057746200000000192e+00,1.053413182396340630e+00,1.057750384340926164e+00,-4.184340925972307446e-06,-1.109096144803515926e+00,1.061173454134944238e+00,-3.427254134944046626e-03
9.180000000000000659e-02,2.626643000000000061e+00,1.566659400000000035e+00,1.059983600000000026e+00,1.055654453333097820e+00,1.059988346534629811e+00,-4.746534629784804338e-06,-1.111580915497619060e+00,1.063521348301388780e+00,-3.537748301388754513e-03
9.189999999999999558e-02,2.628887999999999892e+00,1.566664199999999951e+00,1.062223799999999940e+00,1.057897923220956216e+00,1.062228504433160081e+00,-4.704433160140908399e-06,-1.114068684036318757e+00,1.065872075139616904e+00,-3.648275139616963259e-03
9.199999999999999845e-02,2.631135000000000002e+00,1.566669000000000089e+00,1.064465999999999912e+00,1.060143591308296607e+00,1.064470857286007099e+00,-4.857286007187155974e-06,-1.116559451422034499e+00,1.068225635596817158e+00,-3.759635596817245684e-03
9.210000000000000131e-02,2.633385000000000087e+00,1.566673800000000005e+00,1.066711200000000082e+00,1.062391456841027093e+00,1.066715404340192297e+00,-4.204340192215383354e-06,-1.119053218658571325e+00,1.070582030621488157e+00,-3.870830621488074996e-03
9.220000000000000417e-02,2.635635999999999868e+00,1.566678599999999921e+00,1.068957399999999947e+00,1.064641519064736030e+00,1.068962144842417805e+00,-4.744842417858663453e-06,-1.121549986752867767e+00,1.072941261165088589e+00,-3.983861165088642409e-03
9.229999999999999316e-02,2.637890000000000068e+00,1.566683400000000059e+00,1.071206600000000009e+00,1.066893777226027851e+00,1.071211078040400055e+00,-4.478040400046623404e-06,-1.124049756710846282e+00,1.075303328178117690e+00,-4.096728178117681196e-03
9.239999999999999603e-02,2.640146000000000104e+00,1.566688199999999975e+00,1.073457800000000129e+00,1.069148230570490909e+00,1.073462203180841401e+00,-4.403180841272558155e-06,-1.126552529541875458e+00,1.077668232614330757e+00,-4.210432614330628098e-03
9.249999999999999889e-02,2.642403999999999975e+00,1.566692999999999891e+00,1.075711000000000084e+00,1.071404878341255085e+00,1.075715519507989049e+00,-4.519507988964832634e-06,-1.129058306256048638e+00,1.080035975428167427e+00,-4.324975428167343594e-03
9.260000000000000175e-02,2.644664000000000126e+00,1.566697800000000029e+00,1.077966200000000097e+00,1.073663719782139481e+00,1.077971026266778320e+00,-4.826266778223953224e-06,-1.131567087864155496e+00,1.082406557574726147e+00,-4.440357574726050416e-03
9.270000000000000462e-02,2.646926000000000112e+00,1.566702599999999945e+00,1.080223400000000167e+00,1.075924754138036121e+00,1.080228722703215904e+00,-5.322703215737689675e-06,-1.134078875379763929e+00,1.084779980011729705e+00,-4.556580011729538526e-03
9.279999999999999361e-02,2.649191000000000074e+00,1.566707400000000083e+00,1.082483599999999990e+00,1.078187980650319844e+00,1.082488608059796853e+00,-5.008059796862696089e-06,-1.136593669816804208e+00,1.087156243697243729e+00,-4.672643697243739069e-03
9.289999999999999647e-02,2.651457999999999871e+00,1.566712199999999999e+00,1.084745799999999871e+00,1.080453398561083134e+00,1.084750681579732312e+00,-4.881579732440854968e-06,-1.139111472190940333e+00,1.089535349590972313e+00,-4.789549590972441706e-03
9.299999999999999933e-02,2.653726999999999947e+00,1.566716999999999915e+00,1.087010000000000032e+00,1.082721007112063205e+00,1.087014942505879045e+00,-4.942505879013125991e-06,-1.141632283519577129e+00,1.091917298654263790e+00,-4.907298654263758664e-03
9.310000000000000220e-02,2.655997999999999859e+00,1.566721800000000053e+00,1.089276199999999806e+00,1.084990805545345438e+00,1.089281390081441314e+00,-5.190081441508453963e-06,-1.144156104820837072e+00,1.094302091849145064e+00,-5.025891849145258661e-03
9.320000000000000506e-02,2.658271000000000051e+00,1.566726599999999969e+00,1.091544400000000081e+00,1.087262793098830116e+00,1.091550023545444281e+00,-5.623545444199962162e-06,-1.146682937115251377e+00,1.096689730139918995e+00,-5.145330139918913304e-03
9.329999999999999405e-02,2.660547000000000217e+00,1.566731400000000107e+00,1.093815600000000110e+00,1.089536969014957890e+00,1.093820842141447258e+00,-5.242141447148185307e-06,-1.149212781423393892e+00,1.099080214490928631e+00,-5.264614490928520851e-03
9.339999999999999691e-02,2.662825000000000220e+00,1.566736200000000023e+00,1.096088800000000196e+00,1.091813332531266667e+00,1.096093845108113696e+00,-5.045108113499452429e-06,-1.151745638768929325e+00,1.101473545869437576e+00,-5.384745869437379540e-03
9.349999999999999978e-02,2.665105000000000057e+00,1.566740999999999939e+00,1.098364000000000118e+00,1.094091882887077816e+00,1.098369031685887842e+00,-5.031685887724179906e-06,-1.154281510175920289e+00,1.103869725243085576e+00,-5.505725243085457521e-03
9.360000000000000264e-02,2.667387000000000175e+00,1.566745800000000077e+00,1.100641200000000097e+00,1.096372619319559760e+00,1.100646401113064110e+00,-5.201113064012830023e-06,-1.156820396670127593e+00,1.106268753581116870e+00,-5.627553581116773174e-03
9.370000000000000551e-02,2.669671000000000127e+00,1.566750599999999993e+00,1.102920400000000134e+00,1.098655541067344643e+00,1.102925952629399076e+00,-5.552629398941633099e-06,-1.159362299278043906e+00,1.108670631853467148e+00,-5.750231853467013821e-03
9.379999999999999449e-02,2.671958000000000055e+00,1.566755400000000131e+00,1.105202599999999924e+00,1.100940647366215330e+00,1.105207685471803369e+00,-5.085471803445429373e-06,-1.161907219029281180e+00,1.111075361033019737e+00,-5.872761033019813226e-03
9.389999999999999736e-02,2.674246999999999819e+00,1.566760200000000047e+00,1.107486799999999771e+00,1.103227937453389984e+00,1.107491598878621586e+00,-4.798878621814495204e-06,-1.164455156953117410e+00,1.113482942092342443e+00,-5.996142092342671148e-03
9.400000000000000022e-02,2.676537999999999862e+00,1.566764999999999963e+00,1.109772999999999898e+00,1.105517410564672787e+00,1.109777692086785894e+00,-4.692086785995641662e-06,-1.167006114081601709e+00,1.115893376006621196e+00,-6.120376006621297549e-03
9.410000000000000309e-02,2.678831000000000184e+00,1.566769800000000101e+00,1.112061200000000083e+00,1.107809065934127091e+00,1.112065964331490520e+00,-4.764331490436646277e-06,-1.169560091446811612e+00,1.118306663751068797e+00,-6.245463751068713876e-03
9.420000000000000595e-02,2.681125999999999898e+00,1.566774600000000017e+00,1.114351399999999881e+00,1.110102902797549973e+00,1.114356414849660304e+00,-5.014849660422981970e-06,-1.172117090083581559e+00,1.120722806303503738e+00,-6.371406303503857060e-03
9.429999999999999494e-02,2.683422999999999892e+00,1.566779600000000050e+00,1.116643399999999842e+00,1.112398920388329771e+00,1.116649042875816011e+00,-5.642875816169734549e-06,-1.174677111027811804e+00,1.123141804642750596e+00,-6.498404642750754689e-03
9.439999999999999780e-02,2.685722999999999860e+00,1.566784799999999978e+00,1.118938199999999883e+00,1.114697117939812188e+00,1.118943847644434442e+00,-5.647644434558785065e-06,-1.177240155316098935e+00,1.125563659748292533e+00,-6.625459748292650275e-03
9.450000000000000067e-02,2.688025000000000109e+00,1.566789999999999905e+00,1.121235000000000204e+00,1.116997494685037395e+00,1.121240828389688637e+00,-5.828389688433688320e-06,-1.179806223987824865e+00,1.127988372602244382e+00,-6.753372602244178680e-03
9.460000000000000353e-02,2.690329000000000192e+00,1.566794800000000043e+00,1.123534200000000149e+00,1.119300049856299495e+00,1.123539984345005571e+00,-5.784345005421798191e-06,-1.182375318082726778e+00,1.130415944187056931e+00,-6.881744187056781925e-03
9.470000000000000639e-02,2.692635000000000112e+00,1.566799599999999959e+00,1.125835400000000153e+00,1.121604782684897827e+00,1.125841314742819677e+00,-5.914742819523866046e-06,-1.184947438642282691e+00,1.132846375486825652e+00,-7.010975486825499203e-03
9.479999999999999538e-02,2.694944000000000006e+00,1.566804400000000097e+00,1.128139599999999909e+00,1.123911692402778328e+00,1.128144818816210426e+00,-5.218816210517118748e-06,-1.187522586709363281e+00,1.135279667486961852e+00,-7.140067486961942933e-03
9.489999999999999825e-02,2.697254000000000040e+00,1.566809200000000013e+00,1.130444800000000027e+00,1.126220778239840570e+00,1.130450495796214705e+00,-5.695796214677528724e-06,-1.190100763328928224e+00,1.137715821174850817e+00,-7.271021174850789137e-03
9.500000000000000111e-02,2.699567000000000050e+00,1.566813999999999929e+00,1.132753000000000121e+00,1.128532039426303868e+00,1.132758344914188031e+00,-5.344914187910276837e-06,-1.192681969546313780e+00,1.140154837538233767e+00,-7.401837538233646541e-03
9.510000000000000397e-02,2.701881999999999895e+00,1.566818800000000067e+00,1.135063199999999828e+00,1.130845475191691207e+00,1.135068365400790924e+00,-5.165400791096175226e-06,-1.195266206408902576e+00,1.142596717566785713e+00,-7.533517566785885577e-03
9.520000000000000684e-02,2.704199000000000019e+00,1.566823599999999983e+00,1.137375400000000036e+00,1.133161084764850557e+00,1.137380556486009775e+00,-5.156486009738614484e-06,-1.197853474966194653e+00,1.145041462252181841e+00,-7.666062252181804482e-03
9.529999999999999583e-02,2.706517999999999979e+00,1.566828600000000016e+00,1.139689399999999964e+00,1.135478867373556966e+00,1.139694917398759388e+00,-5.517398759424807508e-06,-1.200443776267007934e+00,1.147489072585453407e+00,-7.799672585453443219e-03
9.539999999999999869e-02,2.708839999999999915e+00,1.566833800000000165e+00,1.142006199999999749e+00,1.137798822246644193e+00,1.142011447369012389e+00,-5.247369012639779839e-06,-1.203037111364679390e+00,1.149939549561901364e+00,-7.933349561901614777e-03
9.550000000000000155e-02,2.711162999999999990e+00,1.566839000000000093e+00,1.144323999999999897e+00,1.140120948610494622e+00,1.144330145624292916e+00,-6.145624293019125162e-06,-1.205633481311124910e+00,1.152392894175484184e+00,-8.068894175484286890e-03
9.560000000000000442e-02,2.713489000000000040e+00,1.566843800000000009e+00,1.146645200000000031e+00,1.142445245692215394e+00,1.146651011392849417e+00,-5.811392849386365356e-06,-1.208232887161805991e+00,1.154849107423510102e+00,-8.203907423510070629e-03
9.569999999999999341e-02,2.715816999999999926e+00,1.566848599999999925e+00,1.148968400000000001e+00,1.144771712716440959e+00,1.148974043900460762e+00,-5.643900460761130944e-06,-1.210835329972127283e+00,1.157308190303234063e+00,-8.339790303234062563e-03
9.579999999999999627e-02,2.718147000000000091e+00,1.566853599999999958e+00,1.151293400000000133e+00,1.147100348910612411e+00,1.151299242375708465e+00,-5.842375708331459805e-06,-1.213440810799617964e+00,1.159770143813918297e+00,-8.476743813918163895e-03
9.589999999999999913e-02,2.720479000000000092e+00,1.566858800000000107e+00,1.153620199999999985e+00,1.149431153497978642e+00,1.153626606042988501e+00,-6.406042988515991965e-06,-1.216049330703896203e+00,1.162234968956799230e+00,-8.614768956799245814e-03
9.600000000000000200e-02,2.722814000000000068e+00,1.566864000000000035e+00,1.155950000000000033e+00,1.151764125704239916e+00,1.155956134129143997e+00,-6.134129143964273112e-06,-1.218660890744921232e+00,1.164702666733435032e+00,-8.752666733434999458e-03
9.610000000000000486e-02,2.725150999999999879e+00,1.566868799999999951e+00,1.158282199999999929e+00,1.154099264752282750e+00,1.158287825858208775e+00,-5.625858208846423736e-06,-1.221275491984400219e+00,1.167173238147035885e+00,-8.891038147035956740e-03
9.619999999999999385e-02,2.727488999999999830e+00,1.566873599999999866e+00,1.160615399999999964e+00,1.156436569865029185e+00,1.160621680454251736e+00,-6.280454251772482621e-06,-1.223893135486136430e+00,1.169646684202792608e+00,-9.031284202792644322e-03
9.629999999999999671e-02,2.729830000000000201e+00,1.566878400000000005e+00,1.162951600000000196e+00,1.158776040265721008e+00,1.162957697141661972e+00,-6.097141661776106503e-06,-1.226513822314977631e+00,1.172123005906882787e+00,-9.171405906882590386e-03
9.639999999999999958e-02,2.732172999999999963e+00,1.566883199999999920e+00,1.165289800000000042e+00,1.161117675176910780e+00,1.165295875144139348e+00,-6.075144139305876934e-06,-1.229137553536808980e+00,1.174602204266464112e+00,-9.312404266464069380e-03
9.650000000000000244e-02,2.734519000000000144e+00,1.566888000000000059e+00,1.167631000000000085e+00,1.163461473818721004e+00,1.167636213682957669e+00,-5.213682957583287703e-06,-1.231764330219625947e+00,1.177084280290688678e+00,-9.453280290688592657e-03
9.660000000000000531e-02,2.736866000000000021e+00,1.566893199999999986e+00,1.169972800000000035e+00,1.165807435414038196e+00,1.169978711982150976e+00,-5.911982150941241798e-06,-1.234394153432795349e+00,1.179569234990004212e+00,-9.596434990004176768e-03
9.669999999999999429e-02,2.739215999999999873e+00,1.566898400000000136e+00,1.172317599999999738e+00,1.168155559181592196e+00,1.172323369261602410e+00,-5.769261602672770550e-06,-1.237027024247105089e+00,1.182057069376201142e+00,-9.739469376201403961e-03
9.679999999999999716e-02,2.741568000000000005e+00,1.566903600000000063e+00,1.174664399999999942e+00,1.170505844342542900e+00,1.174670184743621393e+00,-5.784743621450871842e-06,-1.239662943734373357e+00,1.184547784462043563e+00,-9.883384462043620644e-03
9.690000000000000002e-02,2.743921999999999972e+00,1.566908799999999991e+00,1.177013199999999982e+00,1.172858290114554336e+00,1.177019157647027248e+00,-5.957647027265977613e-06,-1.242301912968514443e+00,1.187041381262275985e+00,-1.002818126227600359e-02
9.700000000000000289e-02,2.746278000000000219e+00,1.566913999999999918e+00,1.179364000000000301e+00,1.175212895717741901e+00,1.179370287193086453e+00,-6.287193086151887655e-06,-1.244943933024480032e+00,1.189537860792623469e+00,-1.017386079262316834e-02
9.710000000000000575e-02,2.748635999999999857e+00,1.566918800000000056e+00,1.181717199999999801e+00,1.177569660369776727e+00,1.181723572600625216e+00,-6.372600625415003606e-06,-1.247589004978991056e+00,1.192037224070482404e+00,-1.032002407048260295e-02
9.719999999999999474e-02,2.750996999999999915e+00,1.566923599999999972e+00,1.184073399999999943e+00,1.179928583288685218e+00,1.184079013088824128e+00,-5.613088824185652470e-06,-1.250237129910139799e+00,1.194539472114545475e+00,-1.046607211454553266e-02
9.729999999999999760e-02,2.753359000000000112e+00,1.566928600000000005e+00,1.186430400000000107e+00,1.182289663690731629e+00,1.186436607875104965e+00,-6.207875104857762949e-06,-1.252888308897425418e+00,1.197044605944834306e+00,-1.061420594483419855e-02
9.740000000000000047e-02,2.755723999999999840e+00,1.566933800000000154e+00,1.188790199999999686e+00,1.184652900793942365e+00,1.188796356178647873e+00,-6.156178648186738656e-06,-1.255542543021732627e+00,1.199552626582679915e+00,-1.076242658268022900e-02
9.750000000000000333e-02,2.758090999999999848e+00,1.566939000000000082e+00,1.191151999999999767e+00,1.187018293812492686e+00,1.191158257214788962e+00,-6.257214789195941762e-06,-1.258199833366042242e+00,1.202063535051393961e+00,-1.091153505139419444e-02
9.760000000000000620e-02,2.760460000000000136e+00,1.566943799999999998e+00,1.193516200000000138e+00,1.189385841962675272e+00,1.193522310200977099e+00,-6.110200976960911134e-06,-1.260860181013697456e+00,1.204577332374630272e+00,-1.106113237463013377e-02
9.769999999999999518e-02,2.762830999999999815e+00,1.566948599999999914e+00,1.195882399999999901e+00,1.191755544459354610e+00,1.195888514353236509e+00,-6.114353236608138786e-06,-1.263523587050471519e+00,1.207094019578339505e+00,-1.121161957833960443e-02
9.779999999999999805e-02,2.765204999999999913e+00,1.566953599999999946e+00,1.198251399999999967e+00,1.194127400516727278e+00,1.198256868886923510e+00,-5.468886923543081480e-06,-1.266190052563864299e+00,1.209613597690102793e+00,-1.136219769010282654e-02
9.790000000000000091e-02,2.767580000000000151e+00,1.566958800000000096e+00,1.200621200000000055e+00,1.196501409348968537e+00,1.200627373017373323e+00,-6.173017373267697394e-06,-1.268859578641404084e+00,1.212136067737529022e+00,-1.151486773752896653e-02
9.800000000000000377e-02,2.769957999999999920e+00,1.566964000000000024e+00,1.202993999999999897e+00,1.198877570168171758e+00,1.203000025957842833e+00,-6.025957842936691122e-06,-1.271532166373752659e+00,1.214661430751187599e+00,-1.166743075118770179e-02
9.810000000000000664e-02,2.772337999999999969e+00,1.566969199999999951e+00,1.205368800000000018e+00,1.201255882188512203e+00,1.205374826923667264e+00,-6.026923667246109062e-06,-1.274207816852268138e+00,1.217189687762305628e+00,-1.182088776230560967e-02
9.819999999999999563e-02,2.774719999999999853e+00,1.566974400000000101e+00,1.207745599999999753e+00,1.203636344620690579e+00,1.207751775126712612e+00,-6.175126712859579925e-06,-1.276886531168983652e+00,1.219720839802748591e+00,-1.197523980274883826e-02
9.829999999999999849e-02,2.777104000000000017e+00,1.566979600000000028e+00,1.210124399999999989e+00,1.206018956677503695e+00,1.210130869780937868e+00,-6.469780937878866212e-06,-1.279568310419797683e+00,1.222254887908033716e+00,-1.213048790803372690e-02
9.840000000000000135e-02,2.779490000000000016e+00,1.566984800000000178e+00,1.212505199999999839e+00,1.208403717569630942e+00,1.212512110098187268e+00,-6.910098187429269956e-06,-1.282253155699201841e+00,1.224791833112349293e+00,-1.228663311234945432e-02
9.850000000000000422e-02,2.781878999999999991e+00,1.566990000000000105e+00,1.214888999999999886e+00,1.210790626506735634e+00,1.214895495289291416e+00,-6.495289291530426112e-06,-1.284941068105531770e+00,1.227331676453516041e+00,-1.244267645351615492e-02
9.859999999999999321e-02,2.784269999999999801e+00,1.566994800000000021e+00,1.217275199999999780e+00,1.213179682699504269e+00,1.217281024566101655e+00,-5.824566101875205959e-06,-1.287632048737108903e+00,1.229874418969340688e+00,-1.259921896934090846e-02
9.869999999999999607e-02,2.786662000000000194e+00,1.566999599999999937e+00,1.219662400000000257e+00,1.215570885356896724e+00,1.219668697138746039e+00,-6.297138745781083458e-06,-1.290326098694713153e+00,1.232420061699953218e+00,-1.275766169995296018e-02
9.879999999999999893e-02,2.789057000000000119e+00,1.567004599999999970e+00,1.222052400000000150e+00,1.217964233688896059e+00,1.222058512218373583e+00,-6.112218373433009333e-06,-1.293023219079806552e+00,1.234968605686128207e+00,-1.291620568612805720e-02
9.890000000000000180e-02,2.791453999999999880e+00,1.567009800000000119e+00,1.224444199999999761e+00,1.220359726902380260e+00,1.224450469013033338e+00,-6.269013033577408578e-06,-1.295723410996302505e+00,1.237520051970956825e+00,-1.307585197095706420e-02
9.900000000000000466e-02,2.793854000000000060e+00,1.567015000000000047e+00,1.226839000000000013e+00,1.222757364205236286e+00,1.226844566731781550e+00,-5.566731781536660151e-06,-1.298426675548803644e+00,1.240074401598181053e+00,-1.323540159818104023e-02
9.909999999999999365e-02,2.796254999999999935e+00,1.567020199999999974e+00,1.229234799999999961e+00,1.225157144805379517e+00,1.229240804583703106e+00,-6.004583703145272011e-06,-1.301133013843667641e+00,1.242631655613201325e+00,-1.339685561320136387e-02
9.919999999999999651e-02,2.798658999999999786e+00,1.567025400000000124e+00,1.231633599999999662e+00,1.227559067909666624e+00,1.231639181776825298e+00,-5.581776825636097783e-06,-1.303842426988637726e+00,1.245191815062727247e+00,-1.355821506272758548e-02
9.929999999999999938e-02,2.801064000000000220e+00,1.567030600000000051e+00,1.234033400000000169e+00,1.229963132723213448e+00,1.234039697517437695e+00,-6.297517437525712580e-06,-1.306554916093553231e+00,1.247754880995449067e+00,-1.372148099544889810e-02
9.940000000000000224e-02,2.803472000000000186e+00,1.567035799999999979e+00,1.236436200000000207e+00,1.232369338452521390e+00,1.236442351013213203e+00,-6.151013212996048196e-06,-1.309270482268971136e+00,1.250320854460735598e+00,-1.388465446073539056e-02
9.950000000000000511e-02,2.805881999999999987e+00,1.567040999999999906e+00,1.238841000000000081e+00,1.234777684302024170e+00,1.238847141469759494e+00,-6.141469759413098473e-06,-1.311989126627139512e+00,1.252889736509552598e+00,-1.404873650955251740e-02
9.959999999999999409e-02,2.808294000000000068e+00,1.567046199999999834e+00,1.241247800000000234e+00,1.237188169476468147e+00,1.241254068092997542e+00,-6.268092997308016834e-06,-1.314710850282104104e+00,1.255461528194565579e+00,-1.421372819456534486e-02
9.969999999999999696e-02,2.810707999999999984e+00,1.567051399999999983e+00,1.243656600000000001e+00,1.239600793179242544e+00,1.243663130087492297e+00,-6.530087492295777452e-06,-1.317435654349282004e+00,1.258036230569735014e+00,-1.437963056973501352e-02
9.979999999999999982e-02,2.813124999999999876e+00,1.567056599999999911e+00,1.246068399999999965e+00,1.242015554615448991e+00,1.246074326659518894e+00,-5.926659518928900638e-06,-1.320163539946186404e+00,1.260613844691002239e+00,-1.454544469100227388e-02
9.990000000000000269e-02,2.815542999999999907e+00,1.567061800000000060e+00,1.248481199999999847e+00,1.244432452987076942e+00,1.248487657012244956e+00,-6.457012245109083892e-06,-1.322894508190671559e+00,1.263194371614630995e+00,-1.471317161463114864e-02
1.000000000000000056e-01,2.817963999999999913e+00,1.567066999999999988e+00,1.250896999999999926e+00,1.246851487495383992e+00,1.250903120348107356e+00,-6.120348107430118034e-06,-1.325628560202346762e+00,1.265777812398543034e+00,-1.488081239854310844e-02
1.000999999999999945e-01,2.820387000000000199e+00,1.567072199999999915e+00,1.253314800000000284e+00,1.249272657343759363e+00,1.253320715871671043e+00,-5.915871670758576784e-06,-1.328365697103627951e+00,1.268364168103312650e+00,-1.504936810331236607e-02
1.001999999999999974e-01,2.822811999999999877e+00,1.567077400000000065e+00,1.255734599999999812e+00,1.251695961732771423e+00,1.255740442784684774e+00,-5.842784684961799258e-06,-1.331105920016526056e+00,1.270953439789130668e+00,-1.521883978913085578e-02
1.003000000000000003e-01,2.825238999999999834e+00,1.567082599999999992e+00,1.258156399999999842e+00,1.254121399863706188e+00,1.258162300289613622e+00,-5.900289613780529407e-06,-1.333849230066256553e+00,1.273545628519216821e+00,-1.538922851921697976e-02
1.004000000000000031e-01,2.827668000000000070e+00,1.567087800000000142e+00,1.260580199999999929e+00,1.256548970935753573e+00,1.260586287586829890e+00,-6.087586829961466606e-06,-1.336595628378340450e+00,1.276140735357078837e+00,-1.556053535707890845e-02
1.005000000000000060e-01,2.830099000000000142e+00,1.567093000000000069e+00,1.263006000000000073e+00,1.258978674150178279e+00,1.263012403878777112e+00,-6.403878777039295755e-06,-1.339345116080764342e+00,1.278738761368554577e+00,-1.573276136855450424e-02
1.005999999999999950e-01,2.832533000000000190e+00,1.567098199999999997e+00,1.265434800000000193e+00,1.261410508704081224e+00,1.265440648363741927e+00,-5.848363741733919596e-06,-1.342097694302893274e+00,1.281339707620783974e+00,-1.590490762078378140e-02
1.006999999999999978e-01,2.834967999999999932e+00,1.567103400000000146e+00,1.267864599999999786e+00,1.263844473798037882e+00,1.267871020243479530e+00,-6.420243479743348303e-06,-1.344853364174113608e+00,1.283943575180927610e+00,-1.607897518092782363e-02
1.008000000000000007e-01,2.837406000000000095e+00,1.567108600000000074e+00,1.270297400000000021e+00,1.266280568629142067e+00,1.270303518716269453e+00,-6.118716269432056265e-06,-1.347612126827243628e+00,1.286550365119388584e+00,-1.625296511938856270e-02
1.009000000000000036e-01,2.839846000000000092e+00,1.567113800000000001e+00,1.272732200000000091e+00,1.268718792395191031e+00,1.272738142981092890e+00,-5.942981092799115572e-06,-1.350373983396593758e+00,1.289160078507979978e+00,-1.642787850797988725e-02
1.010000000000000064e-01,2.842287999999999926e+00,1.567118999999999929e+00,1.275168999999999997e+00,1.271159144293264376e+00,1.275174892236214941e+00,-5.892236214943835648e-06,-1.353138935015664401e+00,1.291772716417749711e+00,-1.660371641774971430e-02
1.010999999999999954e-01,2.844732000000000038e+00,1.567124199999999856e+00,1.277607800000000182e+00,1.273601623519773796e+00,1.277613765679233904e+00,-5.965679233721488117e-06,-1.355906982822602913e+00,1.294388279924135965e+00,-1.678047992413578271e-02
1.011999999999999983e-01,2.847177999999999987e+00,1.567129400000000006e+00,1.280048599999999981e+00,1.276046229270413335e+00,1.280054762507030652e+00,-6.162507030671449115e-06,-1.358678127955457171e+00,1.297006770102483886e+00,-1.695817010248390488e-02
1.013000000000000012e-01,2.849626999999999910e+00,1.567134800000000050e+00,1.282492199999999860e+00,1.278492960741559159e+00,1.282497881917168181e+00,-5.681917168320893552e-06,-1.361452371553397711e+00,1.299628188029198661e+00,-1.713598802919880093e-02
1.014000000000000040e-01,2.852076999999999973e+00,1.567140399999999989e+00,1.284936599999999984e+00,1.280941817127541071e+00,1.284943123105165341e+00,-6.523105165356923862e-06,-1.364229714757982492e+00,1.302252534782941451e+00,-1.731593478294146671e-02
1.015000000000000069e-01,2.854530000000000012e+00,1.567145999999999928e+00,1.287384000000000084e+00,1.283392797621942805e+00,1.287390485265796691e+00,-6.485265796607464495e-06,-1.367010158711835288e+00,1.304879811443381055e+00,-1.749581144338097083e-02
1.015999999999999959e-01,2.856984999999999886e+00,1.567151199999999855e+00,1.289833800000000030e+00,1.285845901420472615e+00,1.289839967595957759e+00,-6.167595957728977396e-06,-1.369793704560024139e+00,1.307510019092495313e+00,-1.767621909249528223e-02
1.016999999999999987e-01,2.859442000000000039e+00,1.567156400000000005e+00,1.292285600000000034e+00,1.288301127715342886e+00,1.292291569289053310e+00,-5.969289053275872448e-06,-1.372580353447645507e+00,1.310143158812288933e+00,-1.785755881228889841e-02
1.018000000000000016e-01,2.861901000000000028e+00,1.567161599999999932e+00,1.294739400000000096e+00,1.290758475699433916e+00,1.294745289539155131e+00,-5.889539155035095064e-06,-1.375370106522524338e+00,1.312779231687345005e+00,-1.803983168734490938e-02
1.019000000000000045e-01,2.864361999999999853e+00,1.567166800000000082e+00,1.297195199999999771e+00,1.293217944565697053e+00,1.297201127540406285e+00,-5.927540406513998050e-06,-1.378162964933565604e+00,1.315418238803267137e+00,-1.822303880326736625e-02
1.019999999999999934e-01,2.866824999999999957e+00,1.567172000000000009e+00,1.299652999999999947e+00,1.295679533504213055e+00,1.299659082484083017e+00,-6.082484083069772396e-06,-1.380958929831095361e+00,1.318060181247001861e+00,-1.840718124700191360e-02
1.020999999999999963e-01,2.869291000000000036e+00,1.567177199999999937e+00,1.302113800000000099e+00,1.298143241709297513e+00,1.302119153565690413e+00,-5.353565690313644154e-06,-1.383758002367130757e+00,1.320705060107092876e+00,-1.859126010709277743e-02
1.021999999999999992e-01,2.871757999999999811e+00,1.567182400000000086e+00,1.304575599999999724e+00,1.300609068368288490e+00,1.304581339973766241e+00,-5.739973766516470732e-06,-1.386560183695820569e+00,1.323352876474099160e+00,-1.877727647409943579e-02
1.023000000000000020e-01,2.874228000000000005e+00,1.567187800000000131e+00,1.307040199999999874e+00,1.303077012674066282e+00,1.307045640902382289e+00,-5.440902382414236627e-06,-1.389365474971640424e+00,1.326003631438887664e+00,-1.896343143888779004e-02
