{
  "wavelength_um": 0.633,
  "waist_radius_mm": 5.0,
  "waist_position_mm": -50.0,
  "curvature_radius_mm": 307894838.7604027,
  "spot_size_mm": 5.000000405982822
}