{
  "wavelength_um": 0.633,
  "waist_radius_mm": 5.0,
  "waist_position_mm": -40.0,
  "curvature_radius_mm": 384868525.9505033,
  "spot_size_mm": 5.00000025982901
}