{
  "wavelength_um": 0.633,
  "waist_radius_mm": 5.0,
  "waist_position_mm": -275.5260588126617,
  "curvature_radius_mm": 55874262.56148283,
  "spot_size_mm": 5.000012327996164
}