{
  "wavelength_um": 0.633,
  "waist_radius_mm": 5.0,
  "waist_position_mm": -180.29925372672534,
  "curvature_radius_mm": 85384557.21605185,
  "spot_size_mm": 5.000005279044161
}