{
  "wavelength_um": 0.633,
  "waist_radius_mm": 3.0000000000000004,
  "waist_position_mm": -160.0781059358212,
  "curvature_radius_mm": 12463814.739083195,
  "spot_size_mm": 3.0000192653274222
}