{
  "wavelength_um": 0.633,
  "waist_radius_mm": 0.016790812471454315,
  "waist_position_mm": 249.99718313288935,
  "curvature_radius_mm": -250.00501461670945,
  "spot_size_mm": 3.000019265327422
}