{
  "index": 7,
  "name": "Surface_7",
  "surface_type": "flat",
  "geometry": {
    "vertex_position": [
      55.000000000000014,
      -21.00000000000003,
      80.0
    ],
    "surface_normal": [
      5.551115123125784e-17,
      0.7071067811865481,
      0.7071067811865477
    ],
    "radius": "inf",
    "conic": 0.0,
    "semi_aperture": 25.0,
    "is_mirror": true
  },
  "optical_axis": {
    "entrance_position": [
      55.000000000000014,
      -21.00000000000003,
      80.0
    ],
    "entrance_direction": [
      3.3306690738754676e-16,
      -1.0,
      -3.7240839575347765e-16
    ],
    "exit_position": [
      55.000000000000014,
      -21.00000000000003,
      80.0
    ],
    "exit_direction": [
      4.1157153032173526e-16,
      1.99840144432528e-15,
      1.0
    ],
    "path_length": 235.5260588126617
  }
}