{
  "wavelength_um": 0.633,
  "waist_radius_mm": 5.0,
  "waist_position_mm": -280.5260588126617,
  "curvature_radius_mm": 54878388.83150114,
  "spot_size_mm": 5.000012779490264
}