{
  "index": 9,
  "name": "Surface_9",
  "surface_type": "standard",
  "geometry": {
    "vertex_position": [
      55.000000000000014,
      -21.000000000000025,
      125.0
    ],
    "surface_normal": [
      4.2664215885896434e-17,
      1.2781429386001606e-16,
      1.0000000000000002
    ],
    "radius": 60.0,
    "conic": 0.0,
    "semi_aperture": 10.809615205001746,
    "is_mirror": false
  },
  "optical_axis": {
    "entrance_position": [
      55.000000000000014,
      -21.000000000000025,
      125.0
    ],
    "entrance_direction": [
      4.1157153032173526e-16,
      1.99840144432528e-15,
      1.0
    ],
    "exit_position": [
      55.000000000000014,
      -21.000000000000025,
      125.0
    ],
    "exit_direction": [
      4.1157153032173526e-16,
      1.99840144432528e-15,
      1.0
    ],
    "path_length": 280.5260588126617
  }
}