{
  "wavelength_um": 0.633,
  "waist_radius_mm": 5.0,
  "waist_position_mm": -80.0,
  "curvature_radius_mm": 192434322.97525167,
  "spot_size_mm": 5.000001039315956
}