{
  "index": 10,
  "name": "Surface_10",
  "surface_type": "flat",
  "geometry": {
    "vertex_position": [
      55.000000000000014,
      -21.000000000000018,
      180.0
    ],
    "surface_normal": [
      4.2664215885896434e-17,
      1.2781429386001606e-16,
      1.0000000000000002
    ],
    "radius": "inf",
    "conic": 0.0,
    "semi_aperture": 0.262793237011282,
    "is_mirror": false
  },
  "optical_axis": {
    "entrance_position": [
      55.000000000000014,
      -21.000000000000018,
      180.0
    ],
    "entrance_direction": [
      4.1157153032173526e-16,
      1.99840144432528e-15,
      1.0
    ],
    "exit_position": [
      55.000000000000014,
      -21.000000000000018,
      180.0
    ],
    "exit_direction": [
      4.1157153032173526e-16,
      1.99840144432528e-15,
      1.0
    ],
    "path_length": 335.5260588126617
  }
}