{
  "index": 3,
  "name": "Surface_3",
  "surface_type": "flat",
  "geometry": {
    "vertex_position": [
      0.0,
      0.0,
      40.0
    ],
    "surface_normal": [
      -0.0,
      0.7071067811865476,
      -0.7071067811865476
    ],
    "radius": "inf",
    "conic": 0.0,
    "semi_aperture": 14.142135623730955,
    "is_mirror": true
  },
  "optical_axis": {
    "entrance_position": [
      0.0,
      0.0,
      40.0
    ],
    "entrance_direction": [
      0.0,
      0.0,
      1.0
    ],
    "exit_position": [
      0.0,
      0.0,
      40.0
    ],
    "exit_direction": [
      0.0,
      1.0,
      -2.2204460492503126e-16
    ],
    "path_length": 40.0
  }
}