x_mm,unwrapped_rad,sphere_fit_rad,sphere_residual_rad
-5.120000000000000245e-02,2.427794000000000008e+00,2.417937091280549566e+00,9.856908719450441225e-03
-5.115000000000000102e-02,2.459780999999999995e+00,2.450020302339499523e+00,9.760697660500472495e-03
-5.109999999999999959e-02,2.491737000000000091e+00,2.482072163310613533e+00,9.664836689386557822e-03
-5.104999999999999816e-02,2.523661999999999850e+00,2.514092674193893373e+00,9.569325806106476762e-03
-5.099999999999999672e-02,2.555556999999999856e+00,2.546081834989335491e+00,9.475165010664365894e-03
-5.095000000000000223e-02,2.587419999999999831e+00,2.578039645696945215e+00,9.380354303054616594e-03
-5.090000000000000080e-02,2.619251999999999914e+00,2.609966106421561349e+00,9.285893578438564333e-03
-5.084999999999999937e-02,2.651053999999999800e+00,2.641861217058341538e+00,9.192782941658261819e-03
-5.079999999999999793e-02,2.682824999999999793e+00,2.673724977712126361e+00,9.100022287873432703e-03
-5.075000000000000344e-02,2.714564000000000199e+00,2.705557388382917594e+00,9.006611617082604937e-03
-5.070000000000000201e-02,2.746272999999999964e+00,2.737358448965872881e+00,8.914551034127082829e-03
-5.065000000000000058e-02,2.777950999999999837e+00,2.769128159618253093e+00,8.822840381746743788e-03
-5.059999999999999915e-02,2.809597999999999818e+00,2.800866520235219426e+00,8.731479764780392117e-03
-5.054999999999999771e-02,2.841213000000000211e+00,2.832573530921610683e+00,8.639469078389527823e-03
-5.050000000000000322e-02,2.872797999999999963e+00,2.864249191625008351e+00,8.548808374991612169e-03
-5.045000000000000179e-02,2.904351999999999823e+00,2.895893502397829167e+00,8.458497602170655938e-03
-5.040000000000000036e-02,2.935874999999999790e+00,2.927506463240076684e+00,8.368536759923106416e-03
-5.034999999999999892e-02,2.967368000000000006e+00,2.959088074151749126e+00,8.279925848250879739e-03
-5.029999999999999749e-02,2.998829000000000189e+00,2.990638335080426202e+00,8.190664919573986680e-03
-5.025000000000000300e-02,3.030259000000000036e+00,3.022157246183370560e+00,8.101753816629475580e-03
-5.020000000000000157e-02,3.061657999999999991e+00,3.053644807303317776e+00,8.013192696682214233e-03
-5.015000000000000013e-02,3.093027000000000193e+00,3.085101018597528721e+00,7.925981402471471426e-03
-5.009999999999999870e-02,3.124363999999999919e+00,3.116525880013586658e+00,7.838119986413261131e-03
-5.004999999999999727e-02,3.155670307179586409e+00,3.147919391499071295e+00,7.750915680515113593e-03
-5.000000000000000278e-02,3.186946307179586046e+00,3.179281553211241729e+00,7.664753968344317769e-03
-4.995000000000000134e-02,3.218190307179586096e+00,3.210612364992837087e+00,7.577942186749009323e-03
-4.989999999999999991e-02,3.249404307179586393e+00,3.241911827001116464e+00,7.492480178469929086e-03
-4.984999999999999848e-02,3.280587307179586354e+00,3.273179939131242833e+00,7.407368048343521139e-03
-4.979999999999999705e-02,3.311738307179586283e+00,3.304416701488053221e+00,7.321605691533061844e-03
-4.975000000000000255e-02,3.342859307179586015e+00,3.335622114019130890e+00,7.237193160455124286e-03
-4.970000000000000112e-02,3.373949307179586299e+00,3.366796176724472289e+00,7.153130455114009578e-03
-4.964999999999999969e-02,3.405008307179586247e+00,3.397938889708921550e+00,7.069417470664696168e-03
-4.959999999999999826e-02,3.436036307179586302e+00,3.429050252867634541e+00,6.986054311951761520e-03
-4.954999999999999682e-02,3.467032307179586326e+00,3.460130266253033327e+00,6.902040926552999167e-03
-4.950000000000000233e-02,3.497998307179586153e+00,3.491178929917536422e+00,6.819377262049730604e-03
-4.945000000000000090e-02,3.528933307179586087e+00,3.522196243808727090e+00,6.737063370858997757e-03
-4.939999999999999947e-02,3.559837307179586130e+00,3.553182207979022067e+00,6.655099200564063011e-03
-4.934999999999999803e-02,3.590711307179586420e+00,3.584136822428423130e+00,6.574484751163289786e-03
-4.929999999999999660e-02,3.621553307179586234e+00,3.615060087156928503e+00,6.493220022657730794e-03
-4.925000000000000211e-02,3.652364307179586156e+00,3.645952002216962029e+00,6.412304962624126858e-03
-4.920000000000000068e-02,3.683144307179586185e+00,3.676812567503676021e+00,6.331739675910164067e-03
-4.914999999999999925e-02,3.713893307179586323e+00,3.707641783174338457e+00,6.251524005247866000e-03
-4.909999999999999781e-02,3.744612307179586264e+00,3.738439649124106978e+00,6.172658055479285366e-03
-4.905000000000000332e-02,3.775299307179586172e+00,3.769206165457822166e+00,6.093141721764006036e-03
-4.900000000000000189e-02,3.805955307179586189e+00,3.799941332123061954e+00,6.013975056524234475e-03
-4.895000000000000046e-02,3.836580307179586313e+00,3.830645149119828119e+00,5.935158059758194327e-03
-4.889999999999999902e-02,3.867175307179586241e+00,3.861317616500539174e+00,5.857690679047067306e-03
-4.884999999999999759e-02,3.897738307179586137e+00,3.891958734265196895e+00,5.779572914389241589e-03
-4.880000000000000310e-02,3.928271307179586280e+00,3.922568502361380993e+00,5.702804818205287063e-03
-4.875000000000000167e-02,3.958772307179586392e+00,3.953146920893928495e+00,5.625386285657896224e-03
-4.870000000000000023e-02,3.989243307179586306e+00,3.983693989862842955e+00,5.549317316743351824e-03
-4.864999999999999880e-02,4.019682307179586189e+00,4.014209709215704081e+00,5.472597963882108729e-03
-4.859999999999999737e-02,4.050091307179586764e+00,4.044694079004930387e+00,5.397228174656376609e-03
-4.855000000000000288e-02,4.080468307179586418e+00,4.075147099230521874e+00,5.321207949064543641e-03
-4.850000000000000144e-02,4.110815307179586320e+00,4.105568769892480319e+00,5.246537287106001202e-03
-4.845000000000000001e-02,4.141131307179586329e+00,4.135959090990803944e+00,5.172216188782385871e-03
-4.839999999999999858e-02,4.171415307179586307e+00,4.166318062577913039e+00,5.097244601673267539e-03
-4.834999999999999715e-02,4.201669307179585644e+00,4.196645684653807606e+00,5.023622525778037584e-03
-4.830000000000000265e-02,4.231892307179586865e+00,4.226941957218485868e+00,4.950349961100997120e-03
-4.825000000000000122e-02,4.262083307179586278e+00,4.257206880271951377e+00,4.876426907634900942e-03
-4.819999999999999979e-02,4.292244307179585938e+00,4.287440453814204133e+00,4.803853365381804963e-03
-4.814999999999999836e-02,4.322374307179586594e+00,4.317642677845244137e+00,4.731629334342457582e-03
-4.809999999999999692e-02,4.352472307179586331e+00,4.347813552469908416e+00,4.658754709677914718e-03
-4.805000000000000243e-02,4.382540307179586314e+00,4.377953077583358166e+00,4.587229596228148409e-03
-4.800000000000000100e-02,4.412577307179586406e+00,4.408061253238015453e+00,4.516053941570952190e-03
-4.794999999999999957e-02,4.442583307179585717e+00,4.438138079486298793e+00,4.445227693286923909e-03
-4.789999999999999813e-02,4.472558307179586023e+00,4.468183556275786117e+00,4.374750903799906609e-03
-4.784999999999999670e-02,4.502501307179586298e+00,4.498197683658901269e+00,4.303623520685029291e-03
-4.780000000000000221e-02,4.532414307179585933e+00,4.528180461635640697e+00,4.233845543945236045e-03
-4.775000000000000078e-02,4.562296307179586563e+00,4.558131890153587662e+00,4.164417025998901067e-03
-4.769999999999999934e-02,4.592147307179586413e+00,4.588051969317580969e+00,4.095337862005443696e-03
-4.764999999999999791e-02,4.621967307179586371e+00,4.617940699075198552e+00,4.026608104387818798e-03
-4.760000000000000342e-02,4.651756307179586436e+00,4.647798079478864253e+00,3.958227700722183329e-03
-4.755000000000000199e-02,4.681513307179586469e+00,4.677624110528574519e+00,3.889196651011950223e-03
-4.750000000000000056e-02,4.711240307179586750e+00,4.707418792171910837e+00,3.821515007675913012e-03
-4.744999999999999912e-02,4.740936307179586251e+00,4.737182124513713788e+00,3.754182665872463076e-03
-4.739999999999999769e-02,4.770601307179585859e+00,4.766914107501559528e+00,3.687199678026331640e-03
-4.735000000000000320e-02,4.800235307179586464e+00,4.796614741187875453e+00,3.620565991711011122e-03
-4.730000000000000177e-02,4.829838307179586288e+00,4.826284025520235943e+00,3.554281659350344569e-03
-4.725000000000000033e-02,4.859410307179586219e+00,4.855921960551063066e+00,3.488346628523153470e-03
-4.719999999999999890e-02,4.888951307179586259e+00,4.885528546332777111e+00,3.422760846809147495e-03
-4.714999999999999747e-02,4.918461307179586406e+00,4.915103782760537499e+00,3.357524419048907305e-03
-4.710000000000000298e-02,4.947939307179586521e+00,4.944647669939183032e+00,3.291637240403488818e-03
-4.705000000000000154e-02,4.977387307179585996e+00,4.974160207816295198e+00,3.227099363290797385e-03
-4.700000000000000011e-02,5.006804307179586466e+00,5.003641396496714577e+00,3.162910682871888923e-03
-4.694999999999999868e-02,5.036190307179586156e+00,5.033091235875598812e+00,3.099071303987344095e-03
-4.689999999999999725e-02,5.065545307179585954e+00,5.062509726057790260e+00,3.035581121795694060e-03
-4.685000000000000275e-02,5.094869307179585860e+00,5.091896866990866855e+00,2.972440188719005505e-03
-4.680000000000000132e-02,5.124162307179586762e+00,5.121252658674830371e+00,2.909648504756390253e-03
-4.674999999999999989e-02,5.153423307179586743e+00,5.150577101214519615e+00,2.846205965067127863e-03
-4.669999999999999846e-02,5.182654307179586084e+00,5.179870194505095782e+00,2.784112674490302197e-03
-4.664999999999999702e-02,5.211854307179586421e+00,5.209131938598979161e+00,2.722368580607259503e-03
-4.660000000000000253e-02,5.241023307179585977e+00,5.238362333496167977e+00,2.660973683417999780e-03
-4.655000000000000110e-02,5.270161307179586530e+00,5.267561379301502811e+00,2.599927878083718724e-03
-4.649999999999999967e-02,5.299267907179586068e+00,5.296729075857721014e+00,2.538831321865053781e-03
-4.644999999999999823e-02,5.328343707179586275e+00,5.325865423322088787e+00,2.478283857497487475e-03
-4.639999999999999680e-02,5.357388507179586590e+00,5.354970421589763774e+00,2.418085589822815962e-03
-4.635000000000000231e-02,5.386402207179585844e+00,5.384044070765584777e+00,2.358136414001066328e-03
-4.630000000000000088e-02,5.415385007179586374e+00,5.413086370797131508e+00,2.298636382454866123e-03
-4.624999999999999944e-02,5.444336707179585844e+00,5.442097321684403965e+00,2.239385495181878127e-03
-4.619999999999999801e-02,5.473257407179586309e+00,5.471076923532244507e+00,2.180483647341802111e-03
-4.614999999999999658e-02,5.502147107179585994e+00,5.500025176235810775e+00,2.121930943775218736e-03
-4.610000000000000209e-02,5.531005707179586395e+00,5.528942079847524838e+00,2.063627332061557240e-03
-4.605000000000000066e-02,5.559833407179586295e+00,5.557827634419803431e+00,2.005772759782864512e-03
-4.599999999999999922e-02,5.588630007179586023e+00,5.586681839900229818e+00,1.948167279356205484e-03
-4.594999999999999779e-02,5.617395607179585859e+00,5.615504696341222513e+00,1.890910838363346613e-03
-4.590000000000000330e-02,5.646130207179586691e+00,5.644296203742781515e+00,1.834003436805176079e-03
-4.585000000000000187e-02,5.674833807179585854e+00,5.673056362052486534e+00,1.777445127099319677e-03
-4.580000000000000043e-02,5.703506307179585733e+00,5.701785171375178152e+00,1.721135804407580849e-03
-4.574999999999999900e-02,5.732147907179585999e+00,5.730482631658437853e+00,1.665275521148146254e-03
-4.569999999999999757e-02,5.760758407179586094e+00,5.759148742954682376e+00,1.609664224903717411e-03
-4.565000000000000308e-02,5.789337807179586015e+00,5.787783505263915274e+00,1.554301915670741607e-03
-4.560000000000000164e-02,5.817886307179586325e+00,5.816386918533709149e+00,1.499388645877175463e-03
-4.555000000000000021e-02,5.846403707179586462e+00,5.844958982816494952e+00,1.444724363091509645e-03
-4.549999999999999878e-02,5.874890007179586426e+00,5.873499698164685867e+00,1.390309014900559248e-03
-4.544999999999999735e-02,5.903345407179585891e+00,5.902009064525865156e+00,1.336342653720734575e-03
-4.540000000000000285e-02,5.931769707179586071e+00,5.930487081952449557e+00,1.282625227136513502e-03
-4.535000000000000142e-02,5.960163007179586359e+00,5.958933750392020556e+00,1.229256787565802256e-03
-4.529999999999999999e-02,5.988525307179585866e+00,5.987349069949420510e+00,1.176237230165355641e-03
-4.524999999999999856e-02,6.016856507179586089e+00,6.015733040572225576e+00,1.123466607360512626e-03
-4.519999999999999712e-02,6.045156707179586419e+00,6.044085662208017240e+00,1.071044971569179438e-03
-4.515000000000000263e-02,6.073425807179586577e+00,6.072406935014054596e+00,1.018872165531981011e-03
-4.510000000000000120e-02,6.101664007179586235e+00,6.100696858885500617e+00,9.671482940856179766e-04
-4.504999999999999977e-02,6.129871007179586329e+00,6.128955433874772041e+00,9.155733048142877806e-04
-4.499999999999999833e-02,6.158047107179585922e+00,6.157182659981870643e+00,8.644471977152790032e-04
-4.494999999999999690e-02,6.186192097179586291e+00,6.185378537206796423e+00,8.135599727898679134e-04
-4.490000000000000241e-02,6.214306067179586002e+00,6.213543065601969673e+00,7.630015776163290298e-04
-4.485000000000000098e-02,6.242388997179586063e+00,6.241676245114968324e+00,7.127520646177387675e-04
-4.479999999999999954e-02,6.270440887179586475e+00,6.269778075798214445e+00,6.628113813720304393e-04
-4.474999999999999811e-02,6.298461737179586351e+00,6.297848557651708035e+00,6.131795278783158665e-04
-4.469999999999999668e-02,6.326451537179586637e+00,6.325887690675447317e+00,5.638465041393203592e-04
-4.465000000000000219e-02,6.354410297179586387e+00,6.353895474869430515e+00,5.148223101558713211e-04
-4.460000000000000075e-02,6.382338017179586487e+00,6.381871910286083249e+00,4.661068935032375293e-04
-4.454999999999999932e-02,6.410234707179585989e+00,6.409816996872983452e+00,4.177103066025367184e-04
-4.449999999999999789e-02,6.438100307179586146e+00,6.437730734682551414e+00,3.695724970347313842e-04
-4.445000000000000340e-02,6.465934907179586411e+00,6.465613123714785360e+00,3.217834648010509113e-04
-4.440000000000000197e-02,6.493738407179586503e+00,6.493464163969687064e+00,2.742432098994385115e-04
-4.435000000000000053e-02,6.521510907179585814e+00,6.521283855499675042e+00,2.270516799107724637e-04
-4.429999999999999910e-02,6.549252407179586122e+00,6.549072198252329002e+00,1.802089272571194556e-04
-4.424999999999999767e-02,6.576962707179585976e+00,6.576829192227650722e+00,1.335149519352540892e-04
-4.420000000000000318e-02,6.604642107179586219e+00,6.604554837478060492e+00,8.726970152572732786e-05
-4.415000000000000174e-02,6.632290407179586289e+00,6.632249134055976825e+00,4.127312360946433500e-05
-4.410000000000000031e-02,6.659907607179586186e+00,6.659912081856559141e+00,-4.474676972954227949e-06
-4.404999999999999888e-02,6.687493807179586192e+00,6.687543681037068311e+00,-4.987385748211892178e-05
-4.399999999999999745e-02,6.715048907179586024e+00,6.715143931440245240e+00,-9.502426065921554255e-05
-4.395000000000000295e-02,6.742573007179585964e+00,6.742712833170930509e+00,-1.398259913445443203e-04
-4.390000000000000152e-02,6.770066007179586620e+00,6.770250386229120565e+00,-1.843790495339447943e-04
-4.385000000000000009e-02,6.797528007179586496e+00,6.797756590614818961e+00,-2.285834352324656038e-04
-4.379999999999999866e-02,6.824958907179586198e+00,6.825231446380440659e+00,-2.725392008544602618e-04
-4.374999999999999722e-02,6.852358707179586617e+00,6.852674953421152182e+00,-3.162462415655653558e-04
-4.370000000000000273e-02,6.879727507179586254e+00,6.880087111841792336e+00,-3.596046622060811160e-04
-4.365000000000000130e-02,6.907065207179586608e+00,6.907467921642359343e+00,-4.027144627727352599e-04
-4.359999999999999987e-02,6.934371907179586181e+00,6.934817382822853205e+00,-4.454756432670237132e-04
-4.354999999999999843e-02,6.961647507179586469e+00,6.962135495383273920e+00,-4.879882036874505502e-04
-4.349999999999999700e-02,6.988892007179586585e+00,6.989422259323621489e+00,-5.302521440349039494e-04
-4.345000000000000251e-02,7.016105507179585921e+00,7.016677674643895912e+00,-5.721674643099916580e-04
-4.340000000000000108e-02,7.043288007179586252e+00,7.043901741448939546e+00,-6.137342693532943372e-04
-4.334999999999999964e-02,7.070439307179586130e+00,7.071094459633908258e+00,-6.551524543221276531e-04
-4.329999999999999821e-02,7.097559607179586116e+00,7.098255829198805600e+00,-6.962220192194834567e-04
-4.324999999999999678e-02,7.124648807179585930e+00,7.125385850248468600e+00,-7.370430688826701271e-04
-4.320000000000000229e-02,7.151707007179585851e+00,7.152484522730480521e+00,-7.775155508946696159e-04
-4.315000000000000085e-02,7.178734107179586488e+00,7.179551846644837809e+00,-8.177394652513214623e-04
-4.309999999999999942e-02,7.205730107179586064e+00,7.206587822096384599e+00,-8.577149167985353984e-04
-4.304999999999999799e-02,7.232695007179586355e+00,7.233592448927856466e+00,-8.974417482701113613e-04
-4.299999999999999656e-02,7.259628907179585866e+00,7.260565727296517835e+00,-9.368201169319689825e-04
-4.295000000000000207e-02,7.286531307179586747e+00,7.287507657149944862e+00,-9.763499703581146605e-04
-4.290000000000000063e-02,7.313403307179585866e+00,7.314418238540559614e+00,-1.014931360973747587e-03
-4.284999999999999920e-02,7.340244307179585981e+00,7.341297471363517957e+00,-1.053164183931976083e-03
-4.279999999999999777e-02,7.367053307179586064e+00,7.368145355723667578e+00,-1.092048544081514194e-03
-4.275000000000000328e-02,7.393832307179586394e+00,7.394961891621004924e+00,-1.129584441418529650e-03
-4.270000000000000184e-02,7.420579307179586692e+00,7.421747079055528218e+00,-1.167771875941525650e-03
-4.265000000000000041e-02,7.447296307179586350e+00,7.448500918027241013e+00,-1.204610847654663530e-03
-4.259999999999999898e-02,7.473981307179585976e+00,7.475223408536139758e+00,-1.242101356553781955e-03
-4.254999999999999755e-02,7.500635307179585709e+00,7.501914550634646517e+00,-1.279243455060807833e-03
-4.250000000000000305e-02,7.527258307179586438e+00,7.528574344270339225e+00,-1.316037090752786298e-03
-4.245000000000000162e-02,7.553851307179586527e+00,7.555202789495641724e+00,-1.351482316055196975e-03
-4.240000000000000019e-02,7.580411307179586444e+00,7.581799886310550463e+00,-1.388579130964018304e-03
-4.234999999999999876e-02,7.606941307179585721e+00,7.608365634715065440e+00,-1.424327535479719131e-03
-4.229999999999999732e-02,7.633440307179585993e+00,7.634900034761608723e+00,-1.459727582022729564e-03
-4.225000000000000283e-02,7.659908307179586373e+00,7.661403086345339730e+00,-1.494779165753357120e-03
-4.220000000000000140e-02,7.686345307179585973e+00,7.687874789623519334e+00,-1.529482443933360969e-03
-4.214999999999999997e-02,7.712750307179586429e+00,7.714315144491305176e+00,-1.564837311718747515e-03
-4.209999999999999853e-02,7.739125307179586244e+00,7.740724151001117548e+00,-1.598843821531303888e-03
-4.204999999999999710e-02,7.765468307179586027e+00,7.767101809152960001e+00,-1.633501973373974181e-03
-4.200000000000000261e-02,7.791780307179585918e+00,7.793448118946823655e+00,-1.667811767237736831e-03
-4.195000000000000118e-02,7.818062307179586057e+00,7.819763080435141234e+00,-1.700773255555176888e-03
-4.189999999999999974e-02,7.844312307179586163e+00,7.846046693565483565e+00,-1.734386385897401794e-03
-4.184999999999999831e-02,7.870531307179586378e+00,7.872298958390274493e+00,-1.767651210688114816e-03
-4.179999999999999688e-02,7.896719307179585812e+00,7.898519874961934306e+00,-1.800567782348494461e-03
-4.175000000000000239e-02,7.922876307179586242e+00,7.924709443123200359e+00,-1.833135943614117025e-03
-4.170000000000000095e-02,7.949001307179585751e+00,7.950867663083753811e+00,-1.866355904168059965e-03
-4.164999999999999952e-02,7.975096307179586397e+00,7.976994534738755860e+00,-1.898227559169463063e-03
-4.159999999999999809e-02,8.001160307179585374e+00,8.003090058088204728e+00,-1.929750908619354277e-03
-4.154999999999999666e-02,8.027192307179586095e+00,8.029154233184522482e+00,-1.961926004936387358e-03
-4.150000000000000216e-02,8.053194307179586175e+00,8.055187060027707346e+00,-1.992752848121170928e-03
-4.145000000000000073e-02,8.079164307179585336e+00,8.081188538617759320e+00,-2.024231438173984543e-03
-4.139999999999999930e-02,8.105103307179586380e+00,8.107158668954678404e+00,-2.055361775092023890e-03
-4.134999999999999787e-02,8.131011307179585756e+00,8.133097451038466374e+00,-2.086143858880618041e-03
-4.130000000000000338e-02,8.156888307179585240e+00,8.159004884973962035e+00,-2.116577794376794941e-03
-4.125000000000000194e-02,8.182734307179586608e+00,8.184880970656324806e+00,-2.146663476738197573e-03
-4.120000000000000051e-02,8.208549307179586307e+00,8.210725708085556462e+00,-2.176400905970155009e-03
-4.114999999999999908e-02,8.234333307179586114e+00,8.236539097314073743e+00,-2.205790134487628507e-03
-4.109999999999999765e-02,8.260086307179586029e+00,8.262321138446720781e+00,-2.234831267134751442e-03
-4.105000000000000315e-02,8.285807307179586800e+00,8.288071831326231376e+00,-2.264524146644575353e-03
-4.100000000000000172e-02,8.311498307179586931e+00,8.313791176005032924e+00,-2.292868825445992798e-03
-4.095000000000000029e-02,8.337157307179586141e+00,8.339479172535542162e+00,-2.321865355956020949e-03
-4.089999999999999886e-02,8.362785307179585459e+00,8.365135820970179381e+00,-2.350513790593922181e-03
-4.084999999999999742e-02,8.388382307179586661e+00,8.390761121204105777e+00,-2.378814024519115833e-03
-4.080000000000000293e-02,8.413948307179586195e+00,8.416355073289738087e+00,-2.406766110151892235e-03
-4.075000000000000150e-02,8.439483307179585836e+00,8.441917677227079864e+00,-2.434370047494027745e-03
-4.070000000000000007e-02,8.464987307179585585e+00,8.467448933068547845e+00,-2.461625888962259978e-03
-4.064999999999999863e-02,8.490460307179585442e+00,8.492948840814143807e+00,-2.488533634558365293e-03
-4.059999999999999720e-02,8.515901307179586155e+00,8.518417400411449236e+00,-2.516093231863081314e-03
-4.055000000000000271e-02,8.541312307179586227e+00,8.543854611965301160e+00,-2.542304785714932791e-03
-4.050000000000000128e-02,8.566691307179585380e+00,8.569260475370860775e+00,-2.569168191275394975e-03
-4.044999999999999984e-02,8.592040307179585668e+00,8.594634990732968660e+00,-2.594683553382992613e-03
-4.039999999999999841e-02,8.617357307179586812e+00,8.619978157999206303e+00,-2.620850819619491290e-03
-4.034999999999999698e-02,8.642643307179586287e+00,8.645289977169570150e+00,-2.646669989983863047e-03
-4.030000000000000249e-02,8.667898307179585871e+00,8.670570448348900783e+00,-2.672141169314912190e-03
-4.025000000000000105e-02,8.693122307179585562e+00,8.695819571432361172e+00,-2.697264252775610771e-03
-4.019999999999999962e-02,8.718314307179586109e+00,8.721037346472366281e+00,-2.723039292780171650e-03
-4.014999999999999819e-02,8.743476307179586016e+00,8.746223773468921436e+00,-2.747466289335420697e-03
-4.009999999999999676e-02,8.768607307179586030e+00,8.771378852474445154e+00,-2.771545294859123487e-03
-4.005000000000000226e-02,8.793706307179586901e+00,8.796502583436517142e+00,-2.796276256930241289e-03
-4.000000000000000083e-02,8.818774307179586103e+00,8.821594966407557692e+00,-2.820659227971589189e-03
-3.994999999999999940e-02,8.843811307179585413e+00,8.846656001387565027e+00,-2.844694207979614475e-03
-3.989999999999999797e-02,8.868817307179586606e+00,8.871685688376540924e+00,-2.868381196954317147e-03
-3.984999999999999654e-02,8.893792307179586132e+00,8.896684027374485382e+00,-2.891720194899249918e-03
-3.980000000000000204e-02,8.918736307179585765e+00,8.921651018381396625e+00,-2.914711201810860075e-03
-3.975000000000000061e-02,8.943649307179587282e+00,8.946586661397276430e+00,-2.937354217689147617e-03
-3.969999999999999918e-02,8.968530307179586103e+00,8.971490956474545087e+00,-2.960649294958983546e-03
-3.964999999999999775e-02,8.993381307179586059e+00,8.996363903665621109e+00,-2.982596486035049566e-03
-3.960000000000000325e-02,9.018200307179586872e+00,9.021205502813245403e+00,-3.005195633658530596e-03
-3.955000000000000182e-02,9.042988307179586016e+00,9.046015754074677062e+00,-3.027446895091046031e-03
-3.950000000000000039e-02,9.067745307179585268e+00,9.070794657397497573e+00,-3.049350217912305538e-03
-3.944999999999999896e-02,9.092471307179586404e+00,9.095542212834127227e+00,-3.070905654540823093e-03
-3.939999999999999752e-02,9.117166307179585871e+00,9.120258420332143956e+00,-3.092113152558084721e-03
-3.935000000000000303e-02,9.141830307179585446e+00,9.144943279891549537e+00,-3.112972711964090422e-03
-3.930000000000000160e-02,9.166462307179585878e+00,9.169596791617182774e+00,-3.134484437596896100e-03
-3.925000000000000017e-02,9.191064307179585668e+00,9.194218955404199534e+00,-3.154648224613865182e-03
-3.919999999999999873e-02,9.215634307179586315e+00,9.218809771357449279e+00,-3.175464177862963311e-03
-3.914999999999999730e-02,9.240173307179585294e+00,9.243369239424508166e+00,-3.195932244922872201e-03
-3.910000000000000281e-02,9.264681307179586156e+00,9.267897359605374419e+00,-3.216052425788262781e-03
-3.905000000000000138e-02,9.289158307179587126e+00,9.292394131952468328e+00,-3.235824772881201739e-03
-3.899999999999999994e-02,9.313604307179586428e+00,9.316859556413369603e+00,-3.255249233783175100e-03
-3.894999999999999851e-02,9.338019307179585837e+00,9.341293633092920601e+00,-3.274325913334763527e-03
-3.889999999999999708e-02,9.362402307179586103e+00,9.365696361938701031e+00,-3.294054759114928288e-03
-3.885000000000000259e-02,9.386755307179585728e+00,9.390067742898287051e+00,-3.312435718701323140e-03
-3.880000000000000115e-02,9.411076307179586209e+00,9.414407776076522794e+00,-3.331468896936584656e-03
-3.874999999999999972e-02,9.435366614359171678e+00,9.438716461473406483e+00,-3.349847114234805190e-03
-3.869999999999999829e-02,9.459625614359172374e+00,9.462993799088939895e+00,-3.368184729767520480e-03
-3.864999999999999686e-02,9.483853614359173179e+00,9.487239788818278896e+00,-3.386174459105717460e-03
-3.860000000000000236e-02,9.508049614359173063e+00,9.511454430818687911e+00,-3.404816459514847793e-03
-3.855000000000000093e-02,9.532215614359172307e+00,9.535637725090165162e+00,-3.422110730992855565e-03
-3.849999999999999950e-02,9.556349614359172406e+00,9.559789671527871846e+00,-3.440057168699439671e-03
-3.844999999999999807e-02,9.580453614359171866e+00,9.583910270236644990e+00,-3.456655877473124860e-03
-3.839999999999999664e-02,9.604525614359172181e+00,9.607999521164067858e+00,-3.473906804895676714e-03
-3.835000000000000214e-02,9.628566614359172604e+00,9.632057424362555409e+00,-3.490810003382804894e-03
-3.830000000000000071e-02,9.652576614359173135e+00,9.656083979832114750e+00,-3.507365472941614826e-03
-3.824999999999999928e-02,9.676554614359172746e+00,9.680079187572742327e+00,-3.524573213569581753e-03
-3.819999999999999785e-02,9.700502614359173492e+00,9.704043047584438142e+00,-3.540433225264649764e-03
-3.815000000000000335e-02,9.724419614359172570e+00,9.727975559919622484e+00,-3.555945560449913501e-03
-3.810000000000000192e-02,9.748304614359172504e+00,9.751876724473454772e+00,-3.572110114282267546e-03
-3.805000000000000049e-02,9.772158614359172546e+00,9.775746541403195877e+00,-3.587927044023331291e-03
-3.799999999999999906e-02,9.795981614359172696e+00,9.799585010604005220e+00,-3.603396244832524076e-03
-3.794999999999999762e-02,9.819773614359172953e+00,9.823392132128304866e+00,-3.618517769131912587e-03
-3.790000000000000313e-02,9.843534614359171542e+00,9.847167905976091262e+00,-3.633291616919720468e-03
-3.785000000000000170e-02,9.867263614359172763e+00,9.870912332147366186e+00,-3.648717788193422962e-03
-3.780000000000000027e-02,9.890962614359171567e+00,9.894625410694549927e+00,-3.662796335378359913e-03
-3.774999999999999883e-02,9.914629614359173004e+00,9.918307141565222196e+00,-3.677527206049191477e-03
-3.769999999999999740e-02,9.938265614359172773e+00,9.941957524811803282e+00,-3.691910452630509099e-03
-3.765000000000000291e-02,9.961870614359172649e+00,9.965576560381872895e+00,-3.705946022700246090e-03
-3.760000000000000148e-02,9.985444614359172633e+00,9.989164248380269839e+00,-3.719634021097206755e-03
-3.755000000000000004e-02,1.000898761435917272e+01,1.001272058870215709e+01,-3.732974342984363147e-03
-3.749999999999999861e-02,1.003249861435917190e+01,1.003624558145237167e+01,-3.746967093199771170e-03
-3.744999999999999718e-02,1.005597961435917220e+01,1.005973922657849151e+01,-3.759612219319308224e-03
-3.740000000000000269e-02,1.007942861435917337e+01,1.008320152413294402e+01,-3.772909773770649622e-03
-3.735000000000000125e-02,1.010284661435917286e+01,1.010663247406330534e+01,-3.785859704132477077e-03
-3.729999999999999982e-02,1.012623361435917246e+01,1.013003207642199399e+01,-3.798462062821528207e-03
-3.724999999999999839e-02,1.014958961435917217e+01,1.015340033120901175e+01,-3.810716849839579368e-03
-3.719999999999999696e-02,1.017291361435917274e+01,1.017673723842435862e+01,-3.823624065185882159e-03
-3.715000000000000246e-02,1.019620761435917267e+01,1.020004279806803460e+01,-3.835183708861933383e-03
-3.710000000000000103e-02,1.021946961435917345e+01,1.022331701019245820e+01,-3.847395833284750211e-03
-3.704999999999999960e-02,1.024270061435917256e+01,1.024655987474521091e+01,-3.859260386038343427e-03
-3.699999999999999817e-02,1.026590061435917178e+01,1.026977139177871301e+01,-3.870777419541227005e-03
-3.694999999999999674e-02,1.028906961435917289e+01,1.029295156129296274e+01,-3.881946933789848231e-03
-3.690000000000000224e-02,1.031220761435917233e+01,1.031610038323554157e+01,-3.892768876369245845e-03
-3.685000000000000081e-02,1.033531361435917262e+01,1.033921785771129009e+01,-3.904243352117475752e-03
-3.679999999999999938e-02,1.035838861435917302e+01,1.036230398466778624e+01,-3.915370308613219663e-03
-3.674999999999999795e-02,1.038143361435917278e+01,1.038535876410503178e+01,-3.925149745859002337e-03
-3.670000000000000345e-02,1.040444661435917340e+01,1.040838219607544346e+01,-3.935581716270064589e-03
-3.665000000000000202e-02,1.042742761435917309e+01,1.043137428057902660e+01,-3.946666219853511848e-03
-3.660000000000000059e-02,1.045037861435917215e+01,1.045433501756335559e+01,-3.956403204183445155e-03
-3.654999999999999916e-02,1.047329861435917309e+01,1.047726440708085427e+01,-3.965792721681182798e-03
-3.649999999999999772e-02,1.049618661435917311e+01,1.050016244918394293e+01,-3.975834824769819420e-03
-3.645000000000000323e-02,1.051904361435917323e+01,1.052302914376778098e+01,-3.985529408607746404e-03
-3.640000000000000180e-02,1.054186961435917169e+01,1.054586449093720724e+01,-3.994876578035544412e-03
-3.635000000000000037e-02,1.056466461435917203e+01,1.056866849069222347e+01,-4.003876333051437086e-03
-3.629999999999999893e-02,1.058742861435917249e+01,1.059144114298040762e+01,-4.012528621235134096e-03
-3.624999999999999750e-02,1.061016061435917202e+01,1.061418244780175968e+01,-4.021833442587663399e-03
-3.620000000000000301e-02,1.063286261435917268e+01,1.063689240531354230e+01,-4.029790954369616429e-03
-3.615000000000000158e-02,1.065553261435917243e+01,1.065957101530607254e+01,-4.038400946900111421e-03
-3.610000000000000014e-02,1.067817161435917228e+01,1.068221827798903334e+01,-4.046663629861058098e-03
-3.604999999999999871e-02,1.070077961435917224e+01,1.070483419320516205e+01,-4.054578845989809111e-03
-3.599999999999999728e-02,1.072335561435917306e+01,1.072741876105929748e+01,-4.063146700124420363e-03
-3.595000000000000279e-02,1.074590161435917324e+01,1.074997198155144496e+01,-4.070367192271717727e-03
-3.590000000000000135e-02,1.076841561435917249e+01,1.077249385468159915e+01,-4.078240322426651687e-03
-3.584999999999999992e-02,1.079089861435917186e+01,1.079498438039734509e+01,-4.085766038173233028e-03
-3.579999999999999849e-02,1.081335061435917311e+01,1.081744355880351804e+01,-4.092944444344936983e-03
-3.574999999999999706e-02,1.083577161435917269e+01,1.083987138984769949e+01,-4.099775488526802292e-03
-3.570000000000000256e-02,1.085816161435917238e+01,1.086226787347747091e+01,-4.106259118298538624e-03
-3.565000000000000113e-02,1.088051961435917292e+01,1.088463300985008786e+01,-4.113395490914939501e-03
-3.559999999999999970e-02,1.090284661435917180e+01,1.090696679886071507e+01,-4.120184501543278088e-03
-3.554999999999999827e-02,1.092514261435917255e+01,1.092926924056177285e+01,-4.126626202600292004e-03
-3.549999999999999684e-02,1.094740761435917165e+01,1.095154033495326118e+01,-4.132720594089533961e-03
-3.545000000000000234e-02,1.096964161435917262e+01,1.097378008203517652e+01,-4.138467676003898532e-03
-3.540000000000000091e-02,1.099184361435917268e+01,1.099598848180752242e+01,-4.144867448349742745e-03
-3.534999999999999948e-02,1.101401561435917209e+01,1.101816553427029532e+01,-4.149919911123234328e-03
-3.529999999999999805e-02,1.103615561435917236e+01,1.104031123947591908e+01,-4.155625116746719527e-03
-3.524999999999999661e-02,1.105826461435917274e+01,1.106242559737196984e+01,-4.160983012797103697e-03
-3.520000000000000212e-02,1.108034261435917323e+01,1.108450860801087146e+01,-4.165993651698229883e-03
-3.515000000000000069e-02,1.110238861435917279e+01,1.110656027139262214e+01,-4.171657033449349683e-03
-3.509999999999999926e-02,1.112440461435917172e+01,1.112858058751722190e+01,-4.175973158050183542e-03
-3.504999999999999782e-02,1.114638861435917150e+01,1.115056955638467073e+01,-4.180942025499234660e-03
-3.500000000000000333e-02,1.116834161435917316e+01,1.117252717799496864e+01,-4.185563635795475079e-03
-3.495000000000000190e-02,1.119026361435917316e+01,1.119445345240053413e+01,-4.189838041360971488e-03
-3.490000000000000047e-02,1.121215461435917149e+01,1.121634837954895048e+01,-4.193765189778986269e-03
-3.484999999999999903e-02,1.123401361435917245e+01,1.123821195949263441e+01,-4.198345133461955925e-03
-3.479999999999999760e-02,1.125584261435917277e+01,1.126004419223158948e+01,-4.201577872416706327e-03
-3.475000000000000311e-02,1.127763961435917217e+01,1.128184507771338829e+01,-4.205463354216121274e-03
-3.470000000000000168e-02,1.129940561435917346e+01,1.130361461604288209e+01,-4.209001683708635255e-03
-3.465000000000000024e-02,1.132113961435917204e+01,1.132535280716764348e+01,-4.213192808471433182e-03
-3.459999999999999881e-02,1.134284361435917177e+01,1.134705965108767245e+01,-4.216036728500682784e-03
-3.454999999999999738e-02,1.136451561435917235e+01,1.136873514785539285e+01,-4.219533496220506663e-03
-3.450000000000000289e-02,1.138615661435917303e+01,1.139037929741838262e+01,-4.222683059209586531e-03
-3.445000000000000145e-02,1.140776661435917205e+01,1.141199209988148056e+01,-4.225485522308503050e-03
-3.440000000000000002e-02,1.142934561435917296e+01,1.143357355508742756e+01,-4.227940728254608871e-03
-3.434999999999999859e-02,1.145089361435917219e+01,1.145512366319348629e+01,-4.230048834314104056e-03
-3.429999999999999716e-02,1.147240961435917228e+01,1.147664242419965142e+01,-4.232809840479134778e-03
-3.425000000000000266e-02,1.149389461435917248e+01,1.149812983800108768e+01,-4.235223641915197845e-03
-3.420000000000000123e-02,1.151534861435917279e+01,1.151958590470263033e+01,-4.237290343457544850e-03
-3.414999999999999980e-02,1.153677161435917320e+01,1.154101062425186441e+01,-4.239009892691214532e-03
-3.409999999999999837e-02,1.155816361435917194e+01,1.156240399670120844e+01,-4.240382342036497221e-03
-3.404999999999999694e-02,1.157952391435917328e+01,1.158376602205066064e+01,-4.242107691487362331e-03
-3.400000000000000244e-02,1.160085311435917177e+01,1.160509670030022278e+01,-4.243585941051009058e-03
-3.395000000000000101e-02,1.162215111435917336e+01,1.162639603144989309e+01,-4.244917090719724229e-03
-3.389999999999999958e-02,1.164341791435917273e+01,1.164766401549967512e+01,-4.246101140502389626e-03
-3.384999999999999815e-02,1.166465351435917164e+01,1.166890065250198028e+01,-4.247138142808637440e-03
-3.379999999999999671e-02,1.168585791435917187e+01,1.169010594235198042e+01,-4.248027992808545150e-03
-3.375000000000000222e-02,1.170703111435917165e+01,1.171127988520692753e+01,-4.248770847755878322e-03
-3.370000000000000079e-02,1.172817321435917215e+01,1.173242248096198637e+01,-4.249266602814216753e-03
-3.364999999999999936e-02,1.174928401435917280e+01,1.175353372966957366e+01,-4.249715310400858925e-03
-3.359999999999999792e-02,1.177036361435917300e+01,1.177461363132968941e+01,-4.250016970516412584e-03
-3.355000000000000343e-02,1.179141201435917274e+01,1.179566218594233540e+01,-4.250171583162654088e-03
-3.350000000000000200e-02,1.181242921435917204e+01,1.181667939355993013e+01,-4.250179200758097409e-03
-3.345000000000000057e-02,1.183341511435917326e+01,1.183766525407763481e+01,-4.250139718461554139e-03
-3.339999999999999913e-02,1.185436991435917164e+01,1.185861976765271031e+01,-4.249853293538663479e-03
-3.334999999999999770e-02,1.187529351435917313e+01,1.187954293418031426e+01,-4.249419821141131592e-03
-3.330000000000000321e-02,1.189618591435917239e+01,1.190043475366044667e+01,-4.248839301274287550e-03
-3.325000000000000178e-02,1.191704701435917180e+01,1.192129522619794812e+01,-4.248211838776327909e-03
-3.320000000000000034e-02,1.193787701435917192e+01,1.194212435174040010e+01,-4.247337381228177833e-03
-3.314999999999999891e-02,1.195867571435917220e+01,1.196292213023538231e+01,-4.246415876210107854e-03
-3.309999999999999748e-02,1.197944331435917320e+01,1.198368856178773356e+01,-4.245247428560361413e-03
-3.305000000000000299e-02,1.200017961435917258e+01,1.200442364639745385e+01,-4.244032038281275732e-03
-3.300000000000000155e-02,1.202088471435917327e+01,1.202512738401212289e+01,-4.242669652949615511e-03
-3.295000000000000012e-02,1.204155861435917174e+01,1.204579977468415919e+01,-4.241160324987447439e-03
-3.289999999999999869e-02,1.206220131435917153e+01,1.206644081836114779e+01,-4.239504001976257541e-03
-3.284999999999999726e-02,1.208281271435917326e+01,1.208705051509550721e+01,-4.237800736333952045e-03
-3.280000000000000276e-02,1.210339301435917214e+01,1.210762886493965595e+01,-4.235850580483813133e-03
-3.275000000000000133e-02,1.212394201435917296e+01,1.212817586778875167e+01,-4.233853429578715577e-03
-3.269999999999999990e-02,1.214445991435917271e+01,1.214869152374764028e+01,-4.231609388467560962e-03
-3.264999999999999847e-02,1.216494651435917262e+01,1.216917583281631643e+01,-4.229318457143804721e-03
-3.259999999999999704e-02,1.218540191435917208e+01,1.218962879494236340e+01,-4.226880583191316987e-03
-3.255000000000000254e-02,1.220582611435917286e+01,1.221005041012577763e+01,-4.224295766604768687e-03
-3.250000000000000111e-02,1.222621901435917202e+01,1.223044067847140326e+01,-4.221664112231238164e-03
-3.244999999999999968e-02,1.224658081435917190e+01,1.225079959987439970e+01,-4.218785515227807537e-03
-3.239999999999999825e-02,1.226691131435917193e+01,1.227112717438718548e+01,-4.215860028013551641e-03
-3.234999999999999681e-02,1.228721061435917328e+01,1.229142340206217909e+01,-4.212787703005815843e-03
-3.230000000000000232e-02,1.230747871435917240e+01,1.231168828284696204e+01,-4.209568487789638880e-03
-3.225000000000000089e-02,1.232771561435917285e+01,1.233192181674153609e+01,-4.206202382363244396e-03
-3.219999999999999946e-02,1.234792121435917167e+01,1.235212400379831976e+01,-4.202789439148091333e-03
-3.214999999999999802e-02,1.236809571435917299e+01,1.237229484396489099e+01,-4.199129605717999425e-03
-3.209999999999999659e-02,1.238823891435917268e+01,1.239243433734609567e+01,-4.195422986922991981e-03
-3.205000000000000210e-02,1.240835081435917253e+01,1.241254248383708259e+01,-4.191669477910053843e-03
-3.200000000000000067e-02,1.242843161435917310e+01,1.243261928349028622e+01,-4.187669131113125331e-03
-3.194999999999999923e-02,1.244848111435917204e+01,1.245266473635811622e+01,-4.183621998944175857e-03
-3.189999999999999780e-02,1.246849945435917206e+01,1.247267884233573909e+01,-4.179387976567028318e-03
-3.185000000000000331e-02,1.248848654435917283e+01,1.249266160158040861e+01,-4.175057221235789484e-03
-3.180000000000000188e-02,1.250844240435917243e+01,1.251261301398729131e+01,-4.170609628118882029e-03
-3.175000000000000044e-02,1.252836703435917265e+01,1.253253307955638007e+01,-4.166045197207424167e-03
-3.169999999999999901e-02,1.254826043435917171e+01,1.255242179834010052e+01,-4.161363980928811657e-03
-3.164999999999999758e-02,1.256812261735917247e+01,1.257227917033845088e+01,-4.156552979278416160e-03
-3.160000000000000309e-02,1.258795356435917334e+01,1.259210519560384967e+01,-4.151631244676323718e-03
-3.155000000000000165e-02,1.260775328435917331e+01,1.261189987403145985e+01,-4.146589672286538075e-03
-3.150000000000000022e-02,1.262752178435917294e+01,1.263166320567369993e+01,-4.141421314526994024e-03
-3.144999999999999879e-02,1.264725904435917236e+01,1.265139519058298845e+01,-4.136146223816083989e-03
-3.139999999999999736e-02,1.266696511435917216e+01,1.267109582875932716e+01,-4.130714400155000021e-03
-3.135000000000000286e-02,1.268663991435917282e+01,1.269076512015029579e+01,-4.125205791122965593e-03
-3.130000000000000143e-02,1.270628341435917186e+01,1.271040306480831461e+01,-4.119650449142753246e-03
-3.125000000000000000e-02,1.272589581435917161e+01,1.273000966273338364e+01,-4.113848374212025760e-03
-3.119999999999999857e-02,1.274547691435917329e+01,1.274958491392550108e+01,-4.107999566327791285e-03
-3.115000000000000061e-02,1.276502671435917335e+01,1.276912881838466518e+01,-4.102104025491826178e-03
-3.109999999999999917e-02,1.278454541435917236e+01,1.278864137611088481e+01,-4.095961751712451360e-03
-3.105000000000000121e-02,1.280403281435917329e+01,1.280812258710415108e+01,-4.089772744977793195e-03
-3.099999999999999978e-02,1.282348901435917199e+01,1.282757245141688784e+01,-4.083437057715855190e-03
-3.094999999999999835e-02,1.284291391435917262e+01,1.284699096904909510e+01,-4.077054689922476882e-03
-3.090000000000000038e-02,1.286230761435917280e+01,1.286637813994835255e+01,-4.070525589179752046e-03
-3.084999999999999895e-02,1.288167001435917314e+01,1.288573396421950079e+01,-4.063949860327653596e-03
-3.080000000000000099e-02,1.290100131435917241e+01,1.290505844175769923e+01,-4.057127398526816364e-03
-3.074999999999999956e-02,1.292030121435917245e+01,1.292435157261536460e+01,-4.050358256192154727e-03
-3.070000000000000159e-02,1.293957001435917320e+01,1.294361335679250224e+01,-4.043342433329044638e-03
-3.065000000000000016e-02,1.295880751435917233e+01,1.296284379439394918e+01,-4.036280034776851267e-03
-3.059999999999999873e-02,1.297801381435917278e+01,1.298204288526244632e+01,-4.029070903273535009e-03
-3.055000000000000077e-02,1.299718881435917162e+01,1.300121062950283246e+01,-4.021815143660845138e-03
-3.049999999999999933e-02,1.301633261435917177e+01,1.302034702706269087e+01,-4.014412703519099068e-03
-3.045000000000000137e-02,1.303544511435917208e+01,1.303945207799443651e+01,-4.006963635264426671e-03
-3.039999999999999994e-02,1.305452641435917194e+01,1.305852578235049322e+01,-3.999367991321278737e-03
-3.034999999999999851e-02,1.307357651435917312e+01,1.307756814002602042e+01,-3.991625666847298248e-03
-3.030000000000000054e-02,1.309259531435917268e+01,1.309657915107343662e+01,-3.983836714263944145e-03
-3.024999999999999911e-02,1.311158291435917178e+01,1.311555881549274005e+01,-3.975901133568271462e-03
-3.020000000000000115e-02,1.313053921435917282e+01,1.313450713338877662e+01,-3.967919029603805825e-03
-3.014999999999999972e-02,1.314946431435917162e+01,1.315342410460428368e+01,-3.959790245112060347e-03
-3.009999999999999828e-02,1.316835811435917236e+01,1.317230972924410004e+01,-3.951614884927678872e-03
-3.005000000000000032e-02,1.318722071435917265e+01,1.319116400730822747e+01,-3.943292949054821861e-03
-2.999999999999999889e-02,1.320605211435917248e+01,1.320998693879666419e+01,-3.934824437491712956e-03
-2.995000000000000093e-02,1.322485221435917246e+01,1.322877852365699169e+01,-3.926309297819230437e-03
-2.989999999999999949e-02,1.324362101435917261e+01,1.324753876199404701e+01,-3.917747634874402252e-03
-2.985000000000000153e-02,1.326235861435917229e+01,1.326626765375541517e+01,-3.909039396242874886e-03
-2.980000000000000010e-02,1.328106501435917153e+01,1.328496519894109085e+01,-3.900184581919319271e-03
-2.974999999999999867e-02,1.329974011435917269e+01,1.330363139755107937e+01,-3.891283191906680372e-03
-2.970000000000000070e-02,1.331838391435917224e+01,1.332226624969021600e+01,-3.882335331043762494e-03
-2.964999999999999927e-02,1.333699651435917310e+01,1.334086975525366370e+01,-3.873240894490592723e-03
-2.960000000000000131e-02,1.335557791435917174e+01,1.335944191424142247e+01,-3.863999882250723772e-03
-2.954999999999999988e-02,1.337412801435917231e+01,1.337798272675832933e+01,-3.854712399157023128e-03
-2.949999999999999845e-02,1.339264681435917304e+01,1.339649219269954727e+01,-3.845378340374239201e-03
-2.945000000000000048e-02,1.341113441435917153e+01,1.341497031211749480e+01,-3.835897758323270068e-03
-2.939999999999999905e-02,1.342959081435917312e+01,1.343341708506459398e+01,-3.826270705420853346e-03
-2.935000000000000109e-02,1.344801591435917310e+01,1.345183251148842096e+01,-3.816597129247867315e-03
-2.929999999999999966e-02,1.346640971435917322e+01,1.347021659138897576e+01,-3.806877029802535617e-03
-2.925000000000000169e-02,1.348477231435917290e+01,1.348856932481868398e+01,-3.797010459511085401e-03
-2.920000000000000026e-02,1.350310361435917272e+01,1.350689071177754386e+01,-3.787097418371132562e-03
-2.914999999999999883e-02,1.352140371435917210e+01,1.352518075226555183e+01,-3.777037906379732135e-03
-2.910000000000000087e-02,1.353967251435917163e+01,1.354343944623029117e+01,-3.766931871119538755e-03
-2.904999999999999943e-02,1.355791001435917309e+01,1.356166679372418216e+01,-3.756779365009066396e-03
-2.900000000000000147e-02,1.357611661435917227e+01,1.357986279479964153e+01,-3.746180440469260020e-03
-2.895000000000000004e-02,1.359429161435917166e+01,1.359802744935183050e+01,-3.735834992658837450e-03
-2.889999999999999861e-02,1.361243561435917293e+01,1.361616075753801169e+01,-3.725143178838763447e-03
-2.885000000000000064e-02,1.363054761435917328e+01,1.363426271920092070e+01,-3.715104841747418618e-03
-2.879999999999999921e-02,1.364862861435917196e+01,1.365233333444540165e+01,-3.704720086229684739e-03
-2.875000000000000125e-02,1.366667861435917253e+01,1.367037260327145276e+01,-3.693988912280232739e-03
-2.869999999999999982e-02,1.368469761435917320e+01,1.368838052562665197e+01,-3.682911267478772288e-03
-2.864999999999999838e-02,1.370268561435917221e+01,1.370635710161584342e+01,-3.671487256671213117e-03
-2.860000000000000042e-02,1.372064161435917207e+01,1.372430233113418652e+01,-3.660716775014449809e-03
-2.854999999999999899e-02,1.373856661435917204e+01,1.374221621428651829e+01,-3.649599927346258710e-03
-2.850000000000000103e-02,1.375645961435917286e+01,1.376009875096799995e+01,-3.639136608827087116e-03
-2.844999999999999959e-02,1.377432261435917304e+01,1.377794994128347028e+01,-3.627326924297236133e-03
-2.840000000000000163e-02,1.379215361435917231e+01,1.379576978523293107e+01,-3.616170873758761672e-03
-2.835000000000000020e-02,1.380995361435917346e+01,1.381355828276396380e+01,-3.604668404790345448e-03
-2.829999999999999877e-02,1.382772261435917294e+01,1.383131543387656848e+01,-3.592819517395540174e-03
-2.825000000000000080e-02,1.384545961435917150e+01,1.384904123867558212e+01,-3.581624316410625397e-03
-2.819999999999999937e-02,1.386316561435917194e+01,1.386673569705616771e+01,-3.570082696995768856e-03
-2.815000000000000141e-02,1.388084061435917249e+01,1.388439880907074198e+01,-3.558194711569484525e-03
-2.809999999999999998e-02,1.389848361435917212e+01,1.390203057477172521e+01,-3.546960412553090691e-03
-2.804999999999999855e-02,1.391609661435917289e+01,1.391963099405428039e+01,-3.534379695107503494e-03
-2.800000000000000058e-02,1.393367761435917274e+01,1.393720006702324810e+01,-3.522452664075359507e-03
-2.794999999999999915e-02,1.395122761435917269e+01,1.395473779367862299e+01,-3.510179319450301705e-03
-2.790000000000000119e-02,1.396874561435917173e+01,1.397224417391556983e+01,-3.498559556398106452e-03
-2.784999999999999976e-02,1.398623261435917264e+01,1.398971920789134593e+01,-3.486593532173287713e-03
-2.779999999999999832e-02,1.400368861435917189e+01,1.400716289550111426e+01,-3.474281141942370255e-03
-2.775000000000000036e-02,1.402111361435917303e+01,1.402457523679728979e+01,-3.461622438116762623e-03
-2.769999999999999893e-02,1.403850661435917146e+01,1.404195623177987784e+01,-3.449617420706374560e-03
-2.765000000000000097e-02,1.405586961435917281e+01,1.405930588044887841e+01,-3.436266089705597437e-03
-2.759999999999999953e-02,1.407319961435917222e+01,1.407662418280428618e+01,-3.424568445113962412e-03
-2.755000000000000157e-02,1.409049961435917275e+01,1.409391113889852676e+01,-3.411524539354005015e-03
-2.750000000000000014e-02,1.410776761435917237e+01,1.411116674862675247e+01,-3.399134267580095070e-03
-2.744999999999999871e-02,1.412500461435917209e+01,1.412839101214623305e+01,-3.386397787060957398e-03
-2.740000000000000074e-02,1.414221061435917193e+01,1.414558392935212439e+01,-3.373314992952458624e-03
-2.734999999999999931e-02,1.415938561435917187e+01,1.416274550024442469e+01,-3.359885885252822391e-03
-2.730000000000000135e-02,1.417652861435917266e+01,1.417987572487555781e+01,-3.347110516385143342e-03
-2.724999999999999992e-02,1.419364061435917179e+01,1.419697460329793870e+01,-3.333988938766907495e-03
-2.719999999999999848e-02,1.421072061435917178e+01,1.421404213540673211e+01,-3.321521047560338502e-03
-2.715000000000000052e-02,1.422777061435917290e+01,1.423107832130677508e+01,-3.307706947602184755e-03
-2.709999999999999909e-02,1.424478861435917310e+01,1.424808316089322879e+01,-3.294546534055697862e-03
-2.705000000000000113e-02,1.426177561435917340e+01,1.426505665427093206e+01,-3.281039911758654171e-03
-2.699999999999999969e-02,1.427873061435917279e+01,1.428199880138746813e+01,-3.268187028295344021e-03
-2.695000000000000173e-02,1.429565561435917331e+01,1.429890960229525376e+01,-3.253987936080449117e-03
-2.690000000000000030e-02,1.431254861435917292e+01,1.431578905694187043e+01,-3.240442582697511398e-03
-2.684999999999999887e-02,1.432940961435917160e+01,1.433263716543215693e+01,-3.227551072985335168e-03
-2.680000000000000090e-02,1.434624061435917319e+01,1.434945392766127270e+01,-3.213313302099507496e-03
-2.674999999999999947e-02,1.436303961435917209e+01,1.436623934368164157e+01,-3.199729322469480053e-03
-2.670000000000000151e-02,1.437980761435917287e+01,1.438299341344083970e+01,-3.185799081666829125e-03
-2.665000000000000008e-02,1.439654361435917274e+01,1.439971613709612441e+01,-3.172522736951677302e-03
-2.659999999999999865e-02,1.441324961435917196e+01,1.441640751449024371e+01,-3.157900131071755823e-03
-2.655000000000000068e-02,1.442992361435917203e+01,1.443306754572803463e+01,-3.143931368862595832e-03
-2.649999999999999925e-02,1.444656661435917222e+01,1.444969623075707510e+01,-3.129616397902879044e-03
-2.645000000000000129e-02,1.446317761435917149e+01,1.446629356957736690e+01,-3.115955218195409770e-03
-2.639999999999999986e-02,1.447975761435917263e+01,1.448285956224132853e+01,-3.101947882155897673e-03
-2.634999999999999842e-02,1.449630661435917212e+01,1.449939420880138030e+01,-3.087594442208185797e-03
-2.630000000000000046e-02,1.451282461435917170e+01,1.451589750910026488e+01,-3.072894741093179505e-03
-2.624999999999999903e-02,1.452931061435917215e+01,1.453236946329523782e+01,-3.058848936065672319e-03
-2.620000000000000107e-02,1.454576561435917270e+01,1.454881007133388238e+01,-3.044456974709675023e-03
-2.614999999999999963e-02,1.456218961435917336e+01,1.456521933321619855e+01,-3.029718857025187617e-03
-2.610000000000000167e-02,1.457858161435917310e+01,1.458159724899460485e+01,-3.015634635431752031e-03
-2.605000000000000024e-02,1.459494261435917295e+01,1.459794381856426071e+01,-3.001204205087759647e-03
-2.599999999999999881e-02,1.461127261435917291e+01,1.461425904203000670e+01,-2.986427670833791126e-03
-2.595000000000000084e-02,1.462757161435917297e+01,1.463054291939184637e+01,-2.971305032673399182e-03
-2.589999999999999941e-02,1.464383861435917211e+01,1.464679545059735410e+01,-2.956836238181992371e-03
-2.585000000000000145e-02,1.466007461435917136e+01,1.466301663569895375e+01,-2.942021339782385780e-03
-2.580000000000000002e-02,1.467627961435917250e+01,1.467920647469664353e+01,-2.926860337471026696e-03
-2.574999999999999858e-02,1.469245261435917271e+01,1.469536496759042521e+01,-2.912353231252495789e-03
-2.570000000000000062e-02,1.470859561435917229e+01,1.471149211432787318e+01,-2.896499968700894101e-03
-2.564999999999999919e-02,1.472470561435917347e+01,1.472758791501383513e+01,-2.882300654661662520e-03
-2.560000000000000123e-02,1.474078561435917223e+01,1.474365236959588898e+01,-2.866755236716755917e-03
-2.554999999999999979e-02,1.475683361435917185e+01,1.475968547812645149e+01,-2.851863767279638751e-03
-2.549999999999999836e-02,1.477285061435917157e+01,1.477568724055310589e+01,-2.836626193934321805e-03
-2.545000000000000040e-02,1.478883661435917318e+01,1.479165765692827250e+01,-2.821042569099319053e-03
-2.539999999999999897e-02,1.480479061435917210e+01,1.480759672719952746e+01,-2.806112840355368121e-03
-2.535000000000000100e-02,1.482071361435917289e+01,1.482350445136687433e+01,-2.790837007701441053e-03
-2.529999999999999957e-02,1.483660561435917202e+01,1.483938082953515192e+01,-2.775215175979894866e-03
-2.525000000000000161e-02,1.485246661435917304e+01,1.485522586165194170e+01,-2.759247292768662874e-03
-2.520000000000000018e-02,1.486829561435917313e+01,1.487103954766481984e+01,-2.743933305646706344e-03
-2.514999999999999875e-02,1.488409361435917333e+01,1.488682188767863046e+01,-2.728273319457130697e-03
-2.510000000000000078e-02,1.489985961435917261e+01,1.490257288164095151e+01,-2.713267281778897200e-03
-2.504999999999999935e-02,1.491559561435917303e+01,1.491829252955178298e+01,-2.696915192609949941e-03
-2.500000000000000139e-02,1.493129961435917252e+01,1.493398083146354693e+01,-2.681217104374411520e-03
-2.494999999999999996e-02,1.494697261435917213e+01,1.494963778727139925e+01,-2.665172912227120605e-03
-2.489999999999999852e-02,1.496261361435917259e+01,1.496526339713260434e+01,-2.649782773431752503e-03
-2.485000000000000056e-02,1.497822361435917315e+01,1.498085766094231630e+01,-2.634046583143145881e-03
-2.479999999999999913e-02,1.499380261435917205e+01,1.499642057880538104e+01,-2.617964446208986828e-03
-2.475000000000000117e-02,1.500934961435917181e+01,1.501195215056453769e+01,-2.602536205365879596e-03
-2.469999999999999973e-02,1.502486661435917270e+01,1.502745237642946563e+01,-2.585762070292929593e-03
-2.464999999999999830e-02,1.504035161435917267e+01,1.504292125624290577e+01,-2.569641883733098098e-03
-2.460000000000000034e-02,1.505580461435917172e+01,1.505835879000485455e+01,-2.554175645682832396e-03
-2.454999999999999891e-02,1.507122661435917266e+01,1.507376497787257463e+01,-2.538363513401975524e-03
-2.450000000000000094e-02,1.508661761435917192e+01,1.508913981974122720e+01,-2.522205382055275891e-03
-2.444999999999999951e-02,1.510197761435917307e+01,1.510448331561080870e+01,-2.505701251635628068e-03
-2.440000000000000155e-02,1.511730661435917256e+01,1.511979546553374121e+01,-2.488851174568651459e-03
-2.435000000000000012e-02,1.513260361435917289e+01,1.513507626945760620e+01,-2.472655098433307330e-03
-2.429999999999999868e-02,1.514786861435917231e+01,1.515032572743482042e+01,-2.457113075648109657e-03
-2.425000000000000072e-02,1.516310361435917287e+01,1.516554383946538564e+01,-2.440225106212778883e-03
-2.419999999999999929e-02,1.517830661435917250e+01,1.518073060549688336e+01,-2.423991137710856947e-03
-2.415000000000000133e-02,1.519347861435917224e+01,1.519588602563415236e+01,-2.407411274980120197e-03
-2.409999999999999989e-02,1.520861961435917209e+01,1.521101009982477059e+01,-2.390485465598501946e-03
-2.404999999999999846e-02,1.522372861435917279e+01,1.522610282806873983e+01,-2.374213709567030151e-03
-2.400000000000000050e-02,1.523880661435917183e+01,1.524116421036606184e+01,-2.357596006890005924e-03
-2.394999999999999907e-02,1.525385261435917172e+01,1.525619424676915337e+01,-2.341632409981642127e-03
-2.390000000000000110e-02,1.526886861435917275e+01,1.527119293722559235e+01,-2.324322866419592515e-03
-2.384999999999999967e-02,1.528385261435917286e+01,1.528616028173538588e+01,-2.307667376213018429e-03
-2.380000000000000171e-02,1.529880561435917308e+01,1.530109628035095071e+01,-2.290665991777629529e-03
-2.375000000000000028e-02,1.531372661435917237e+01,1.531600093307228683e+01,-2.274318713114453772e-03
-2.369999999999999885e-02,1.532861661435917355e+01,1.533087423989939424e+01,-2.257625540220686844e-03
-2.365000000000000088e-02,1.534347561435917306e+01,1.534571620077985088e+01,-2.240586420677814772e-03
-2.359999999999999945e-02,1.535830261435917166e+01,1.536052681581849910e+01,-2.224201459327446173e-03
-2.355000000000000149e-02,1.537309961435917316e+01,1.537530608491050010e+01,-2.206470551326944474e-03
-2.350000000000000006e-02,1.538786361435917271e+01,1.539005400816069091e+01,-2.190393801518197847e-03
-2.344999999999999862e-02,1.540259761435917341e+01,1.540477058551665301e+01,-2.172971157479608451e-03
-2.340000000000000066e-02,1.541729961435917318e+01,1.541945581703080492e+01,-2.156202671631746171e-03
-2.334999999999999923e-02,1.543197061435917306e+01,1.543410970265072990e+01,-2.139088291556845434e-03
-2.330000000000000127e-02,1.544661061435917304e+01,1.544873224237642440e+01,-2.121628017251353526e-03
-2.324999999999999983e-02,1.546121861435917211e+01,1.546332343626031047e+01,-2.104821901138365092e-03
-2.319999999999999840e-02,1.547579561435917306e+01,1.547788328430238813e+01,-2.087669943215075818e-03
-2.315000000000000044e-02,1.549034161435917234e+01,1.549241178645023709e+01,-2.070172091064748088e-03
-2.309999999999999901e-02,1.550485561435917248e+01,1.550690894275627585e+01,-2.053328397103371117e-03
-2.305000000000000104e-02,1.551933861435917272e+01,1.552137475327292648e+01,-2.036138913753759994e-03
-2.299999999999999961e-02,1.553379061435917308e+01,1.553580921789534486e+01,-2.018603536171781343e-03
-2.295000000000000165e-02,1.554821061435917251e+01,1.555021233672837866e+01,-2.001722369206149210e-03
-2.290000000000000022e-02,1.556259961435917205e+01,1.556458410966718198e+01,-1.984495308009925907e-03
-2.284999999999999878e-02,1.557695761435917348e+01,1.557892453681659717e+01,-1.966922457423692094e-03
-2.280000000000000082e-02,1.559128461435917146e+01,1.559323361817662246e+01,-1.949003817451000486e-03
-2.274999999999999939e-02,1.560557961435917207e+01,1.560751135364242081e+01,-1.931739283248745664e-03
-2.270000000000000143e-02,1.561984261435917176e+01,1.562175774337124956e+01,-1.915129012077798620e-03
-2.264999999999999999e-02,1.563407561435917259e+01,1.563597278725826811e+01,-1.897172899095522780e-03
-2.259999999999999856e-02,1.564827661435917250e+01,1.565015648535590032e+01,-1.879870996727817101e-03
-2.255000000000000060e-02,1.566244661435917251e+01,1.566430883766414084e+01,-1.862223304968324555e-03
-2.249999999999999917e-02,1.567658561435917264e+01,1.567842984413057472e+01,-1.844229771402083884e-03
-2.245000000000000120e-02,1.569069261435917184e+01,1.569251950486003899e+01,-1.826890500867150990e-03
-2.239999999999999977e-02,1.570476861435917293e+01,1.570657781974769485e+01,-1.809205388521917257e-03
-2.234999999999999834e-02,1.571881292153875975e+01,1.572060478889838109e+01,-1.791867359621335254e-03
-2.230000000000000038e-02,1.573282592153875825e+01,1.573460041225967920e+01,-1.774490720920951503e-03
-2.224999999999999895e-02,1.574680792153875863e+01,1.574856468988400948e+01,-1.756768345250847574e-03
-2.220000000000000098e-02,1.576075892153875913e+01,1.576249762171894986e+01,-1.738700180190733136e-03
-2.214999999999999955e-02,1.577467792153875870e+01,1.577639920776450033e+01,-1.721286225741636144e-03
-2.210000000000000159e-02,1.578856592153875837e+01,1.579026944807307942e+01,-1.703526534321042618e-03
-2.205000000000000016e-02,1.580242292153875816e+01,1.580410834264469422e+01,-1.685421105936057984e-03
-2.199999999999999872e-02,1.581624792153875880e+01,1.581791589142691912e+01,-1.667969888160314440e-03
-2.195000000000000076e-02,1.583004192153875778e+01,1.583169209447217618e+01,-1.650172933418403431e-03
-2.189999999999999933e-02,1.584380492153875863e+01,1.584543695178046363e+01,-1.632030241704995888e-03
-2.185000000000000137e-02,1.585753592153875857e+01,1.585915046335178147e+01,-1.614541813022896122e-03
-2.179999999999999993e-02,1.587123592153875862e+01,1.587283262923855176e+01,-1.596707699793142865e-03
-2.174999999999999850e-02,1.588490492153875877e+01,1.588648344933593393e+01,-1.578527797175155456e-03
-2.170000000000000054e-02,1.589854192153875800e+01,1.590010292369634648e+01,-1.561002157588475825e-03
-2.164999999999999911e-02,1.591214792153875912e+01,1.591369105242463178e+01,-1.543130885872656677e-03
-2.160000000000000114e-02,1.592572292153875857e+01,1.592724783536352717e+01,-1.524913824768603376e-03
-2.154999999999999971e-02,1.593926592153875887e+01,1.594077327261787325e+01,-1.507351079114371828e-03
-2.149999999999999828e-02,1.595277792153875929e+01,1.595426736413525148e+01,-1.489442596492196458e-03
-2.145000000000000032e-02,1.596625892153875803e+01,1.596773011002050069e+01,-1.471188481742657927e-03
-2.139999999999999888e-02,1.597970792153875763e+01,1.598116151011636177e+01,-1.453588577604136844e-03
-2.135000000000000092e-02,1.599312592153875912e+01,1.599456156458009204e+01,-1.435643041332923531e-03
-2.129999999999999949e-02,1.600651292153875715e+01,1.600793027335927476e+01,-1.417351820517609440e-03
-2.125000000000000153e-02,1.601986792153875783e+01,1.602126763640148965e+01,-1.399714862731826770e-03
-2.120000000000000009e-02,1.603319192153875861e+01,1.603457365381157373e+01,-1.381732272815128226e-03
-2.114999999999999866e-02,1.604648492153875949e+01,1.604784832548468998e+01,-1.363403945930485861e-03
-2.110000000000000070e-02,1.605974692153876049e+01,1.606109165152567897e+01,-1.344729986918480336e-03
-2.104999999999999927e-02,1.607297692153876056e+01,1.607430363193453715e+01,-1.326710395776586893e-03
-2.100000000000000130e-02,1.608617492153875972e+01,1.608748426660643105e+01,-1.309345067671330298e-03
-2.094999999999999987e-02,1.609934292153876001e+01,1.610063355564619059e+01,-1.290634107430577160e-03
-2.089999999999999844e-02,1.611247892153875938e+01,1.611375149905382642e+01,-1.272577515067041531e-03
-2.085000000000000048e-02,1.612558392153875886e+01,1.612683809677691116e+01,-1.254175238152299698e-03
-2.079999999999999905e-02,1.613865692153875742e+01,1.613989334886786864e+01,-1.236427329111222662e-03
-2.075000000000000108e-02,1.615169892153875963e+01,1.615291725532669531e+01,-1.218333787935677037e-03
-2.069999999999999965e-02,1.616470992153875841e+01,1.616590981610097799e+01,-1.199894562219583349e-03
-2.065000000000000169e-02,1.617768892153875981e+01,1.617887103129554660e+01,-1.182109756786786647e-03
-2.060000000000000026e-02,1.619063692153875778e+01,1.619180090085799151e+01,-1.163979319233732213e-03
-2.054999999999999882e-02,1.620355392153875940e+01,1.620469942473588176e+01,-1.145503197122366146e-03
-2.050000000000000086e-02,1.621643892153876010e+01,1.621756660303406861e+01,-1.127681495308507920e-03
-2.044999999999999943e-02,1.622929292153875735e+01,1.623040243570012464e+01,-1.109514161367286533e-03
-2.040000000000000147e-02,1.624211592153875827e+01,1.624320692273405342e+01,-1.091001195295149273e-03
-2.035000000000000003e-02,1.625490692153875827e+01,1.625598006418827168e+01,-1.073142649513414426e-03
-2.029999999999999860e-02,1.626766692153875837e+01,1.626872186001035914e+01,-1.054938471600763705e-03
-2.025000000000000064e-02,1.628039592153875859e+01,1.628143231025274318e+01,-1.036388713984592869e-03
-2.019999999999999921e-02,1.629309392153875891e+01,1.629411141486299641e+01,-1.017493324237506158e-03
-2.015000000000000124e-02,1.630575992153875831e+01,1.630675917394596297e+01,-9.992524072046649053e-04
-2.009999999999999981e-02,1.631839392153875679e+01,1.631937558734437843e+01,-9.816658056216454042e-04
-2.004999999999999838e-02,1.633099792153875995e+01,1.633196065521550722e+01,-9.627336767472627344e-04
-2.000000000000000042e-02,1.634356992153875865e+01,1.634451437745450519e+01,-9.444559157465448607e-04
-1.994999999999999898e-02,1.635610992153875998e+01,1.635703675416621650e+01,-9.268326274565197309e-04
-1.990000000000000102e-02,1.636861992153875889e+01,1.636952778529822083e+01,-9.078637594619465290e-04
-1.984999999999999959e-02,1.638109792153876043e+01,1.638198747079809436e+01,-8.895492593339326959e-04
-1.980000000000000163e-02,1.639354392153875750e+01,1.639441581082309796e+01,-8.718892843404546511e-04
-1.975000000000000019e-02,1.640595892153875823e+01,1.640681280521597785e+01,-8.538836772196134461e-04
-1.969999999999999876e-02,1.641834292153875907e+01,1.641917845408156396e+01,-8.355325428048843150e-04
-1.965000000000000080e-02,1.643069592153876002e+01,1.643151275736744665e+01,-8.168358286866350682e-04
-1.959999999999999937e-02,1.644301692153876004e+01,1.644381571507361528e+01,-7.987935348552355208e-04
-1.955000000000000140e-02,1.645530692153876018e+01,1.645608732730492108e+01,-7.804057661608965191e-04
-1.949999999999999997e-02,1.646756592153875687e+01,1.646832759395651635e+01,-7.616724177594846878e-04
-1.944999999999999854e-02,1.647979292153875974e+01,1.648053651502840111e+01,-7.435934896413698425e-04
-1.940000000000000058e-02,1.649198892153875917e+01,1.649271409062541593e+01,-7.251690866567628291e-04
-1.934999999999999915e-02,1.650415292153875768e+01,1.650486032064272379e+01,-7.073991039661109426e-04
-1.930000000000000118e-02,1.651628692153875733e+01,1.651697520513274497e+01,-6.882835939876486009e-04
-1.924999999999999975e-02,1.652838792153875858e+01,1.652905874414789622e+01,-6.708226091376445765e-04
-1.919999999999999832e-02,1.654045892153875741e+01,1.654111093758334050e+01,-6.520160445830924800e-04
-1.915000000000000036e-02,1.655249792153875887e+01,1.655313178554391840e+01,-6.338640051595234581e-04
-1.909999999999999892e-02,1.656450592153876045e+01,1.656512128797720607e+01,-6.153664384456192238e-04
-1.905000000000000096e-02,1.657648192153875755e+01,1.657707944488320351e+01,-5.975233444459604470e-04
-1.899999999999999953e-02,1.658842792153875934e+01,1.658900625626191427e+01,-5.783347231549385015e-04
-1.895000000000000157e-02,1.660034092153875918e+01,1.660090172216575510e+01,-5.608006269959275869e-04
-1.890000000000000013e-02,1.661222392153876015e+01,1.661276584259472955e+01,-5.419210559693965479e-04
-1.884999999999999870e-02,1.662407492153876021e+01,1.662459861749641377e+01,-5.236959576535582528e-04
-1.880000000000000074e-02,1.663589492153875682e+01,1.663640004692323160e+01,-5.051253844747805033e-04
-1.874999999999999931e-02,1.664768292153875962e+01,1.664817013082275921e+01,-4.872092839995900704e-04
-1.870000000000000134e-02,1.665943992153875897e+01,1.665990886929983716e+01,-4.689477610781978001e-04
-1.864999999999999991e-02,1.667116592153875843e+01,1.667161626224962845e+01,-4.503407108700230310e-04
-1.859999999999999848e-02,1.668285992153875696e+01,1.668329230972455335e+01,-4.323881857963840503e-04
-1.855000000000000052e-02,1.669452292153875916e+01,1.669493701172460831e+01,-4.140901858491474741e-04
-1.849999999999999908e-02,1.670615492153875792e+01,1.670655036830221007e+01,-3.954467634521563468e-04
-1.845000000000000112e-02,1.671775492153875931e+01,1.671813237935252872e+01,-3.774578137694106772e-04
-1.839999999999999969e-02,1.672932392153875725e+01,1.672968304498039771e+01,-3.591234416404631702e-04
-1.835000000000000173e-02,1.674086092153875782e+01,1.674120236513340032e+01,-3.414435946424987378e-04
-1.830000000000000029e-02,1.675236692153875850e+01,1.675269033981153299e+01,-3.234182727744894237e-04
-1.824999999999999886e-02,1.676384192153875929e+01,1.676414696906721602e+01,-3.050475284567255585e-04
-1.820000000000000090e-02,1.677528592153876019e+01,1.677557225284803266e+01,-2.863313092724695252e-04
-1.814999999999999947e-02,1.678669792153876017e+01,1.678696619120640321e+01,-2.682696676430396110e-04
-1.810000000000000150e-02,1.679807892153876026e+01,1.679832878408990027e+01,-2.498625511400121013e-04
-1.805000000000000007e-02,1.680942792153875942e+01,1.680966003155095478e+01,-2.321100121953634243e-04
-1.799999999999999864e-02,1.682074592153875869e+01,1.682095993358955610e+01,-2.140120507974074826e-04
-1.795000000000000068e-02,1.683203292153875807e+01,1.683222849020571132e+01,-1.955686669532497035e-04
-1.789999999999999925e-02,1.684328792153876009e+01,1.684346570139941690e+01,-1.777798606568126161e-04
-1.785000000000000128e-02,1.685451192153875866e+01,1.685467156717067638e+01,-1.596456319177264049e-04
-1.779999999999999985e-02,1.686570492153875733e+01,1.686584608746706593e+01,-1.411659283085953120e-04
-1.774999999999999842e-02,1.687686592153875864e+01,1.687698926239342612e+01,-1.233408546674752415e-04
-1.770000000000000046e-02,1.688799592153876006e+01,1.688810109189734021e+01,-1.051703585801533336e-04
-1.764999999999999902e-02,1.689909492153875803e+01,1.689918157597880466e+01,-8.665444004662958832e-05
-1.760000000000000106e-02,1.691016192153875863e+01,1.691023071469023975e+01,-6.879315148111686540e-05
-1.754999999999999963e-02,1.692119792153875935e+01,1.692124850792680490e+01,-5.058638804555926072e-05
-1.750000000000000167e-02,1.693220292153876017e+01,1.693223495584576810e+01,-3.203430700793319374e-05
-1.745000000000000023e-02,1.694317592153876006e+01,1.694319005828985780e+01,-1.413675109773748773e-05
-1.739999999999999880e-02,1.695411792153876007e+01,1.695411381541634199e+01,4.106122418079394265e-06
-1.735000000000000084e-02,1.696502792153875916e+01,1.696500622706795625e+01,2.169447080291320162e-05
-1.729999999999999941e-02,1.697590692153875835e+01,1.697586729340196499e+01,3.962813679336818495e-05
-1.725000000000000144e-02,1.698675492153875766e+01,1.698669701436594437e+01,5.790717281328738864e-05
-1.720000000000000001e-02,1.699757092153875959e+01,1.699749538990747411e+01,7.553163128548590066e-05
-1.714999999999999858e-02,1.700835592153875808e+01,1.700826242007897804e+01,9.350145978004320568e-05
-1.710000000000000062e-02,1.701910992153876023e+01,1.701899810488045262e+01,1.118166583076174447e-04
-1.704999999999999918e-02,1.702983192153875791e+01,1.702970244431189784e+01,1.294772268600752341e-04
-1.700000000000000122e-02,1.704052292153875925e+01,1.704037543837331370e+01,1.474831654455499574e-04
-1.694999999999999979e-02,1.705118292153875714e+01,1.705101708706470376e+01,1.658344740533834738e-04
-1.689999999999999836e-02,1.706181092153875767e+01,1.706162739038606446e+01,1.835311526932059678e-04
-1.685000000000000039e-02,1.707240792153875830e+01,1.707220634838981965e+01,2.015731489386496378e-04
-1.679999999999999896e-02,1.708297292153875802e+01,1.708275396102354549e+01,2.189605152125295717e-04
-1.675000000000000100e-02,1.709350692153875784e+01,1.709327022828724196e+01,2.366932515158737260e-04
-1.669999999999999957e-02,1.710400992153875777e+01,1.710375515023332582e+01,2.547713054319444836e-04
-1.665000000000000160e-02,1.711448092153876033e+01,1.711420872686180772e+01,2.721946769526084609e-04
-1.660000000000000017e-02,1.712492192153875692e+01,1.712463095806783997e+01,2.909634709169495181e-04
-1.654999999999999874e-02,1.713532992153875867e+01,1.713502184400868344e+01,3.080775300752236490e-04
-1.650000000000000078e-02,1.714570692153876053e+01,1.714538138457949756e+01,3.255369592629620001e-04
-1.644999999999999934e-02,1.715605292153875894e+01,1.715570957988512646e+01,3.433416536324784829e-04
-1.640000000000000138e-02,1.716636792153875746e+01,1.716600642976830571e+01,3.614917704517495167e-04
-1.634999999999999995e-02,1.717665092153875861e+01,1.717627193438629618e+01,3.789871524624288668e-04
-1.629999999999999852e-02,1.718690292153875987e+01,1.718650609363426085e+01,3.968279044990197235e-04
-1.625000000000000056e-02,1.719712392153875768e+01,1.719670890761703674e+01,4.150139217209414255e-04
-1.619999999999999912e-02,1.720731292153875813e+01,1.720688037628220357e+01,4.325452565545617745e-04
-1.615000000000000116e-02,1.721746992153875766e+01,1.721702049957734104e+01,4.494219614166183874e-04
-1.609999999999999973e-02,1.722759692153875832e+01,1.722712927760729329e+01,4.676439314650338019e-04
-1.604999999999999830e-02,1.723769192153875807e+01,1.723720671031963647e+01,4.852112191215951498e-04
-1.600000000000000033e-02,1.724775492153875689e+01,1.724725279776679088e+01,5.021237719660121002e-04
-1.594999999999999890e-02,1.725778792153875685e+01,1.725726753984391593e+01,5.203816948409212273e-04
-1.590000000000000094e-02,1.726778892153875944e+01,1.726725093670827249e+01,5.379848304869483400e-04
-1.584999999999999951e-02,1.727775792153875756e+01,1.727720298820260325e+01,5.549333361543062892e-04
-1.580000000000000154e-02,1.728769592153875934e+01,1.728712369448416197e+01,5.722270545973628941e-04
-1.575000000000000011e-02,1.729760292153875767e+01,1.729701305539569489e+01,5.898661430627782920e-04
-1.569999999999999868e-02,1.730747792153875864e+01,1.730687107109446288e+01,6.068504442957589617e-04
-1.565000000000000072e-02,1.731732292153875719e+01,1.731669774147561824e+01,6.251800631389414775e-04
-1.559999999999999928e-02,1.732713492153875734e+01,1.732649306659158839e+01,6.418549471689516395e-04
-1.554999999999999959e-02,1.733691692153875863e+01,1.733625704638994947e+01,6.598751488091636475e-04
-1.549999999999999989e-02,1.734666592153875797e+01,1.734598968097554561e+01,6.762405632123602572e-04
-1.545000000000000019e-02,1.735638492153875845e+01,1.735569097024352914e+01,6.939512952293114267e-04
-1.540000000000000049e-02,1.736607192153875800e+01,1.736536091429874773e+01,7.110072400102751544e-04
-1.535000000000000080e-02,1.737572792153875767e+01,1.737499951303635726e+01,7.284085024004127717e-04
-1.529999999999999936e-02,1.738535292153875744e+01,1.738460676656119830e+01,7.461549775591436173e-04
-1.524999999999999967e-02,1.739494592153875985e+01,1.739418267476843027e+01,7.632467703295731098e-04
-1.519999999999999997e-02,1.740450692153875778e+01,1.740372723776289376e+01,7.796837758640151606e-04
-1.515000000000000027e-02,1.741403792153875685e+01,1.741324045549217203e+01,7.974660465848160129e-04
-1.510000000000000057e-02,1.742353692153875855e+01,1.742272232800868181e+01,8.145935300767348508e-04
-1.504999999999999914e-02,1.743300392153875933e+01,1.743217285526000282e+01,8.310662787565092913e-04
-1.499999999999999944e-02,1.744243992153876022e+01,1.744159203724613505e+01,8.478842926251672907e-04
-1.494999999999999975e-02,1.745184492153875766e+01,1.745097987401949879e+01,8.650475192588658047e-04
-1.490000000000000005e-02,1.746121892153875876e+01,1.746033636552767376e+01,8.825560110850005913e-04
-1.485000000000000035e-02,1.747056092153875895e+01,1.746966151182308025e+01,8.994097156787006497e-04
-1.480000000000000066e-02,1.747987192153875924e+01,1.747895531290572180e+01,9.166086330374412228e-04
-1.474999999999999922e-02,1.748915092153875861e+01,1.748821776872317457e+01,9.331528155840373984e-04
-1.469999999999999953e-02,1.749839892153875809e+01,1.749744887932785886e+01,9.500422108992268022e-04
-1.464999999999999983e-02,1.750761592153875768e+01,1.750664864471977822e+01,9.672768189794567206e-04
-1.460000000000000013e-02,1.751680092153875989e+01,1.751581706489892554e+01,9.838566398343573383e-04
-1.455000000000000043e-02,1.752595492153875867e+01,1.752495413981288763e+01,1.000781725871036087e-03
-1.450000000000000074e-02,1.753507692153876008e+01,1.753405986956649798e+01,1.017051972262095205e-03
-1.444999999999999930e-02,1.754416792153875804e+01,1.754313425405492310e+01,1.033667483834932455e-03
-1.439999999999999961e-02,1.755322792153875966e+01,1.755217729338300003e+01,1.050628155759625315e-03
-1.434999999999999991e-02,1.756225592153875681e+01,1.756118898744588819e+01,1.066934092868621065e-03
-1.430000000000000021e-02,1.757125292153875762e+01,1.757016933640084844e+01,1.083585137909182095e-03
-1.425000000000000051e-02,1.758021892153875854e+01,1.757911834009062346e+01,1.100581448135073970e-03
-1.420000000000000082e-02,1.758915292153875853e+01,1.758803599856762645e+01,1.116922971132083831e-03
-1.414999999999999938e-02,1.759805592153875864e+01,1.759692231188428480e+01,1.133609654473843875e-03
-1.409999999999999969e-02,1.760692692153875782e+01,1.760577727998817110e+01,1.149641550586721905e-03
-1.404999999999999999e-02,1.761576792153875815e+01,1.761460090293171277e+01,1.167018607045378076e-03
-1.400000000000000029e-02,1.762457592153876007e+01,1.762339318066248595e+01,1.182740876274124275e-03
-1.395000000000000059e-02,1.763335392153875958e+01,1.763215411323290738e+01,1.199808305852201329e-03
-1.389999999999999916e-02,1.764209892153875714e+01,1.764088370059056388e+01,1.215220948193262984e-03
-1.384999999999999946e-02,1.765081392153875939e+01,1.764958194278787218e+01,1.231978750887208207e-03
-1.379999999999999977e-02,1.765949692153875716e+01,1.765824883977241555e+01,1.248081766341613275e-03
-1.375000000000000007e-02,1.766814892153875860e+01,1.766688439164902746e+01,1.264529889731136336e-03
-1.370000000000000037e-02,1.767676892153875912e+01,1.767548859831287444e+01,1.280323225884671956e-03
-1.365000000000000067e-02,1.768535892153875722e+01,1.768406145981636968e+01,1.297461722387538430e-03
-1.359999999999999924e-02,1.769391592153876047e+01,1.769260297610709998e+01,1.312945431660494933e-03
-1.354999999999999954e-02,1.770244192153876028e+01,1.770111314728990237e+01,1.328774248857911289e-03
-1.349999999999999985e-02,1.771093692153876020e+01,1.770959197331235657e+01,1.344948226403630542e-03
-1.345000000000000015e-02,1.771940092153876023e+01,1.771803945417445902e+01,1.361467364301205407e-03
-1.340000000000000045e-02,1.772783292153875934e+01,1.772645558987621683e+01,1.377331662542502499e-03
-1.335000000000000075e-02,1.773623392153875855e+01,1.773484038041762645e+01,1.393541121132102489e-03
-1.329999999999999932e-02,1.774460292153875685e+01,1.774319382579868787e+01,1.409095740068977420e-03
-1.324999999999999963e-02,1.775294092153875880e+01,1.775151592601940465e+01,1.424995519354155249e-03
-1.319999999999999993e-02,1.776124792153875731e+01,1.775980668113218996e+01,1.441240406567345644e-03
-1.315000000000000023e-02,1.776952292153875845e+01,1.776806609108462709e+01,1.456830454131363695e-03
-1.310000000000000053e-02,1.777776692153875970e+01,1.777629415587671602e+01,1.472765662043684642e-03
-1.305000000000000084e-02,1.778597892153876003e+01,1.778449087556087704e+01,1.488045977882990201e-03
-1.299999999999999940e-02,1.779415992153875692e+01,1.779265625008468987e+01,1.503671454067045943e-03
-1.294999999999999971e-02,1.780230992153875746e+01,1.780079027950057835e+01,1.519642038179114252e-03
-1.290000000000000001e-02,1.781042792153875709e+01,1.780889296375611508e+01,1.534957782642010216e-03
-1.285000000000000031e-02,1.781851492153875682e+01,1.781696430290372746e+01,1.550618635029366033e-03
-1.280000000000000061e-02,1.782657092153876022e+01,1.782500429694341193e+01,1.566624595348287130e-03
-1.274999999999999918e-02,1.783459492153875914e+01,1.783301294582274465e+01,1.581975716014483169e-03
-1.269999999999999948e-02,1.784258792153875817e+01,1.784099024959415303e+01,1.597671944605139061e-03
-1.264999999999999979e-02,1.785054902153875744e+01,1.784893620825763350e+01,1.612813281123948173e-03
-1.260000000000000009e-02,1.785847902153875921e+01,1.785685082176076222e+01,1.628199777996997000e-03
-1.255000000000000039e-02,1.786637762153875997e+01,1.786473409020838687e+01,1.643531330373093624e-03
-1.250000000000000069e-02,1.787424482153875971e+01,1.787258601354808363e+01,1.658807990676081090e-03
-1.244999999999999926e-02,1.788208062153875844e+01,1.788040659172743219e+01,1.674029811326249728e-03
-1.239999999999999956e-02,1.788988512153875732e+01,1.788819582479884929e+01,1.689296739908030531e-03
-1.234999999999999987e-02,1.789765822153875874e+01,1.789595371276234204e+01,1.704508776416702176e-03
-1.230000000000000017e-02,1.790539982153875798e+01,1.790368025567032717e+01,1.719565868430805722e-03
-1.225000000000000047e-02,1.791311012153875737e+01,1.791137545347038440e+01,1.734668068372968719e-03
-1.220000000000000077e-02,1.792078902153875930e+01,1.791903930616251372e+01,1.749715376245575271e-03
-1.214999999999999934e-02,1.792843652153876022e+01,1.792667181374671159e+01,1.764707792048625379e-03
-1.209999999999999964e-02,1.793605272153875774e+01,1.793427297622298155e+01,1.779745315776182224e-03
-1.204999999999999995e-02,1.794363742153876018e+01,1.794184279364374746e+01,1.794627895012723684e-03
-1.200000000000000025e-02,1.795119072153875805e+01,1.794938126595658545e+01,1.809455582172603272e-03
-1.195000000000000055e-02,1.795871272153875964e+01,1.795688839321391583e+01,1.824328324843804694e-03
-1.190000000000000085e-02,1.796620332153876021e+01,1.796436417531089802e+01,1.839146227862187288e-03
-1.184999999999999942e-02,1.797366242153875859e+01,1.797180861240478933e+01,1.853809133969264167e-03
-1.179999999999999973e-02,1.798109022153875713e+01,1.797922170433833600e+01,1.868517200421138114e-03
-1.175000000000000003e-02,1.798848662153875821e+01,1.798660345126879534e+01,1.883170269962874954e-03
-1.170000000000000033e-02,1.799585162153875828e+01,1.799395385309132678e+01,1.897768447431502636e-03
-1.165000000000000063e-02,1.800318532153875850e+01,1.800127290985835060e+01,1.912411680407899439e-03
-1.159999999999999920e-02,1.801048752153876009e+01,1.800856062156986326e+01,1.926899968896833570e-03
-1.154999999999999950e-02,1.801775832153875712e+01,1.801581698817345156e+01,1.941333365305553116e-03
-1.149999999999999981e-02,1.802499782153875785e+01,1.802304200972152870e+01,1.955811817229147209e-03
-1.145000000000000011e-02,1.803220582153875995e+01,1.803023568616168149e+01,1.970135377078463534e-03
-1.140000000000000041e-02,1.803938252153875865e+01,1.803739801759874695e+01,1.984503940011705936e-03
-1.135000000000000071e-02,1.804652782153875989e+01,1.804452900398030124e+01,1.998817558458654275e-03
-1.129999999999999928e-02,1.805364172153876012e+01,1.805162864525393118e+01,2.013076284828940743e-03
-1.124999999999999958e-02,1.806072422153875934e+01,1.805869694152446669e+01,2.027280014292642818e-03
-1.119999999999999989e-02,1.806777522153875992e+01,1.806573389268708141e+01,2.041328851678514411e-03
-1.115000000000000019e-02,1.807479502153875828e+01,1.807273949884660524e+01,2.055522692153033404e-03
-1.110000000000000049e-02,1.808178332153875800e+01,1.807971375989820118e+01,2.069561640556827342e-03
-1.105000000000000079e-02,1.808874022153876027e+01,1.808665667594670978e+01,2.083545592050484174e-03
-1.099999999999999936e-02,1.809566572153875796e+01,1.809356824693971433e+01,2.097474599043636090e-03
-1.094999999999999966e-02,1.810255992153875937e+01,1.810044847287720771e+01,2.111448661551662553e-03
-1.089999999999999997e-02,1.810942262153875859e+01,1.810729735381161376e+01,2.125267727144830587e-03
-1.085000000000000027e-02,1.811625392153876035e+01,1.811411488963809191e+01,2.139031900668442177e-03
-1.080000000000000057e-02,1.812305392153875871e+01,1.812090108046148274e+01,2.152841077275979842e-03
-1.074999999999999914e-02,1.812982252153875962e+01,1.812765592628178624e+01,2.166595256973380401e-03
-1.069999999999999944e-02,1.813655962153875834e+01,1.813437942704657857e+01,2.180194492179765575e-03
-1.064999999999999974e-02,1.814326542153875721e+01,1.814107158275586684e+01,2.193838782890367156e-03
-1.060000000000000005e-02,1.814993982153875862e+01,1.814773239340964750e+01,2.207428129111121962e-03
-1.055000000000000035e-02,1.815658282153875902e+01,1.815436185911275757e+01,2.220962426001449330e-03
-1.050000000000000065e-02,1.816319442153875841e+01,1.816095997976036358e+01,2.234441778394824496e-03
-1.044999999999999922e-02,1.816977452153875916e+01,1.816752675535245842e+01,2.247766186300736990e-03
-1.039999999999999952e-02,1.817632332153876007e+01,1.817406218594146949e+01,2.261135597290575561e-03
-1.034999999999999983e-02,1.818284072153875996e+01,1.818056627147496584e+01,2.274450063794120069e-03
-1.030000000000000013e-02,1.818932672153875885e+01,1.818703901205779871e+01,2.287709480960131714e-03
-1.025000000000000043e-02,1.819578142153875788e+01,1.819348040758512397e+01,2.301013953633912479e-03
-1.020000000000000073e-02,1.820220462153875829e+01,1.819989045810936190e+01,2.314163429396387528e-03
-1.014999999999999930e-02,1.820859642153875768e+01,1.820626916357809222e+01,2.327257960665463088e-03
-1.009999999999999960e-02,1.821495682153875961e+01,1.821261652409615550e+01,2.340297442604111211e-03
-1.004999999999999991e-02,1.822128582153875698e+01,1.821893253961113146e+01,2.353281927625516801e-03
-1.000000000000000021e-02,1.822758352153875805e+01,1.822521721007059625e+01,2.366311468161796938e-03
-9.950000000000000511e-03,1.823384972153876049e+01,1.823147053552697727e+01,2.379186011783218646e-03
-9.900000000000000813e-03,1.824008452153875837e+01,1.823769251598026742e+01,2.392005558490950534e-03
-9.849999999999999381e-03,1.824628802153875995e+01,1.824388315148289408e+01,2.404870055865870881e-03
-9.799999999999999684e-03,1.825246002153875935e+01,1.825004244193000957e+01,2.417579608749775844e-03
-9.749999999999999986e-03,1.825860062153875774e+01,1.825617038737403774e+01,2.430234164719990986e-03
-9.700000000000000289e-03,1.826470992153875983e+01,1.826226698786739888e+01,2.442933671360947301e-03
-9.650000000000000591e-03,1.827078772153875974e+01,1.826833224335767270e+01,2.455478181087045186e-03
-9.599999999999999159e-03,1.827683422153875981e+01,1.827436615379243534e+01,2.468067746324464906e-03
-9.549999999999999462e-03,1.828284922153875769e+01,1.828036871927653451e+01,2.480502262223183152e-03
-9.499999999999999764e-03,1.828883292153875928e+01,1.828633993975754635e+01,2.492981781212932901e-03
-9.450000000000000067e-03,1.829478512153875869e+01,1.829227981528788405e+01,2.505306250874639318e-03
-9.400000000000000369e-03,1.830070602153875825e+01,1.829818834581513798e+01,2.517675723620271810e-03
-9.350000000000000672e-03,1.830659542153875918e+01,1.830406553133930458e+01,2.529890199454598587e-03
-9.299999999999999239e-03,1.831245352153876027e+01,1.830991137191280416e+01,2.542149625956113823e-03
-9.249999999999999542e-03,1.831828012153875918e+01,1.831572586743079611e+01,2.554254107963060960e-03
-9.199999999999999845e-03,1.832407542153875823e+01,1.832150901805054133e+01,2.566403488216906226e-03
-9.150000000000000147e-03,1.832983922153875866e+01,1.832726082366719567e+01,2.578397871562998489e-03
-9.100000000000000450e-03,1.833557172153875925e+01,1.833298128428076623e+01,2.590437257993016829e-03
-9.050000000000000752e-03,1.834127272153875765e+01,1.833867039994366621e+01,2.602321595091439121e-03
-8.999999999999999320e-03,1.834694242153875976e+01,1.834432817060348242e+01,2.614250935277340204e-03
-8.949999999999999623e-03,1.835258062153875969e+01,1.834995459636504833e+01,2.626025173711354910e-03
-8.899999999999999925e-03,1.835818752153875977e+01,1.835554967707110308e+01,2.637844467656691450e-03
-8.850000000000000228e-03,1.836376292153875767e+01,1.836111341287891463e+01,2.649508659843036185e-03
-8.800000000000000530e-03,1.836930702153875927e+01,1.836664580368363886e+01,2.661217855120412423e-03
-8.750000000000000833e-03,1.837481962153875870e+01,1.837214684948527221e+01,2.672772053486482946e-03
-8.699999999999999400e-03,1.838030092153875827e+01,1.837761655038866238e+01,2.684371150095898884e-03
-8.649999999999999703e-03,1.838575072153875922e+01,1.838305490628896166e+01,2.695815249797561819e-03
-8.600000000000000006e-03,1.839116922153876033e+01,1.838846191723859391e+01,2.707304300166413213e-03
-8.550000000000000308e-03,1.839655622153875925e+01,1.839383758323755558e+01,2.718638301203668561e-03
-8.500000000000000611e-03,1.840191182153875715e+01,1.839918190428585021e+01,2.729917252906943759e-03
-8.449999999999999178e-03,1.840723612153875877e+01,1.840449488038348136e+01,2.741241155277407415e-03
-8.399999999999999481e-03,1.841252892153875820e+01,1.840977651147802163e+01,2.752410060736565356e-03
-8.349999999999999784e-03,1.841779032153876017e+01,1.841502679767431516e+01,2.763523864445005529e-03
-8.300000000000000086e-03,1.842302042153875874e+01,1.842024573886752492e+01,2.774682671233819065e-03
-8.250000000000000389e-03,1.842821902153875868e+01,1.842543333516248083e+01,2.785686376277851650e-03
-8.200000000000000691e-03,1.843338622153875761e+01,1.843058958645435297e+01,2.796635084404641702e-03
-8.149999999999999259e-03,1.843852202153875908e+01,1.843571449284797836e+01,2.807528690780713987e-03
-8.099999999999999561e-03,1.844362642153875953e+01,1.844080805429093317e+01,2.818367247826358835e-03
-8.049999999999999864e-03,1.844869942153875897e+01,1.844587027073080066e+01,2.829150807958313862e-03
-8.000000000000000167e-03,1.845374112153875856e+01,1.845090114227242140e+01,2.839979266337167019e-03
-7.950000000000000469e-03,1.845875132153875953e+01,1.845590066886337510e+01,2.850652675384424128e-03
-7.900000000000000772e-03,1.846373012153875948e+01,1.846086885050366178e+01,2.861271035097701088e-03
-7.849999999999999339e-03,1.846867752153875841e+01,1.846580568724569815e+01,2.871834293060260279e-03
-7.799999999999999642e-03,1.847359342153875872e+01,1.847071117903707105e+01,2.882242501687670710e-03
-7.749999999999999944e-03,1.847847802153875918e+01,1.847558532582535307e+01,2.892695713406112645e-03
-7.700000000000000247e-03,1.848333122153875863e+01,1.848042812771538834e+01,2.903093823370284099e-03
-7.649999999999999682e-03,1.848815302153875706e+01,1.848523958470717332e+01,2.913436831583737785e-03
-7.599999999999999985e-03,1.849294342153875803e+01,1.849001969674829127e+01,2.923724790466764034e-03
-7.550000000000000287e-03,1.849770232153876037e+01,1.849476846389116602e+01,2.933857647594351192e-03
-7.499999999999999722e-03,1.850242992153875932e+01,1.849948588603094990e+01,2.944035507809417140e-03
-7.450000000000000025e-03,1.850712602153875963e+01,1.850417196327248703e+01,2.954058266272596711e-03
-7.400000000000000328e-03,1.851179082153876010e+01,1.850882669561577742e+01,2.964125922982674410e-03
-7.349999999999999763e-03,1.851642412153875838e+01,1.851345008300839723e+01,2.974038530361156063e-03
-7.300000000000000065e-03,1.852102612153876038e+01,1.851804212545035355e+01,2.983996088406826175e-03
-7.250000000000000368e-03,1.852559662153876019e+01,1.852260282299405958e+01,2.993798544700609909e-03
-7.199999999999999803e-03,1.853013572153875899e+01,1.852713217558709857e+01,3.003545951660413493e-03
-7.150000000000000105e-03,1.853464352153875794e+01,1.853163018333431111e+01,3.013338204446824875e-03
-7.100000000000000408e-03,1.853911982153875826e+01,1.853609684607843278e+01,3.022975460325483255e-03
-7.049999999999999843e-03,1.854356472153875757e+01,1.854053216392431125e+01,3.032557614446318439e-03
-7.000000000000000146e-03,1.854797822153875941e+01,1.854493613687193942e+01,3.042084666819988570e-03
-6.949999999999999581e-03,1.855236032153876025e+01,1.854930876492132086e+01,3.051556617439388219e-03
-6.899999999999999883e-03,1.855671102153876006e+01,1.855365004802003526e+01,3.060973518724807718e-03
-6.850000000000000186e-03,1.856103032153875887e+01,1.855795998622050291e+01,3.070335318255956736e-03
-6.799999999999999621e-03,1.856531812153875904e+01,1.856223857952272027e+01,3.079542016038772090e-03
-6.749999999999999924e-03,1.856957462153875937e+01,1.856648582787426704e+01,3.088793664492328617e-03
-6.700000000000000226e-03,1.857379972153875869e+01,1.857070173132757063e+01,3.097990211188061949e-03
-6.649999999999999661e-03,1.857799332153875937e+01,1.857488628988262747e+01,3.107031656131908903e-03
-6.599999999999999964e-03,1.858215562153876022e+01,1.857903950353943401e+01,3.116117999326206700e-03
-6.550000000000000266e-03,1.858628642153875887e+01,1.858316137224557707e+01,3.125049293181803023e-03
-6.499999999999999702e-03,1.859038582153876007e+01,1.858725189605346984e+01,3.133925485290234292e-03
-6.450000000000000004e-03,1.859445382153876025e+01,1.859131107501553615e+01,3.142746523224104749e-03
-6.400000000000000307e-03,1.859849052153875704e+01,1.859533890902693187e+01,3.151612511825163665e-03
-6.349999999999999742e-03,1.860249572153875874e+01,1.859933539814008441e+01,3.160323398674336204e-03
-6.300000000000000044e-03,1.860646952153875944e+01,1.860330054235498665e+01,3.168979183772790975e-03
-6.250000000000000347e-03,1.861041182153875795e+01,1.860723434161922185e+01,3.177479919536096986e-03
-6.199999999999999782e-03,1.861432282153876017e+01,1.861113679603763060e+01,3.186025501129563509e-03
-6.150000000000000085e-03,1.861820242153875782e+01,1.861500790555779261e+01,3.194515980965206836e-03
-6.100000000000000387e-03,1.862205062153875801e+01,1.861884767017970432e+01,3.202951359053685110e-03
-6.049999999999999822e-03,1.862586732153875957e+01,1.862265608985094900e+01,3.211231687810567337e-03
-6.000000000000000125e-03,1.862965272153875773e+01,1.862643316467636723e+01,3.219556862390504648e-03
-5.950000000000000427e-03,1.863340662153875726e+01,1.863017889460353871e+01,3.227726935218555582e-03
-5.899999999999999863e-03,1.863712912153875934e+01,1.863389327963245989e+01,3.235841906299441462e-03
-5.850000000000000165e-03,1.864082022153876039e+01,1.863757631976313078e+01,3.243901775629609574e-03
-5.799999999999999600e-03,1.864447992153876044e+01,1.864122801504797877e+01,3.251906490781664161e-03
-5.749999999999999903e-03,1.864810822153875947e+01,1.864484836538215973e+01,3.259856156599738597e-03
-5.700000000000000205e-03,1.865170512153875748e+01,1.864843737087051068e+01,3.267750668246804935e-03
-5.649999999999999641e-03,1.865527062153875804e+01,1.865199503140819814e+01,3.275590130559891122e-03
-5.599999999999999943e-03,1.865880472153875758e+01,1.865552134710005561e+01,3.283374438701969211e-03
-5.550000000000000246e-03,1.866230732153875849e+01,1.865901631789366277e+01,3.291003645095713637e-03
-5.499999999999999681e-03,1.866577862153875955e+01,1.866247994378902675e+01,3.298677749732803477e-03
-5.449999999999999983e-03,1.866921842153875843e+01,1.866591222478614043e+01,3.306196752618006940e-03
-5.400000000000000286e-03,1.867262682153875986e+01,1.866931316093742765e+01,3.313660601332202305e-03
-5.349999999999999721e-03,1.867600392153875788e+01,1.867268275219046814e+01,3.321169348289743084e-03
-5.300000000000000024e-03,1.867934952153875727e+01,1.867602099854526188e+01,3.328522993495397486e-03
-5.250000000000000326e-03,1.868266372153875921e+01,1.867932790005422561e+01,3.335821484533596504e-03
-5.199999999999999761e-03,1.868594642153875895e+01,1.868260345661252231e+01,3.342964926236646761e-03
-5.150000000000000064e-03,1.868919782153875886e+01,1.868584766837741284e+01,3.350153161346014485e-03
-5.100000000000000366e-03,1.869241782153875775e+01,1.868906053519163635e+01,3.357286347121402059e-03
-5.049999999999999802e-03,1.869560632153875801e+01,1.869224205716002984e+01,3.364264378728165639e-03
-5.000000000000000104e-03,1.869876352153875843e+01,1.869539223423017660e+01,3.371287308581827347e-03
-4.950000000000000407e-03,1.870188922153876021e+01,1.869851106645449335e+01,3.378155084266865060e-03
-4.899999999999999842e-03,1.870498352153875743e+01,1.870159855378056335e+01,3.384967758194079579e-03
-4.850000000000000144e-03,1.870804642153875719e+01,1.870465469620839016e+01,3.391725330367023616e-03
-4.799999999999999580e-03,1.871107792153875948e+01,1.870767949379038697e+01,3.398427748372512269e-03
-4.749999999999999882e-03,1.871407802153875721e+01,1.871067294647413704e+01,3.405075064620177727e-03
-4.700000000000000185e-03,1.871704672153875748e+01,1.871363505431205709e+01,3.411667226700387801e-03
-4.649999999999999620e-03,1.871998392153875912e+01,1.871656581725173396e+01,3.418104287025158783e-03
-4.599999999999999922e-03,1.872288982153875736e+01,1.871946523534558082e+01,3.424586193176537563e-03
-4.550000000000000225e-03,1.872576422153875697e+01,1.872233330854117739e+01,3.430912997579582679e-03
-4.499999999999999660e-03,1.872860732153876029e+01,1.872517003683853076e+01,3.437284700229525924e-03
-4.449999999999999963e-03,1.873141892153875787e+01,1.872797542029005413e+01,3.443501248703739748e-03
-4.400000000000000265e-03,1.873419912153875799e+01,1.873074945889575105e+01,3.449662643006945473e-03
-4.349999999999999700e-03,1.873694792153875710e+01,1.873349215260320122e+01,3.455768935555880716e-03
-4.300000000000000003e-03,1.873966522153875758e+01,1.873620350146482494e+01,3.461720073932639252e-03
-4.250000000000000305e-03,1.874235122153875821e+01,1.873888350542819836e+01,3.467716110559848630e-03
-4.199999999999999740e-03,1.874500582153875783e+01,1.874153216454574533e+01,3.473656993012497196e-03
-4.150000000000000043e-03,1.874762892153875882e+01,1.874414947876504556e+01,3.479442773713259385e-03
-4.100000000000000346e-03,1.875022063153875962e+01,1.874673544813851578e+01,3.485183400243840879e-03
-4.049999999999999781e-03,1.875278095153876023e+01,1.874929007266615599e+01,3.490878872604241678e-03
-4.000000000000000083e-03,1.875530985153875818e+01,1.875181335229555302e+01,3.496499243205164476e-03
-3.950000000000000386e-03,1.875780733153875701e+01,1.875430528707912359e+01,3.502044459633424367e-03
-3.899999999999999821e-03,1.876027341153875838e+01,1.875676587701686415e+01,3.507534521894228874e-03
-3.850000000000000124e-03,1.876270807153875708e+01,1.875919512205636153e+01,3.512949482395555378e-03
-3.799999999999999992e-03,1.876511132153875749e+01,1.876159302225002534e+01,3.518299288732151808e-03
-3.749999999999999861e-03,1.876748315153875879e+01,1.876395957754544597e+01,3.523573993312822950e-03
-3.700000000000000164e-03,1.876982357153875824e+01,1.876629478799503659e+01,3.528783543721658589e-03
-3.650000000000000033e-03,1.877213258153875941e+01,1.876859865359880430e+01,3.533927939955106012e-03
-3.599999999999999901e-03,1.877441018153875874e+01,1.877087117435673846e+01,3.539007182020270648e-03
-3.550000000000000204e-03,1.877665636153875894e+01,1.877311235021642943e+01,3.544011322329509994e-03
-3.500000000000000073e-03,1.877887113153875731e+01,1.877532218123029040e+01,3.548950308466913839e-03
-3.449999999999999942e-03,1.878105448153876011e+01,1.877750066734590462e+01,3.553814192855497822e-03
-3.399999999999999811e-03,1.878320642153875752e+01,1.877964780866811267e+01,3.558612870644850545e-03
-3.350000000000000113e-03,1.878532695153876020e+01,1.878176360509207043e+01,3.563346446689763525e-03
-3.299999999999999982e-03,1.878741606153876020e+01,1.878384805667020530e+01,3.568004868554908171e-03
-3.249999999999999851e-03,1.878947376153875837e+01,1.878590116335008986e+01,3.572598188668507646e-03
-3.200000000000000153e-03,1.879150005153875824e+01,1.878792292523656471e+01,3.577126302193534002e-03
-3.150000000000000022e-03,1.879349492153875900e+01,1.878991334222479281e+01,3.581579313966187783e-03
-3.099999999999999891e-03,1.879545837153875709e+01,1.879187241436719447e+01,3.585957171562625945e-03
-3.050000000000000194e-03,1.879739042153875772e+01,1.879380014161134582e+01,3.590279927411899052e-03
-3.000000000000000062e-03,1.879929105153875923e+01,1.879569652406209457e+01,3.594527476664666210e-03
-2.949999999999999931e-03,1.880116026153875808e+01,1.879756156161459302e+01,3.598699924165060793e-03
-2.899999999999999800e-03,1.880299806153875863e+01,1.879939525432126501e+01,3.602807217493619873e-03
-2.850000000000000103e-03,1.880480445153875735e+01,1.880119760218211056e+01,3.606849356646790739e-03
-2.799999999999999972e-03,1.880657942153875695e+01,1.880296860519712610e+01,3.610816341630851412e-03
-2.749999999999999840e-03,1.880832297153875743e+01,1.880470826331389844e+01,3.614708224858986796e-03
-2.700000000000000143e-03,1.881003512153876045e+01,1.880641657658484078e+01,3.618544953919666796e-03
-2.650000000000000012e-03,1.881171585153875725e+01,1.880809354500995312e+01,3.622306528804131176e-03
-2.599999999999999881e-03,1.881336516153875849e+01,1.880973916858924255e+01,3.625992949515932651e-03
-2.550000000000000183e-03,1.881498306153875788e+01,1.881135344732270198e+01,3.629614216055898623e-03
-2.500000000000000052e-03,1.881656954153875816e+01,1.881293638121033140e+01,3.633160328426754404e-03
-2.449999999999999921e-03,1.881812461153876015e+01,1.881448797019971764e+01,3.636641339042512300e-03
-2.399999999999999790e-03,1.881964827153876030e+01,1.881600821434327386e+01,3.640057195486434694e-03
-2.350000000000000092e-03,1.882114050153875695e+01,1.881749711364100364e+01,3.643387897753314064e-03
-2.299999999999999961e-03,1.882260133153875969e+01,1.881895466814532725e+01,3.646663393432447720e-03
-2.249999999999999830e-03,1.882403074153875977e+01,1.882038087769897672e+01,3.649863839783051844e-03
-2.200000000000000133e-03,1.882542873153875718e+01,1.882177574245922358e+01,3.652989079533597305e-03
-2.150000000000000001e-03,1.882679531153875985e+01,1.882313926237364399e+01,3.656049165115859978e-03
-2.099999999999999870e-03,1.882813048153875712e+01,1.882447143738981765e+01,3.659044148939472052e-03
-2.050000000000000173e-03,1.882943423153875884e+01,1.882577226756016131e+01,3.661963978597526648e-03
-2.000000000000000042e-03,1.883070656153875788e+01,1.882704175288467852e+01,3.664808654079365624e-03
-1.949999999999999910e-03,1.883194748153875864e+01,1.882827989336336927e+01,3.667588175389369098e-03
-1.899999999999999996e-03,1.883315699153875755e+01,1.882948668899623001e+01,3.670302542527537071e-03
-1.850000000000000082e-03,1.883433508153875735e+01,1.883066213978326786e+01,3.672941755489489424e-03
-1.799999999999999951e-03,1.883548175153875803e+01,1.883180624572447215e+01,3.675505814285884298e-03
-1.750000000000000036e-03,1.883659701153876043e+01,1.883291900676743325e+01,3.678004771327181288e-03
-1.699999999999999905e-03,1.883768085153876015e+01,1.883400042296456434e+01,3.680428574195815372e-03
-1.649999999999999991e-03,1.883873328153875804e+01,1.883505049436828926e+01,3.682787170468770910e-03
-1.600000000000000077e-03,1.883975429253876044e+01,1.883606922087376745e+01,3.685071664992989326e-03
-1.549999999999999946e-03,1.884074388953875712e+01,1.883705660253341918e+01,3.687287005337935852e-03
-1.500000000000000031e-03,1.884170207053875856e+01,1.883801263934724091e+01,3.689431191517655861e-03
-1.449999999999999900e-03,1.884262883653875775e+01,1.883893733131523618e+01,3.691505223521573953e-03
-1.399999999999999986e-03,1.884352418653875816e+01,1.883983067843740145e+01,3.693508101356712814e-03
-1.350000000000000071e-03,1.884438812153875986e+01,1.884069268066131997e+01,3.695440877439892802e-03
-1.299999999999999940e-03,1.884522064053875923e+01,1.884152333803941204e+01,3.697302499347188132e-03
-1.250000000000000026e-03,1.884602174353875981e+01,1.884232265062409795e+01,3.699092914661861187e-03
-1.199999999999999895e-03,1.884679143153875813e+01,1.884309061831053356e+01,3.700813228224575369e-03
-1.149999999999999981e-03,1.884752970453875776e+01,1.884382724115114627e+01,3.702463387611487633e-03
-1.100000000000000066e-03,1.884823656053875851e+01,1.884453251914592897e+01,3.704041392829537926e-03
-1.049999999999999935e-03,1.884891200153875701e+01,1.884520645229488167e+01,3.705549243875339016e-03
-1.000000000000000021e-03,1.884955602667335839e+01,1.884584904054559118e+01,3.706986127767208927e-03
-9.499999999999999981e-04,1.885016863603875947e+01,1.884646028400289097e+01,3.708352035868500707e-03
-8.999999999999999754e-04,1.885074982953875988e+01,1.884704018261436431e+01,3.709646924395570977e-03
-8.499999999999999526e-04,1.885129960753875977e+01,1.884758873632758736e+01,3.710871211172417361e-03
-8.000000000000000383e-04,1.885181796953875732e+01,1.884810594519498750e+01,3.712024343769826373e-03
-7.500000000000000156e-04,1.885230491553875964e+01,1.884859180921655764e+01,3.713106322202008869e-03
-6.999999999999999929e-04,1.885276044653875971e+01,1.884904632839229777e+01,3.714118146461942160e-03
-6.499999999999999702e-04,1.885318456053875735e+01,1.884946950272221500e+01,3.715057816542355340e-03
-5.999999999999999474e-04,1.885357725953875985e+01,1.884986133215388193e+01,3.715927384877915074e-03
-5.500000000000000331e-04,1.885393854253876000e+01,1.885022181679214270e+01,3.716725746617299819e-03
-5.000000000000000104e-04,1.885426840953875782e+01,1.885055095658457347e+01,3.717452954184352620e-03
-4.499999999999999877e-04,1.885456686053876041e+01,1.885084875142633720e+01,3.718109112423206852e-03
-4.000000000000000192e-04,1.885483389653875719e+01,1.885111520152711506e+01,3.718695011642125792e-03
-3.499999999999999964e-04,1.885506951553875865e+01,1.885135030667722589e+01,3.719208861532763422e-03
-2.999999999999999737e-04,1.885527371953875786e+01,1.885155406703392700e+01,3.719652504830861517e-03
-2.500000000000000052e-04,1.885544650653875820e+01,1.885172648249238492e+01,3.720024046373282545e-03
-2.000000000000000096e-04,1.885558787853875984e+01,1.885186755315742957e+01,3.720325381330269465e-03
-1.499999999999999869e-04,1.885569783353875906e+01,1.885197727892423103e+01,3.720554614528026605e-03
-1.000000000000000048e-04,1.885577637353875957e+01,1.885205565984520604e+01,3.720713693553534540e-03
-5.000000000000000240e-05,1.885582349753875775e+01,1.885210269592035104e+01,3.720801618406710531e-03
0.000000000000000000e+00,1.885583920553875714e+01,1.885211838709724930e+01,3.720818441507844909e-03
5.000000000000000240e-05,1.885582349753875775e+01,1.885210273348073784e+01,3.720764058019909726e-03
1.000000000000000048e-04,1.885577637353875957e+01,1.885205573496597964e+01,3.720638572779932929e-03
1.499999999999999869e-04,1.885569783353875906e+01,1.885197739160539854e+01,3.720441933360518760e-03
2.000000000000000096e-04,1.885558787853875984e+01,1.885186770339898388e+01,3.720175139775960815e-03
2.500000000000000052e-04,1.885544650653875820e+01,1.885172667029432603e+01,3.719836244432173089e-03
2.999999999999999737e-04,1.885527371953875786e+01,1.885155429234383817e+01,3.719427194919688873e-03
3.499999999999999964e-04,1.885506951553875865e+01,1.885135056954752386e+01,3.718945991234789972e-03
4.000000000000000192e-04,1.885483389653875719e+01,1.885111550190538310e+01,3.718394633374089153e-03
4.499999999999999877e-04,1.885456686053876041e+01,1.885084908936499204e+01,3.717771173768369408e-03
5.000000000000000104e-04,1.885426840953875782e+01,1.885055133203119127e+01,3.717077507566557415e-03
5.500000000000000331e-04,1.885393854253876000e+01,1.885022222979914730e+01,3.716312739612703808e-03
5.999999999999999474e-04,1.885357725953875985e+01,1.884986178266885659e+01,3.715476869903255874e-03
6.499999999999999702e-04,1.885318456053875735e+01,1.884946999069273588e+01,3.714569846021475996e-03
6.999999999999999929e-04,1.885276044653875971e+01,1.884904685392320900e+01,3.713592615550709297e-03
7.500000000000000156e-04,1.885230491553875964e+01,1.884859237220301509e+01,3.712543335744555861e-03
8.000000000000000383e-04,1.885181796953875732e+01,1.884810654568941146e+01,3.711423849345862891e-03
8.499999999999999526e-04,1.885129960753875977e+01,1.884758937427756464e+01,3.710233261195128307e-03
8.999999999999999754e-04,1.885074982953875988e+01,1.884704085801988782e+01,3.708971518872061779e-03
9.499999999999999981e-04,1.885016863603875947e+01,1.884646099686396070e+01,3.707639174798771364e-03
1.000000000000000021e-03,1.884955602667335839e+01,1.884584979086221068e+01,3.706235811147706727e-03
1.049999999999999935e-03,1.884891200153875701e+01,1.884520723996221037e+01,3.704761576546644619e-03
1.100000000000000066e-03,1.884823656053875851e+01,1.884453334426880389e+01,3.703216269954623385e-03
1.149999999999999981e-03,1.884752970453875776e+01,1.884382810367715066e+01,3.701600861607090565e-03
1.199999999999999895e-03,1.884679143153875813e+01,1.884309151818724715e+01,3.699913351510986104e-03
1.250000000000000026e-03,1.884602174353875981e+01,1.884232358785151717e+01,3.698155687242632439e-03
1.299999999999999940e-03,1.884522064053875923e+01,1.884152431266996075e+01,3.696327868798476857e-03
1.350000000000000071e-03,1.884438812153875986e+01,1.884069369259015758e+01,3.694428948602279661e-03
1.399999999999999986e-03,1.884352418653875816e+01,1.883983172766452086e+01,3.692458874237303235e-03
1.449999999999999900e-03,1.884262883653875775e+01,1.883893841784064094e+01,3.690418698116815222e-03
1.500000000000000031e-03,1.884170207053875856e+01,1.883801376322335486e+01,3.688307315403704933e-03
1.549999999999999946e-03,1.884074388953875712e+01,1.883705776365539819e+01,3.686125883358926103e-03
1.600000000000000077e-03,1.883975429253876044e+01,1.883607041924161862e+01,3.683873297141815328e-03
1.649999999999999991e-03,1.883873328153875804e+01,1.883505172992958876e+01,3.681551609169275707e-03
1.699999999999999905e-03,1.883768085153876015e+01,1.883400169577173244e+01,3.679155767027708634e-03
1.750000000000000036e-03,1.883659701153876043e+01,1.883292031676804612e+01,3.676694770714306060e-03
1.799999999999999951e-03,1.883548175153875803e+01,1.883180759281369632e+01,3.674158725061715813e-03
1.850000000000000082e-03,1.883433508153875735e+01,1.883066352406593680e+01,3.671557472820552448e-03
1.899999999999999996e-03,1.883315699153875755e+01,1.882948811036750669e+01,3.668881171250859552e-03
1.949999999999999910e-03,1.883194748153875864e+01,1.882828135187567398e+01,3.666129663084660706e-03
2.000000000000000042e-03,1.883070656153875788e+01,1.882704324843317067e+01,3.663313105587207019e-03
2.050000000000000173e-03,1.882943423153875884e+01,1.882577380014484092e+01,3.660431393917917831e-03
2.099999999999999870e-03,1.882813048153875712e+01,1.882447300695826442e+01,3.657474580492703353e-03
2.150000000000000001e-03,1.882679531153875985e+01,1.882314086892586147e+01,3.654442612898378684e-03
2.200000000000000133e-03,1.882542873153875718e+01,1.882177738599520822e+01,3.651345543548956130e-03
2.249999999999999830e-03,1.882403074153875977e+01,1.882038255816630823e+01,3.648183372451541118e-03
2.299999999999999961e-03,1.882260133153875969e+01,1.881895638549157823e+01,3.644946047181463200e-03
2.350000000000000092e-03,1.882114050153875695e+01,1.881749886791860149e+01,3.641633620155459994e-03
2.399999999999999790e-03,1.881964827153876030e+01,1.881601000544738156e+01,3.638266091378739020e-03
2.449999999999999921e-03,1.881812461153876015e+01,1.881448979813033162e+01,3.634813408428527737e-03
2.500000000000000052e-03,1.881656954153875816e+01,1.881293824591503139e+01,3.631295623726771282e-03
2.550000000000000183e-03,1.881498306153875788e+01,1.881135534880148796e+01,3.627712737269916943e-03
2.599999999999999881e-03,1.881336516153875849e+01,1.880974110678969424e+01,3.624054749064242742e-03
2.650000000000000012e-03,1.881171585153875725e+01,1.880809551993207407e+01,3.620331606683180325e-03
2.700000000000000143e-03,1.881003512153876045e+01,1.880641858812378686e+01,3.616533414973588378e-03
2.749999999999999840e-03,1.880832297153875743e+01,1.880471031146967320e+01,3.612660069084228098e-03
2.799999999999999972e-03,1.880657942153875695e+01,1.880297068991730924e+01,3.608731621447702764e-03
2.850000000000000103e-03,1.880480445153875735e+01,1.880119972346669854e+01,3.604728072058804855e-03
2.899999999999999800e-03,1.880299806153875863e+01,1.879939741211784110e+01,3.600649420917534371e-03
2.949999999999999931e-03,1.880116026153875808e+01,1.879756375592315720e+01,3.596505615600875672e-03
3.000000000000000062e-03,1.879929105153875923e+01,1.879569875477780627e+01,3.592296760952962131e-03
3.050000000000000194e-03,1.879739042153875772e+01,1.879380240878662534e+01,3.588012752132385685e-03
3.099999999999999891e-03,1.879545837153875709e+01,1.879187471789719766e+01,3.583653641559436664e-03
3.150000000000000022e-03,1.879349492153875900e+01,1.878991568205710294e+01,3.579239481656060207e-03
3.200000000000000153e-03,1.879150005153875824e+01,1.878792530137117467e+01,3.574750167583573557e-03
3.249999999999999851e-03,1.878947376153875837e+01,1.878590357573458292e+01,3.570185804175451949e-03
3.299999999999999982e-03,1.878741606153876020e+01,1.878385050525216826e+01,3.565556286591942126e-03
3.350000000000000113e-03,1.878532695153876020e+01,1.878176608981907947e+01,3.560861719680730175e-03
3.399999999999999811e-03,1.878320642153875752e+01,1.877965032954016777e+01,3.556091998589749892e-03
3.449999999999999942e-03,1.878105448153876011e+01,1.877750322431058549e+01,3.551257228174620195e-03
3.500000000000000073e-03,1.877887113153875731e+01,1.877532477423518031e+01,3.546357303576996856e-03
3.550000000000000204e-03,1.877665636153875894e+01,1.877311497920910455e+01,3.541382329654396699e-03
3.599999999999999901e-03,1.877441018153875874e+01,1.877087383928477848e+01,3.536342253980251371e-03
3.650000000000000033e-03,1.877213258153875941e+01,1.876860135446220923e+01,3.531227076550180755e-03
3.700000000000000164e-03,1.876982357153875824e+01,1.876629752474138968e+01,3.526046797368564967e-03
3.749999999999999861e-03,1.876748315153875879e+01,1.876396235006990310e+01,3.520801468855694338e-03
3.799999999999999992e-03,1.876511132153875749e+01,1.876159583050016977e+01,3.515491038587725825e-03
3.850000000000000124e-03,1.876270807153875708e+01,1.875919796603218970e+01,3.510105506567384737e-03
3.899999999999999821e-03,1.876027341153875838e+01,1.875676875666595933e+01,3.504654872799051191e-03
3.950000000000000386e-03,1.875780733153875701e+01,1.875430820240148577e+01,3.499129137271239642e-03
4.000000000000000083e-03,1.875530985153875818e+01,1.875181630318634163e+01,3.493548352416553371e-03
4.049999999999999781e-03,1.875278095153876023e+01,1.874929305907295074e+01,3.487892465809494524e-03
4.100000000000000346e-03,1.875022063153875962e+01,1.874673847000888571e+01,3.482161529873906147e-03
4.150000000000000043e-03,1.874762892153875882e+01,1.874415253604658105e+01,3.476385492177769265e-03
4.199999999999999740e-03,1.874500582153875783e+01,1.874153525718602609e+01,3.470564352731742019e-03
4.250000000000000305e-03,1.874235122153875821e+01,1.873888663337480409e+01,3.464588163954118727e-03
4.300000000000000003e-03,1.873966522153875758e+01,1.873620666466533535e+01,3.458556873422224953e-03
4.349999999999999700e-03,1.873694792153875710e+01,1.873349535100519958e+01,3.452570533557519639e-03
4.400000000000000265e-03,1.873419912153875799e+01,1.873075269244681351e+01,3.446429091944480660e-03
4.449999999999999963e-03,1.873141892153875787e+01,1.872797868893776041e+01,3.440232600997461532e-03
4.499999999999999660e-03,1.872860732153876029e+01,1.872517334058288085e+01,3.433980955879434305e-03
4.550000000000000225e-03,1.872576422153875697e+01,1.872233664722491397e+01,3.427574313842995934e-03
4.599999999999999922e-03,1.872288982153875736e+01,1.871946860896870035e+01,3.421212570057008406e-03
4.649999999999999620e-03,1.871998392153875912e+01,1.871656922570939585e+01,3.414695829363267876e-03
4.700000000000000185e-03,1.871704672153875748e+01,1.871363849760426845e+01,3.408223934489029716e-03
4.749999999999999882e-03,1.871407802153875721e+01,1.871067642454847046e+01,3.401596990286748223e-03
4.799999999999999580e-03,1.871107792153875948e+01,1.870768300654200544e+01,3.394914996754039294e-03
4.850000000000000144e-03,1.870804642153875719e+01,1.870465824358487339e+01,3.388177953883797500e-03
4.899999999999999842e-03,1.870498352153875743e+01,1.870160213567707075e+01,3.381385861686680983e-03
4.950000000000000407e-03,1.870188922153876021e+01,1.869851468287102492e+01,3.374538667735293984e-03
5.000000000000000104e-03,1.869876352153875843e+01,1.869539588511430495e+01,3.367636424453479549e-03
5.049999999999999802e-03,1.869560632153875801e+01,1.869224574240692149e+01,3.360579131836516353e-03
5.100000000000000366e-03,1.869241782153875775e+01,1.868906425480129130e+01,3.353566737466451286e-03
5.150000000000000064e-03,1.868919782153875886e+01,1.868585142219257023e+01,3.346399346188633217e-03
5.199999999999999761e-03,1.868594642153875895e+01,1.868260724468560596e+01,3.339176853152991953e-03
5.250000000000000326e-03,1.868266372153875921e+01,1.867933172222797111e+01,3.331999310788091861e-03
5.300000000000000024e-03,1.867934952153875727e+01,1.867602485476724894e+01,3.324666771508333341e-03
5.349999999999999721e-03,1.867600392153875788e+01,1.867268664240828002e+01,3.317279130477857052e-03
5.400000000000000286e-03,1.867262682153875986e+01,1.866931708509864407e+01,3.309736440115784717e-03
5.449999999999999983e-03,1.866921842153875843e+01,1.866591618283834109e+01,3.302238700417348127e-03
5.499999999999999681e-03,1.866577862153875955e+01,1.866248393557494722e+01,3.294685963812327145e-03
5.550000000000000246e-03,1.866230732153875849e+01,1.865902034341331017e+01,3.286978125448314358e-03
5.599999999999999943e-03,1.865880472153875758e+01,1.865552540624858224e+01,3.279315290175333075e-03
5.649999999999999641e-03,1.865527062153875804e+01,1.865199912418560757e+01,3.271497353150465415e-03
5.700000000000000205e-03,1.865170512153875748e+01,1.864844149711954557e+01,3.263624419211907934e-03
5.749999999999999903e-03,1.864810822153875947e+01,1.864485252510281654e+01,3.255696435942923017e-03
5.799999999999999600e-03,1.864447992153876044e+01,1.864123220808299664e+01,3.247713455763800994e-03
5.850000000000000165e-03,1.864082022153876039e+01,1.863758054616493354e+01,3.239675373826855775e-03
5.899999999999999863e-03,1.863712912153875934e+01,1.863389753924377601e+01,3.231582294983326165e-03
5.950000000000000427e-03,1.863340662153875726e+01,1.863018318737195500e+01,3.223434166802263690e-03
6.000000000000000125e-03,1.862965272153875773e+01,1.862643749049704667e+01,3.215231041711064108e-03
6.049999999999999822e-03,1.862586732153875957e+01,1.862266044867147130e+01,3.206872867288268480e-03
6.100000000000000387e-03,1.862205062153875801e+01,1.861885206189522890e+01,3.198559643529108598e-03
6.150000000000000085e-03,1.861820242153875782e+01,1.861501233011589562e+01,3.190091422862195714e-03
6.199999999999999782e-03,1.861432282153876017e+01,1.861114125338589886e+01,3.181568152861302679e-03
6.250000000000000347e-03,1.861041182153875795e+01,1.860723883165281123e+01,3.172989885946719824e-03
6.300000000000000044e-03,1.860646952153875944e+01,1.860330506496905656e+01,3.164456569702878141e-03
6.349999999999999742e-03,1.860249572153875874e+01,1.859933995328221457e+01,3.155768256544178030e-03
6.400000000000000307e-03,1.859849052153875704e+01,1.859534349664470554e+01,3.147024894051497768e-03
6.450000000000000004e-03,1.859445382153876025e+01,1.859131569500410919e+01,3.138126534651064503e-03
6.499999999999999702e-03,1.859038582153876007e+01,1.858725654830800167e+01,3.129273230758400359e-03
6.550000000000000266e-03,1.858628642153875887e+01,1.858316605671365096e+01,3.120364825107913020e-03
6.599999999999999964e-03,1.858215562153876022e+01,1.857904422011620937e+01,3.111401422550841289e-03
6.649999999999999661e-03,1.857799332153875937e+01,1.857489103851568402e+01,3.102283023075358415e-03
6.700000000000000226e-03,1.857379972153875869e+01,1.857070651191206778e+01,3.093209626690907044e-03
6.749999999999999924e-03,1.856957462153875937e+01,1.856649064035778451e+01,3.083981180974859626e-03
6.799999999999999621e-03,1.856531812153875904e+01,1.856224342380041037e+01,3.074697738348675102e-03
6.850000000000000186e-03,1.856103032153875887e+01,1.855796486218753216e+01,3.065459351226706985e-03
6.899999999999999883e-03,1.855671102153876006e+01,1.855365495562398337e+01,3.056065914776695536e-03
6.949999999999999581e-03,1.855236032153876025e+01,1.854931370400493051e+01,3.046617533829731883e-03
7.000000000000000146e-03,1.854797822153875941e+01,1.854494110743520707e+01,3.037114103552340794e-03
7.049999999999999843e-03,1.854356472153875757e+01,1.854053716586239986e+01,3.027555676357707171e-03
7.100000000000000408e-03,1.853911982153875826e+01,1.853610187928650177e+01,3.017942252256489155e-03
7.150000000000000105e-03,1.853464352153875794e+01,1.853163524765509607e+01,3.008273883661871650e-03
7.199999999999999803e-03,1.853013572153875899e+01,1.852713727107302333e+01,2.998450465735658099e-03
7.250000000000000368e-03,1.852559662153876019e+01,1.852260794943544298e+01,2.988672103317213669e-03
7.300000000000000065e-03,1.852102612153876038e+01,1.851804728279477530e+01,2.978838743985079418e-03
7.349999999999999763e-03,1.851642412153875838e+01,1.851345527115102030e+01,2.968850387738086738e-03
7.400000000000000328e-03,1.851179082153876010e+01,1.850883191450417797e+01,2.958907034582125561e-03
7.450000000000000025e-03,1.850712602153875963e+01,1.850417721280182803e+01,2.948808736931596286e-03
7.499999999999999722e-03,1.850242992153875932e+01,1.849949116609638722e+01,2.938755442372098514e-03
7.550000000000000287e-03,1.849770232153876037e+01,1.849477377438786263e+01,2.928547150897742313e-03
7.599999999999999985e-03,1.849294342153875803e+01,1.849002503762382688e+01,2.918383914931155232e-03
7.649999999999999682e-03,1.848815302153875706e+01,1.848524495580428351e+01,2.908065734473552766e-03
7.700000000000000247e-03,1.848333122153875863e+01,1.848043352903407310e+01,2.897692504685522863e-03
7.749999999999999944e-03,1.847847802153875918e+01,1.847559075715593480e+01,2.887264382824383802e-03
7.799999999999999642e-03,1.847359342153875872e+01,1.847071664032712945e+01,2.876781211629264590e-03
7.849999999999999339e-03,1.846867752153875841e+01,1.846581117839039621e+01,2.866343148362204829e-03
7.900000000000000772e-03,1.846373012153875948e+01,1.846087437145057564e+01,2.855750088183839352e-03
7.950000000000000469e-03,1.845875132153875953e+01,1.845590621945524745e+01,2.845102083512074387e-03
8.000000000000000167e-03,1.845374112153875856e+01,1.845090672240441165e+01,2.834399134346909932e-03
8.049999999999999864e-03,1.844869942153875897e+01,1.844587588035048498e+01,2.823541188273992475e-03
8.099999999999999561e-03,1.844362642153875953e+01,1.844081369324105424e+01,2.812728297705291425e-03
8.149999999999999259e-03,1.843852202153875908e+01,1.843572016107611589e+01,2.801860462643190886e-03
8.200000000000000691e-03,1.843338622153875761e+01,1.843059528385566637e+01,2.790937683091243571e-03
8.250000000000000389e-03,1.842821902153875868e+01,1.842543906163213308e+01,2.779959906625606436e-03
8.300000000000000086e-03,1.842302042153875874e+01,1.842025149430066833e+01,2.768927238090412857e-03
8.349999999999999784e-03,1.841779032153876017e+01,1.841503258191369952e+01,2.757739625060651179e-03
8.399999999999999481e-03,1.841252892153875820e+01,1.840978232452363983e+01,2.746597015118368290e-03
8.449999999999999178e-03,1.840723612153875877e+01,1.840450072202565579e+01,2.735399513102976243e-03
8.500000000000000611e-03,1.840191182153875715e+01,1.839918777447216058e+01,2.724047066596568811e-03
8.550000000000000308e-03,1.839655622153875925e+01,1.839384348186315776e+01,2.712739675601483214e-03
8.600000000000000006e-03,1.839116922153876033e+01,1.838846784419864733e+01,2.701377340112998127e-03
8.649999999999999703e-03,1.838575072153875922e+01,1.838306086142620899e+01,2.689860112550235272e-03
8.699999999999999400e-03,1.838030092153875827e+01,1.837762253365068332e+01,2.678387888074951206e-03
8.750000000000000833e-03,1.837481962153875870e+01,1.837215286076722975e+01,2.666760771528942087e-03
8.800000000000000530e-03,1.836930702153875927e+01,1.836665184282827212e+01,2.655178710487149374e-03
8.850000000000000228e-03,1.836376292153875767e+01,1.836111947978138303e+01,2.643441757374631607e-03
8.899999999999999925e-03,1.835818752153875977e+01,1.835555577167898633e+01,2.631749859773435674e-03
8.949999999999999623e-03,1.835258062153875969e+01,1.834996071846866172e+01,2.619903070097961972e-03
8.999999999999999320e-03,1.834694242153875976e+01,1.834433432020282950e+01,2.608101335930257392e-03
9.050000000000000752e-03,1.834127272153875765e+01,1.833867657682906938e+01,2.596144709688275043e-03
9.100000000000000450e-03,1.833557172153875925e+01,1.833298748834738134e+01,2.584233191377904859e-03
9.150000000000000147e-03,1.832983922153875866e+01,1.832726705481018570e+01,2.572166728572966576e-03
9.199999999999999845e-03,1.832407542153875823e+01,1.832151527621748599e+01,2.560145321272244701e-03
9.249999999999999542e-03,1.831828012153875918e+01,1.831573215246443453e+01,2.547969074324640815e-03
9.299999999999999239e-03,1.831245352153876027e+01,1.830991768365587546e+01,2.535837882884806049e-03
9.350000000000000672e-03,1.830659542153875918e+01,1.830407186973938849e+01,2.523551799370693516e-03
9.400000000000000369e-03,1.830070602153875825e+01,1.829819471071497361e+01,2.511310823784640434e-03
9.450000000000000067e-03,1.829478512153875869e+01,1.829228620658263083e+01,2.498914956127862297e-03
9.499999999999999764e-03,1.828883292153875928e+01,1.828634635739477687e+01,2.486564143982405994e-03
9.549999999999999462e-03,1.828284922153875769e+01,1.828037516304657828e+01,2.474058492179409541e-03
9.599999999999999159e-03,1.827683422153875981e+01,1.827437262359045178e+01,2.461597948308025252e-03
9.650000000000000591e-03,1.827078772153875974e+01,1.826833873902640093e+01,2.448982512358810482e-03
9.700000000000000289e-03,1.826470992153875983e+01,1.826227350935441862e+01,2.436412184341207876e-03
9.749999999999999986e-03,1.825860062153875774e+01,1.825617693457450841e+01,2.423686964249327502e-03
9.799999999999999684e-03,1.825246002153875935e+01,1.825004901463425000e+01,2.411006904509349624e-03
9.849999999999999381e-03,1.824628802153875995e+01,1.824388974963848753e+01,2.398271900272419543e-03
9.900000000000000813e-03,1.824008452153875837e+01,1.823769913948237331e+01,2.385382056385054739e-03
9.950000000000000511e-03,1.823384972153876049e+01,1.823147718421833119e+01,2.372537320429302099e-03
1.000000000000000021e-02,1.822758352153875805e+01,1.822522388379394442e+01,2.359637744813625204e-03
1.004999999999999991e-02,1.822128582153875698e+01,1.821893923820920591e+01,2.346583329551066299e-03
1.009999999999999960e-02,1.821495682153875961e+01,1.821262324756896334e+01,2.333573969796276515e-03
1.014999999999999930e-02,1.820859642153875768e+01,1.820627591176836901e+01,2.320509770388667903e-03
1.020000000000000073e-02,1.820220462153875829e+01,1.819989723075500976e+01,2.307390783748530794e-03
1.025000000000000043e-02,1.819578142153875788e+01,1.819348720468614289e+01,2.294216852614994195e-03
1.030000000000000013e-02,1.818932672153875885e+01,1.818704583345692427e+01,2.280888081834575587e-03
1.034999999999999983e-02,1.818284072153875996e+01,1.818057311706736101e+01,2.267604471398954047e-03
1.039999999999999952e-02,1.817632332153876007e+01,1.817406905551744600e+01,2.254266021314066393e-03
1.044999999999999922e-02,1.816977452153875916e+01,1.816753364885960664e+01,2.240872679152516866e-03
1.050000000000000065e-02,1.816319442153875841e+01,1.816096689698899880e+01,2.227524549759607453e-03
1.055000000000000035e-02,1.815658282153875902e+01,1.815436880001046305e+01,2.214021528295972985e-03
1.060000000000000005e-02,1.814993982153875862e+01,1.814773935787157910e+01,2.200463667179519689e-03
1.064999999999999974e-02,1.814326542153875721e+01,1.814107857051992667e+01,2.186851018830537896e-03
1.069999999999999944e-02,1.813655962153875834e+01,1.813438643806034634e+01,2.173183478411999658e-03
1.074999999999999914e-02,1.812982252153875962e+01,1.812766296038800107e+01,2.159561150758548820e-03
1.080000000000000057e-02,1.812305392153875871e+01,1.812090813760772434e+01,2.145783931034372927e-03
1.085000000000000027e-02,1.811625392153876035e+01,1.811412196961468268e+01,2.131951924077668536e-03
1.089999999999999997e-02,1.810942262153875859e+01,1.810730445640886899e+01,2.118165129889604259e-03
1.094999999999999966e-02,1.810255992153875937e+01,1.810045559809513094e+01,2.104323443628430823e-03
1.099999999999999936e-02,1.809566572153875796e+01,1.809357539456862440e+01,2.090326970133560280e-03
1.105000000000000079e-02,1.808874022153876027e+01,1.808666384588176967e+01,2.076375656990592233e-03
1.110000000000000049e-02,1.808178332153875800e+01,1.807972095198214646e+01,2.062369556611542976e-03
1.115000000000000019e-02,1.807479502153875828e+01,1.807274671292217505e+01,2.048308616583227604e-03
1.119999999999999989e-02,1.806777522153875992e+01,1.806574112864943515e+01,2.034092889324767839e-03
1.124999999999999958e-02,1.806072422153875934e+01,1.805870419916393033e+01,2.020022374829011369e-03
1.129999999999999928e-02,1.805364172153876012e+01,1.805163592451807020e+01,2.005797020689925603e-03
1.135000000000000071e-02,1.804652782153875989e+01,1.804453630465944869e+01,1.991516879311205912e-03
1.140000000000000041e-02,1.803938252153875865e+01,1.803740533964047899e+01,1.977181898279667394e-03
1.145000000000000011e-02,1.803220582153875995e+01,1.803024302935631695e+01,1.962792182442996136e-03
1.149999999999999981e-02,1.802499782153875785e+01,1.802304937391181028e+01,1.948447626947569233e-03
1.154999999999999950e-02,1.801775832153875712e+01,1.801582437320211838e+01,1.933948336638735555e-03
1.159999999999999920e-02,1.801048752153876009e+01,1.800856802733207473e+01,1.919494206685357085e-03
1.165000000000000063e-02,1.800318532153875850e+01,1.800128033619684231e+01,1.904985341916187735e-03
1.170000000000000033e-02,1.799585162153875828e+01,1.799396129990126525e+01,1.890321637493030948e-03
1.175000000000000003e-02,1.798848662153875821e+01,1.798661091834049586e+01,1.875703198262357319e-03
1.179999999999999973e-02,1.798109022153875713e+01,1.797922919161938182e+01,1.861029919375312147e-03
1.184999999999999942e-02,1.797366242153875859e+01,1.797181611958065872e+01,1.846301958099871854e-03
1.190000000000000085e-02,1.796620332153876021e+01,1.796437170238159098e+01,1.831619157169228629e-03
1.195000000000000055e-02,1.795871272153875964e+01,1.795689593991733091e+01,1.816781621428731341e-03
1.200000000000000025e-02,1.795119072153875805e+01,1.794938883224030235e+01,1.801889298455705557e-03
1.204999999999999995e-02,1.794363742153876018e+01,1.794185037929808857e+01,1.787042240671610216e-03
1.209999999999999964e-02,1.793605272153875774e+01,1.793428058114310630e+01,1.772140395651433664e-03
1.214999999999999934e-02,1.792843652153876022e+01,1.792667943772293526e+01,1.757083815824955764e-03
1.220000000000000077e-02,1.792078902153875930e+01,1.791904694908999218e+01,1.742072448767117976e-03
1.225000000000000047e-02,1.791311012153875737e+01,1.791138311519186388e+01,1.727006346893489308e-03
1.230000000000000017e-02,1.790539982153875798e+01,1.790368793602855035e+01,1.711885510207622474e-03
1.234999999999999987e-02,1.789765822153875874e+01,1.789596141160004805e+01,1.696809938710686083e-03
1.239999999999999956e-02,1.788988512153875732e+01,1.788820354195877371e+01,1.681579579983605299e-03
1.244999999999999926e-02,1.788208062153875844e+01,1.788041432699989741e+01,1.666294538861023966e-03
1.250000000000000069e-02,1.787424482153875971e+01,1.787259376682824907e+01,1.651054710510635459e-03
1.255000000000000039e-02,1.786637762153875997e+01,1.786474186133899167e+01,1.635760199768299117e-03
1.260000000000000009e-02,1.785847902153875921e+01,1.785685861063696933e+01,1.620410901789881564e-03
1.264999999999999979e-02,1.785054902153875744e+01,1.784894401461733793e+01,1.605006921419516175e-03
1.269999999999999948e-02,1.784258792153875817e+01,1.784099807338493804e+01,1.589848153820128118e-03
1.274999999999999918e-02,1.783459492153875914e+01,1.783302078678250879e+01,1.574134756250344935e-03
1.280000000000000061e-02,1.782657092153876022e+01,1.782501215496731461e+01,1.558766571445602267e-03
1.285000000000000031e-02,1.781851492153875682e+01,1.781697217783451137e+01,1.542743704245452818e-03
1.290000000000000001e-02,1.781042792153875709e+01,1.780890085543651935e+01,1.527066102237739642e-03
1.294999999999999971e-02,1.780230992153875746e+01,1.780079818772091826e+01,1.511733817839200356e-03
1.299999999999999940e-02,1.779415992153875692e+01,1.779266417474012840e+01,1.495746798628516672e-03
1.305000000000000084e-02,1.778597892153876003e+01,1.778449881644173303e+01,1.480105097027006877e-03
1.310000000000000053e-02,1.777776692153875970e+01,1.777630211282572859e+01,1.464808713031118259e-03
1.315000000000000023e-02,1.776952292153875845e+01,1.776807406394453182e+01,1.448857594226637957e-03
1.319999999999999993e-02,1.776124792153875731e+01,1.775981466974572953e+01,1.433251793027778831e-03
1.324999999999999963e-02,1.775294092153875880e+01,1.775152393022932173e+01,1.416991309437065638e-03
1.329999999999999932e-02,1.774460292153875685e+01,1.774320184544772516e+01,1.401076091031683291e-03
1.335000000000000075e-02,1.773623392153875855e+01,1.773484841529609923e+01,1.385506242659317877e-03
1.340000000000000045e-02,1.772783292153875934e+01,1.772646363982686779e+01,1.369281711891545683e-03
1.345000000000000015e-02,1.771940092153876023e+01,1.771804751904002373e+01,1.353402498736500092e-03
1.349999999999999985e-02,1.771093692153876020e+01,1.770960005293557415e+01,1.336868603186047721e-03
1.354999999999999954e-02,1.770244192153876028e+01,1.770112124151351551e+01,1.320680025244769240e-03
1.359999999999999924e-02,1.769391592153876047e+01,1.769261108477385136e+01,1.304836764909111935e-03
1.365000000000000067e-02,1.768535892153875722e+01,1.768406958266415785e+01,1.289338874599366136e-03
1.370000000000000037e-02,1.767676892153875912e+01,1.767549673523685527e+01,1.272186301903843741e-03
1.375000000000000007e-02,1.766814892153875860e+01,1.766689254243952334e+01,1.256379099235260810e-03
1.379999999999999977e-02,1.765949692153875716e+01,1.765825700432458589e+01,1.239917214171271098e-03
1.384999999999999946e-02,1.765081392153875939e+01,1.764959012083961909e+01,1.223800699140298320e-03
1.389999999999999916e-02,1.764209892153875714e+01,1.764089189203704322e+01,1.207029501713918762e-03
1.395000000000000059e-02,1.763335392153875958e+01,1.763216231786444155e+01,1.191603674318031381e-03
1.400000000000000029e-02,1.762457592153876007e+01,1.762340139832180341e+01,1.174523216956657734e-03
1.404999999999999999e-02,1.761576792153875815e+01,1.761460913346156332e+01,1.158788077194827792e-03
1.409999999999999969e-02,1.760692692153875782e+01,1.760578552317887713e+01,1.141398359880696489e-03
1.414999999999999938e-02,1.759805592153875864e+01,1.759693056757858187e+01,1.125353960176767032e-03
1.420000000000000082e-02,1.758915292153875853e+01,1.758804426655583697e+01,1.108654982921564169e-03
1.425000000000000051e-02,1.758021892153875854e+01,1.757912662021548300e+01,1.092301323275535196e-03
1.430000000000000021e-02,1.757125292153875762e+01,1.757017762845268294e+01,1.075293086074680105e-03
1.434999999999999991e-02,1.756225592153875681e+01,1.756119729137227381e+01,1.058630166482998902e-03
1.439999999999999961e-02,1.755322792153875966e+01,1.755218560881699474e+01,1.042312721764915295e-03
1.444999999999999930e-02,1.754416792153875804e+01,1.754314258094411016e+01,1.025340594647872194e-03
1.450000000000000074e-02,1.753507692153876008e+01,1.753406820764877594e+01,1.008713889984136358e-03
1.455000000000000043e-02,1.752595492153875867e+01,1.752496248898341591e+01,9.924325553427593150e-04
1.460000000000000013e-02,1.751680092153875989e+01,1.751582542489560268e+01,9.754966431572142938e-04
1.464999999999999983e-02,1.750761592153875768e+01,1.750665701543776720e+01,9.589061009904753519e-04
1.469999999999999953e-02,1.749839892153875809e+01,1.749745726055747852e+01,9.416609812795684320e-04
1.474999999999999922e-02,1.748915092153875861e+01,1.748822616025474375e+01,9.247612840148633495e-04
1.480000000000000066e-02,1.747987192153875924e+01,1.747896371458197962e+01,9.082069567796224874e-04
1.485000000000000035e-02,1.747056092153875895e+01,1.746966992343434910e+01,8.909981044098458369e-04
1.490000000000000005e-02,1.746121892153875876e+01,1.746034478691668923e+01,8.741346220695334068e-04
1.494999999999999975e-02,1.745184492153875766e+01,1.745098830497657616e+01,8.566165621815002851e-04
1.499999999999999944e-02,1.744243992153876022e+01,1.744160047761402055e+01,8.394439247396690007e-04
1.504999999999999914e-02,1.743300392153875933e+01,1.743218130477659500e+01,8.226167621643298844e-04
1.510000000000000057e-02,1.742353692153875855e+01,1.742273078656914009e+01,8.061349696184549884e-04
1.515000000000000027e-02,1.741403792153875685e+01,1.741324892288681880e+01,7.889986519380443042e-04
1.519999999999999997e-02,1.740450692153875778e+01,1.740373571378205142e+01,7.712077567063602146e-04
1.524999999999999967e-02,1.739494592153875985e+01,1.739419115925483084e+01,7.547622839290113461e-04
1.529999999999999936e-02,1.738535292153875744e+01,1.738461525920032713e+01,7.376623384303115927e-04
1.535000000000000080e-02,1.737572792153875767e+01,1.737500801377579052e+01,7.199077629671535306e-04
1.540000000000000049e-02,1.736607192153875800e+01,1.736536942287638752e+01,7.024986623704876365e-04
1.545000000000000019e-02,1.735638492153875845e+01,1.735569948650211458e+01,6.854350366438666242e-04
1.549999999999999989e-02,1.734666592153875797e+01,1.734599820470539555e+01,6.677168333624194929e-04
1.554999999999999959e-02,1.733691692153875863e+01,1.733626557743380658e+01,6.513441049520451998e-04
1.559999999999999928e-02,1.732713492153875734e+01,1.732650160468735123e+01,6.333168514061071619e-04
1.565000000000000072e-02,1.731732292153875719e+01,1.731670628646602594e+01,6.166350727312419622e-04
1.569999999999999868e-02,1.730747792153875864e+01,1.730687962276983427e+01,5.982987689243657314e-04
1.575000000000000011e-02,1.729760292153875767e+01,1.729702161359877266e+01,5.813079399850096252e-04
1.580000000000000154e-02,1.728769592153875934e+01,1.728713225895284111e+01,5.636625859182231579e-04
1.584999999999999951e-02,1.727775792153875756e+01,1.727721155877961934e+01,5.463627591382191895e-04
1.590000000000000094e-02,1.726778892153875944e+01,1.726725951318395147e+01,5.294083548079697721e-04
1.594999999999999890e-02,1.725778792153875685e+01,1.725727612200857664e+01,5.117995301802125141e-04
1.600000000000000033e-02,1.724775492153875689e+01,1.724726138541075215e+01,4.935361280047345645e-04
1.604999999999999830e-02,1.723769192153875807e+01,1.723721530328564100e+01,4.766182531170670700e-04
1.609999999999999973e-02,1.722759692153875832e+01,1.722713787568565991e+01,4.590458530984165009e-04
1.615000000000000116e-02,1.721746992153875766e+01,1.721702910250597185e+01,4.408190327858108049e-04
1.619999999999999912e-02,1.720731292153875813e+01,1.720688898390383414e+01,4.239376349239876163e-04
1.625000000000000056e-02,1.719712392153875768e+01,1.719671751972198948e+01,4.064018167682093008e-04
1.629999999999999852e-02,1.718690292153875987e+01,1.718651471006527487e+01,3.882114734850006244e-04
1.634999999999999995e-02,1.717665092153875861e+01,1.717628055482885330e+01,3.703667099053120637e-04
1.640000000000000138e-02,1.716636792153875746e+01,1.716601505411756179e+01,3.528674211956683848e-04
1.644999999999999934e-02,1.715605292153875894e+01,1.715571820787898005e+01,3.347136597788846757e-04
1.650000000000000078e-02,1.714570692153876053e+01,1.714539001611311164e+01,3.169054256488834653e-04
1.654999999999999874e-02,1.713532992153875867e+01,1.713503047876753627e+01,2.994427712224023708e-04
1.660000000000000017e-02,1.712492192153875692e+01,1.712463959589467066e+01,2.823256440862564887e-04
1.665000000000000160e-02,1.711448092153876033e+01,1.711421736744209809e+01,2.635540966622329506e-04
1.669999999999999957e-02,1.710400992153875777e+01,1.710376379351465559e+01,2.461280241021768234e-04
1.675000000000000100e-02,1.709350692153875784e+01,1.709327887400750257e+01,2.280475312552709966e-04
1.679999999999999896e-02,1.708297292153875802e+01,1.708276260886822229e+01,2.103126705357283299e-04
1.685000000000000039e-02,1.707240792153875830e+01,1.707221499825407562e+01,1.929232846826778314e-04
1.689999999999999836e-02,1.706181092153875767e+01,1.706163604206022200e+01,1.748794785356722059e-04
1.694999999999999979e-02,1.705118292153875714e+01,1.705102574028665785e+01,1.571812520992921236e-04
1.700000000000000122e-02,1.704052292153875925e+01,1.704038409293338319e+01,1.388286053760623417e-04
1.704999999999999918e-02,1.702983192153875791e+01,1.702971110005282185e+01,1.208214859360623450e-04
1.710000000000000062e-02,1.701910992153876023e+01,1.701900676154013325e+01,1.031599986269782221e-04
1.714999999999999858e-02,1.700835592153875808e+01,1.700827107744773414e+01,8.484409102393897228e-05
1.720000000000000001e-02,1.699757092153875959e+01,1.699750404777562807e+01,6.687376313152526563e-05
1.725000000000000144e-02,1.698675492153875766e+01,1.698670567252381147e+01,4.924901494618438846e-05
1.729999999999999941e-02,1.697590692153875835e+01,1.697587595163986762e+01,3.096989889073142876e-05
1.735000000000000084e-02,1.696502792153875916e+01,1.696501488517621681e+01,1.303636254235129854e-05
1.739999999999999880e-02,1.695411792153876007e+01,1.695412247313285548e+01,-4.551594095403288520e-06
1.745000000000000023e-02,1.694317592153876006e+01,1.694319871540494304e+01,-2.279386618297962741e-05
1.750000000000000167e-02,1.693220292153876017e+01,1.693224361214974749e+01,-4.069061098732618120e-05
1.754999999999999963e-02,1.692119792153875935e+01,1.692125716321000084e+01,-5.924167124149448682e-05
1.760000000000000106e-02,1.691016192153875863e+01,1.691023936869054367e+01,-7.744715178503724928e-05
1.764999999999999902e-02,1.689909492153875803e+01,1.689919022853895569e+01,-9.530700019766413789e-05
1.770000000000000046e-02,1.688799592153876006e+01,1.688810974275524401e+01,-1.138212164839558227e-04
1.774999999999999842e-02,1.687686592153875864e+01,1.687699791133940153e+01,-1.319898006428843473e-04
1.779999999999999985e-02,1.686570492153875733e+01,1.686585473434385207e+01,-1.498128050947400425e-04
1.785000000000000128e-02,1.685451192153875866e+01,1.685468021161133478e+01,-1.682900725761271588e-04
1.789999999999999925e-02,1.684328792153876009e+01,1.684347434329910698e+01,-1.864217603468887319e-04
1.795000000000000068e-02,1.683203292153875807e+01,1.683223712930233162e+01,-2.042077635735495278e-04
1.799999999999999864e-02,1.682074592153875869e+01,1.682096856967342546e+01,-2.226481346667696926e-04
1.805000000000000007e-02,1.680942792153875942e+01,1.680966866441239560e+01,-2.407428736361794108e-04
1.810000000000000150e-02,1.679807892153876026e+01,1.679833741346681109e+01,-2.584919280508302109e-04
1.814999999999999947e-02,1.678669792153876017e+01,1.678697481683668258e+01,-2.768952979224081901e-04
1.820000000000000090e-02,1.677528592153876019e+01,1.677558087452200297e+01,-2.949529832427799647e-04
1.824999999999999886e-02,1.676384192153875929e+01,1.676415558657519611e+01,-3.136650364368165356e-04
1.830000000000000029e-02,1.675236692153875850e+01,1.675269895294384170e+01,-3.320314050831996155e-04
1.835000000000000173e-02,1.674086092153875782e+01,1.674121097357551591e+01,-3.500520367580861603e-04
1.839999999999999969e-02,1.672932392153875725e+01,1.672969164857506286e+01,-3.677270363056095448e-04
1.845000000000000112e-02,1.671775492153875931e+01,1.671814097789005871e+01,-3.860563512994019675e-04
1.849999999999999908e-02,1.670615492153875792e+01,1.670655896146809027e+01,-4.040399293323559959e-04
1.855000000000000052e-02,1.669452292153875916e+01,1.669494559941398748e+01,-4.226778752283166796e-04
1.859999999999999848e-02,1.668285992153875696e+01,1.668330089162291685e+01,-4.409700841598862553e-04
1.864999999999999991e-02,1.667116592153875843e+01,1.667162483809488194e+01,-4.589165561235120094e-04
1.870000000000000134e-02,1.665943992153875897e+01,1.665991743888229593e+01,-4.775173435369595154e-04
1.874999999999999931e-02,1.664768292153875962e+01,1.664817869398516237e+01,-4.957724464027535305e-04
1.880000000000000074e-02,1.663589492153875682e+01,1.663640860329863713e+01,-5.136817598803133933e-04
1.884999999999999870e-02,1.662407492153876021e+01,1.662460716692756790e+01,-5.322453888076950079e-04
1.890000000000000013e-02,1.661222392153876015e+01,1.661277438481952373e+01,-5.504632807635800873e-04
1.895000000000000157e-02,1.660034092153875918e+01,1.660091025697451528e+01,-5.693354357561020151e-04
1.899999999999999953e-02,1.658842792153875934e+01,1.658901478339253899e+01,-5.868618537796521650e-04
1.905000000000000096e-02,1.657648192153875755e+01,1.657708796407359131e+01,-6.060425348337616924e-04
1.909999999999999892e-02,1.656450592153876045e+01,1.656512979901767579e+01,-6.238774789153467282e-04
1.915000000000000036e-02,1.655249792153875887e+01,1.655314028822479244e+01,-6.423666860335686124e-04
1.919999999999999832e-02,1.654045892153875741e+01,1.654111943164251741e+01,-6.605101037600036307e-04
1.924999999999999975e-02,1.652838792153875858e+01,1.652906722932327810e+01,-6.793077845195227837e-04
1.930000000000000118e-02,1.651628692153875733e+01,1.651698368116222682e+01,-6.967596234694894974e-04
1.934999999999999915e-02,1.650415292153875768e+01,1.650486878731662799e+01,-7.158657778703059194e-04
1.940000000000000058e-02,1.649198892153875917e+01,1.649272254768163748e+01,-7.336261428783075189e-04
1.944999999999999854e-02,1.647979292153875974e+01,1.648054496225725885e+01,-7.520407184991029226e-04
1.949999999999999997e-02,1.646756592153875687e+01,1.646833603109591238e+01,-7.701095571555072183e-04
1.955000000000000140e-02,1.645530692153876018e+01,1.645609575409275749e+01,-7.888325539973095601e-04
1.959999999999999937e-02,1.644301692153876004e+01,1.644382413135263477e+01,-8.072098138747207940e-04
1.965000000000000080e-02,1.643069592153876002e+01,1.643152116277070007e+01,-8.252412319400548313e-04
1.969999999999999876e-02,1.641834292153875907e+01,1.641918684839938081e+01,-8.439268606217353863e-04
1.975000000000000019e-02,1.640595892153875823e+01,1.640682118823866986e+01,-8.622666999116290754e-04
1.980000000000000163e-02,1.639354392153875750e+01,1.639442418223615050e+01,-8.802606973929982814e-04
1.984999999999999959e-02,1.638109792153876043e+01,1.638199583044424301e+01,-8.979089054825806215e-04
1.990000000000000102e-02,1.636861992153875889e+01,1.636953613286294740e+01,-9.162113241885094794e-04
1.994999999999999898e-02,1.635610992153875998e+01,1.635704508943984337e+01,-9.351679010833890970e-04
2.000000000000000042e-02,1.634356992153875865e+01,1.634452270017492737e+01,-9.527786361687162753e-04
2.004999999999999838e-02,1.633099792153875995e+01,1.633196896506820650e+01,-9.710435294465469269e-04
2.009999999999999981e-02,1.631839392153875679e+01,1.631938388417209396e+01,-9.899626333371713827e-04
2.015000000000000124e-02,1.630575992153875831e+01,1.630676745738175271e+01,-1.007535842994400355e-03
2.019999999999999921e-02,1.629309392153875891e+01,1.629411968480202333e+01,-1.025763263264423131e-03
2.025000000000000064e-02,1.628039592153875859e+01,1.628144056632806524e+01,-1.044644789306659050e-03
2.029999999999999860e-02,1.626766692153875837e+01,1.626873010201229519e+01,-1.063180473536817772e-03
2.035000000000000003e-02,1.625490692153875827e+01,1.625598829185471672e+01,-1.081370315958452011e-03
2.040000000000000147e-02,1.624211592153875827e+01,1.624321513585532983e+01,-1.099214316571561767e-03
2.044999999999999943e-02,1.622929292153875735e+01,1.623041063390929395e+01,-1.117712370536594335e-03
2.050000000000000086e-02,1.621643892153876010e+01,1.621757478612145320e+01,-1.135864582693102420e-03
2.054999999999999882e-02,1.620355392153875940e+01,1.620470759249180048e+01,-1.153670953041086022e-03
2.060000000000000026e-02,1.619063692153875778e+01,1.619180905296791906e+01,-1.172131429161282767e-03
2.065000000000000169e-02,1.617768892153875981e+01,1.617887916754980893e+01,-1.190246011049111985e-03
2.069999999999999965e-02,1.616470992153875841e+01,1.616591793623747009e+01,-1.208014698711679102e-03
2.075000000000000108e-02,1.615169892153875963e+01,1.615292535903090254e+01,-1.226437492142906649e-03
2.079999999999999905e-02,1.613865692153875742e+01,1.613990143593010274e+01,-1.244514391345319382e-03
2.085000000000000048e-02,1.612558392153875886e+01,1.612684616693507778e+01,-1.262245396318917301e-03
2.089999999999999844e-02,1.611247892153875938e+01,1.611375955199340382e+01,-1.280630454644438032e-03
2.094999999999999987e-02,1.609934292153876001e+01,1.610064159115749760e+01,-1.298669618737591236e-03
2.100000000000000130e-02,1.608617492153875972e+01,1.608749228437494594e+01,-1.317362836186219965e-03
2.104999999999999927e-02,1.607297692153876056e+01,1.607431163169816557e+01,-1.334710159405005925e-03
2.110000000000000070e-02,1.605974692153876049e+01,1.606109963312715294e+01,-1.352711588392452313e-03
2.114999999999999866e-02,1.604648492153875949e+01,1.604785628855707103e+01,-1.371367018311531183e-03
2.120000000000000009e-02,1.603319192153875861e+01,1.603458159809276395e+01,-1.389676554005347953e-03
2.125000000000000153e-02,1.601986792153875783e+01,1.602127556168180078e+01,-1.407640143042954151e-03
2.129999999999999949e-02,1.600651292153875715e+01,1.600793817927177543e+01,-1.425257733018270301e-03
2.135000000000000092e-02,1.599312592153875912e+01,1.599456945096751781e+01,-1.443529428758694166e-03
2.139999999999999888e-02,1.597970792153875763e+01,1.598116937666419268e+01,-1.461455125435051627e-03
2.145000000000000032e-02,1.596625892153875803e+01,1.596773795641421856e+01,-1.479034875460527587e-03
2.149999999999999828e-02,1.595277792153875929e+01,1.595427519021759366e+01,-1.497268678834373645e-03
2.154999999999999971e-02,1.593926592153875887e+01,1.594078107802190125e+01,-1.515156483142376942e-03
2.160000000000000114e-02,1.592572292153875857e+01,1.592725561987955984e+01,-1.532698340801275094e-03
2.164999999999999911e-02,1.591214792153875912e+01,1.591369881568572886e+01,-1.550894146969739040e-03
2.170000000000000054e-02,1.589854192153875800e+01,1.590011066559766917e+01,-1.568744058911164529e-03
2.174999999999999850e-02,1.588490492153875877e+01,1.588649116945811990e+01,-1.586247919361127856e-03
2.179999999999999993e-02,1.587123592153875862e+01,1.587284032731950134e+01,-1.604405780742723664e-03
2.185000000000000137e-02,1.585753592153875857e+01,1.585915813918181527e+01,-1.622217643056700354e-03
2.189999999999999933e-02,1.584380492153875863e+01,1.584544460504505814e+01,-1.639683506299505211e-03
2.195000000000000076e-02,1.583004192153875778e+01,1.583169972490923350e+01,-1.657803370475718907e-03
2.199999999999999872e-02,1.581624792153875880e+01,1.581792349877433779e+01,-1.675577235578984414e-03
2.205000000000000016e-02,1.580242292153875816e+01,1.580411592658795428e+01,-1.693005049196116829e-03
2.210000000000000159e-02,1.578856592153875837e+01,1.579027700835008119e+01,-1.711086811322815038e-03
2.214999999999999955e-02,1.577467792153875870e+01,1.577640674411313526e+01,-1.728822574376565058e-03
2.220000000000000098e-02,1.576075892153875913e+01,1.576250513382470508e+01,-1.746212285945958342e-03
2.224999999999999895e-02,1.574680792153875863e+01,1.574857217753720384e+01,-1.764255998445207752e-03
2.230000000000000038e-02,1.573282592153875825e+01,1.573460787514579451e+01,-1.781953607036257381e-03
2.234999999999999834e-02,1.571881292153875975e+01,1.572061222675531589e+01,-1.799305216556135179e-03
2.239999999999999977e-02,1.570476861435917293e+01,1.570658523226092740e+01,-1.816617901754469244e-03
2.245000000000000120e-02,1.569069261435917184e+01,1.569252689171505111e+01,-1.834277355879265770e-03
2.249999999999999917e-02,1.567658561435917264e+01,1.567843720511768346e+01,-1.851590758510823775e-03
2.255000000000000060e-02,1.566244661435917251e+01,1.566431617241640772e+01,-1.869558057235209958e-03
2.259999999999999856e-02,1.564827661435917250e+01,1.565016379366364241e+01,-1.887179304469910335e-03
2.264999999999999999e-02,1.563407561435917259e+01,1.563598006885938929e+01,-1.904454500216701263e-03
2.270000000000000143e-02,1.561984261435917176e+01,1.562176499789880602e+01,-1.922383539634253680e-03
2.274999999999999939e-02,1.560557961435917207e+01,1.560751858088673316e+01,-1.938966527561092335e-03
2.280000000000000082e-02,1.559128461435917146e+01,1.559324081777075044e+01,-1.956203411578982809e-03
2.284999999999999878e-02,1.557695761435917348e+01,1.557893170855085963e+01,-1.974094191686148747e-03
2.290000000000000022e-02,1.556259961435917205e+01,1.556459125322705894e+01,-1.991638867886891262e-03
2.295000000000000165e-02,1.554821061435917251e+01,1.555021945179935017e+01,-2.008837440177657641e-03
2.299999999999999961e-02,1.553379061435917308e+01,1.553581630421530946e+01,-2.025689856136381195e-03
2.305000000000000104e-02,1.551933861435917272e+01,1.552138181057977917e+01,-2.043196220606446900e-03
2.309999999999999901e-02,1.550485561435917248e+01,1.550691597073550021e+01,-2.060356376327732164e-03
2.315000000000000044e-02,1.549034161435917234e+01,1.549241878478731316e+01,-2.077170428140817648e-03
2.319999999999999840e-02,1.547579561435917306e+01,1.547789025273521801e+01,-2.094638376044954953e-03
2.324999999999999983e-02,1.546121861435917211e+01,1.546333037447437242e+01,-2.111760115200311816e-03
2.330000000000000127e-02,1.544661061435917304e+01,1.544873915010961696e+01,-2.128535750443916186e-03
2.334999999999999923e-02,1.543197061435917306e+01,1.543411657958853311e+01,-2.145965229360058402e-03
2.340000000000000066e-02,1.541729961435917318e+01,1.541946266291111911e+01,-2.163048551945934150e-03
2.344999999999999862e-02,1.540259761435917341e+01,1.540477740002495644e+01,-2.179785665783029458e-03
2.350000000000000006e-02,1.538786361435917271e+01,1.539006079098246360e+01,-2.197176623290886255e-03
2.355000000000000149e-02,1.537309961435917316e+01,1.537531283578364238e+01,-2.213221424469224985e-03
2.359999999999999945e-02,1.535830261435917166e+01,1.536053353442849101e+01,-2.230920069319353161e-03
2.365000000000000088e-02,1.534347561435917306e+01,1.534572288681217067e+01,-2.247272452997606251e-03
2.369999999999999885e-02,1.532861661435917355e+01,1.533088089309194046e+01,-2.264278732766911162e-03
2.375000000000000028e-02,1.531372661435917237e+01,1.531600755311054129e+01,-2.280938751368921658e-03
2.380000000000000171e-02,1.529880561435917308e+01,1.530110286692039168e+01,-2.297252561218598998e-03
2.384999999999999967e-02,1.528385261435917286e+01,1.528616683457391545e+01,-2.314220214742590542e-03
2.390000000000000110e-02,1.526886861435917275e+01,1.527119945596626671e+01,-2.330841607093958601e-03
2.394999999999999907e-02,1.525385261435917172e+01,1.525620073120228604e+01,-2.348116843114311791e-03
2.400000000000000050e-02,1.523880661435917183e+01,1.524117066012471966e+01,-2.364045765547828637e-03
2.404999999999999846e-02,1.522372861435917279e+01,1.522610924289082490e+01,-2.380628531652106972e-03
2.409999999999999989e-02,1.520861961435917209e+01,1.521101647939575940e+01,-2.396865036587314535e-03
2.415000000000000133e-02,1.519347861435917224e+01,1.519589236963952317e+01,-2.413755280350926569e-03
2.419999999999999929e-02,1.517830661435917250e+01,1.518073691367454003e+01,-2.430299315367534518e-03
2.425000000000000072e-02,1.516310361435917287e+01,1.516555011144838616e+01,-2.446497089213295340e-03
2.429999999999999868e-02,1.514786861435917231e+01,1.515033196296106155e+01,-2.463348601889236988e-03
2.435000000000000012e-02,1.513260361435917289e+01,1.513508246816014946e+01,-2.478853800976565935e-03
2.440000000000000155e-02,1.511730661435917256e+01,1.511980162715048692e+01,-2.495012791314366041e-03
2.444999999999999951e-02,1.510197761435917307e+01,1.510448943987965542e+01,-2.511825520482346974e-03
2.450000000000000094e-02,1.508661761435917192e+01,1.508914590629523467e+01,-2.528291936062743162e-03
2.454999999999999891e-02,1.507122661435917266e+01,1.507377102644964495e+01,-2.544412090472292221e-03
2.460000000000000034e-02,1.505580461435917172e+01,1.505836480029046243e+01,-2.560185931290703820e-03
2.464999999999999830e-02,1.504035161435917267e+01,1.504292722787011272e+01,-2.575613510940044648e-03
2.469999999999999973e-02,1.502486661435917270e+01,1.502745830913617375e+01,-2.591694777001052330e-03
2.475000000000000117e-02,1.500934961435917181e+01,1.501195804408864554e+01,-2.608429729473726866e-03
2.479999999999999913e-02,1.499380261435917205e+01,1.499642643272752629e+01,-2.623818368354235986e-03
2.485000000000000056e-02,1.497822361435917315e+01,1.498086347505281779e+01,-2.639860693644635603e-03
2.489999999999999852e-02,1.496261361435917259e+01,1.496526917106451648e+01,-2.655556705343897761e-03
2.494999999999999996e-02,1.494697261435917213e+01,1.494964352071021096e+01,-2.670906351038837556e-03
2.500000000000000139e-02,1.493129961435917252e+01,1.493398652404231441e+01,-2.686909683141891492e-03
2.504999999999999935e-02,1.491559561435917303e+01,1.491829818106082683e+01,-2.702566701653807968e-03
2.510000000000000078e-02,1.489985961435917261e+01,1.490257849171333149e+01,-2.718877354158877324e-03
2.514999999999999875e-02,1.488409361435917333e+01,1.488682745599982482e+01,-2.733841640651490934e-03
2.520000000000000018e-02,1.486829561435917313e+01,1.487104507392031039e+01,-2.749459561137257424e-03
2.525000000000000161e-02,1.485246661435917304e+01,1.485523134552720492e+01,-2.764731168031886455e-03
2.529999999999999957e-02,1.483660561435917202e+01,1.483938627071566962e+01,-2.780656356497601678e-03
2.535000000000000100e-02,1.482071361435917289e+01,1.482350984959054685e+01,-2.796235231373955799e-03
2.539999999999999897e-02,1.480479061435917210e+01,1.480760208204699069e+01,-2.811467687818591799e-03
2.545000000000000040e-02,1.478883661435917318e+01,1.479166296808500825e+01,-2.826353725835062392e-03
2.549999999999999836e-02,1.477285061435917157e+01,1.477569250775701448e+01,-2.841893397842909508e-03
2.554999999999999979e-02,1.475683361435917185e+01,1.475969070106301118e+01,-2.857086703839328834e-03
2.560000000000000123e-02,1.474078561435917223e+01,1.474365754795057981e+01,-2.871933591407582753e-03
2.564999999999999919e-02,1.472470561435917347e+01,1.472759304841971684e+01,-2.887434060543370151e-03
2.570000000000000062e-02,1.470859561435917229e+01,1.471149720247042580e+01,-2.901588111253516900e-03
2.574999999999999858e-02,1.469245261435917271e+01,1.469537001015511990e+01,-2.917395795947186343e-03
2.580000000000000002e-02,1.467627961435917250e+01,1.467921147136896742e+01,-2.931857009794924807e-03
2.585000000000000145e-02,1.466007461435917136e+01,1.466302158616438689e+01,-2.946971805215525819e-03
2.589999999999999941e-02,1.464383861435917211e+01,1.464680035448895623e+01,-2.961740129784118380e-03
2.595000000000000084e-02,1.462757161435917297e+01,1.463054777639509396e+01,-2.976162035920992821e-03
2.599999999999999881e-02,1.461127261435917291e+01,1.461426385188280364e+01,-2.991237523630729811e-03
2.605000000000000024e-02,1.459494261435917295e+01,1.459794858084724467e+01,-3.005966488071720732e-03
2.610000000000000167e-02,1.457858161435917310e+01,1.458160196339325410e+01,-3.020349034080993533e-03
2.614999999999999963e-02,1.456218961435917336e+01,1.456522399946841517e+01,-3.034385109241810596e-03
2.620000000000000107e-02,1.454576561435917270e+01,1.454881468907272435e+01,-3.049074713551647164e-03
2.624999999999999903e-02,1.452931061435917215e+01,1.453237403220618518e+01,-3.063417847013027995e-03
2.630000000000000046e-02,1.451282461435917170e+01,1.451590202886879588e+01,-3.077414509624176731e-03
2.634999999999999842e-02,1.449630661435917212e+01,1.449939867900813617e+01,-3.092064648964054641e-03
2.639999999999999986e-02,1.447975761435917263e+01,1.448286398267662634e+01,-3.106368317453700456e-03
2.645000000000000129e-02,1.446317761435917149e+01,1.446629793982184964e+01,-3.120325462678152917e-03
2.649999999999999925e-02,1.444656661435917222e+01,1.444970055049622104e+01,-3.133936137048820569e-03
2.655000000000000068e-02,1.442992361435917203e+01,1.443307181459490174e+01,-3.148200235729703422e-03
2.659999999999999865e-02,1.441324961435917196e+01,1.441641173222273409e+01,-3.162117863562130538e-03
2.665000000000000008e-02,1.439654361435917274e+01,1.439972030332729602e+01,-3.176688968123286827e-03
2.670000000000000151e-02,1.437980761435917287e+01,1.438299752790858399e+01,-3.189913549411116378e-03
2.674999999999999947e-02,1.436303961435917209e+01,1.436624340591418658e+01,-3.203791555014490200e-03
2.680000000000000090e-02,1.434624061435917319e+01,1.434945793739651876e+01,-3.217323037345565240e-03
2.684999999999999887e-02,1.432940961435917160e+01,1.433264112235558052e+01,-3.231507996408922168e-03
2.690000000000000030e-02,1.431254861435917292e+01,1.431579296068653306e+01,-3.244346327360148052e-03
2.695000000000000173e-02,1.429565561435917331e+01,1.429891345254663548e+01,-3.257838187462169799e-03
2.699999999999999969e-02,1.427873061435917279e+01,1.428200259777862868e+01,-3.271983419455892772e-03
2.705000000000000113e-02,1.426177561435917340e+01,1.426506039643492940e+01,-3.284782075755998676e-03
2.709999999999999909e-02,1.424478861435917310e+01,1.424808684856796148e+01,-3.298234208788386468e-03
2.715000000000000052e-02,1.422777061435917290e+01,1.423108195407288434e+01,-3.311339713711447530e-03
2.719999999999999848e-02,1.421072061435917178e+01,1.421404571300211828e+01,-3.325098642946500149e-03
2.724999999999999992e-02,1.419364061435917179e+01,1.419697812530324121e+01,-3.337510944069421726e-03
2.730000000000000135e-02,1.417652861435917266e+01,1.417987919102867345e+01,-3.350576669500782145e-03
2.734999999999999931e-02,1.415938561435917187e+01,1.416274891012599646e+01,-3.363295766824592192e-03
2.740000000000000074e-02,1.414221061435917193e+01,1.414558728264762877e+01,-3.376668288456841083e-03
2.744999999999999871e-02,1.412500461435917209e+01,1.412839430848873157e+01,-3.389694129559472913e-03
2.750000000000000014e-02,1.410776761435917237e+01,1.411116998775414544e+01,-3.402373394973068343e-03
2.755000000000000157e-02,1.409049961435917275e+01,1.409391432033902447e+01,-3.414705979851717643e-03
2.759999999999999953e-02,1.407319961435917222e+01,1.407662730634821635e+01,-3.427691989044134857e-03
2.765000000000000097e-02,1.405586961435917281e+01,1.405930894567687872e+01,-3.439331317705907054e-03
2.769999999999999893e-02,1.403850661435917146e+01,1.404195923832501158e+01,-3.452623965840118103e-03
2.775000000000000036e-02,1.402111361435917303e+01,1.402457818434503523e+01,-3.464569985862198109e-03
2.779999999999999832e-02,1.400368861435917189e+01,1.400716578368452758e+01,-3.477169325355689011e-03
2.784999999999999976e-02,1.398623261435917264e+01,1.398972203634348865e+01,-3.489421984316010139e-03
2.790000000000000119e-02,1.396874561435917173e+01,1.397224694237434051e+01,-3.501328015168780894e-03
2.794999999999999915e-02,1.395122761435917269e+01,1.395474050167224433e+01,-3.512887313071644257e-03
2.800000000000000058e-02,1.393367761435917274e+01,1.393720271428961510e+01,-3.525099930442365803e-03
2.804999999999999855e-02,1.391609661435917289e+01,1.391963358022645636e+01,-3.536965867283470288e-03
2.809999999999999998e-02,1.389848361435917212e+01,1.390203309948276811e+01,-3.549485123595985669e-03
2.815000000000000141e-02,1.388084061435917249e+01,1.388440127195370977e+01,-3.560657594537275372e-03
2.819999999999999937e-02,1.386316561435917194e+01,1.386673809779654221e+01,-3.572483437370266302e-03
2.825000000000000080e-02,1.384545961435917150e+01,1.384904357685400456e+01,-3.583962494833059509e-03
2.829999999999999877e-02,1.382772261435917294e+01,1.383131770923093562e+01,-3.595094871762682942e-03
2.835000000000000020e-02,1.380995361435917346e+01,1.381356049482249659e+01,-3.606880463323136610e-03
2.840000000000000163e-02,1.379215361435917231e+01,1.379577193373352628e+01,-3.618319374353973217e-03
2.844999999999999959e-02,1.377432261435917304e+01,1.377795202585918766e+01,-3.629411500014612102e-03
2.850000000000000103e-02,1.375645961435917286e+01,1.376010077125189568e+01,-3.641156892722818839e-03
2.854999999999999899e-02,1.373856661435917204e+01,1.374221816985923539e+01,-3.651555500063352611e-03
2.860000000000000042e-02,1.372064161435917207e+01,1.372430422173362530e+01,-3.662607374453230591e-03
2.864999999999999838e-02,1.370268561435917221e+01,1.370635892677022483e+01,-3.673312411052620519e-03
2.869999999999999982e-02,1.368469761435917320e+01,1.368838228512629485e+01,-3.684670767121644985e-03
2.875000000000000125e-02,1.366667861435917253e+01,1.367037429664457449e+01,-3.695682285401957756e-03
2.879999999999999921e-02,1.364862861435917196e+01,1.365233496137748403e+01,-3.706347018312072805e-03
2.885000000000000064e-02,1.363054761435917328e+01,1.363426427927260320e+01,-3.716664913429923445e-03
2.889999999999999861e-02,1.361243561435917293e+01,1.361616225043477080e+01,-3.726636075597866693e-03
2.895000000000000004e-02,1.359429161435917166e+01,1.359802887470672950e+01,-3.737260347557835871e-03
2.900000000000000147e-02,1.357611661435917227e+01,1.357986415224573662e+01,-3.747537886564344944e-03
2.904999999999999943e-02,1.355791001435917309e+01,1.356166808289453485e+01,-3.758068535361758222e-03
2.910000000000000087e-02,1.353967251435917163e+01,1.354344066675796299e+01,-3.768152398791357882e-03
2.914999999999999883e-02,1.352140371435917210e+01,1.352518190378360075e+01,-3.778189424428646248e-03
2.920000000000000026e-02,1.350310361435917272e+01,1.350689179391902783e+01,-3.788179559855109346e-03
2.925000000000000169e-02,1.348477231435917290e+01,1.348857033726908483e+01,-3.798022909911935585e-03
2.929999999999999966e-02,1.346640971435917322e+01,1.347021753372892938e+01,-3.807819369756160199e-03
2.935000000000000109e-02,1.344801591435917310e+01,1.345183338329856149e+01,-3.817468939388390936e-03
2.939999999999999905e-02,1.342959081435917312e+01,1.343341788603040854e+01,-3.827071671235415806e-03
2.945000000000000048e-02,1.341113441435917153e+01,1.341497104192446344e+01,-3.836627565291905739e-03
2.949999999999999845e-02,1.339264681435917304e+01,1.339649285087588737e+01,-3.846036516714335107e-03
2.954999999999999988e-02,1.337412801435917231e+01,1.337798331298952093e+01,-3.855298630348613642e-03
2.960000000000000131e-02,1.335557791435917174e+01,1.335944242816052530e+01,-3.864513801353552935e-03
2.964999999999999927e-02,1.333699651435917310e+01,1.334087019644131900e+01,-3.873682082145890604e-03
2.970000000000000070e-02,1.331838391435917224e+01,1.332226661783190202e+01,-3.882703472729787109e-03
2.974999999999999867e-02,1.329974011435917269e+01,1.330363169227985409e+01,-3.891577920681399405e-03
2.980000000000000010e-02,1.328106501435917153e+01,1.328496541983759727e+01,-3.900405478425739147e-03
2.985000000000000153e-02,1.326235861435917229e+01,1.326626780045270948e+01,-3.909186093537186935e-03
2.989999999999999949e-02,1.324362101435917261e+01,1.324753883412519073e+01,-3.917819766018126870e-03
2.995000000000000093e-02,1.322485221435917246e+01,1.322877852085504102e+01,-3.926306495868558954e-03
2.999999999999999889e-02,1.320605211435917248e+01,1.320998686069468064e+01,-3.934746335508165771e-03
3.005000000000000032e-02,1.318722071435917265e+01,1.319116385348685228e+01,-3.943139127679629041e-03
3.009999999999999828e-02,1.316835811435917236e+01,1.317230949938880968e+01,-3.951385029637322077e-03
3.014999999999999972e-02,1.314946431435917162e+01,1.315342379829571939e+01,-3.959483936547769645e-03
3.020000000000000115e-02,1.313053921435917282e+01,1.313450675020757785e+01,-3.967535848405034926e-03
3.024999999999999911e-02,1.311158291435917178e+01,1.311555835517680535e+01,-3.975440817633568713e-03
3.030000000000000054e-02,1.309259531435917268e+01,1.309657861315097982e+01,-3.983298791807143857e-03
3.034999999999999851e-02,1.307357651435917312e+01,1.307756752407768630e+01,-3.991009718513183202e-03
3.039999999999999994e-02,1.305452641435917194e+01,1.305852508806176360e+01,-3.998673702591659662e-03
3.045000000000000137e-02,1.303544511435917208e+01,1.303945130499836935e+01,-4.006190639197271253e-03
3.049999999999999933e-02,1.301633261435917177e+01,1.302034617499234415e+01,-4.013560633172374992e-03
3.055000000000000077e-02,1.299718881435917162e+01,1.300120969788642888e+01,-4.020883527257268497e-03
3.059999999999999873e-02,1.297801381435917278e+01,1.298204187378546237e+01,-4.028059426289587464e-03
3.065000000000000016e-02,1.295880751435917233e+01,1.296284270263702609e+01,-4.035188277853762884e-03
3.070000000000000159e-02,1.293957001435917320e+01,1.294361218444111827e+01,-4.042170081945073434e-03
3.074999999999999956e-02,1.292030121435917245e+01,1.292435031919774069e+01,-4.049104838568240439e-03
3.080000000000000099e-02,1.290100131435917241e+01,1.290505710690689156e+01,-4.055792547719150321e-03
3.084999999999999895e-02,1.288167001435917314e+01,1.288573254756857267e+01,-4.062533209399532552e-03
3.090000000000000038e-02,1.286230761435917280e+01,1.286637664113036372e+01,-4.069026771190920044e-03
3.094999999999999835e-02,1.284291391435917262e+01,1.284698938759226294e+01,-4.075473233090320946e-03
3.099999999999999978e-02,1.282348901435917199e+01,1.282757078700669240e+01,-4.081772647520409691e-03
3.105000000000000121e-02,1.280403281435917329e+01,1.280812083937365031e+01,-4.088025014477025820e-03
3.109999999999999917e-02,1.278454541435917236e+01,1.278863954458829788e+01,-4.094130229125525489e-03
3.115000000000000061e-02,1.276502671435917335e+01,1.276912690270305362e+01,-4.100188343880262209e-03
3.119999999999999857e-02,1.274547691435917329e+01,1.274958291371791752e+01,-4.105999358744227834e-03
3.125000000000000000e-02,1.272589581435917161e+01,1.273000757758047286e+01,-4.111763221301245608e-03
3.130000000000000143e-02,1.270628341435917186e+01,1.271040089434313813e+01,-4.117479983966276791e-03
3.135000000000000286e-02,1.268663991435917282e+01,1.269076286400591158e+01,-4.122949646738760521e-03
3.139999999999999736e-02,1.266696511435917216e+01,1.267109348646395439e+01,-4.128372104782229712e-03
3.144999999999999879e-02,1.264725904435917236e+01,1.265139276182210715e+01,-4.133717462934782816e-03
3.150000000000000022e-02,1.262752178435917294e+01,1.263166069002794956e+01,-4.138905668776615698e-03
3.155000000000000165e-02,1.260775328435917331e+01,1.261189727102905955e+01,-4.143986669886245977e-03
3.160000000000000309e-02,1.258795356435917334e+01,1.259210250493027949e+01,-4.148940571106152220e-03
3.164999999999999758e-02,1.256812261735917247e+01,1.257227639162676880e+01,-4.153774267596332948e-03
3.169999999999999901e-02,1.254826043435917171e+01,1.255241893111852747e+01,-4.158496759355756467e-03
3.175000000000000044e-02,1.252836703435917265e+01,1.253253012345797579e+01,-4.163089098803141042e-03
3.180000000000000188e-02,1.250844240435917243e+01,1.251260996859269170e+01,-4.167564233519271966e-03
3.185000000000000331e-02,1.248848654435917283e+01,1.249265846652267875e+01,-4.171922163505925596e-03
3.189999999999999780e-02,1.246849945435917206e+01,1.247267561719551310e+01,-4.176162836341035245e-03
3.194999999999999923e-02,1.244848111435917204e+01,1.245266142071603710e+01,-4.180306356865060025e-03
3.200000000000000067e-02,1.242843161435917310e+01,1.243261587703183224e+01,-4.184262672659144755e-03
3.205000000000000210e-02,1.240835081435917253e+01,1.241253898603805439e+01,-4.188171678881857929e-03
3.209999999999999659e-02,1.238823891435917268e+01,1.239243074783954235e+01,-4.191833480369666631e-03
3.214999999999999802e-02,1.236809571435917299e+01,1.237229116243630322e+01,-4.195448077130237152e-03
3.219999999999999946e-02,1.234792121435917167e+01,1.235212022972349288e+01,-4.199015364321212473e-03
3.225000000000000089e-02,1.232771561435917285e+01,1.233191794980595191e+01,-4.202335446779059680e-03
3.230000000000000232e-02,1.230747871435917240e+01,1.231168432257884149e+01,-4.205608219669088044e-03
3.234999999999999681e-02,1.228721061435917328e+01,1.229141934809457837e+01,-4.208733735405090215e-03
3.239999999999999825e-02,1.226691131435917193e+01,1.227112302635316254e+01,-4.211711993990618907e-03
3.244999999999999968e-02,1.224658081435917190e+01,1.225079535724975877e+01,-4.214542890586869817e-03
3.250000000000000111e-02,1.222621901435917202e+01,1.223043634094162257e+01,-4.217326582450553474e-03
3.255000000000000254e-02,1.220582611435917286e+01,1.221004597727149665e+01,-4.219862912323790738e-03
3.259999999999999704e-02,1.218540191435917208e+01,1.218962426629179774e+01,-4.222351932625656445e-03
3.264999999999999847e-02,1.216494651435917262e+01,1.216917120805495145e+01,-4.224693695778825031e-03
3.269999999999999990e-02,1.214445991435917271e+01,1.214868680245611010e+01,-4.226888096937386763e-03
3.275000000000000133e-02,1.212394201435917296e+01,1.212817104949527902e+01,-4.229035136106062964e-03
3.280000000000000276e-02,1.210339301435917214e+01,1.210762394922487672e+01,-4.230934865704583103e-03
3.284999999999999726e-02,1.208281271435917326e+01,1.208704550159248470e+01,-4.232787233311441355e-03
3.289999999999999869e-02,1.206220131435917153e+01,1.206643570665052145e+01,-4.234392291349919901e-03
3.295000000000000012e-02,1.204155861435917174e+01,1.204579456429414641e+01,-4.235949934974669873e-03
3.300000000000000155e-02,1.202088471435917327e+01,1.202512207462819660e+01,-4.237360269023326964e-03
3.305000000000000299e-02,1.200017961435917258e+01,1.200441823754783854e+01,-4.238623188665968655e-03
3.309999999999999748e-02,1.197944331435917320e+01,1.198368305310549076e+01,-4.239738746317556206e-03
3.314999999999999891e-02,1.195867571435917220e+01,1.196291652124873295e+01,-4.240806889560744253e-03
3.320000000000000034e-02,1.193787701435917192e+01,1.194211864202998186e+01,-4.241627670809933193e-03
3.325000000000000178e-02,1.191704701435917180e+01,1.192128941539682074e+01,-4.242401037648946271e-03
3.330000000000000321e-02,1.189618591435917239e+01,1.190042884129682754e+01,-4.242926937655155939e-03
3.334999999999999770e-02,1.187529351435917313e+01,1.187953691983484461e+01,-4.243405475671480076e-03
3.339999999999999913e-02,1.185436991435917164e+01,1.185861365095844988e+01,-4.243736599278236099e-03
3.345000000000000057e-02,1.183341511435917326e+01,1.183765903461522306e+01,-4.243920256049804607e-03
3.350000000000000200e-02,1.181242921435917204e+01,1.181667307085758623e+01,-4.243856498414189105e-03
3.355000000000000343e-02,1.179141201435917274e+01,1.179565575963311730e+01,-4.243745273944554697e-03
3.359999999999999792e-02,1.177036361435917300e+01,1.177460710094181806e+01,-4.243486582645061844e-03
3.364999999999999936e-02,1.174928401435917280e+01,1.175352709478368674e+01,-4.243080424513934190e-03
3.370000000000000079e-02,1.172817321435917215e+01,1.173241574115872510e+01,-4.242526799552948091e-03
3.375000000000000222e-02,1.170703111435917165e+01,1.171127304006693137e+01,-4.241925707759719444e-03
3.379999999999999671e-02,1.168585791435917187e+01,1.169009899150830734e+01,-4.241077149135463742e-03
3.384999999999999815e-02,1.166465351435917164e+01,1.166889359543043092e+01,-4.240081071259282908e-03
3.389999999999999958e-02,1.164341791435917273e+01,1.164765685188572064e+01,-4.238937526547914558e-03
3.395000000000000101e-02,1.162215111435917336e+01,1.162638876076934125e+01,-4.237646410167883460e-03
3.400000000000000244e-02,1.160085311435917177e+01,1.160508932218613154e+01,-4.236207826959770273e-03
3.404999999999999694e-02,1.157952391435917328e+01,1.158375853608367123e+01,-4.234621724497955597e-03
3.409999999999999837e-02,1.155816361435917194e+01,1.156239640240954003e+01,-4.232788050368085919e-03
3.414999999999999980e-02,1.153677161435917320e+01,1.154100292121615645e+01,-4.231306856983252374e-03
3.420000000000000123e-02,1.151534861435917279e+01,1.151957809250352227e+01,-4.229478144349485547e-03
3.425000000000000266e-02,1.149389461435917248e+01,1.149812191621921542e+01,-4.227301860042942394e-03
3.429999999999999716e-02,1.147240961435917228e+01,1.147663439236323768e+01,-4.224778004065399273e-03
3.434999999999999859e-02,1.145089361435917219e+01,1.145511552093558905e+01,-4.221906576416856183e-03
3.440000000000000002e-02,1.142934561435917296e+01,1.143356530193626774e+01,-4.219687577094788367e-03
3.445000000000000145e-02,1.140776661435917205e+01,1.141198373536527733e+01,-4.217121006105273295e-03
3.450000000000000289e-02,1.138615661435917303e+01,1.139037082122261424e+01,-4.214206863441205542e-03
3.454999999999999738e-02,1.136451561435917235e+01,1.136872655945585997e+01,-4.210945096687623845e-03
3.459999999999999881e-02,1.134284361435917177e+01,1.134705095006501274e+01,-4.207335705840975493e-03
3.465000000000000024e-02,1.132113961435917204e+01,1.132534399310249640e+01,-4.204378743324355128e-03
3.470000000000000168e-02,1.129940561435917346e+01,1.130360568846346681e+01,-4.200074104293349819e-03
3.475000000000000311e-02,1.127763961435917217e+01,1.128183603620034781e+01,-4.196421841175634881e-03
3.479999999999999760e-02,1.125584261435917277e+01,1.126003503636555259e+01,-4.192422006379814547e-03
3.484999999999999903e-02,1.123401361435917245e+01,1.123820268880182915e+01,-4.189074442656703923e-03
3.490000000000000047e-02,1.121215461435917149e+01,1.121633899366643483e+01,-4.184379307263341730e-03
3.495000000000000190e-02,1.119026361435917316e+01,1.119444395080210874e+01,-4.180336442935583818e-03
3.500000000000000333e-02,1.116834161435917316e+01,1.117251756031369148e+01,-4.175945954518311964e-03
3.504999999999999782e-02,1.114638861435917150e+01,1.115055982214876096e+01,-4.171207789589459480e-03
3.509999999999999926e-02,1.112440461435917172e+01,1.112857073625490045e+01,-4.166121895728736035e-03
3.515000000000000069e-02,1.110238861435917279e+01,1.110655030273694877e+01,-4.161688377775973890e-03
3.520000000000000212e-02,1.108034261435917323e+01,1.108449852143764502e+01,-4.155907078471798854e-03
3.524999999999999661e-02,1.105826461435917274e+01,1.106241539251425010e+01,-4.150778155077361475e-03
3.529999999999999805e-02,1.103615561435917236e+01,1.104030091580950312e+01,-4.145301450330762805e-03
3.534999999999999948e-02,1.101401561435917209e+01,1.101815509142824467e+01,-4.139477069072583504e-03
3.540000000000000091e-02,1.099184361435917268e+01,1.099597791931805446e+01,-4.134304958881784842e-03
3.545000000000000234e-02,1.096964161435917262e+01,1.097376939942651397e+01,-4.127785067341349645e-03
3.549999999999999684e-02,1.094740761435917165e+01,1.095152953180603994e+01,-4.121917446868295087e-03
3.554999999999999827e-02,1.092514261435917255e+01,1.092925831645663592e+01,-4.115702097463369569e-03
3.559999999999999970e-02,1.090284661435917180e+01,1.090695575332587808e+01,-4.109138966706282758e-03
3.565000000000000113e-02,1.088051961435917292e+01,1.088462184241376995e+01,-4.102228054597034657e-03
3.570000000000000256e-02,1.085816161435917238e+01,1.086225658377272829e+01,-4.094969413555915594e-03
3.574999999999999706e-02,1.083577161435917269e+01,1.083985997729791606e+01,-4.088362938743372865e-03
3.579999999999999849e-02,1.081335061435917311e+01,1.081743202304175355e+01,-4.081408682580445202e-03
3.584999999999999992e-02,1.079089861435917186e+01,1.079497272095181870e+01,-4.074106592646842273e-03
3.590000000000000135e-02,1.076841561435917249e+01,1.077248207108053180e+01,-4.066456721359301696e-03
3.595000000000000279e-02,1.074590161435917324e+01,1.074996007342789284e+01,-4.058459068719599827e-03
3.599999999999999728e-02,1.072335561435917306e+01,1.072740672794148331e+01,-4.051113582310250649e-03
3.604999999999999871e-02,1.070077961435917224e+01,1.070482203456888293e+01,-4.042420209710684276e-03
3.610000000000000014e-02,1.067817161435917228e+01,1.068220599336250842e+01,-4.034379003336141523e-03
3.615000000000000158e-02,1.065553261435917243e+01,1.065955860437478364e+01,-4.025990015611213835e-03
3.620000000000000301e-02,1.063286261435917268e+01,1.063687986744844594e+01,-4.017253089273253863e-03
3.624999999999999750e-02,1.061016061435917202e+01,1.061416978274075795e+01,-4.009168381585936913e-03
3.629999999999999893e-02,1.058742861435917249e+01,1.059142835009445704e+01,-3.999735735284559723e-03
3.635000000000000037e-02,1.056466461435917203e+01,1.056865556956196528e+01,-3.990955202793244894e-03
3.640000000000000180e-02,1.054186961435917169e+01,1.054585144119570117e+01,-3.981826836529478442e-03
3.645000000000000323e-02,1.051904361435917323e+01,1.052301596494324443e+01,-3.972350584071193680e-03
3.649999999999999772e-02,1.049618661435917311e+01,1.050014914075217654e+01,-3.962526393003429348e-03
3.654999999999999916e-02,1.047329861435917309e+01,1.047725096862249750e+01,-3.952354263324409089e-03
3.660000000000000059e-02,1.045037861435917215e+01,1.045432144860662582e+01,-3.942834247453674834e-03
3.665000000000000202e-02,1.042742761435917309e+01,1.043136058065213945e+01,-3.932966292966355581e-03
3.670000000000000345e-02,1.040444661435917340e+01,1.040836836470662341e+01,-3.921750347450014829e-03
3.674999999999999795e-02,1.038143361435917278e+01,1.038534480087491652e+01,-3.911186515743736436e-03
3.679999999999999938e-02,1.035838861435917302e+01,1.036228988910459847e+01,-3.901274745425453716e-03
3.685000000000000081e-02,1.033531361435917262e+01,1.033920362934324721e+01,-3.890014984074596782e-03
3.690000000000000224e-02,1.031220761435917233e+01,1.031608602159086452e+01,-3.878407231692193591e-03
3.694999999999999674e-02,1.028906961435917289e+01,1.029293706589986890e+01,-3.867451540696009715e-03
3.699999999999999817e-02,1.026590061435917178e+01,1.026975676221784184e+01,-3.856147858670055939e-03
3.704999999999999960e-02,1.024270061435917256e+01,1.024654511054478334e+01,-3.844496185610779548e-03
3.710000000000000103e-02,1.021946961435917345e+01,1.022330211082827311e+01,-3.832496469099666569e-03
3.715000000000000246e-02,1.019620761435917267e+01,1.020002776317314996e+01,-3.820148813977297664e-03
3.719999999999999696e-02,1.017291361435917274e+01,1.017672206742215479e+01,-3.808453062982053439e-03
3.724999999999999839e-02,1.014958961435917217e+01,1.015338502368012819e+01,-3.795409320956011356e-03
3.729999999999999982e-02,1.012623361435917246e+01,1.013001663189464985e+01,-3.783017535477384286e-03
3.735000000000000125e-02,1.010284661435917286e+01,1.010661689206571801e+01,-3.770277706545144270e-03
3.740000000000000269e-02,1.007942861435917337e+01,1.008318580419333621e+01,-3.757189834162844022e-03
3.744999999999999718e-02,1.005597961435917220e+01,1.005972336827750091e+01,-3.743753918328707186e-03
3.749999999999999861e-02,1.003249861435917190e+01,1.003622958426579004e+01,-3.730969906618142318e-03
3.755000000000000004e-02,1.000898761435917272e+01,1.001270445221063099e+01,-3.716837851458265618e-03
3.760000000000000148e-02,9.985444614359172633e+00,9.989147972059599923e+00,-3.703357700427289956e-03
3.765000000000000291e-02,9.961870614359172649e+00,9.965560143812696836e+00,-3.689529453524187375e-03
3.769999999999999740e-02,9.938265614359172773e+00,9.941940967417501440e+00,-3.675353058328667544e-03
3.774999999999999883e-02,9.914629614359173004e+00,9.918290442978854315e+00,-3.660828619681311125e-03
3.780000000000000027e-02,9.890962614359171567e+00,9.894608570391914881e+00,-3.645956032743313813e-03
3.785000000000000170e-02,9.867263614359172763e+00,9.870895349656683138e+00,-3.631735297510374494e-03
3.790000000000000313e-02,9.843534614359171542e+00,9.847150780877997889e+00,-3.616166518826346987e-03
3.794999999999999762e-02,9.819773614359172953e+00,9.823374863846183302e+00,-3.601249487010349526e-03
3.799999999999999906e-02,9.795981614359172696e+00,9.799567598718494921e+00,-3.585984359322225146e-03
3.805000000000000049e-02,9.772158614359172546e+00,9.775728985390093939e+00,-3.570371030921393185e-03
3.810000000000000192e-02,9.748304614359172504e+00,9.751859023965820938e+00,-3.554409606648434305e-03
3.815000000000000335e-02,9.724419614359172570e+00,9.727957714340835338e+00,-3.538099981662767846e-03
3.819999999999999785e-02,9.700502614359173492e+00,9.704025056462718624e+00,-3.522442103545131431e-03
3.824999999999999928e-02,9.676554614359172746e+00,9.680061050488729890e+00,-3.506436129557144454e-03
3.830000000000000071e-02,9.652576614359173135e+00,9.656065696261606490e+00,-3.489081902433355253e-03
3.835000000000000214e-02,9.628566614359172604e+00,9.632038993833774043e+00,-3.472379474601439142e-03
3.839999999999999664e-02,9.604525614359172181e+00,9.607980943205223667e+00,-3.455328846051486380e-03
3.844999999999999807e-02,9.580453614359171866e+00,9.583891544323545730e+00,-3.437929964373864777e-03
3.849999999999999950e-02,9.556349614359172406e+00,9.559770797188733127e+00,-3.421182829560720506e-03
3.855000000000000093e-02,9.532215614359172307e+00,9.535618701853211476e+00,-3.403087494039169769e-03
3.860000000000000236e-02,9.508049614359173063e+00,9.511435258212134869e+00,-3.385643852961806033e-03
3.864999999999999686e-02,9.483853614359173179e+00,9.487220466370347438e+00,-3.366852011174259474e-03
3.869999999999999829e-02,9.459625614359172374e+00,9.462974326223006827e+00,-3.348711863834452629e-03
3.874999999999999972e-02,9.435366614359171678e+00,9.438696837822535102e+00,-3.330223463363424230e-03
3.880000000000000115e-02,9.411076307179584433e+00,9.414388001116508420e+00,-3.311693936923987280e-03
3.885000000000000259e-02,9.386755307179585728e+00,9.390047816104932110e+00,-3.292508925346382398e-03
3.889999999999999708e-02,9.362402307179586103e+00,9.365676282787802620e+00,-3.273975608216517230e-03
3.894999999999999851e-02,9.338019307179585837e+00,9.341273401217540240e+00,-3.254094037954402552e-03
3.899999999999999994e-02,9.313604307179584652e+00,9.316839171289304389e+00,-3.234864109719737257e-03
3.905000000000000138e-02,9.289158307179585350e+00,9.292373593003098620e+00,-3.215285823513269747e-03
3.910000000000000281e-02,9.264681307179586156e+00,9.267876666411337894e+00,-3.195359231751737639e-03
3.914999999999999730e-02,9.240173307179585294e+00,9.243348391461605473e+00,-3.175084282020179671e-03
3.919999999999999873e-02,9.215634307179584539e+00,9.218788768153901358e+00,-3.154460974316819488e-03
3.925000000000000017e-02,9.191064307179585668e+00,9.194197796488225549e+00,-3.133489308639880733e-03
3.930000000000000160e-02,9.166462307179585878e+00,9.169575476464570940e+00,-3.113169284985062291e-03
3.935000000000000303e-02,9.141830307179585446e+00,9.144921808030529675e+00,-3.091500850944228773e-03
3.939999999999999752e-02,9.117166307179585871e+00,9.120236791238514940e+00,-3.070484058929068283e-03
3.944999999999999896e-02,9.092471307179586404e+00,9.095520425983687929e+00,-3.049118804101524915e-03
3.950000000000000039e-02,9.067745307179585268e+00,9.070772712423307738e+00,-3.027405243722469663e-03
3.955000000000000182e-02,9.042988307179584240e+00,9.045993650347694981e+00,-3.005343168110741203e-03
3.960000000000000325e-02,9.018200307179585096e+00,9.021183239914110530e+00,-2.982932734525434171e-03
3.964999999999999775e-02,8.993381307179586059e+00,8.996341481017713804e+00,-2.960173838127744261e-03
3.969999999999999918e-02,8.968530307179584327e+00,8.971468373710923316e+00,-2.938066531338989762e-03
3.975000000000000061e-02,8.943649307179585506e+00,8.946563917941320554e+00,-2.914610761735048072e-03
3.980000000000000204e-02,8.918736307179585765e+00,8.921628113708905516e+00,-2.891806529319751462e-03
3.984999999999999654e-02,8.893792307179584355e+00,8.896660960961257913e+00,-2.868653781673558001e-03
3.989999999999999797e-02,8.868817307179584830e+00,8.871662459803216549e+00,-2.845152623631719280e-03
3.994999999999999940e-02,8.843811307179585413e+00,8.846632610129944396e+00,-2.821302950358983708e-03
4.000000000000000083e-02,8.818774307179584326e+00,8.821571411993858192e+00,-2.797104814273865259e-03
4.005000000000000226e-02,8.793706307179585124e+00,8.796478865290119131e+00,-2.772558110534006914e-03
4.009999999999999676e-02,8.768607307179586030e+00,8.771354970123567796e+00,-2.747662943981765693e-03
4.014999999999999819e-02,8.743476307179584239e+00,8.746199726441783895e+00,-2.723419262199655577e-03
4.019999999999999962e-02,8.718314307179586109e+00,8.721013134192347138e+00,-2.698827012761029209e-03
4.025000000000000105e-02,8.693122307179585562e+00,8.695795193427674263e+00,-2.672886248088701677e-03
4.030000000000000249e-02,8.667898307179585871e+00,8.670545904095352086e+00,-2.647596915766214920e-03
4.034999999999999698e-02,8.642643307179586287e+00,8.645265266247797342e+00,-2.621959068211054955e-03
4.039999999999999841e-02,8.617357307179585035e+00,8.619953279832589743e+00,-2.595972653004707809e-03
4.044999999999999984e-02,8.592040307179585668e+00,8.594609944797308998e+00,-2.569637617723330436e-03
4.050000000000000128e-02,8.566691307179585380e+00,8.569235261194375397e+00,-2.543954014790017482e-03
4.055000000000000271e-02,8.541312307179584451e+00,8.543829229023788940e+00,-2.516921844204489389e-03
4.059999999999999720e-02,8.515901307179586155e+00,8.518391848233129338e+00,-2.490541053543182670e-03
4.064999999999999863e-02,8.490460307179585442e+00,8.492923118822398365e+00,-2.462811642812923196e-03
4.070000000000000007e-02,8.464987307179585585e+00,8.467423040791592470e+00,-2.435733612006885096e-03
4.075000000000000150e-02,8.439483307179585836e+00,8.441891614193135496e+00,-2.408307013549659814e-03
4.080000000000000293e-02,8.413948307179584418e+00,8.416328838922185085e+00,-2.380531742600666689e-03
4.084999999999999742e-02,8.388382307179584885e+00,8.390734714978741238e+00,-2.352407799156353008e-03
4.089999999999999886e-02,8.362785307179585459e+00,8.365109242415226021e+00,-2.323935235640561814e-03
4.095000000000000029e-02,8.337157307179584365e+00,8.339452421179215591e+00,-2.295113999631226420e-03
4.100000000000000172e-02,8.311498307179585154e+00,8.313764251218293211e+00,-2.265944038708056496e-03
4.105000000000000315e-02,8.285807307179585024e+00,8.288044732637299461e+00,-2.237425457714437016e-03
4.109999999999999765e-02,8.260086307179586029e+00,8.262293865383806946e+00,-2.207558204220916309e-03
4.114999999999999908e-02,8.234333307179586114e+00,8.236511649405406033e+00,-2.178342225819918099e-03
4.120000000000000051e-02,8.208549307179584531e+00,8.210698084702091393e+00,-2.148777522506861715e-03
4.125000000000000194e-02,8.182734307179584832e+00,8.184853171273864803e+00,-2.118864094279970800e-03
4.130000000000000338e-02,8.156888307179585240e+00,8.158976909173144776e+00,-2.088601993559535686e-03
4.134999999999999787e-02,8.131011307179585756e+00,8.133069298295092509e+00,-2.057991115506752067e-03
4.139999999999999930e-02,8.105103307179584604e+00,8.107130338639706224e+00,-2.027031460121619943e-03
4.145000000000000073e-02,8.079164307179585336e+00,8.081160030259406213e+00,-1.995723079820876933e-03
4.150000000000000216e-02,8.053194307179584399e+00,8.055158373154194251e+00,-1.964065974609852105e-03
4.154999999999999666e-02,8.027192307179586095e+00,8.029125367219229759e+00,-1.933060039643663686e-03
4.159999999999999809e-02,8.001160307179585374e+00,8.003061012559351539e+00,-1.900705379766165493e-03
4.164999999999999952e-02,7.975096307179585509e+00,7.976965309069719012e+00,-1.869001890133503707e-03
4.170000000000000095e-02,7.949001307179585751e+00,7.950838256802754245e+00,-1.836949623168493417e-03
4.175000000000000239e-02,7.922876307179585353e+00,7.924679855706036946e+00,-1.803548526451592693e-03
4.179999999999999688e-02,7.896719307179585812e+00,7.898490105831985630e+00,-1.770798652399818707e-03
4.184999999999999831e-02,7.870531307179585490e+00,7.872269007075761493e+00,-1.737699896176003733e-03
4.189999999999999974e-02,7.844312307179585275e+00,7.846016559542205115e+00,-1.704252362619840255e-03
4.195000000000000118e-02,7.818062307179585169e+00,7.819732763126474140e+00,-1.670455946888971255e-03
4.200000000000000261e-02,7.791780307179585030e+00,7.793417617828570343e+00,-1.637310648985312866e-03
4.204999999999999710e-02,7.765468307179585139e+00,7.767071123700910462e+00,-1.602816521325323151e-03
4.209999999999999853e-02,7.739125307179585356e+00,7.740693280691081313e+00,-1.567973511495956984e-03
4.214999999999999997e-02,7.712750307179585540e+00,7.714284088799077566e+00,-1.533781619492025072e-03
4.220000000000000140e-02,7.686345307179585085e+00,7.687843548024900997e+00,-1.498240845315912395e-03
4.225000000000000283e-02,7.659908307179585485e+00,7.661371658368551607e+00,-1.463351188966122152e-03
4.229999999999999732e-02,7.633440307179585105e+00,7.634868419777609105e+00,-1.428112598024000590e-03
4.234999999999999876e-02,7.606941307179585721e+00,7.608333832252071716e+00,-1.392525072485994997e-03
4.240000000000000019e-02,7.580411307179585556e+00,7.581767895844363281e+00,-1.356588664777724773e-03
4.245000000000000162e-02,7.553851307179585639e+00,7.555170610449639668e+00,-1.319303270054028587e-03
4.250000000000000305e-02,7.527258307179585550e+00,7.528541976120322943e+00,-1.283668940737392461e-03
4.254999999999999755e-02,7.500635307179585709e+00,7.501881992856413106e+00,-1.246685676827397060e-03
4.259999999999999898e-02,7.473981307179585087e+00,7.475190660605491644e+00,-1.209353425906556367e-03
4.265000000000000041e-02,7.447296307179585462e+00,7.448467979367555003e+00,-1.171672187969541312e-03
4.270000000000000184e-02,7.420579307179584916e+00,7.421713949195025251e+00,-1.134642015440334717e-03
4.275000000000000328e-02,7.393832307179585506e+00,7.394928569983061806e+00,-1.096262803476300007e-03
4.279999999999999777e-02,7.367053307179585175e+00,7.368111841784084959e+00,-1.058534604499783427e-03
4.284999999999999920e-02,7.340244307179585093e+00,7.341263764545676196e+00,-1.019457366091103268e-03
4.290000000000000063e-02,7.313403307179585866e+00,7.314384338320248702e+00,-9.810311406628358100e-04
4.295000000000000207e-02,7.286531307179584971e+00,7.287473563055391068e+00,-9.422558758060972650e-04
4.299999999999999656e-02,7.259628907179584978e+00,7.260531438751101518e+00,-9.025315715165405095e-04
4.304999999999999799e-02,7.232695007179585467e+00,7.233557965407378276e+00,-8.629582277928093959e-04
4.309999999999999942e-02,7.205730107179585175e+00,7.206553142971801051e+00,-8.230357922158759720e-04
4.315000000000000085e-02,7.178734107179585600e+00,7.179516971496790134e+00,-7.828643172045346432e-04
4.320000000000000229e-02,7.151707007179584963e+00,7.152449450929925234e+00,-7.424437503402714356e-04
4.324999999999999678e-02,7.124648807179585042e+00,7.125350581271208128e+00,-7.017740916230863490e-04
4.329999999999999821e-02,7.097559607179585228e+00,7.098220362520637039e+00,-6.607553410518107739e-04
4.334999999999999964e-02,7.070439307179585242e+00,7.071058794625791677e+00,-6.194874462064348108e-04
4.340000000000000108e-02,7.043288007179585364e+00,7.043865877639094109e+00,-5.778704595087447160e-04
4.345000000000000251e-02,7.016105507179585032e+00,7.016641611560540781e+00,-5.361043809557486384e-04
4.349999999999999700e-02,6.988892007179585697e+00,6.989385996337716733e+00,-4.939891581310362767e-04
4.354999999999999843e-02,6.961647507179585581e+00,6.962099031918196346e+00,-4.515247386107645866e-04
4.359999999999999987e-02,6.934371907179585293e+00,6.934780718406823752e+00,-4.088112272384591961e-04
4.365000000000000130e-02,6.907065207179585720e+00,6.907431055698758371e+00,-3.658485191726512653e-04
4.370000000000000273e-02,6.879727507179585366e+00,6.880050043793998427e+00,-3.225366144130603629e-04
4.374999999999999722e-02,6.852358707179585728e+00,6.852637682744964209e+00,-2.789755653784808942e-04
4.379999999999999866e-02,6.824958907179585310e+00,6.825193972499237205e+00,-2.350653196518948107e-04
4.385000000000000009e-02,6.797528007179585607e+00,6.797718913004391794e+00,-1.909058248061867857e-04
4.390000000000000152e-02,6.770066007179585732e+00,6.770212504365277439e+00,-1.464971856917074433e-04
4.395000000000000295e-02,6.742573007179585076e+00,6.742674746477048231e+00,-1.017392974631547986e-04
4.399999999999999745e-02,6.715048907179585136e+00,6.715105639339705945e+00,-5.673216012080928294e-05
4.404999999999999888e-02,6.687493807179585303e+00,6.687505182953250582e+00,-1.137577366527864342e-05
4.410000000000000031e-02,6.659907607179585298e+00,6.659873377370100656e+00,3.422980948464271478e-05
4.415000000000000174e-02,6.632290407179585401e+00,6.632210222485417361e+00,8.018469416803952754e-05
4.420000000000000318e-02,6.604642107179585331e+00,6.604515718299198923e+00,1.263888803864077204e-04
4.424999999999999767e-02,6.576962707179585088e+00,6.576789864863869184e+00,1.728423157159042489e-04
4.429999999999999910e-02,6.549252407179585234e+00,6.549032662179422815e+00,2.197450001624190463e-04
4.435000000000000053e-02,6.521510907179584926e+00,6.521244110141024564e+00,2.667970385603624095e-04
4.440000000000000197e-02,6.493738407179585614e+00,6.493424208801091169e+00,3.141983784944457625e-04
4.445000000000000340e-02,6.465934907179585522e+00,6.465572958159626182e+00,3.619490199593400348e-04
4.449999999999999789e-02,6.438100307179585258e+00,6.437690358216626052e+00,4.099489629592056872e-04
4.454999999999999932e-02,6.410234707179585101e+00,6.409776408867250197e+00,4.582983123349038124e-04
4.460000000000000075e-02,6.382338017179585599e+00,6.381831110216342751e+00,5.069069632428480077e-04
4.465000000000000219e-02,6.354410297179585498e+00,6.353854462211481646e+00,5.558349681038521339e-04
4.469999999999999668e-02,6.326451537179585749e+00,6.325846464800241264e+00,6.050723793444845455e-04
4.474999999999999811e-02,6.298461737179585462e+00,6.297807118035050777e+00,6.546191445346849491e-04
4.479999999999999954e-02,6.270440887179585587e+00,6.269736421863488118e+00,7.044653160974689854e-04
4.485000000000000098e-02,6.242388997179585175e+00,6.241634376337970025e+00,7.546208416151500842e-04
4.490000000000000241e-02,6.214306067179585114e+00,6.213500981406077983e+00,8.050857735071303978e-04
4.494999999999999690e-02,6.186192097179585403e+00,6.185336237015391703e+00,8.558601641937002569e-04
4.499999999999999833e-02,6.158047107179585034e+00,6.157140143218331474e+00,9.069639612535596029e-04
4.504999999999999977e-02,6.129871007179585440e+00,6.128912699962478783e+00,9.583072171066575606e-04
4.510000000000000120e-02,6.101664007179585347e+00,6.100653907247830077e+00,1.010099931755270575e-03
4.515000000000000263e-02,6.073425807179585689e+00,6.072363765126809199e+00,1.062042052776490664e-03
4.519999999999999712e-02,6.045156707179585531e+00,6.044042273546992305e+00,1.114433632593225809e-03
4.524999999999999856e-02,6.016856507179585201e+00,6.015689432455962660e+00,1.167074723622540944e-03
4.529999999999999999e-02,5.988525307179584978e+00,5.987305241906138775e+00,1.220065273446202525e-03
4.535000000000000142e-02,5.960163007179585470e+00,5.958889701792680071e+00,1.273305386905398962e-03
4.540000000000000285e-02,5.931769707179585183e+00,5.930442812272847419e+00,1.326894906737763336e-03
4.544999999999999735e-02,5.903345407179585003e+00,5.901964573189381724e+00,1.380833990203278461e-03
4.549999999999999878e-02,5.874890007179585538e+00,5.873454984542281210e+00,1.435022637304328441e-03
4.555000000000000021e-02,5.846403707179585574e+00,5.844914046383966166e+00,1.489660795619407452e-03
4.560000000000000164e-02,5.817886307179585437e+00,5.816341758714436594e+00,1.544548465148842809e-03
4.565000000000000308e-02,5.789337807179585127e+00,5.787738121428850135e+00,1.599685750734991529e-03
4.569999999999999757e-02,5.760758407179585205e+00,5.759103134632052701e+00,1.655272547532504746e-03
4.574999999999999900e-02,5.732147907179585111e+00,5.730436798271620447e+00,1.711108907964664638e-03
4.580000000000000043e-02,5.703506307179585733e+00,5.701739112242714569e+00,1.767194936871163691e-03
4.585000000000000187e-02,5.674833807179584966e+00,5.673010076702594162e+00,1.823730476990803595e-03
4.590000000000000330e-02,5.646130207179584914e+00,5.644249691546420422e+00,1.880515633164492328e-03
4.594999999999999779e-02,5.617395607179584971e+00,5.615457956721771282e+00,1.937650457813688831e-03
4.599999999999999922e-02,5.588630007179585135e+00,5.586634872333489099e+00,1.995134846096036085e-03
4.605000000000000066e-02,5.559833407179585407e+00,5.557780438276731516e+00,2.052968902853891109e-03
4.610000000000000209e-02,5.531005707179585507e+00,5.528894654551500309e+00,2.111052628085197114e-03
4.614999999999999658e-02,5.502147107179585106e+00,5.499977521157793703e+00,2.169586021791403141e-03
4.619999999999999801e-02,5.473257407179585421e+00,5.471029038148033763e+00,2.228369031551657997e-03
4.624999999999999944e-02,5.444336707179584955e+00,5.442049205469798423e+00,2.287501709786532444e-03
4.630000000000000088e-02,5.415385007179585486e+00,5.413038023070669169e+00,2.346984108916316814e-03
4.635000000000000231e-02,5.386402207179584956e+00,5.383995490950646001e+00,2.406716228938954316e-03
4.639999999999999680e-02,5.357388507179585702e+00,5.354921609162147433e+00,2.466898017438268198e-03
4.644999999999999823e-02,5.328343707179585387e+00,5.325816377652754952e+00,2.527329526830435213e-03
4.649999999999999967e-02,5.299267907179585180e+00,5.296679796422468556e+00,2.588110757116623972e-03
4.655000000000000110e-02,5.270161307179585641e+00,5.267511865471284693e+00,2.649441708300948051e-03
4.660000000000000253e-02,5.241023307179585089e+00,5.238312584746788403e+00,2.710722432796686121e-03
4.664999999999999702e-02,5.211854307179585533e+00,5.209081954248977908e+00,2.772352930607624444e-03
4.669999999999999846e-02,5.182654307179585196e+00,5.179819974030273499e+00,2.834333149311696332e-03
4.674999999999999989e-02,5.153423307179584967e+00,5.150526644038254886e+00,2.896663141330080293e-03
4.680000000000000132e-02,5.124162307179584985e+00,5.121201964168081489e+00,2.960343011503496768e-03
4.685000000000000275e-02,5.094869307179585860e+00,5.091845934577012400e+00,3.023372602573459744e-03
4.689999999999999725e-02,5.065545307179585066e+00,5.062458555160210594e+00,3.086752019374472411e-03
4.694999999999999868e-02,5.036190307179585268e+00,5.033039825917672516e+00,3.150481261912752018e-03
4.700000000000000011e-02,5.006804307179585578e+00,5.003589746849399944e+00,3.214560330185634029e-03
4.705000000000000154e-02,4.977387307179585108e+00,4.974108317955394654e+00,3.278989224190453911e-03
4.710000000000000298e-02,4.947939307179585633e+00,4.944595539183232802e+00,3.343767996352831062e-03
4.714999999999999747e-02,4.918461307179585518e+00,4.915051410585338232e+00,3.409896594247285861e-03
4.719999999999999890e-02,4.888951307179585370e+00,4.885475932056866810e+00,3.475375122718560306e-03
4.725000000000000033e-02,4.859410307179585331e+00,4.855869103702662670e+00,3.541203476922660798e-03
4.730000000000000177e-02,4.829838307179585399e+00,4.826230925470301969e+00,3.607381709283430382e-03
4.735000000000000320e-02,4.800235307179585575e+00,4.796561397307367969e+00,3.673909872217606676e-03
4.739999999999999769e-02,4.770601307179585859e+00,4.766860519213858893e+00,3.740787965726966036e-03
4.744999999999999912e-02,4.740936307179585363e+00,4.737128291189771190e+00,3.808015989814172997e-03
4.750000000000000056e-02,4.711240307179584974e+00,4.707364713287532254e+00,3.875593892052719980e-03
4.755000000000000199e-02,4.681513307179585581e+00,4.677569785402299729e+00,3.943521777285852181e-03
4.760000000000000342e-02,4.651756307179585548e+00,4.647743507586490352e+00,4.012799593095195405e-03
4.764999999999999791e-02,4.621967307179585482e+00,4.617885879787689163e+00,4.081427391896319534e-03
4.769999999999999934e-02,4.592147307179585525e+00,4.587996902058311122e+00,4.150405121274403086e-03
4.775000000000000078e-02,4.562296307179585675e+00,4.558076574293517425e+00,4.219732886068250366e-03
4.780000000000000221e-02,4.532414307179585045e+00,4.528124896545730138e+00,4.289410633854906507e-03
4.784999999999999670e-02,4.502501307179585410e+00,4.498141868762528972e+00,4.359438417056438198e-03
4.789999999999999813e-02,4.472558307179585135e+00,4.468127490996332440e+00,4.430816183252694884e-03
4.794999999999999957e-02,4.442583307179585717e+00,4.438081763247140543e+00,4.501543932445173368e-03
4.800000000000000100e-02,4.412577307179585517e+00,4.408004685357692409e+00,4.572621821893108063e-03
4.805000000000000243e-02,4.382540307179585426e+00,4.377896257485250686e+00,4.644049694334739797e-03
4.809999999999999692e-02,4.352472307179585442e+00,4.347756479577395083e+00,4.715827602190358903e-03
4.814999999999999836e-02,4.322374307179584818e+00,4.317585351581703534e+00,4.788955597881283666e-03
4.819999999999999979e-02,4.292244307179585050e+00,4.287382873498177815e+00,4.861433681407234531e-03
4.825000000000000122e-02,4.262083307179585390e+00,4.257149045326816150e+00,4.934261852769239454e-03
4.830000000000000265e-02,4.231892307179585089e+00,4.226883867015200025e+00,5.008440164385064008e-03
4.834999999999999715e-02,4.201669307179585644e+00,4.196587338668164691e+00,5.081968511420953405e-03
4.839999999999999858e-02,4.171415307179585419e+00,4.166259460128458159e+00,5.155847051127260272e-03
4.845000000000000001e-02,4.141131307179585441e+00,4.135900231500917457e+00,5.231075678667984619e-03
4.850000000000000144e-02,4.110815307179585432e+00,4.105509652733120518e+00,5.305654446464913576e-03
4.855000000000000288e-02,4.080468307179585530e+00,4.075087723825069119e+00,5.380583354516410566e-03
4.859999999999999737e-02,4.050091307179584987e+00,4.044634444724342970e+00,5.456862455242017518e-03
4.864999999999999880e-02,4.019682307179585301e+00,4.014149815430942070e+00,5.532491748643231233e-03
4.870000000000000023e-02,3.989243307179585418e+00,3.983633835997284933e+00,5.609471182300485026e-03
4.875000000000000167e-02,3.958772307179585503e+00,3.953086506318532756e+00,5.685800861052747734e-03
4.880000000000000310e-02,3.928271307179585392e+00,3.922507826447105828e+00,5.763480732479564494e-03
4.884999999999999759e-02,3.897738307179585249e+00,3.891897796383004149e+00,5.840510796581099839e-03
4.889999999999999902e-02,3.867175307179585353e+00,3.861256416073807429e+00,5.918891105777923656e-03
4.895000000000000046e-02,3.836580307179585425e+00,3.830583685519513892e+00,5.996621660071532744e-03
4.900000000000000189e-02,3.805955307179585301e+00,3.799879604772547381e+00,6.075702407037919528e-03
4.905000000000000332e-02,3.775299307179585284e+00,3.769144173728065539e+00,6.155133451519745336e-03
4.909999999999999781e-02,3.744612307179585375e+00,3.738377392386066589e+00,6.234914793518786524e-03
4.914999999999999925e-02,3.713893307179585435e+00,3.707579260746552308e+00,6.314046433033126959e-03
4.920000000000000068e-02,3.683144307179585297e+00,3.676749778914363276e+00,6.394528265222021446e-03
4.925000000000000211e-02,3.652364307179585268e+00,3.645888946679818332e+00,6.475360499766935618e-03
4.929999999999999660e-02,3.621553307179585346e+00,3.614996764200178347e+00,6.556542979406998484e-03
4.934999999999999803e-02,3.590711307179585532e+00,3.584073231318186004e+00,6.638075861399528321e-03
4.939999999999999947e-02,3.559837307179585242e+00,3.553118348191095066e+00,6.718958988490175699e-03
4.945000000000000090e-02,3.528933307179585199e+00,3.522132114661651769e+00,6.801192517933429826e-03
4.950000000000000233e-02,3.497998307179585264e+00,3.491114530782269298e+00,6.883776397315966022e-03
4.954999999999999682e-02,3.467032307179585437e+00,3.460065596552954759e+00,6.966710626630678860e-03
4.959999999999999826e-02,3.436036307179585414e+00,3.428985311921284307e+00,7.050995258301107071e-03
4.964999999999999969e-02,3.405008307179585358e+00,3.397873676939678234e+00,7.134630239907124860e-03
4.970000000000000112e-02,3.373949307179585411e+00,3.366730691503295958e+00,7.218615676289452665e-03
4.975000000000000255e-02,3.342859307179585127e+00,3.335556355716978061e+00,7.302951462607065736e-03
4.979999999999999705e-02,3.311738307179585394e+00,3.304350669475887514e+00,7.387637703697880198e-03
4.984999999999999848e-02,3.280587307179585466e+00,3.273113632780017213e+00,7.473674399568253079e-03
4.989999999999999991e-02,3.249404307179585505e+00,3.241845245681794552e+00,7.559061497790953155e-03
4.995000000000000134e-02,3.218190307179585208e+00,3.210545508076375398e+00,7.644799103209809488e-03
5.000000000000000278e-02,3.186946307179585158e+00,3.179214420068600333e+00,7.731887110984825284e-03
5.004999999999999727e-02,3.155670307179585521e+00,3.147851981553632328e+00,7.818325625953193025e-03
5.009999999999999870e-02,3.124363999999998143e+00,3.116458192583884568e+00,7.905807416113574959e-03
5.015000000000000013e-02,3.093026999999998417e+00,3.085033053054523577e+00,7.993946945474839083e-03
5.020000000000000157e-02,3.061657999999998214e+00,3.053576563070386385e+00,8.081436929611829356e-03
5.025000000000000300e-02,3.030258999999998260e+00,3.022088722526632409e+00,8.170277473365850085e-03
5.029999999999999749e-02,2.998828999999998413e+00,2.990569531475685494e+00,8.259468524312918447e-03
5.034999999999999892e-02,2.967367999999998229e+00,2.959018989865121796e+00,8.349010134876433398e-03
5.040000000000000036e-02,2.935874999999998014e+00,2.927437097747361605e+00,8.437902252636408917e-03
5.045000000000000179e-02,2.904351999999998046e+00,2.895823855017567894e+00,8.528144982430152510e-03
5.050000000000000322e-02,2.872797999999998186e+00,2.864179261728157400e+00,8.618738271840786780e-03
5.054999999999999771e-02,2.841212999999998434e+00,2.832503317826713385e+00,8.709682173285049345e-03
5.059999999999999915e-02,2.809597999999998041e+00,2.800796023365649035e+00,8.801976634349006900e-03
5.065000000000000058e-02,2.777950999999998061e+00,2.769057378292554716e+00,8.893621707443344349e-03
5.070000000000000201e-02,2.746272999999998188e+00,2.737287382607419772e+00,8.985617392578415519e-03
5.075000000000000344e-02,2.714563999999998423e+00,2.705486036257831017e+00,9.077963742167405314e-03
5.079999999999999793e-02,2.682824999999998017e+00,2.673653339296208742e+00,9.171660703789275004e-03
5.084999999999999937e-02,2.651053999999998023e+00,2.641789291670125550e+00,9.264708329872473058e-03
5.090000000000000080e-02,2.619251999999998137e+00,2.609893893379592100e+00,9.358106620406037024e-03
5.095000000000000223e-02,2.587419999999998055e+00,2.577967144424597734e+00,9.452855575400320731e-03
5.099999999999999672e-02,2.555556999999998080e+00,2.546009044805153110e+00,9.547955194844970350e-03
5.104999999999999816e-02,2.523661999999998073e+00,2.514019594468823726e+00,9.642405531174347288e-03
5.109999999999999959e-02,2.491736999999998314e+00,2.481998793415627347e+00,9.738206584370967533e-03
5.115000000000000102e-02,2.459780999999998219e+00,2.449946641645549761e+00,9.834358354448458073e-03
