x_mm,wrapped_rad,unwrapped_rad,quadratic_fit_rad,quadratic_residual_rad,quartic_fit_rad,quartic_residual_rad
-5.120000000000000245e-02,2.427794000000000008e+00,2.427794000000000008e+00,2.418025474978463762e+00,9.768525021536245134e-03,2.427809029236946969e+00,-1.502923694696178814e-05
-5.115000000000000102e-02,2.459780999999999995e+00,2.459780999999999995e+00,2.450107735359079442e+00,9.673264640920553603e-03,2.459795830717826703e+00,-1.483071782670819516e-05
-5.109999999999999959e-02,2.491737000000000091e+00,2.491737000000000091e+00,2.482158650088141627e+00,9.578349911858463628e-03,2.491751706072236061e+00,-1.470607223597042434e-05
-5.104999999999999816e-02,2.523661999999999850e+00,2.523661999999999850e+00,2.514178219165629002e+00,9.483780834370847401e-03,2.523676654343418591e+00,-1.465434341874072288e-05
-5.099999999999999672e-02,2.555556999999999856e+00,2.555556999999999856e+00,2.546166442591562884e+00,9.390557408436972509e-03,2.555570674575612600e+00,-1.367457561274321165e-05
-5.095000000000000223e-02,2.587419999999999831e+00,2.587419999999999831e+00,2.578123320365921955e+00,9.296679634077875676e-03,2.587433765813937470e+00,-1.376581393763842698e-05
-5.090000000000000080e-02,2.619251999999999914e+00,2.619251999999999914e+00,2.610048852488720428e+00,9.203147511279485826e-03,2.619265927104478919e+00,-1.392710447900569193e-05
-5.084999999999999937e-02,2.651053999999999800e+00,2.651053999999999800e+00,2.641943038959965406e+00,9.110961040034393221e-03,2.651067157494260584e+00,-1.315749426078482998e-05
-5.079999999999999793e-02,2.682824999999999793e+00,2.682824999999999793e+00,2.673805879779639127e+00,9.019120220360665741e-03,2.682837456031215595e+00,-1.245603121580174388e-05
-5.075000000000000344e-02,2.714564000000000199e+00,2.714564000000000199e+00,2.705637374947745144e+00,8.926625052255054982e-03,2.714576821764236314e+00,-1.282176423611502969e-05
-5.070000000000000201e-02,2.746272999999999964e+00,2.746272999999999964e+00,2.737437524464301219e+00,8.835475535698744665e-03,2.746285253743156574e+00,-1.225374315660943125e-05
-5.065000000000000058e-02,2.777950999999999837e+00,2.777950999999999837e+00,2.769206328329282485e+00,8.744671670717352185e-03,2.777962751018712595e+00,-1.175101871275785470e-05
-5.059999999999999915e-02,2.809597999999999818e+00,2.809597999999999818e+00,2.800943786542706704e+00,8.654213457293113976e-03,2.809609312642614043e+00,-1.131264261422515460e-05
-5.054999999999999771e-02,2.841213000000000211e+00,2.841213000000000211e+00,2.832649899104563218e+00,8.563100895436992488e-03,2.841224937667472972e+00,-1.193766747276114870e-05
-5.050000000000000322e-02,2.872797999999999963e+00,2.872797999999999963e+00,2.864324666014853804e+00,8.473333985146158653e-03,2.872809625146862444e+00,-1.162514686248172779e-05
-5.045000000000000179e-02,2.904351999999999823e+00,2.904351999999999823e+00,2.895968087273592673e+00,8.383912726407150018e-03,2.904363374135289888e+00,-1.137413529006536805e-05
-5.040000000000000036e-02,2.935874999999999790e+00,2.935874999999999790e+00,2.927580162880756731e+00,8.294837119243059220e-03,2.935886183688168671e+00,-1.118368816888093420e-05
-5.034999999999999892e-02,2.967368000000000006e+00,2.967368000000000006e+00,2.959160892836367296e+00,8.207107163632709756e-03,2.967378052861898041e+00,-1.005286189803555885e-05
-5.029999999999999749e-02,2.998829000000000189e+00,2.998829000000000189e+00,2.990710277140406603e+00,8.118722859593585639e-03,2.998838980713752989e+00,-9.980713752799630356e-06
-5.025000000000000300e-02,3.030259000000000036e+00,3.030259000000000036e+00,3.022228315792879982e+00,8.030684207120053486e-03,3.030268966301997935e+00,-9.966301997899051912e-06
-5.020000000000000157e-02,3.061657999999999991e+00,3.061657999999999991e+00,3.053715008793799868e+00,7.942991206200122889e-03,3.061668008685810349e+00,-1.000868581035874172e-05
-5.015000000000000013e-02,3.093027000000000193e+00,3.093027000000000193e+00,3.085170356143146719e+00,7.856643856853473551e-03,3.093036106925287854e+00,-9.106925287660772028e-06
-5.009999999999999870e-02,3.124363999999999919e+00,3.124363999999999919e+00,3.116594357840941854e+00,7.769642159058065545e-03,3.124373260081501513e+00,-9.260081501594186193e-06
-5.004999999999999727e-02,-3.127514999999999823e+00,3.155670307179586409e+00,3.147987013887162178e+00,7.683293292424231424e-03,3.155679467216414125e+00,-9.160036827715600793e-06
-5.000000000000000278e-02,-3.096239000000000186e+00,3.186946307179586046e+00,3.179348324281820126e+00,7.597982897765920285e-03,3.186954727392956599e+00,-8.420213370552431797e-06
-4.995000000000000134e-02,-3.064995000000000136e+00,3.218190307179586096e+00,3.210678289024924581e+00,7.512018154661515013e-03,3.218199039674994211e+00,-8.732495408114715474e-06
-4.989999999999999991e-02,-3.033780999999999839e+00,3.249404307179586393e+00,3.241976908116456002e+00,7.427399063130390999e-03,3.249412403127299953e+00,-8.095947713560036618e-06
-4.984999999999999848e-02,-3.002597999999999878e+00,3.280587307179586354e+00,3.273244181556430377e+00,7.343125623155977166e-03,3.280594816815620263e+00,-7.509636033908861918e-06
-4.979999999999999705e-02,-2.971446999999999949e+00,3.311738307179586283e+00,3.304480109344835270e+00,7.258197834751012323e-03,3.311746279806602189e+00,-7.972627015906397219e-06
-4.975000000000000255e-02,-2.940326000000000217e+00,3.342859307179586015e+00,3.335684691481676012e+00,7.174615697910002865e-03,3.342866791167852014e+00,-7.483988265999386158e-06
-4.970000000000000112e-02,-2.909235999999999933e+00,3.373949307179586299e+00,3.366857927966963260e+00,7.091379212623039052e-03,3.373956349967910384e+00,-7.042788324085336171e-06
-4.964999999999999969e-02,-2.878176999999999985e+00,3.405008307179586247e+00,3.397999818800677474e+00,7.008488378908772631e-03,3.405014955276236321e+00,-6.648096650074819536e-06
-4.959999999999999826e-02,-2.847148999999999930e+00,3.436036307179586302e+00,3.429110363982838194e+00,6.925943196748107766e-03,3.436042606163248081e+00,-6.298983661778834175e-06
-4.954999999999999682e-02,-2.816152999999999906e+00,3.467032307179586326e+00,3.460189563513425881e+00,6.842743666160444604e-03,3.467039301700273413e+00,-6.994520687086946964e-06
-4.950000000000000233e-02,-2.785187000000000079e+00,3.497998307179586153e+00,3.491237417392451192e+00,6.760889787134960471e-03,3.498005040959597522e+00,-6.733780011369816521e-06
-4.945000000000000090e-02,-2.754252000000000145e+00,3.528933307179586087e+00,3.522253925619919457e+00,6.679381559666630608e-03,3.528939823014436428e+00,-6.515834850340240791e-06
-4.939999999999999947e-02,-2.723348000000000102e+00,3.559837307179586130e+00,3.553239088195818240e+00,6.598218983767889512e-03,3.559843646938933404e+00,-6.339759347273599133e-06
-4.934999999999999803e-02,-2.692473999999999812e+00,3.590711307179586420e+00,3.584192905120159978e+00,6.518402059426442463e-03,3.590716511808174971e+00,-5.204628588550974655e-06
-4.929999999999999660e-02,-2.661631999999999998e+00,3.621553307179586234e+00,3.615115376392930457e+00,6.437930786655776672e-03,3.621558416698178462e+00,-5.109518592227857425e-06
-4.925000000000000211e-02,-2.630821000000000076e+00,3.652364307179586156e+00,3.646006502014138562e+00,6.357805165447594220e-03,3.652369360685897348e+00,-5.053506311192279554e-06
-4.920000000000000068e-02,-2.600041000000000047e+00,3.683144307179586185e+00,3.676866281983793172e+00,6.278025195793013324e-03,3.683149342849237229e+00,-5.035669651043406247e-06
-4.914999999999999925e-02,-2.569291999999999909e+00,3.713893307179586323e+00,3.707694716301872973e+00,6.198590877713350267e-03,3.713898362267009645e+00,-5.055087423322390805e-06
-4.909999999999999781e-02,-2.538572999999999968e+00,3.744612307179586264e+00,3.738491804968397503e+00,6.120502211188760811e-03,3.744616418018988924e+00,-4.110839402660104724e-06
-4.905000000000000332e-02,-2.507886000000000060e+00,3.775299307179586172e+00,3.769257547983354328e+00,6.041759196231843987e-03,3.775303509185860662e+00,-4.202006274489633597e-06
-4.900000000000000189e-02,-2.477230000000000043e+00,3.805955307179586189e+00,3.799991945346745226e+00,5.963361832840963217e-03,3.805959634849266138e+00,-4.327669679948797921e-06
-4.895000000000000046e-02,-2.446604999999999919e+00,3.836580307179586313e+00,3.830694997058579077e+00,5.885310121007236717e-03,3.836584794091780992e+00,-4.486912194678893684e-06
-4.889999999999999902e-02,-2.416009999999999991e+00,3.867175307179586241e+00,3.861366703118843446e+00,5.808604060742794672e-03,3.867178985996897467e+00,-3.678817311225657249e-06
-4.884999999999999759e-02,-2.385447000000000095e+00,3.897738307179586137e+00,3.892007063527554322e+00,5.731243652031814406e-03,3.897742209649074141e+00,-3.902469488004101095e-06
-4.880000000000000310e-02,-2.354913999999999952e+00,3.928271307179586280e+00,3.922616078284690389e+00,5.655228894895891756e-03,3.928274464133668431e+00,-3.156954082150775776e-06
-4.875000000000000167e-02,-2.324412999999999840e+00,3.958772307179586392e+00,3.953193747390264079e+00,5.578559789322312668e-03,3.958775748537002315e+00,-3.441357415923107510e-06
-4.870000000000000023e-02,-2.293941999999999926e+00,3.989243307179586306e+00,3.983740070844284276e+00,5.503236335302030824e-03,3.989246061946332134e+00,-2.754766745827197383e-06
-4.864999999999999880e-02,-2.263503000000000043e+00,4.019682307179586189e+00,4.014255048646731439e+00,5.427258532854750683e-03,4.019685403449821948e+00,-3.096270235758424860e-06
-4.859999999999999737e-02,-2.233093999999999912e+00,4.050091307179586764e+00,4.044738680797623331e+00,5.352626381963432323e-03,4.050093772136614589e+00,-2.464957027825676050e-06
-4.855000000000000288e-02,-2.202716999999999814e+00,4.080468307179586418e+00,4.075190967296943967e+00,5.277339882642451130e-03,4.080471167096742846e+00,-2.859917156428082308e-06
-4.850000000000000144e-02,-2.172369999999999912e+00,4.110815307179586320e+00,4.105611908144700450e+00,5.203399034885869412e-03,4.110817587421207620e+00,-2.280241621299694543e-06
-4.845000000000000001e-02,-2.142053999999999903e+00,4.141131307179586329e+00,4.136001503340903440e+00,5.129803838682889250e-03,4.141133032201945952e+00,-1.725022359622130352e-06
-4.839999999999999858e-02,-2.111769999999999925e+00,4.171415307179586307e+00,4.166359752885535173e+00,5.055554294051134434e-03,4.171417500531802602e+00,-2.193352216295352264e-06
-4.834999999999999715e-02,-2.081516000000000144e+00,4.201669307179585644e+00,4.196686656778611635e+00,4.982650400974009131e-03,4.201670991504590447e+00,-1.684325004802644798e-06
-4.830000000000000265e-02,-2.051292999999999811e+00,4.231892307179586865e+00,4.226982215020115063e+00,4.910092159471801665e-03,4.231893504215028301e+00,-1.197035441435900793e-06
-4.825000000000000122e-02,-2.021101999999999954e+00,4.262083307179586278e+00,4.257246427610054340e+00,4.836879569531937761e-03,4.262085037758788886e+00,-1.730579202607884781e-06
-4.819999999999999979e-02,-1.990941000000000072e+00,4.292244307179585938e+00,4.287479294548438347e+00,4.765012631147591549e-03,4.292245591232493496e+00,-1.284052907557509116e-06
-4.814999999999999836e-02,-1.960811000000000082e+00,4.322374307179586594e+00,4.317680815835252872e+00,4.693491344333722282e-03,4.322375163733658709e+00,-8.565540721150455283e-07
-4.809999999999999692e-02,-1.930712999999999901e+00,4.352472307179586331e+00,4.347850991470512128e+00,4.621315709074202971e-03,4.352473754360781655e+00,-1.447181195324276359e-06
-4.805000000000000243e-02,-1.900644999999999918e+00,4.382540307179586314e+00,4.377989821454200126e+00,4.550485725386188562e-03,4.382541362213258296e+00,-1.055033671981675525e-06
-4.800000000000000100e-02,-1.870608000000000049e+00,4.412577307179586406e+00,4.408097305786322195e+00,4.480001393264210208e-03,4.412577986391440277e+00,-6.792118538712088593e-07
-4.794999999999999957e-02,-1.840602000000000071e+00,4.442583307179585717e+00,4.438173444466892548e+00,4.409862712693168874e-03,4.442583625996626040e+00,-3.188170403234380501e-07
-4.789999999999999813e-02,-1.810626999999999986e+00,4.472558307179586023e+00,4.468218237495889866e+00,4.340069683696157199e-03,4.472558280131009312e+00,2.704857671176341682e-08
-4.784999999999999670e-02,-1.780683999999999934e+00,4.502501307179586298e+00,4.498231684873330138e+00,4.269622306256160016e-03,4.502501947897767920e+00,-6.407181816214801984e-07
-4.780000000000000221e-02,-1.750771000000000077e+00,4.532414307179585933e+00,4.528213786599199153e+00,4.200520580386779557e-03,4.532414628400973200e+00,-3.212213872672009529e-07
-4.775000000000000078e-02,-1.720888999999999891e+00,4.562296307179586563e+00,4.558164542673507569e+00,4.131764506078994259e-03,4.562296320745659273e+00,-1.356607270963650080e-08
-4.769999999999999934e-02,-1.691038000000000041e+00,4.592147307179586413e+00,4.588083953096258938e+00,4.063354083327475053e-03,4.592147024037798175e+00,2.831417882376285888e-07
-4.764999999999999791e-02,-1.661218000000000083e+00,4.621967307179586371e+00,4.617972017867439050e+00,3.995289312147320970e-03,4.621966737384267887e+00,5.697953184835569118e-07
-4.760000000000000342e-02,-1.631429000000000018e+00,4.651756307179586436e+00,4.647828736987056786e+00,3.927570192529650228e-03,4.651755459892912725e+00,8.472866737108120105e-07
-4.755000000000000199e-02,-1.601671999999999985e+00,4.681513307179586469e+00,4.677654110455119252e+00,3.859196724467217621e-03,4.681513190672507818e+00,1.165070786512956147e-07
-4.750000000000000056e-02,-1.571944999999999926e+00,4.711240307179586750e+00,4.707448138271608684e+00,3.792168907978066272e-03,4.711239928832737789e+00,3.783468489615415820e-07
-4.744999999999999912e-02,-1.542248999999999981e+00,4.740936307179586251e+00,4.737210820436542846e+00,3.725486743043404658e-03,4.740935673484267809e+00,6.336953184415961005e-07
-4.739999999999999769e-02,-1.512583999999999929e+00,4.770601307179585859e+00,4.766942156949909304e+00,3.659150229676555455e-03,4.770600423738647677e+00,8.834409381819341434e-07
-4.735000000000000320e-02,-1.482949999999999990e+00,4.800235307179586464e+00,4.796642147811708057e+00,3.593159367878406840e-03,4.800234178708405963e+00,1.128471180500412174e-06
-4.730000000000000177e-02,-1.453346999999999944e+00,4.829838307179586288e+00,4.826310793021951540e+00,3.527514157634747960e-03,4.829836937506991390e+00,1.369672594897508588e-06
-4.725000000000000033e-02,-1.423775000000000013e+00,4.859410307179586219e+00,4.855948092580625541e+00,3.462214598960677847e-03,4.859408699248771057e+00,1.607930815161751070e-06
-4.719999999999999890e-02,-1.394233999999999973e+00,4.888951307179586259e+00,4.885554046487744273e+00,3.397260691841985647e-03,4.888949463049083732e+00,1.844130502526297732e-06
-4.714999999999999747e-02,-1.364724000000000048e+00,4.918461307179586406e+00,4.915128654743289971e+00,3.332652436296434928e-03,4.918459228024165242e+00,2.079155421164102790e-06
-4.710000000000000298e-02,-1.335245999999999933e+00,4.947939307179586521e+00,4.944671917347273293e+00,3.267389832313227771e-03,4.947937993291212422e+00,1.313888374099292378e-06
-4.705000000000000154e-02,-1.305798000000000014e+00,4.977387307179585996e+00,4.974183834299703122e+00,3.203472879882873769e-03,4.977385757968358249e+00,1.549211227747093744e-06
-4.700000000000000011e-02,-1.276380999999999988e+00,5.006804307179586466e+00,5.003664405600559917e+00,3.139901579026549427e-03,5.006802521174648746e+00,1.786004937720520047e-06
-4.694999999999999868e-02,-1.246995000000000076e+00,5.036190307179586156e+00,5.033113631249859665e+00,3.076675929726491177e-03,5.036188282030096275e+00,2.025149489881528098e-06
-4.689999999999999725e-02,-1.217640000000000056e+00,5.065545307179585954e+00,5.062531511247588156e+00,3.013795931997798050e-03,5.065543039655622692e+00,2.267523963261908193e-06
-4.685000000000000275e-02,-1.188315999999999928e+00,5.094869307179585860e+00,5.091918045593756048e+00,2.951261585829811906e-03,5.094866793173098429e+00,2.514006487430719972e-06
-4.680000000000000132e-02,-1.159022999999999914e+00,5.124162307179586762e+00,5.121273234288366893e+00,2.889072891219868211e-03,5.124159541705333609e+00,2.765474253152433448e-06
-4.674999999999999989e-02,-1.129761999999999933e+00,5.153423307179586743e+00,5.150597077331408258e+00,2.826229848178485327e-03,5.153421284376056732e+00,2.022803530010719442e-06
-4.669999999999999846e-02,-1.100530999999999926e+00,5.182654307179586084e+00,5.179889574722892576e+00,2.764732456693508311e-03,5.182652020309959084e+00,2.286869626999532557e-06
-4.664999999999999702e-02,-1.071331000000000033e+00,5.211854307179586421e+00,5.209150726462805636e+00,2.703580716780784599e-03,5.211851748632630787e+00,2.558546955633289599e-06
-4.660000000000000253e-02,-1.042162000000000033e+00,5.241023307179585977e+00,5.238380532551156321e+00,2.642774628429656048e-03,5.241020468470630078e+00,2.838708955898994191e-06
-4.655000000000000110e-02,-1.013023999999999925e+00,5.270161307179586530e+00,5.267578992987948183e+00,2.582314191638346301e-03,5.270158178951446004e+00,3.128228140525379786e-06
-4.649999999999999967e-02,-9.839174000000000531e-01,5.299267907179586068e+00,5.296746107773170564e+00,2.521799406415503597e-03,5.299264879203480660e+00,3.027976105407503837e-06
-4.644999999999999823e-02,-9.548415999999999570e-01,5.328343707179586275e+00,5.325881876906839452e+00,2.461830272746823312e-03,5.328340568356109586e+00,3.138823476689367453e-06
-4.639999999999999680e-02,-9.257967999999999753e-01,5.357388507179586590e+00,5.354986300388935305e+00,2.402206790651284507e-03,5.357385245539594720e+00,3.261639991869458299e-06
-4.635000000000000231e-02,-8.967831000000000552e-01,5.386402207179585844e+00,5.384059378219468783e+00,2.342828960117060433e-03,5.386398909885175001e+00,3.297294410842255274e-06
-4.630000000000000088e-02,-8.678002999999999689e-01,5.415385007179586374e+00,5.413101110398446991e+00,2.283896781139382881e-03,5.415381560525021953e+00,3.446654564420725819e-06
-4.624999999999999944e-02,-8.388486000000000553e-01,5.444336707179585844e+00,5.442111496925853942e+00,2.225210253731901844e-03,5.444333196592209489e+00,3.510587376354123990e-06
-4.619999999999999801e-02,-8.099279000000000339e-01,5.473257407179586309e+00,5.471090537801703846e+00,2.166869377882463255e-03,5.473253817220790296e+00,3.589958796013092979e-06
-4.614999999999999658e-02,-7.810382000000000158e-01,5.502147107179585994e+00,5.500038233025982493e+00,2.108874153603501611e-03,5.502143421545714119e+00,3.685633871874927081e-06
-4.610000000000000209e-02,-7.521795999999999482e-01,5.531005707179586395e+00,5.528954582598698764e+00,2.051124580887631055e-03,5.531002008702893491e+00,3.698476692903795993e-06
-4.605000000000000066e-02,-7.233519000000000476e-01,5.559833407179586295e+00,5.557839586519859765e+00,1.993820659726530664e-03,5.559829577829175307e+00,3.829350410988752174e-06
-4.599999999999999922e-02,-6.945552999999999866e-01,5.588630007179586023e+00,5.586693244789449508e+00,1.936762390136514966e-03,5.588626128062317733e+00,3.879117268290599441e-06
-4.594999999999999779e-02,-6.657897000000000398e-01,5.617395607179585859e+00,5.615515557407483982e+00,1.880049772101877181e-03,5.617391658541047050e+00,3.948638538808779685e-06
-4.590000000000000330e-02,-6.370550999999999853e-01,5.646130207179586691e+00,5.644306524373947198e+00,1.823682805639492699e-03,5.646126168404991930e+00,4.038774594761207481e-06
-4.585000000000000187e-02,-6.083515000000000450e-01,5.674833807179585854e+00,5.673066145688846262e+00,1.767661490739591557e-03,5.674829656794747379e+00,4.150384838474963090e-06
-4.580000000000000043e-02,-5.796790000000000553e-01,5.703506307179585733e+00,5.701794421352188280e+00,1.711885827397452431e-03,5.703502122851833889e+00,4.184327751843852639e-06
-4.574999999999999900e-02,-5.510374000000000105e-01,5.732147907179585999e+00,5.730491351363960817e+00,1.656555815625182504e-03,5.732143565718686773e+00,4.341460899226490255e-06
-4.569999999999999757e-02,-5.224269000000000274e-01,5.760758407179586094e+00,5.759156935724179860e+00,1.601471455406233702e-03,5.760753984538716566e+00,4.422640869528038365e-06
-4.565000000000000308e-02,-4.938474999999999948e-01,5.789337807179586015e+00,5.787791174432825869e+00,1.546632746760145949e-03,5.789333378456229084e+00,4.428723356930674981e-06
-4.560000000000000164e-02,-4.652990000000000181e-01,5.817886307179586325e+00,5.816394067489907727e+00,1.492239689678598324e-03,5.817881746616492933e+00,4.560563093392033807e-06
-4.555000000000000021e-02,-4.367815999999999921e-01,5.846403707179586462e+00,5.844965614895436090e+00,1.438092284150371825e-03,5.846399088165709301e+00,4.619013877160682569e-06
-4.549999999999999878e-02,-4.082953000000000277e-01,5.874890007179586426e+00,5.873505816649391420e+00,1.384190530195006374e-03,5.874885402250997757e+00,4.604928588669565670e-06
-4.544999999999999735e-02,-3.798399000000000081e-01,5.903345407179585891e+00,5.902014672751791480e+00,1.330734427794411090e-03,5.903340688020437099e+00,4.719159148791618463e-06
-4.540000000000000285e-02,-3.514155999999999946e-01,5.931769707179586071e+00,5.930492183202620282e+00,1.277523976965788677e-03,5.931764944623019176e+00,4.762556566895170818e-06
-4.535000000000000142e-02,-3.230222999999999844e-01,5.960163007179586359e+00,5.958938348001888485e+00,1.224659177697873247e-03,5.960158171208684408e+00,4.835970901950759071e-06
-4.529999999999999999e-02,-2.946599999999999775e-01,5.988525307179585866e+00,5.987353167149596089e+00,1.172140029989776622e-03,5.988520366928321792e+00,4.940251264073935999e-06
-4.524999999999999856e-02,-2.663287999999999767e-01,6.016856507179586089e+00,6.015736640645735989e+00,1.119866533850100154e-03,6.016851530933719161e+00,4.976245866927797579e-06
-4.519999999999999712e-02,-2.380286000000000068e-01,6.045156707179586419e+00,6.044088768490320618e+00,1.067938689265801600e-03,6.045151662377643120e+00,5.044801943299148661e-06
-4.515000000000000263e-02,-2.097594999999999876e-01,6.073425807179586577e+00,6.072409550683332213e+00,1.016256496254364095e-03,6.073420760413755559e+00,5.046765831018262816e-06
-4.510000000000000120e-02,-1.815212999999999965e-01,6.101664007179586235e+00,6.100698987224781433e+00,9.650199548048021825e-04,6.101658824196681152e+00,5.182982905083122205e-06
-4.504999999999999977e-02,-1.533142999999999867e-01,6.129871007179586329e+00,6.128957078114675383e+00,9.139290649109454989e-04,6.129865852881982491e+00,5.154297603837676434e-06
-4.499999999999999833e-02,-1.251382000000000050e-01,6.158047107179585922e+00,6.157183823352998076e+00,8.632838265878461925e-04,6.158041845626133437e+00,5.261553452484690752e-06
-4.494999999999999690e-02,-9.699320999999999637e-02,6.186192097179586291e+00,6.185379222939763721e+00,8.128742398225696775e-04,6.186186801586568862e+00,5.295593017429212068e-06
-4.490000000000000241e-02,-6.887923999999999436e-02,6.214306067179586002e+00,6.213543276874958110e+00,7.627903046278916577e-04,6.214300719921633132e+00,5.347257952870165809e-06
-4.485000000000000098e-02,-4.079631000000000229e-02,6.242388997179586063e+00,6.241675985158590123e+00,7.130120209959400768e-04,6.242383599790631621e+00,5.397388954442305931e-06
-4.479999999999999954e-02,-1.274441999999999936e-02,6.270440887179586475e+00,6.269777347790668642e+00,6.635393889178331506e-04,6.270435440353804069e+00,5.446825782406961025e-06
-4.474999999999999811e-02,1.527643000000000056e-02,6.298461737179586351e+00,6.297847364771174128e+00,6.143724084122226259e-04,6.298456240772301484e+00,5.496407284866222653e-06
-4.469999999999999668e-02,4.326623000000000274e-02,6.326451537179586637e+00,6.325886036100124343e+00,5.655010794622938874e-04,6.326446000208239440e+00,5.536971347197550131e-06
-4.465000000000000219e-02,7.122499000000000191e-02,6.354410297179586387e+00,6.353893361777503301e+00,5.169354020830851937e-04,6.354404717824639448e+00,5.579354946938508419e-06
-4.460000000000000075e-02,9.915271000000000501e-02,6.382338017179586487e+00,6.381869341803318108e+00,4.686753762683792957e-04,6.382332392785487585e+00,5.624394098902030237e-06
-4.454999999999999932e-02,1.270494000000000068e-01,6.410234707179585989e+00,6.409813976177577644e+00,4.207310020083454560e-04,6.410229024255697183e+00,5.682923888805646584e-06
-4.449999999999999789e-02,1.549149999999999971e-01,6.438100307179586146e+00,6.437727264900265922e+00,3.730422793202237131e-04,6.438094611401099954e+00,5.695778486192182299e-06
-4.445000000000000340e-02,1.827496000000000120e-01,6.465934907179586411e+00,6.465609207971391825e+00,3.256992081945853101e-04,6.465929153388479733e+00,5.753791106677397238e-06
-4.440000000000000197e-02,2.105530999999999930e-01,6.493738407179586503e+00,6.493459805390962458e+00,2.786017886240443886e-04,6.493732649385567157e+00,5.757794019345396919e-06
-4.435000000000000053e-02,2.383255999999999986e-01,6.521510907179585814e+00,6.521279057158960057e+00,2.318500206257567697e-04,6.521505098560991698e+00,5.808618594116410350e-06
-4.429999999999999910e-02,2.660671000000000008e-01,6.549252407179586122e+00,6.549066963275404163e+00,1.854439041819588851e-04,6.549246500084365152e+00,5.907095220969438287e-06
-4.424999999999999767e-02,2.937774000000000219e-01,6.576962707179585976e+00,6.576823523740277011e+00,1.391834393089652622e-04,6.576956853126187497e+00,5.854053398479663883e-06
-4.420000000000000318e-02,3.214567999999999870e-01,6.604642107179586219e+00,6.604548738553583931e+00,9.336862600228812425e-05,6.604636156857932150e+00,5.950321654069057331e-06
-4.415000000000000174e-02,3.491051000000000015e-01,6.632290407179586289e+00,6.632242607715335581e+00,4.779946425070846772e-05,6.632284410451996237e+00,5.996727590051875723e-06
-4.410000000000000031e-02,3.767223000000000099e-01,6.659907607179586186e+00,6.659905131225517749e+00,2.475954068437147271e-06,6.659901613081697036e+00,5.994097889150395986e-06
-4.404999999999999888e-02,4.043085000000000151e-01,6.687493807179586192e+00,6.687536309084144648e+00,-4.250190455845626047e-05,6.687487763921316386e+00,6.043258269805562577e-06
-4.399999999999999745e-02,4.318636000000000141e-01,6.715048907179586024e+00,6.715136141291200289e+00,-8.723411161426497529e-05,6.715042862146040292e+00,6.045033545731826052e-06
-4.395000000000000295e-02,4.593877000000000099e-01,6.742573007179585964e+00,6.742704627846691778e+00,-1.316206671058139932e-04,6.742566906932010440e+00,6.100247575524520016e-06
-4.390000000000000152e-02,4.868806999999999996e-01,6.770066007179586620e+00,6.770241768750629774e+00,-1.757615710431537082e-04,6.770059897456315312e+00,6.109723271308098447e-06
-4.385000000000000009e-02,5.143427000000000415e-01,6.797528007179586496e+00,6.797747564002994736e+00,-2.195568234082401204e-04,6.797521832896940452e+00,6.174282646043138811e-06
-4.379999999999999866e-02,5.417735999999999663e-01,6.824958907179586198e+00,6.825222013603802651e+00,-2.631064242164526945e-04,6.824952712432853730e+00,6.194746732468559003e-06
-4.374999999999999722e-02,5.691734000000000515e-01,6.852358707179586617e+00,6.852665117553039309e+00,-3.064103734526923972e-04,6.852352535243909415e+00,6.171935677201645376e-06
-4.370000000000000273e-02,5.965422000000000224e-01,6.879727507179586254e+00,6.880076875850715368e+00,-3.493686711291132951e-04,6.879721300510940551e+00,6.206668645702961840e-06
-4.365000000000000130e-02,6.238799000000000428e-01,6.907065207179586608e+00,6.907457288496834380e+00,-3.920813172477721764e-04,6.907059007415700336e+00,6.199763886272080526e-06
-4.359999999999999987e-02,6.511865999999999488e-01,6.934371907179586181e+00,6.934806355491383911e+00,-4.344483117977304687e-04,6.934365655140869222e+00,6.252038716958452369e-06
-4.354999999999999843e-02,6.784622000000000153e-01,6.961647507179586469e+00,6.962124076834376396e+00,-4.765696547899267443e-04,6.961641242870072688e+00,6.264309513781540772e-06
-4.349999999999999700e-02,7.057067000000000201e-01,6.988892007179586585e+00,6.989410452525797623e+00,-5.184453462110383271e-04,6.988885769787863467e+00,6.237391723118435038e-06
-4.345000000000000251e-02,7.329202000000000217e-01,7.016105507179585921e+00,7.016665482565656475e+00,-5.599753860705547481e-04,7.016099235079739316e+00,6.272099846604817230e-06
-4.340000000000000108e-02,7.601027000000000200e-01,7.043288007179586252e+00,7.043889166953958281e+00,-6.011597743720287212e-04,7.043281637932139461e+00,6.369247446791348466e-06
-4.334999999999999964e-02,7.872540000000000093e-01,7.070439307179586130e+00,7.071081505690690605e+00,-6.421985111044747896e-04,7.070432977532414398e+00,6.329647171732233346e-06
-4.329999999999999821e-02,8.143742999999999954e-01,7.097559607179586116e+00,7.098242498775865883e+00,-6.828915962797665884e-04,7.097553253068879187e+00,6.354110706929816388e-06
-4.324999999999999678e-02,8.414635000000000309e-01,7.124648807179585930e+00,7.125372146209469904e+00,-7.233390298839736943e-04,7.124642463730754827e+00,6.343448831103160046e-06
-4.320000000000000229e-02,8.685216999999999521e-01,7.151707007179585851e+00,7.152470447991511548e+00,-7.634408119256974601e-04,7.151700608708225104e+00,6.398471360746782466e-06
-4.315000000000000085e-02,8.955488000000000337e-01,7.178734107179586488e+00,7.179537404121997923e+00,-8.032969424114355661e-04,7.178727687192402840e+00,6.419987183647890561e-06
-4.309999999999999942e-02,9.225448000000000537e-01,7.205730107179586064e+00,7.206573014600913041e+00,-8.429074213269771576e-04,7.205723698375317454e+00,6.408804268609458177e-06
-4.304999999999999799e-02,9.495097000000000120e-01,7.232695007179586355e+00,7.233577279428271112e+00,-8.822722486847567325e-04,7.232688641449966482e+00,6.365729619872695366e-06
-4.299999999999999656e-02,9.764435999999999671e-01,7.259628907179585866e+00,7.260550198604061478e+00,-9.212914244756120752e-04,7.259622515610248072e+00,6.391569337793612249e-06
-4.295000000000000207e-02,1.003346000000000071e+00,7.286531307179586747e+00,7.287491772128285916e+00,-9.604649486991689855e-04,7.286525320051016053e+00,5.987128570694721930e-06
-4.290000000000000063e-02,1.030218000000000078e+00,7.313403307179585866e+00,7.314402000000953308e+00,-9.986928213674417520e-04,7.313397053968069272e+00,6.253211516593637498e-06
-4.284999999999999920e-02,1.057058999999999971e+00,7.340244307179585981e+00,7.341280882222051218e+00,-1.036575042465237573e-03,7.340237716558117853e+00,6.590621468127721982e-06
-4.279999999999999777e-02,1.083868000000000054e+00,7.367053307179586064e+00,7.368128418791593859e+00,-1.075111612007795259e-03,7.367047307018829372e+00,6.000160756691741426e-06
-4.275000000000000328e-02,1.110646999999999940e+00,7.393832307179586394e+00,7.394944609709565242e+00,-1.112302529978848042e-03,7.393825824548786230e+00,6.482630800164201901e-06
-4.270000000000000184e-02,1.137394000000000016e+00,7.420579307179586692e+00,7.421729454975972473e+00,-1.150147796385780907e-03,7.420573268347522955e+00,6.038832063737231692e-06
-4.265000000000000041e-02,1.164110999999999896e+00,7.447296307179586350e+00,7.448482954590826211e+00,-1.186647411239860617e-03,7.447289637615513769e+00,6.669564072581124492e-06
-4.259999999999999898e-02,1.190795999999999966e+00,7.473981307179585976e+00,7.475205108554106914e+00,-1.223801374520938623e-03,7.473974931554140611e+00,6.375625445365074029e-06
-4.254999999999999755e-02,1.217449999999999921e+00,7.500635307179585709e+00,7.501895916865830571e+00,-1.260609686244862360e-03,7.500629149365760640e+00,6.157813825069524682e-06
-4.250000000000000305e-02,1.244072999999999984e+00,7.527258307179586438e+00,7.528555379525984748e+00,-1.297072346398309151e-03,7.527252290253629852e+00,6.016925956586760549e-06
-4.245000000000000162e-02,1.270666000000000073e+00,7.553851307179586527e+00,7.555183496534574772e+00,-1.332189354988244645e-03,7.553844353421958147e+00,6.953757628380685674e-06
-4.240000000000000019e-02,1.297225999999999990e+00,7.580411307179586444e+00,7.581780267891611302e+00,-1.368960712024858140e-03,7.580405338075900445e+00,5.969103685998788933e-06
-4.234999999999999876e-02,1.323755999999999933e+00,7.606941307179585721e+00,7.608345693597076576e+00,-1.404386417490854910e-03,7.606935243421524717e+00,6.063758061003454714e-06
-4.229999999999999732e-02,1.350254999999999983e+00,7.633440307179585993e+00,7.634879773650984802e+00,-1.439466471398809233e-03,7.633434068665851058e+00,6.238513734935224875e-06
-4.225000000000000283e-02,1.376722999999999919e+00,7.659908307179586373e+00,7.661382508053323548e+00,-1.474200873737174788e-03,7.659901813016821492e+00,6.494162764880684335e-06
-4.220000000000000140e-02,1.403159999999999963e+00,7.686345307179585973e+00,7.687853896804096365e+00,-1.508589624510392468e-03,7.686338475683331950e+00,6.831496254022795256e-06
-4.214999999999999997e-02,1.429564999999999975e+00,7.712750307179586429e+00,7.714293939903313913e+00,-1.543632723727483835e-03,7.712744055875207394e+00,6.251304379034650083e-06
-4.209999999999999853e-02,1.455940000000000012e+00,7.739125307179586244e+00,7.740702637350961979e+00,-1.577330171375734835e-03,7.739118552803189388e+00,6.754376396855832354e-06
-4.204999999999999710e-02,1.482283000000000017e+00,7.765468307179586027e+00,7.767079989147054775e+00,-1.611681967468747700e-03,7.765461965678989387e+00,6.341500596640514686e-06
-4.200000000000000261e-02,1.508594999999999908e+00,7.791780307179585918e+00,7.793425995291574537e+00,-1.645688111988619085e-03,7.791774293715219457e+00,6.013464366461107602e-06
-4.195000000000000118e-02,1.534877000000000047e+00,7.818062307179586057e+00,7.819740655784531924e+00,-1.678348604945867351e-03,7.818055536125449123e+00,6.771054136933685186e-06
-4.189999999999999974e-02,1.561126999999999931e+00,7.844312307179586163e+00,7.846023970625934041e+00,-1.711663446347877482e-03,7.844305692124192930e+00,6.615055393233149061e-06
-4.184999999999999831e-02,1.587345999999999924e+00,7.870531307179586378e+00,7.872275939815764900e+00,-1.744632636178522489e-03,7.870524760926867813e+00,6.546252718564460338e-06
-4.179999999999999688e-02,1.613534000000000024e+00,7.896719307179585812e+00,7.898496563354038713e+00,-1.777256174452901405e-03,7.896712741749857045e+00,6.565429728766503104e-06
-4.175000000000000239e-02,1.639691000000000010e+00,7.922876307179586242e+00,7.924685841240743045e+00,-1.809534061156803375e-03,7.922869633810460499e+00,6.673369125742567576e-06
-4.170000000000000095e-02,1.665815999999999963e+00,7.949001307179585751e+00,7.950843773475883225e+00,-1.842466296297473605e-03,7.948995436326919517e+00,5.870852666234327444e-06
-4.164999999999999952e-02,1.691910999999999943e+00,7.975096307179586397e+00,7.976970360059469911e+00,-1.874052879883514322e-03,7.975090148518429345e+00,6.158661157051881219e-06
-4.159999999999999809e-02,1.717975000000000030e+00,8.001160307179585374e+00,8.003065600991483564e+00,-1.905293811898189915e-03,8.001153769605080512e+00,6.537574504861254354e-06
-4.154999999999999666e-02,1.744007000000000085e+00,8.027192307179586095e+00,8.029129496271941946e+00,-1.937189092355851017e-03,8.027186298807944098e+00,6.008371641996745893e-06
-4.150000000000000216e-02,1.770008999999999943e+00,8.053194307179586175e+00,8.055162045900829071e+00,-1.967738721242895394e-03,8.053187735348988241e+00,6.571830597934535945e-06
-4.145000000000000073e-02,1.795978999999999992e+00,8.079164307179585336e+00,8.081163249878153820e+00,-1.998942698568484388e-03,8.079158078451145641e+00,6.228728439694464214e-06
-4.139999999999999930e-02,1.821917999999999926e+00,8.105103307179586380e+00,8.107133108203919747e+00,-2.029801024333366399e-03,8.105097327338274482e+00,5.979841311898326239e-06
-4.134999999999999787e-02,1.847825999999999969e+00,8.131011307179585756e+00,8.133071620878119745e+00,-2.060313698533988713e-03,8.131005481235154875e+00,5.825944430881691005e-06
-4.130000000000000338e-02,1.873702999999999896e+00,8.156888307179585240e+00,8.158978787900752039e+00,-2.090480721166798617e-03,8.156882539367520835e+00,5.767812064405575256e-06
-4.125000000000000194e-02,1.899548999999999932e+00,8.182734307179586608e+00,8.184854609271829062e+00,-2.120302092242454250e-03,8.182728500962049623e+00,5.806217536985514016e-06
-4.120000000000000051e-02,1.925364000000000075e+00,8.208549307179586307e+00,8.210699084991336605e+00,-2.149777811750297474e-03,8.208543365246322665e+00,5.941933263642340535e-06
-4.114999999999999908e-02,1.951148000000000104e+00,8.234333307179586114e+00,8.236512215059288877e+00,-2.178907879702762784e-03,8.234327131448887727e+00,6.175730698387837947e-06
-4.109999999999999765e-02,1.976901000000000019e+00,8.260086307179586029e+00,8.262293999475668116e+00,-2.207692296082086614e-03,8.260079798799205619e+00,6.508380380410017096e-06
-4.105000000000000315e-02,2.002622000000000124e+00,8.285807307179586800e+00,8.288044438240484979e+00,-2.237131060898178703e-03,8.285801366527687506e+00,5.940651899294380200e-06
-4.100000000000000172e-02,2.028312999999999811e+00,8.311498307179586931e+00,8.313763531353746572e+00,-2.265224174159641279e-03,8.311491833865680690e+00,6.473313906241173754e-06
-4.095000000000000029e-02,2.053971999999999909e+00,8.337157307179586141e+00,8.339451278815436908e+00,-2.293971635850766688e-03,8.337151200045454402e+00,6.107134131738689575e-06
-4.089999999999999886e-02,2.079600000000000115e+00,8.362785307179585459e+00,8.365107680625570197e+00,-2.322373445984737828e-03,8.362779464300233556e+00,5.842879351902752205e-06
-4.084999999999999742e-02,2.105196999999999985e+00,8.388382307179586661e+00,8.390732736784134005e+00,-2.350429604547343843e-03,8.388376625864152558e+00,5.681315434102884865e-06
-4.080000000000000293e-02,2.130762999999999963e+00,8.413948307179586195e+00,8.416326447291135437e+00,-2.378140111549242874e-03,8.413942683972308600e+00,5.623207277594133302e-06
-4.075000000000000150e-02,2.156298000000000048e+00,8.439483307179585836e+00,8.441888812146579824e+00,-2.405504966993987637e-03,8.439477637860722581e+00,5.669318863255057295e-06
-4.070000000000000007e-02,2.181801999999999797e+00,8.464987307179585585e+00,8.467419831350452952e+00,-2.432524170867367275e-03,8.464981486766339103e+00,5.820413246482303293e-06
-4.064999999999999863e-02,2.207275000000000098e+00,8.490460307179585442e+00,8.492919504902770811e+00,-2.459197723185369000e-03,8.490454229927065555e+00,6.077252519887110793e-06
-4.059999999999999720e-02,2.232715999999999923e+00,8.515901307179586155e+00,8.518387832803517412e+00,-2.486525623931257201e-03,8.515895866581715268e+00,5.440597870887131648e-06
-4.055000000000000271e-02,2.258126999999999995e+00,8.541312307179586227e+00,8.543824815052699861e+00,-2.512507873113634105e-03,8.541306395970059029e+00,5.911209527198479918e-06
-4.050000000000000128e-02,2.283506000000000036e+00,8.566691307179585380e+00,8.569230451650328817e+00,-2.539144470743437410e-03,8.566685817332801989e+00,5.489846783390817109e-06
-4.044999999999999984e-02,2.308854999999999880e+00,8.592040307179585668e+00,8.594604742596384739e+00,-2.564435416799071277e-03,8.592034129911567675e+00,6.177268017992787463e-06
-4.039999999999999841e-02,2.334172000000000136e+00,8.617357307179586812e+00,8.619947687890885391e+00,-2.590380711298578831e-03,8.617351332948937070e+00,5.974230649741230081e-06
-4.034999999999999698e-02,2.359458000000000055e+00,8.642643307179586287e+00,8.645259287533814785e+00,-2.615980354228497617e-03,8.642637425688404207e+00,5.881491182080367253e-06
-4.030000000000000249e-02,2.384713000000000083e+00,8.667898307179585871e+00,8.670539541525181804e+00,-2.641234345595933064e-03,8.667892407374417019e+00,5.899805168851912640e-06
-4.025000000000000105e-02,2.409937000000000218e+00,8.693122307179585562e+00,8.695788449864991776e+00,-2.666142685406214241e-03,8.693116277252359581e+00,6.029927225981168704e-06
-4.019999999999999962e-02,2.435128999999999877e+00,8.718314307179586109e+00,8.721006012553232267e+00,-2.691705373646158250e-03,8.718309034568534344e+00,5.272611051765352386e-06
-4.014999999999999819e-02,2.460290999999999784e+00,8.743476307179586016e+00,8.746192229589917488e+00,-2.715922410331472747e-03,8.743470678570199439e+00,5.628609386576499674e-06
-4.009999999999999676e-02,2.485421999999999798e+00,8.768607307179586030e+00,8.771347100975029676e+00,-2.739793795443645763e-03,8.768601208505531375e+00,6.098674054655361942e-06
-4.005000000000000226e-02,2.510520999999999781e+00,8.793706307179586901e+00,8.796470626708579488e+00,-2.764319528992587038e-03,8.793700623623649903e+00,5.683555936997208846e-06
-4.000000000000000083e-02,2.535588999999999871e+00,8.818774307179586103e+00,8.821562806790574029e+00,-2.788499610987926758e-03,8.818768923174623353e+00,5.384004962749600054e-06
-3.994999999999999940e-02,2.560626000000000069e+00,8.843811307179585413e+00,8.846623641220997314e+00,-2.812334041411901353e-03,8.843806106409427770e+00,5.200770157642864433e-06
-3.989999999999999797e-02,2.585631999999999930e+00,8.868817307179586606e+00,8.871653129999863552e+00,-2.835822820276945322e-03,8.868812172580005537e+00,5.134599581069210217e-06
-3.984999999999999654e-02,2.610606999999999900e+00,8.893792307179586132e+00,8.896651273127160309e+00,-2.858965947574176880e-03,8.893787120939204982e+00,5.186240381149787027e-06
-3.980000000000000204e-02,2.635550999999999977e+00,8.918736307179585765e+00,8.921618070602894690e+00,-2.881763423308925098e-03,8.918730950740830110e+00,5.356438755654835404e-06
-3.975000000000000061e-02,2.660464000000000162e+00,8.943649307179587282e+00,8.946553522427070249e+00,-2.904215247482966333e-03,8.943643661239622844e+00,5.645939964438184688e-06
-3.969999999999999918e-02,2.685344999999999871e+00,8.968530307179586103e+00,8.971457628599676326e+00,-2.927321420090223114e-03,8.968525251691239930e+00,5.055488346172865022e-06
-3.964999999999999775e-02,2.710195999999999827e+00,8.993381307179586059e+00,8.996330389120727133e+00,-2.949081941141074026e-03,8.993375721352302676e+00,5.585827283383082431e-06
-3.960000000000000325e-02,2.735015000000000196e+00,9.018200307179586872e+00,9.021171803990206683e+00,-2.971496810619811413e-03,9.018195069480334780e+00,5.237699252091942981e-06
-3.955000000000000182e-02,2.759802999999999784e+00,9.042988307179586016e+00,9.045981873208122082e+00,-2.993566028536065460e-03,9.042983295333822724e+00,5.011845763291944422e-06
-3.950000000000000039e-02,2.784559999999999924e+00,9.067745307179585268e+00,9.070760596774483986e+00,-3.015289594898717951e-03,9.067740398172185579e+00,4.909007399689357953e-06
-3.944999999999999896e-02,2.809286000000000172e+00,9.092471307179586404e+00,9.095507974689272856e+00,-3.036667509686452604e-03,9.092466377255757237e+00,4.929923829166682481e-06
-3.939999999999999752e-02,2.833981000000000083e+00,9.117166307179585871e+00,9.120224006952506457e+00,-3.057699772920585701e-03,9.117161231845834379e+00,5.075333751491939438e-06
-3.935000000000000303e-02,2.858645000000000103e+00,9.141830307179585446e+00,9.144908693564168800e+00,-3.078386384583353674e-03,9.141824961204626732e+00,5.345974958714805325e-06
-3.930000000000000160e-02,2.883277000000000090e+00,9.166462307179585878e+00,9.169562034524268768e+00,-3.099727344682889907e-03,9.166457564595292595e+00,4.742584293282448016e-06
-3.925000000000000017e-02,2.907878999999999881e+00,9.191064307179585668e+00,9.194184029832811689e+00,-3.119722653226020270e-03,9.191059041281933517e+00,5.265897652151352304e-06
-3.919999999999999873e-02,2.932449000000000083e+00,9.215634307179586315e+00,9.218774679489785129e+00,-3.140372310198813466e-03,9.215629390529558762e+00,4.916650027553259861e-06
-3.914999999999999730e-02,2.956987999999999950e+00,9.240173307179585294e+00,9.243333983495201522e+00,-3.160676315616228749e-03,9.240168611604147486e+00,4.695575437807519847e-06
-3.910000000000000281e-02,2.981495999999999924e+00,9.264681307179586156e+00,9.267861941849048435e+00,-3.180634669462278907e-03,9.264676703772583011e+00,4.603407003145321141e-06
-3.905000000000000138e-02,3.005973000000000006e+00,9.289158307179587126e+00,9.292358554551331196e+00,-3.200247371744069369e-03,9.289153666302702561e+00,4.640876884565159344e-06
-3.899999999999999994e-02,3.030419000000000196e+00,9.313604307179586428e+00,9.316823821602056910e+00,-3.219514422470481918e-03,9.313599498463288384e+00,4.808716298043691495e-06
-3.894999999999999851e-02,3.054834000000000049e+00,9.338019307179585837e+00,9.341257743001213143e+00,-3.238435821627305700e-03,9.338014199524030445e+00,5.107655555391943381e-06
-3.889999999999999708e-02,3.079216999999999871e+00,9.362402307179586103e+00,9.365660318748812330e+00,-3.258011569226226811e-03,9.362397768755579719e+00,4.538424006383934284e-06
-3.885000000000000259e-02,3.103569999999999940e+00,9.386755307179585728e+00,9.390031548844842035e+00,-3.276241665256307556e-03,9.386750205429502003e+00,5.101750083724709839e-06
-3.880000000000000115e-02,3.127890999999999977e+00,9.411076307179586209e+00,9.414371433289309365e+00,-3.295126109723156560e-03,9.411071508818317000e+00,4.798361269209294733e-06
-3.874999999999999972e-02,-3.131003999999999898e+00,9.435366614359171678e+00,9.438679972082217873e+00,-3.313357723046195247e-03,9.435361678195475221e+00,4.936163696456219441e-06
-3.869999999999999829e-02,-3.106745000000000090e+00,9.459625614359172374e+00,9.462957165223556899e+00,-3.331550864384524857e-03,9.459620712835350886e+00,4.901523821487785426e-06
-3.864999999999999686e-02,-3.082517000000000174e+00,9.483853614359173179e+00,9.487203012713340655e+00,-3.349398354167476555e-03,9.483848612013273893e+00,5.002345899285387532e-06
-3.860000000000000236e-02,-3.058320999999999845e+00,9.508049614359173063e+00,9.511417514551553154e+00,-3.367900192380091084e-03,9.508045375005487188e+00,4.239353685875357769e-06
-3.855000000000000093e-02,-3.034155000000000157e+00,9.532215614359172307e+00,9.535600670738201501e+00,-3.385056379029194318e-03,9.532211001089189395e+00,4.613269982911560874e-06
-3.849999999999999950e-02,-3.010021000000000058e+00,9.556349614359172406e+00,9.559752481273294578e+00,-3.402866914122171238e-03,9.556345489542509952e+00,4.124816662454122707e-06
-3.844999999999999807e-02,-2.985917000000000154e+00,9.580453614359171866e+00,9.583872946156818173e+00,-3.419331797646307791e-03,9.580448839644500225e+00,4.774714671640367669e-06
-3.839999999999999664e-02,-2.961844999999999839e+00,9.604525614359172181e+00,9.607962065388782946e+00,-3.436451029610765318e-03,9.604521050675169036e+00,4.563684003144885537e-06
-3.835000000000000214e-02,-2.937803999999999860e+00,9.628566614359172604e+00,9.632019838969180014e+00,-3.453224610007410433e-03,9.628562121915436478e+00,4.492443736126006115e-06
-3.830000000000000071e-02,-2.913794000000000217e+00,9.652576614359173135e+00,9.656046266898011154e+00,-3.469652538838019495e-03,9.652572052647178324e+00,4.561711994810480064e-06
-3.824999999999999928e-02,-2.889816000000000162e+00,9.676554614359172746e+00,9.680041349175287024e+00,-3.486734816114278601e-03,9.676550842153208265e+00,3.772205964480690454e-06
-3.819999999999999785e-02,-2.865867999999999860e+00,9.700502614359173492e+00,9.704005085800993413e+00,-3.502471441819920983e-03,9.700498489717249484e+00,4.124641924008187743e-06
-3.815000000000000335e-02,-2.841950999999999894e+00,9.724419614359172570e+00,9.727937476775135650e+00,-3.517862415963080025e-03,9.724414994623987951e+00,4.619735184618889434e-06
-3.810000000000000192e-02,-2.818065999999999960e+00,9.748304614359172504e+00,9.751838522097722617e+00,-3.533907738550112754e-03,9.748300356159038671e+00,4.258200133833156542e-06
-3.805000000000000049e-02,-2.794211999999999918e+00,9.772158614359172546e+00,9.775708221768738326e+00,-3.549607409565780358e-03,9.772154573608940353e+00,4.040750232192635849e-06
-3.799999999999999906e-02,-2.770389000000000213e+00,9.795981614359172696e+00,9.799546575788196989e+00,-3.564961429024293693e-03,9.795977646261183835e+00,3.968097988860108671e-06
-3.794999999999999762e-02,-2.746596999999999955e+00,9.819773614359172953e+00,9.823353584156084395e+00,-3.579969796911441904e-03,9.819769573404176555e+00,4.040954996398227195e-06
-3.790000000000000313e-02,-2.722836000000000034e+00,9.843534614359171542e+00,9.847129246872411201e+00,-3.594632513239659488e-03,9.843530354327281628e+00,4.260031889913307168e-06
-3.785000000000000170e-02,-2.699107000000000145e+00,9.867263614359172763e+00,9.870873563937179185e+00,-3.609949578006421689e-03,9.867259988320792985e+00,3.626038379778151466e-06
-3.780000000000000027e-02,-2.675408000000000008e+00,9.890962614359171567e+00,9.894586535350379464e+00,-3.623920991207896236e-03,9.890958474675922929e+00,4.139683248638448276e-06
-3.774999999999999883e-02,-2.651740999999999904e+00,9.914629614359173004e+00,9.918268161112020920e+00,-3.638546752847915400e-03,9.914625812684850104e+00,3.801674322900794323e-06
-3.769999999999999740e-02,-2.628105000000000135e+00,9.938265614359172773e+00,9.941918441222092895e+00,-3.652826862920122153e-03,9.938262001640651988e+00,3.612718520784596876e-06
-3.765000000000000291e-02,-2.604499999999999815e+00,9.961870614359172649e+00,9.965537375680602494e+00,-3.666761321429845566e-03,9.961867040837372400e+00,3.573521800248613545e-06
-3.760000000000000148e-02,-2.580925999999999831e+00,9.985444614359172633e+00,9.989124964487555047e+00,-3.680350128382414709e-03,9.985440929569985968e+00,3.684789186664261251e-06
-3.755000000000000004e-02,-2.557383000000000184e+00,1.000898761435917272e+01,1.001268120764293634e+01,-3.693593283763618729e-03,1.000898366713438215e+01,3.947224790579184628e-06
-3.749999999999999861e-02,-2.533872000000000124e+00,1.003249861435917190e+01,1.003620610514676059e+01,-3.707490787588696435e-03,1.003249525282741494e+01,3.361531756951308125e-06
-3.744999999999999718e-02,-2.510390999999999817e+00,1.005597961435917220e+01,1.005969965699901714e+01,-3.720042639844933774e-03,1.005597568594684432e+01,3.928412327880437260e-06
-3.740000000000000269e-02,-2.486941999999999986e+00,1.007942861435917337e+01,1.008316186319970953e+01,-3.733248840536163016e-03,1.007942496579139124e+01,3.648567782121858727e-06
-3.735000000000000125e-02,-2.463524000000000047e+00,1.010284661435917286e+01,1.010659272374884488e+01,-3.746109389672014345e-03,1.010284309166070749e+01,3.522698465374674015e-06
-3.729999999999999982e-02,-2.440137000000000000e+00,1.012623361435917246e+01,1.012999223864641074e+01,-3.758624287238276906e-03,1.012623006285536142e+01,3.551503811038969616e-06
-3.724999999999999839e-02,-2.416780999999999846e+00,1.014958961435917217e+01,1.015336040789241778e+01,-3.770793533245608842e-03,1.014958587867688777e+01,3.735682284400354547e-06
-3.719999999999999696e-02,-2.393457000000000168e+00,1.017291361435917274e+01,1.017669723148685712e+01,-3.783617127684379966e-03,1.017291053842772186e+01,3.075931450879920703e-06
-3.715000000000000246e-02,-2.370162999999999798e+00,1.019620761435917267e+01,1.020000270942973231e+01,-3.795095070559639794e-03,1.019620404141126357e+01,3.572947909091794827e-06
-3.710000000000000103e-02,-2.346900999999999904e+00,1.021946961435917345e+01,1.022327684172105222e+01,-3.807227361878773308e-03,1.021946638693184362e+01,3.227427329832721625e-06
-3.704999999999999960e-02,-2.323669999999999902e+00,1.024270061435917256e+01,1.024651962836080088e+01,-3.819014001628318056e-03,1.024269757429471106e+01,3.040064461501401638e-06
-3.699999999999999817e-02,-2.300469999999999793e+00,1.026590061435917178e+01,1.026973106934899249e+01,-3.830454989820708533e-03,1.026589760280607244e+01,3.011553099341313100e-06
-3.694999999999999674e-02,-2.277301000000000020e+00,1.028906961435917289e+01,1.029291116468561285e+01,-3.841550326439957530e-03,1.028906647177304912e+01,3.142586123772161955e-06
-3.690000000000000224e-02,-2.254163000000000139e+00,1.031220761435917233e+01,1.031605991437067260e+01,-3.852300011500275900e-03,1.031220418050371457e+01,3.433855457757317708e-06
-3.685000000000000081e-02,-2.231056999999999846e+00,1.033531361435917262e+01,1.033917731840417353e+01,-3.863704045000915244e-03,1.033531072830708020e+01,2.886052092421209636e-06
-3.679999999999999938e-02,-2.207981999999999889e+00,1.035838861435917302e+01,1.036226337678610676e+01,-3.874762426933742177e-03,1.035838611449307045e+01,2.499866102567693815e-06
-3.674999999999999795e-02,-2.184937000000000129e+00,1.038143361435917278e+01,1.038531808951648117e+01,-3.884475157308386883e-03,1.038143033837257434e+01,3.275986598438862529e-06
-3.670000000000000345e-02,-2.161923999999999957e+00,1.040444661435917340e+01,1.040834145659528609e+01,-3.894842236112694422e-03,1.040444339925738859e+01,3.215101784803664486e-06
-3.665000000000000202e-02,-2.138942999999999817e+00,1.042742761435917309e+01,1.043133347802252686e+01,-3.905863663353770221e-03,1.042742529646026739e+01,2.317898905701554213e-06
-3.660000000000000059e-02,-2.115991999999999873e+00,1.045037861435917215e+01,1.045429415379821236e+01,-3.915539439040216507e-03,1.045037602929489751e+01,2.585064274640558324e-06
-3.654999999999999916e-02,-2.093071999999999822e+00,1.047329861435917309e+01,1.047722348392232661e+01,-3.924869563153521312e-03,1.047329559707588231e+01,3.017283290773775661e-06
-3.649999999999999772e-02,-2.070183999999999802e+00,1.049618661435917311e+01,1.050012146839488558e+01,-3.934854035712476161e-03,1.049618399911879507e+01,2.615240378034400237e-06
-3.645000000000000323e-02,-2.047327000000000119e+00,1.051904361435917323e+01,1.052298810721587330e+01,-3.944492856700065886e-03,1.051904123474010255e+01,2.379619070680405457e-06
-3.640000000000000180e-02,-2.024500999999999884e+00,1.054186961435917169e+01,1.054582340038529864e+01,-3.953786026126948627e-03,1.054186730325724142e+01,2.311101930274617189e-06
-3.635000000000000037e-02,-2.001705999999999985e+00,1.056466461435917203e+01,1.056862734790316694e+01,-3.962733543994900742e-03,1.056466220398857558e+01,2.410370596450661651e-06
-3.629999999999999893e-02,-1.978941999999999979e+00,1.058742861435917249e+01,1.059139994976946575e+01,-3.971335410293264090e-03,1.058742593625339090e+01,2.678105781583894895e-06
-3.624999999999999750e-02,-1.956210000000000004e+00,1.061016061435917202e+01,1.061414120598420574e+01,-3.980591625033724767e-03,1.061015849937192890e+01,2.114987243118093829e-06
-3.620000000000000301e-02,-1.933508000000000004e+00,1.063286261435917268e+01,1.063685111654737803e+01,-3.988502188205345078e-03,1.063285989266534770e+01,2.721693824980775389e-06
-3.615000000000000158e-02,-1.910838000000000036e+00,1.065553261435917243e+01,1.065952968145898616e+01,-3.997067099813733648e-03,1.065553011545575401e+01,2.498903418413078725e-06
-3.610000000000000014e-02,-1.888198999999999961e+00,1.067817161435917228e+01,1.068217690071903725e+01,-4.005286359864967949e-03,1.067816916706619423e+01,2.447292978047244105e-06
-3.604999999999999871e-02,-1.865590999999999999e+00,1.070077961435917224e+01,1.070479277432751886e+01,-4.013159968346613482e-03,1.070077704682062780e+01,2.567538544440139958e-06
-3.599999999999999728e-02,-1.843015000000000070e+00,1.072335561435917306e+01,1.072737730228444342e+01,-4.021687925270356345e-03,1.072335375404398050e+01,1.860315192558914532e-06
-3.595000000000000279e-02,-1.820468999999999893e+00,1.074590161435917324e+01,1.074993048458979850e+01,-4.028870230625258841e-03,1.074589928806208405e+01,2.326297089183526623e-06
-3.590000000000000135e-02,-1.797954999999999970e+00,1.076841561435917249e+01,1.077245232124358942e+01,-4.036706884416929597e-03,1.076841364820172409e+01,1.966157448407557240e-06
-3.584999999999999992e-02,-1.775471999999999939e+00,1.079089861435917186e+01,1.079494281224582330e+01,-4.044197886651446083e-03,1.079089683379062770e+01,1.780568544162974831e-06
-3.579999999999999849e-02,-1.753020000000000023e+00,1.081335061435917311e+01,1.081740195759648948e+01,-4.051343237316373802e-03,1.081334884415743325e+01,1.770201739859089685e-06
-3.574999999999999706e-02,-1.730598999999999998e+00,1.083577161435917269e+01,1.083982975729559683e+01,-4.058142936424147251e-03,1.083576967863174012e+01,1.935727432567091455e-06
-3.570000000000000256e-02,-1.708209000000000088e+00,1.085816161435917238e+01,1.086222621134313471e+01,-4.064596983962331933e-03,1.085815933654406251e+01,2.277815109863468024e-06
-3.565000000000000113e-02,-1.685850999999999988e+00,1.088051961435917292e+01,1.088459131973910843e+01,-4.071705379935508518e-03,1.088051781722586497e+01,1.797133307945841807e-06
-3.559999999999999970e-02,-1.663524000000000003e+00,1.090284661435917180e+01,1.090692508248352510e+01,-4.078468124353307189e-03,1.090284512000955175e+01,1.494349620045909433e-06
-3.554999999999999827e-02,-1.641227999999999909e+00,1.092514261435917255e+01,1.092922749957637407e+01,-4.084885217201517094e-03,1.092514124422843658e+01,1.370130735978136727e-06
-3.549999999999999684e-02,-1.618962999999999930e+00,1.094740761435917165e+01,1.095149857101766422e+01,-4.090956658492572728e-03,1.094740618921680131e+01,1.425142370337084685e-06
-3.545000000000000234e-02,-1.596729000000000065e+00,1.096964161435917262e+01,1.097373829680738666e+01,-4.096682448214039596e-03,1.096963995430983729e+01,1.660049335328039888e-06
-3.540000000000000091e-02,-1.574527000000000010e+00,1.099184361435917268e+01,1.099594667694554317e+01,-4.103062586370498366e-03,1.099184253884368800e+01,1.075515484671996091e-06
-3.534999999999999948e-02,-1.552354999999999929e+00,1.101401561435917209e+01,1.101812371143214442e+01,-4.108097072972327624e-03,1.101401394215543306e+01,1.672203739033761849e-06
-3.529999999999999805e-02,-1.530215000000000103e+00,1.103615561435917236e+01,1.104026940026717440e+01,-4.113785908002043357e-03,1.103615416358307044e+01,1.450776101918904715e-06
-3.524999999999999661e-02,-1.508105999999999947e+00,1.105826461435917274e+01,1.106238374345064912e+01,-4.119129091476381177e-03,1.105826320246555738e+01,1.411893615355097609e-06
-3.520000000000000212e-02,-1.486027999999999905e+00,1.108034261435917323e+01,1.108446674098255258e+01,-4.124126623379353873e-03,1.108034105814276060e+01,1.556216412623712131e-06
-3.515000000000000069e-02,-1.463981999999999895e+00,1.110238861435917279e+01,1.110651839286289544e+01,-4.129778503722647542e-03,1.110238772995550605e+01,8.844036667454702183e-07
-3.509999999999999926e-02,-1.441966000000000081e+00,1.112440461435917172e+01,1.112853869909167948e+01,-4.134084732507758986e-03,1.112440321724554693e+01,1.397113624790335962e-06
-3.504999999999999782e-02,-1.419982000000000077e+00,1.114638861435917150e+01,1.115052765966889226e+01,-4.139045309720756904e-03,1.114638751935556549e+01,1.095003606010891417e-06
-3.500000000000000333e-02,-1.398028999999999966e+00,1.116834161435917316e+01,1.117248527459454444e+01,-4.143660235371271483e-03,1.116834063562918544e+01,9.787299877217492394e-07
-3.495000000000000190e-02,-1.376106999999999969e+00,1.119026361435917316e+01,1.119441154386863779e+01,-4.147929509464631792e-03,1.119026256541097908e+01,1.048948194082299779e-06
-3.490000000000000047e-02,-1.354216000000000086e+00,1.121215461435917149e+01,1.121630646749116167e+01,-4.151853131990179691e-03,1.121215330804642107e+01,1.306312750415372648e-06
-3.484999999999999903e-02,-1.332357000000000014e+00,1.123401361435917245e+01,1.123817004546213028e+01,-4.156431102957824919e-03,1.123401286288195955e+01,7.514772129013636004e-07
-3.479999999999999760e-02,-1.310527999999999915e+00,1.125584261435917277e+01,1.126000227778152762e+01,-4.159663422354853424e-03,1.125584122926494857e+01,1.385094224204408420e-06
-3.475000000000000311e-02,-1.288731000000000071e+00,1.127763961435917217e+01,1.128180316444936082e+01,-4.163550090188650188e-03,1.127763840654369254e+01,1.207815479631335620e-06
-3.470000000000000168e-02,-1.266964999999999897e+00,1.129940561435917346e+01,1.130357270546563875e+01,-4.167091106465292683e-03,1.129940439406743735e+01,1.220291736103717994e-06
-3.465000000000000024e-02,-1.245230999999999977e+00,1.132113961435917204e+01,1.132531090083034542e+01,-4.171286471173374366e-03,1.132113919118634549e+01,4.231728265580159132e-07
-3.459999999999999881e-02,-1.223527000000000031e+00,1.134284361435917177e+01,1.134701775054349682e+01,-4.174136184325050181e-03,1.134284279725153510e+01,8.171076366636498278e-07
-3.454999999999999738e-02,-1.201854999999999896e+00,1.136451561435917235e+01,1.136869325460507696e+01,-4.177640245904612470e-03,1.136451521161504097e+01,4.027441313780855126e-07
-3.450000000000000289e-02,-1.180214000000000096e+00,1.138615661435917303e+01,1.139033741301509295e+01,-4.180798655919915063e-03,1.138615643362984997e+01,1.807293230626783043e-07
-3.445000000000000145e-02,-1.158603999999999967e+00,1.140776661435917205e+01,1.141195022577355545e+01,-4.183611414383392457e-03,1.140776646264988159e+01,1.517092904634864681e-07
-3.440000000000000002e-02,-1.137024999999999952e+00,1.142934561435917296e+01,1.143353169288044491e+01,-4.186078521271952013e-03,1.142934529802997901e+01,3.163291939500822991e-07
-3.434999999999999859e-02,-1.115477000000000052e+00,1.145089361435917219e+01,1.145508181433577732e+01,-4.188199976605133656e-03,1.145089293912593753e+01,6.752332346593448165e-07
-3.429999999999999716e-02,-1.093960999999999961e+00,1.147240961435917228e+01,1.147660059013954204e+01,-4.190975780369754489e-03,1.147240938529446908e+01,2.290647032054948795e-07
-3.425000000000000266e-02,-1.072475999999999985e+00,1.149389461435917248e+01,1.149808802029174259e+01,-4.193405932570115624e-03,1.149389463589324123e+01,-2.153406875038399448e-08
-3.420000000000000123e-02,-1.051021999999999901e+00,1.151534861435917279e+01,1.151954410479238611e+01,-4.195490433213322490e-03,1.151534869028085240e+01,-7.592167960979168129e-08
-3.414999999999999980e-02,-1.029598999999999931e+00,1.153677161435917320e+01,1.154096884364146014e+01,-4.197229282286940588e-03,1.153677154781682290e+01,6.654235029657229461e-08
-3.409999999999999837e-02,-1.008207000000000075e+00,1.155816361435917194e+01,1.156236223683897713e+01,-4.198622479805180774e-03,1.155816320786162521e+01,4.064975467343856508e-07
-3.404999999999999694e-02,-9.868466999999999656e-01,1.157952391435917328e+01,1.158372428438492463e+01,-4.200370025751354319e-03,1.157952366977665370e+01,2.445825195707129751e-07
-3.400000000000000244e-02,-9.655175000000000285e-01,1.160085311435917177e+01,1.160505498627930798e+01,-4.201871920136213134e-03,1.160085293292424957e+01,1.814349221973543536e-07
-3.395000000000000101e-02,-9.442194999999999894e-01,1.162215111435917336e+01,1.162635434252213429e+01,-4.203228162960925829e-03,1.162215099666769191e+01,1.176914814493557060e-07
-3.389999999999999958e-02,-9.229526999999999592e-01,1.164341791435917273e+01,1.164762235311339111e+01,-4.204438754218386975e-03,1.164341786037117821e+01,5.398799451938884886e-08
-3.384999999999999815e-02,-9.017171000000000491e-01,1.166465351435917164e+01,1.166885901805309089e+01,-4.205503693919254715e-03,1.166465352339986339e+01,-9.040691750783480529e-09
-3.379999999999999671e-02,-8.805127000000000370e-01,1.168585791435917187e+01,1.169006433734122119e+01,-4.206422982049318193e-03,1.168585798511981366e+01,-7.076064179045715719e-08
-3.375000000000000222e-02,-8.593395000000000339e-01,1.170703111435917165e+01,1.171123831097778911e+01,-4.207196618617459194e-03,1.170703124489805091e+01,-1.305388792616213323e-07
-3.370000000000000079e-02,-8.381973999999999814e-01,1.172817321435917215e+01,1.173238093896279821e+01,-4.207724603626061821e-03,1.172817330210253672e+01,-8.774336457406661793e-08
-3.364999999999999936e-02,-8.170865999999999962e-01,1.174928401435917280e+01,1.175349222129623783e+01,-4.208206937065028796e-03,1.174928415610214216e+01,-1.417429693617577868e-07
-3.359999999999999792e-02,-7.960070000000000201e-01,1.177036361435917300e+01,1.177457215797812040e+01,-4.208543618947402365e-03,1.177036380626670109e+01,-1.919075280909510184e-07
-3.355000000000000343e-02,-7.749586000000000530e-01,1.179141201435917274e+01,1.179562074900843527e+01,-4.208734649262524385e-03,1.179141225196696041e+01,-2.376077876675708467e-07
-3.350000000000000200e-02,-7.539413999999999838e-01,1.181242921435917204e+01,1.181663799438718598e+01,-4.208780028013947572e-03,1.181242949257462271e+01,-2.782154506775214031e-07
-3.345000000000000057e-02,-7.329554999999999820e-01,1.183341511435917326e+01,1.183762389411437965e+01,-4.208779755206393247e-03,1.183341552746232139e+01,-4.131031481335867284e-07
-3.339999999999999913e-02,-7.120007000000000419e-01,1.185436991435917164e+01,1.185857844819000206e+01,-4.208533830830418765e-03,1.185437035600360822e+01,-4.416444365773486425e-07
-3.334999999999999770e-02,-6.910770999999999997e-01,1.187529351435917313e+01,1.187950165661406743e+01,-4.208142254894298162e-03,1.187529397757299776e+01,-4.632138246307704321e-07
-3.330000000000000321e-02,-6.701846999999999666e-01,1.189618591435917239e+01,1.190039351938656509e+01,-4.207605027392702368e-03,1.189618639154591406e+01,-4.771867416764052905e-07
-3.325000000000000178e-02,-6.493236000000000008e-01,1.191704701435917180e+01,1.192125403650749860e+01,-4.207022148326799993e-03,1.191704759729873686e+01,-5.829395650636115533e-07
-3.320000000000000034e-02,-6.284935999999999856e-01,1.193787701435917192e+01,1.194208320797687506e+01,-4.206193617703135601e-03,1.193787759420877848e+01,-5.798496065523295329e-07
-3.314999999999999891e-02,-6.076949000000000378e-01,1.195867571435917220e+01,1.196288103379468026e+01,-4.205319435508059200e-03,1.195867638165427138e+01,-6.672950991770676410e-07
-3.309999999999999748e-02,-5.869273000000000406e-01,1.197944331435917320e+01,1.198364751396093197e+01,-4.204199601758773497e-03,1.197944395901440551e+01,-6.446552323069454360e-07
-3.305000000000000299e-02,-5.661909999999999998e-01,1.200017961435917258e+01,1.200438264847561065e+01,-4.203034116438075785e-03,1.200018032566928561e+01,-7.113101130329368971e-07
-3.300000000000000155e-02,-5.454858999999999680e-01,1.202088471435917327e+01,1.202508643733872873e+01,-4.201722979555455595e-03,1.202088548099996856e+01,-7.666407952910958556e-07
-3.295000000000000012e-02,-5.248119999999999452e-01,1.204155861435917174e+01,1.204575888055028621e+01,-4.200266191114465641e-03,1.204155942438844207e+01,-8.100292703261402494e-07
-3.289999999999999869e-02,-5.041693000000000424e-01,1.206220131435917153e+01,1.206639997811027598e+01,-4.198663751104447783e-03,1.206220215521762285e+01,-8.408584513119876647e-07
-3.284999999999999726e-02,-4.835578999999999850e-01,1.208281271435917326e+01,1.208700973001870871e+01,-4.197015659535452414e-03,1.208281367287137620e+01,-9.585122029420745093e-07
-3.280000000000000276e-02,-4.629775999999999891e-01,1.210339301435917214e+01,1.210758813627557196e+01,-4.195121916399813244e-03,1.210339397673448403e+01,-9.623753118859212918e-07
-3.275000000000000133e-02,-4.424286000000000052e-01,1.212394201435917296e+01,1.212813519688087283e+01,-4.193182521699867493e-03,1.212394306619268392e+01,-1.051833510956612372e-06
-3.269999999999999990e-02,-4.219107000000000274e-01,1.214445991435917271e+01,1.214865091183461487e+01,-4.190997475442159725e-03,1.214446094063264070e+01,-1.026273467985561183e-06
-3.264999999999999847e-02,-4.014241000000000059e-01,1.216494651435917262e+01,1.216913528113678922e+01,-4.188766777616592663e-03,1.216494759944195003e+01,-1.085082777407819776e-06
-3.259999999999999704e-02,-3.809686999999999935e-01,1.218540191435917208e+01,1.218958830478740296e+01,-4.186390428230879479e-03,1.218540304200915436e+01,-1.127649982279876895e-06
-3.255000000000000254e-02,-3.605444999999999900e-01,1.220582611435917286e+01,1.221000998278644900e+01,-4.183868427276138391e-03,1.220582726772371807e+01,-1.153364545203316993e-06
-3.250000000000000111e-02,-3.401515999999999984e-01,1.222621901435917202e+01,1.223040031513393266e+01,-4.181300774760643435e-03,1.222622027597605054e+01,-1.261616878522886509e-06
-3.244999999999999968e-02,-3.197898000000000129e-01,1.224658081435917190e+01,1.225075930182985928e+01,-4.178487470687386462e-03,1.224658206615750089e+01,-1.251798328993913856e-06
-3.239999999999999825e-02,-2.994592999999999838e-01,1.226691131435917193e+01,1.227108694287421642e+01,-4.175628515044493838e-03,1.226691263766034012e+01,-1.323301168199009226e-06
-3.234999999999999681e-02,-2.791600000000000192e-01,1.228721061435917328e+01,1.229138323826701296e+01,-4.172623907839678736e-03,1.228721198987779140e+01,-1.375518618118576342e-06
-3.230000000000000232e-02,-2.588919000000000081e-01,1.230747871435917240e+01,1.231164818800824357e+01,-4.169473649071164800e-03,1.230748012220399090e+01,-1.407844818501757800e-06
-3.225000000000000089e-02,-2.386550000000000060e-01,1.232771561435917285e+01,1.233188179209791002e+01,-4.166177738737175673e-03,1.232771703403403585e+01,-1.419674863001318954e-06
-3.219999999999999946e-02,-2.184493999999999880e-01,1.234792121435917167e+01,1.235208405053601766e+01,-4.162836176845985392e-03,1.234792272476395070e+01,-1.510404779025975586e-06
-3.214999999999999802e-02,-1.982749000000000039e-01,1.236809571435917299e+01,1.237225496332255759e+01,-4.159248963384598596e-03,1.236809719379067829e+01,-1.479431505302386540e-06
-3.209999999999999659e-02,-1.781317000000000039e-01,1.238823891435917268e+01,1.239239453045754047e+01,-4.155616098367787004e-03,1.238824044051212603e+01,-1.526152953346127106e-06
-3.205000000000000210e-02,-1.580197999999999880e-01,1.240835081435917253e+01,1.241250275194095387e+01,-4.151937581781339759e-03,1.240835246432711081e+01,-1.649967938277541180e-06
-3.200000000000000067e-02,-1.379390000000000061e-01,1.242843161435917310e+01,1.243257962777280312e+01,-4.148013413630025070e-03,1.242843326463540343e+01,-1.650276230336089611e-06
-3.194999999999999923e-02,-1.178894999999999943e-01,1.244848111435917204e+01,1.245262515795309533e+01,-4.144043593923285584e-03,1.244848284083770551e+01,-1.726478533470299226e-06
-3.189999999999999780e-02,-9.787115999999999871e-02,1.246849945435917206e+01,1.247263934248181805e+01,-4.139888122645984936e-03,1.246850119233564769e+01,-1.737976475624236627e-06
-3.185000000000000331e-02,-7.788406999999999969e-02,1.248848654435917283e+01,1.249262218135897839e+01,-4.135636999805569758e-03,1.248848831853180030e+01,-1.774172627477810238e-06
-3.180000000000000188e-02,-5.792821000000000081e-02,1.250844240435917243e+01,1.251257367458457992e+01,-4.131270225407490670e-03,1.250844421882967694e+01,-1.814470504513110427e-06
-3.175000000000000044e-02,-3.800358000000000208e-02,1.252836703435917265e+01,1.253249382215861196e+01,-4.126787799439313176e-03,1.252836889263371489e+01,-1.858274542243520955e-06
-3.169999999999999901e-02,-1.811018000000000003e-02,1.254826043435917171e+01,1.255238262408108696e+01,-4.122189721915248128e-03,1.254826233934929647e+01,-1.904990124756977821e-06
-3.164999999999999758e-02,1.752003000000000024e-03,1.256812261735917247e+01,1.257224008035199248e+01,-4.117462992820009049e-03,1.256812455838272591e+01,-1.941023553442278171e-06
-3.160000000000000309e-02,2.158295000000000005e-02,1.258795356435917334e+01,1.259206619097133562e+01,-4.112626612162273432e-03,1.258795554914126136e+01,-1.984782088015890622e-06
-3.155000000000000165e-02,4.138267000000000334e-02,1.260775328435917331e+01,1.261186095593912171e+01,-4.107671579948402041e-03,1.260775531103309177e+01,-2.026673918464894086e-06
-3.150000000000000022e-02,6.115116999999999775e-02,1.262752178435917294e+01,1.263162437525533655e+01,-4.102590896163604839e-03,1.262752384346732626e+01,-2.059108153318334189e-06
-3.144999999999999879e-02,8.088842999999999728e-02,1.264725904435917236e+01,1.265135644891999434e+01,-4.097404560821971131e-03,1.264726114585403494e+01,-2.101494862571939848e-06
-3.139999999999999736e-02,1.005945000000000034e-01,1.266696511435917216e+01,1.267105717693308442e+01,-4.092062573912258472e-03,1.266696721760419564e+01,-2.103245023477029463e-06
-3.135000000000000286e-02,1.202692999999999957e-01,1.268663991435917282e+01,1.269072655929461035e+01,-4.086644935437533377e-03,1.268664205812974366e+01,-2.143770570839365064e-06
-3.130000000000000143e-02,1.399128000000000038e-01,1.270628341435917186e+01,1.271036459600457746e+01,-4.081181645405607128e-03,1.270628566684354865e+01,-2.252484376796815013e-06
-3.125000000000000000e-02,1.595252000000000059e-01,1.272589581435917161e+01,1.272997128706298042e+01,-4.075472703808813435e-03,1.272589804315939865e+01,-2.228800227044303028e-06
-3.119999999999999857e-02,1.791062999999999961e-01,1.274547691435917329e+01,1.274954663246981745e+01,-4.069718110644160447e-03,1.274547918649203737e+01,-2.272132864078457715e-06
-3.115000000000000061e-02,1.986561000000000021e-01,1.276502671435917335e+01,1.276909063222509033e+01,-4.063917865916977235e-03,1.276502909625712867e+01,-2.381897955316958360e-06
-3.109999999999999917e-02,2.181748000000000021e-01,1.278454541435917236e+01,1.278860328632880439e+01,-4.057871969632032005e-03,1.278454777187128499e+01,-2.357512112638460167e-06
-3.105000000000000121e-02,2.376621999999999901e-01,1.280403281435917329e+01,1.280808459478095074e+01,-4.051780421777451124e-03,1.280403521275204248e+01,-2.398392869196186439e-06
-3.099999999999999978e-02,2.571184000000000247e-01,1.282348901435917199e+01,1.282753455758153649e+01,-4.045543222364500480e-03,1.282349141831788408e+01,-2.403958712093867689e-06
-3.094999999999999835e-02,2.765432999999999919e-01,1.284291391435917262e+01,1.284695317473055809e+01,-4.039260371385466897e-03,1.284291638798822177e+01,-2.473629049148939885e-06
-3.090000000000000038e-02,2.959370000000000056e-01,1.286230761435917280e+01,1.286634044622801554e+01,-4.032831868842734480e-03,1.286231012118340189e+01,-2.506824229087101230e-06
-3.084999999999999895e-02,3.152994000000000074e-01,1.288167001435917314e+01,1.288569637207391061e+01,-4.026357714737471838e-03,1.288167261732471225e+01,-2.602965539111323778e-06
-3.080000000000000099e-02,3.346307000000000031e-01,1.290100131435917241e+01,1.290502095226824153e+01,-4.019637909069118109e-03,1.290100387583436969e+01,-2.561475197282447880e-06
-3.074999999999999956e-02,3.539305999999999841e-01,1.292030121435917245e+01,1.292431418681100830e+01,-4.012972451835850052e-03,1.292030389613553609e+01,-2.681776363644416961e-06
-3.070000000000000159e-02,3.731994000000000145e-01,1.293957001435917320e+01,1.294357607570221269e+01,-4.006061343039490907e-03,1.293957267765229879e+01,-2.663293125593213517e-06
-3.065000000000000016e-02,3.924368999999999774e-01,1.295880751435917233e+01,1.296280661894185471e+01,-3.999104582682377895e-03,1.295881021980968661e+01,-2.705450514284279961e-06
-3.059999999999999873e-02,4.116431999999999869e-01,1.297801381435917278e+01,1.298200581652993435e+01,-3.992002170761566049e-03,1.297801652203366274e+01,-2.707674489954570163e-06
-3.055000000000000077e-02,4.308181999999999845e-01,1.299718881435917162e+01,1.300117366846644629e+01,-3.984854107274671264e-03,1.299719158375112471e+01,-2.769391953094668679e-06
-3.049999999999999933e-02,4.499619999999999731e-01,1.301633261435917177e+01,1.302031017475139762e+01,-3.977560392225854002e-03,1.301633540438990622e+01,-2.790030734445281269e-06
-3.045000000000000137e-02,4.690745000000000053e-01,1.303544511435917208e+01,1.303941533538478481e+01,-3.970221025612730159e-03,1.303544798337878063e+01,-2.869019608553458056e-06
-3.039999999999999994e-02,4.881557999999999731e-01,1.305452641435917194e+01,1.305848915036660962e+01,-3.962736007437683838e-03,1.305452932014745215e+01,-2.905788280216370367e-06
-3.034999999999999851e-02,5.072058999999999873e-01,1.307357651435917312e+01,1.307753161969687028e+01,-3.955105337697162327e-03,1.307357941412656288e+01,-2.899767389763496794e-06
-3.030000000000000054e-02,5.262246999999999897e-01,1.309259531435917268e+01,1.309654274337556856e+01,-3.947429016395886947e-03,1.309259826474768751e+01,-2.950388514832980036e-06
-3.024999999999999911e-02,5.452122999999999831e-01,1.311158291435917178e+01,1.311552252140270269e+01,-3.939607043530912733e-03,1.311158587144334220e+01,-2.957084170418511349e-06
-3.020000000000000115e-02,5.641686000000000201e-01,1.313053921435917282e+01,1.313447095377827267e+01,-3.931739419099855581e-03,1.313054223364697393e+01,-3.019287801109271641e-06
-3.014999999999999972e-02,5.830937000000000481e-01,1.314946431435917162e+01,1.315338804050228028e+01,-3.923726143108652309e-03,1.314946735079296758e+01,-3.036433795955417736e-06
-3.009999999999999828e-02,6.019875000000000087e-01,1.316835811435917236e+01,1.317227378157472550e+01,-3.915667215553142455e-03,1.316836122231664241e+01,-3.107957470049882431e-06
-3.005000000000000032e-02,6.208500999999999603e-01,1.318722071435917265e+01,1.319112817699560480e+01,-3.907462636432157410e-03,1.318722384765425204e+01,-3.133295079393860760e-06
-2.999999999999999889e-02,6.396815000000000140e-01,1.320605211435917248e+01,1.320995122676492528e+01,-3.899112405752802601e-03,1.320605522624299155e+01,-3.111883819073568702e-06
-2.995000000000000093e-02,6.584816000000000003e-01,1.322485221435917246e+01,1.322874293088267628e+01,-3.890716523503812141e-03,1.322485535752098507e+01,-3.143161812602102145e-06
-2.989999999999999949e-02,6.772504000000000302e-01,1.324362101435917261e+01,1.324750328934886845e+01,-3.882274989695844170e-03,1.324362424092729640e+01,-3.226568123793072118e-06
-2.985000000000000153e-02,6.959880000000000511e-01,1.326235861435917229e+01,1.326623230216349469e+01,-3.873687804322401007e-03,1.326236187590192372e+01,-3.261542751431534271e-06
-2.980000000000000010e-02,7.146943999999999519e-01,1.328106501435917153e+01,1.328492996932655856e+01,-3.864954967387035367e-03,1.328106826188580136e+01,-3.247526629834851519e-06
-2.974999999999999867e-02,7.333695000000000075e-01,1.329974011435917269e+01,1.330359629083806006e+01,-3.856176478887363146e-03,1.329974339832079977e+01,-3.283961627076337209e-06
-2.970000000000000070e-02,7.520132999999999956e-01,1.331838391435917224e+01,1.332223126669799740e+01,-3.847352338825160700e-03,1.331838728464971666e+01,-3.370290544424392465e-06
-2.964999999999999927e-02,7.706258999999999748e-01,1.333699651435917310e+01,1.334083489690637236e+01,-3.838382547199259420e-03,1.333699992031630543e+01,-3.405957132329717751e-06
-2.960000000000000131e-02,7.892072999999999450e-01,1.335557791435917174e+01,1.335940718146318140e+01,-3.829267104009659306e-03,1.335558130476523431e+01,-3.390406062564466083e-06
-2.954999999999999988e-02,8.077573999999999588e-01,1.337412801435917231e+01,1.337794812036842984e+01,-3.820106009257528967e-03,1.337413143744211652e+01,-3.423082944209454581e-06
-2.949999999999999845e-02,8.262762000000000162e-01,1.339264681435917304e+01,1.339645771362211235e+01,-3.810899262939315690e-03,1.339265031779350323e+01,-3.503434330198729185e-06
-2.945000000000000048e-02,8.447637999999999536e-01,1.341113441435917153e+01,1.341493596122423426e+01,-3.801546865062732650e-03,1.341113794526687464e+01,-3.530907703108709939e-06
-2.939999999999999905e-02,8.632201999999999931e-01,1.342959081435917312e+01,1.343338286317479202e+01,-3.792048815618898061e-03,1.342959431931065239e+01,-3.504951479271767312e-06
-2.935000000000000109e-02,8.816452999999999651e-01,1.344801591435917310e+01,1.345179841947378208e+01,-3.782505114608980534e-03,1.344801943937419075e+01,-3.525015017658006400e-06
-2.929999999999999966e-02,9.000390999999999808e-01,1.346640971435917322e+01,1.347018263012121508e+01,-3.772915762041861854e-03,1.346641330490778010e+01,-3.590548606879906401e-06
-2.925000000000000169e-02,9.184016999999999875e-01,1.348477231435917290e+01,1.348853549511708039e+01,-3.763180757907491625e-03,1.348477591536264697e+01,-3.601003474074104815e-06
-2.920000000000000026e-02,9.367330000000000378e-01,1.350310361435917272e+01,1.350685701446138509e+01,-3.753400102212367528e-03,1.350310727019095580e+01,-3.655831783078156150e-06
-2.914999999999999883e-02,9.550330999999999682e-01,1.352140371435917210e+01,1.352514718815412564e+01,-3.743473794953544598e-03,1.352140736884580008e+01,-3.654486627979736113e-06
-2.910000000000000087e-02,9.733019000000000531e-01,1.353967251435917163e+01,1.354340601619530204e+01,-3.733501836130415086e-03,1.353967621078121475e+01,-3.696422043120151102e-06
-2.904999999999999943e-02,9.915393999999999597e-01,1.355791001435917309e+01,1.356163349858491785e+01,-3.723484225744755349e-03,1.355791379545216913e+01,-3.781092996035795295e-06
-2.900000000000000147e-02,1.009746000000000032e+00,1.357611661435917227e+01,1.357982963532296594e+01,-3.713020963793667306e-03,1.357612012231457044e+01,-3.507955398163176142e-06
-2.895000000000000004e-02,1.027921000000000085e+00,1.359429161435917166e+01,1.359799442640945344e+01,-3.702812050281778511e-03,1.359429519082525673e+01,-3.576466085064566869e-06
-2.889999999999999861e-02,1.046065000000000023e+00,1.361243561435917293e+01,1.361612787184437678e+01,-3.692257485203853662e-03,1.361243900044200217e+01,-3.386082829237579972e-06
-2.885000000000000064e-02,1.064176999999999929e+00,1.363054761435917328e+01,1.363422997162773598e+01,-3.682357268562697072e-03,1.363055155062352242e+01,-3.936264349135853990e-06
-2.879999999999999921e-02,1.082257999999999942e+00,1.364862861435917196e+01,1.365230072575953457e+01,-3.672111400362609857e-03,1.364863284082946393e+01,-4.226470291968098536e-06
-2.875000000000000125e-02,1.100308000000000064e+00,1.366667861435917253e+01,1.367034013423976724e+01,-3.661519880594710230e-03,1.366668287052040576e+01,-4.256161233229249774e-06
-2.869999999999999982e-02,1.118327000000000071e+00,1.368469761435917320e+01,1.368834819706843753e+01,-3.650582709264327264e-03,1.368470163915787197e+01,-4.024798698765152949e-06
-2.864999999999999838e-02,1.136314999999999964e+00,1.370268561435917221e+01,1.370632491424554544e+01,-3.639299886373237314e-03,1.370268914620431744e+01,-3.531845145232637151e-06
-2.860000000000000042e-02,1.154271000000000047e+00,1.372064161435917207e+01,1.372427028577108743e+01,-3.628671411915362910e-03,1.372064539112312787e+01,-3.776763955798401184e-06
-2.854999999999999899e-02,1.172196000000000016e+00,1.373856661435917204e+01,1.374218431164506882e+01,-3.617697285896781523e-03,1.373857037337863218e+01,-3.759019460147783320e-06
-2.850000000000000103e-02,1.190088999999999952e+00,1.375645961435917286e+01,1.376006699186748250e+01,-3.607377508309639325e-03,1.375646409243609014e+01,-4.478076917280304770e-06
-2.844999999999999959e-02,1.207951999999999915e+00,1.377432261435917304e+01,1.377791832643833736e+01,-3.595712079164314900e-03,1.377432654776170118e+01,-3.933402528133456144e-06
-2.840000000000000163e-02,1.225783000000000067e+00,1.379215361435917231e+01,1.379573831535762807e+01,-3.584700998455758736e-03,1.379215773882259555e+01,-4.124463423238466930e-06
-2.835000000000000020e-02,1.243583000000000105e+00,1.380995361435917346e+01,1.381352695862535285e+01,-3.573344266179390161e-03,1.380995766508684497e+01,-4.050727671511822336e-06
-2.829999999999999877e-02,1.261352000000000029e+00,1.382772261435917294e+01,1.383128425624151703e+01,-3.561641882344090959e-03,1.382772632602345197e+01,-3.711664279038018321e-06
-2.825000000000000080e-02,1.279088999999999920e+00,1.384545961435917150e+01,1.384901020820611706e+01,-3.550593846945560017e-03,1.384546372110235168e+01,-4.106743180187777398e-06
-2.819999999999999937e-02,1.296794999999999920e+00,1.386316561435917194e+01,1.386670481451915293e+01,-3.539200159980993021e-03,1.386316984979442957e+01,-4.235435257626818384e-06
-2.815000000000000141e-02,1.314470000000000027e+00,1.388084061435917249e+01,1.388436807518062643e+01,-3.527460821453942685e-03,1.388084471157148947e+01,-4.097212316978016133e-06
-2.809999999999999998e-02,1.332113000000000103e+00,1.389848361435917212e+01,1.390199999019053578e+01,-3.516375831363660609e-03,1.389848830590628204e+01,-4.691547109914040448e-06
-2.804999999999999855e-02,1.349725999999999981e+00,1.391609661435917289e+01,1.391960055954888276e+01,-3.503945189709867236e-03,1.391610063227248872e+01,-4.017913315834675814e-06
-2.800000000000000058e-02,1.367307000000000050e+00,1.393367761435917274e+01,1.393716978325566558e+01,-3.492168896492842123e-03,1.393368169014472535e+01,-4.075785552615229790e-06
-2.794999999999999915e-02,1.384857000000000005e+00,1.395122761435917269e+01,1.395470766131088425e+01,-3.480046951711557313e-03,1.395123147899855098e+01,-3.864639378292622496e-06
-2.790000000000000119e-02,1.402374999999999927e+00,1.396874561435917173e+01,1.397221419371454232e+01,-3.468579355370593476e-03,1.396874999831044839e+01,-4.383951276665243313e-06
-2.784999999999999976e-02,1.419861999999999957e+00,1.398623261435917264e+01,1.398968938046663446e+01,-3.456766107461817228e-03,1.398623724755784892e+01,-4.633198676273764249e-06
-2.779999999999999832e-02,1.437318000000000096e+00,1.400368861435917189e+01,1.400713322156716600e+01,-3.444607207994110354e-03,1.400369322621911294e+01,-4.611859941050511225e-06
-2.775000000000000036e-02,1.454742999999999897e+00,1.402111361435917303e+01,1.402454571701612984e+01,-3.432102656956814712e-03,1.402111793377353344e+01,-4.319414360409723486e-06
-2.769999999999999893e-02,1.472135999999999889e+00,1.403850661435917146e+01,1.404192686681353308e+01,-3.420252454361616401e-03,1.403851136970134661e+01,-4.755342175144505745e-06
-2.765000000000000097e-02,1.489498999999999906e+00,1.405586961435917281e+01,1.405927667095937394e+01,-3.407056600201130436e-03,1.405587353348371771e+01,-3.919124544893293205e-06
-2.759999999999999953e-02,1.506828999999999974e+00,1.407319961435917222e+01,1.407659512945365066e+01,-3.395515094478440687e-03,1.407320442460275345e+01,-4.810243581232498400e-06
-2.755000000000000157e-02,1.524129000000000067e+00,1.409049961435917275e+01,1.409388224229636144e+01,-3.382627937188686928e-03,1.409050404254148958e+01,-4.428182316829065712e-06
-2.750000000000000014e-02,1.541396999999999906e+00,1.410776761435917237e+01,1.411113800948751162e+01,-3.370395128339254143e-03,1.410777238678390333e+01,-4.772424730958846339e-06
-2.744999999999999871e-02,1.558634000000000075e+00,1.412500461435917209e+01,1.412836243102709766e+01,-3.357816667925561660e-03,1.412500945681490627e+01,-4.842455734177519844e-06
-2.740000000000000074e-02,1.575839999999999907e+00,1.414221061435917193e+01,1.414555550691511954e+01,-3.344892555947609480e-03,1.414221525212034258e+01,-4.637761170656062859e-06
-2.734999999999999931e-02,1.593015000000000070e+00,1.415938561435917187e+01,1.416271723715157904e+01,-3.331622792407173961e-03,1.415938977218699613e+01,-4.157827824258220062e-06
-2.730000000000000135e-02,1.610157999999999978e+00,1.417652861435917266e+01,1.417984762173647439e+01,-3.319007377301730344e-03,1.417653301650258157e+01,-4.402143408910319522e-06
-2.724999999999999992e-02,1.627269999999999994e+00,1.419364061435917179e+01,1.419694666066980915e+01,-3.306046310637356100e-03,1.419364498455575685e+01,-4.370196585057328775e-06
-2.719999999999999848e-02,1.644349999999999978e+00,1.421072061435917178e+01,1.421401435395157797e+01,-3.293739592406197403e-03,1.421072567583611068e+01,-5.061476938905684619e-06
-2.715000000000000052e-02,1.661399999999999988e+00,1.422777061435917290e+01,1.423105070158178265e+01,-3.280087222609751052e-03,1.422777508983416439e+01,-4.475474991494365895e-06
-2.709999999999999909e-02,1.678417999999999966e+00,1.424478861435917310e+01,1.424805570356042494e+01,-3.267089201251849317e-03,1.424479322604138076e+01,-4.611682207666945033e-06
-2.705000000000000113e-02,1.695405000000000051e+00,1.426177561435917340e+01,1.426502935988750487e+01,-3.253745528331464243e-03,1.426178008395015340e+01,-4.469590979994109148e-06
-2.699999999999999969e-02,1.712360000000000104e+00,1.427873061435917279e+01,1.428197167056302064e+01,-3.241056203847847428e-03,1.427873566305381914e+01,-5.048694646347939852e-06
-2.695000000000000173e-02,1.729284999999999961e+00,1.429565561435917331e+01,1.429888263558697403e+01,-3.227021227800719316e-03,1.429565996284664209e+01,-4.348487468774919762e-06
-2.690000000000000030e-02,1.746178000000000008e+00,1.431254861435917292e+01,1.431576225495936328e+01,-3.213640600190359464e-03,1.431255298282382427e+01,-4.368464651349768246e-06
-2.684999999999999887e-02,1.763039000000000023e+00,1.432940961435917160e+01,1.433261052868018837e+01,-3.200914321016767872e-03,1.432941472248150916e+01,-5.108122337560416781e-06
-2.680000000000000090e-02,1.779870000000000063e+00,1.434624061435917319e+01,1.434942745674945108e+01,-3.186842390277888626e-03,1.434624518131676396e+01,-4.566957590768083719e-06
-2.674999999999999947e-02,1.796669000000000072e+00,1.436303961435917209e+01,1.436621303916714965e+01,-3.173424807977553996e-03,1.436304435882760622e+01,-4.744468434125792555e-06
-2.670000000000000151e-02,1.813436999999999966e+00,1.437980761435917287e+01,1.438296727593328583e+01,-3.159661574112959670e-03,1.437981225451297718e+01,-4.640153804302826757e-06
-2.665000000000000008e-02,1.830173000000000050e+00,1.439654361435917274e+01,1.439969016704785787e+01,-3.146552688685133603e-03,1.439654886787276133e+01,-5.253513588598934803e-06
-2.659999999999999865e-02,1.846878999999999937e+00,1.441324961435917196e+01,1.441638171251086753e+01,-3.132098151695572597e-03,1.441325419840777400e+01,-4.584048602040979858e-06
-2.655000000000000068e-02,1.863553000000000015e+00,1.442992361435917203e+01,1.443304191232231304e+01,-3.118297963141003493e-03,1.442992824561976839e+01,-4.631260596354991321e-06
-2.649999999999999925e-02,1.880195999999999978e+00,1.444656661435917222e+01,1.444967076648219617e+01,-3.104152123023951049e-03,1.444657100901143565e+01,-4.394652263428611150e-06
-2.645000000000000129e-02,1.896806999999999910e+00,1.446317761435917149e+01,1.446626827499051338e+01,-3.090660631341890507e-03,1.446318248808639595e+01,-4.873727224463664243e-06
-2.639999999999999986e-02,1.913386999999999949e+00,1.447975761435917263e+01,1.448283443784726998e+01,-3.076823488097346626e-03,1.447976268234921093e+01,-5.067990038298830768e-06
-2.634999999999999842e-02,1.929936000000000096e+00,1.449630661435917212e+01,1.449936925505246066e+01,-3.062640693288543048e-03,1.449631159130537839e+01,-4.976946206269872164e-06
-2.630000000000000046e-02,1.946453999999999906e+00,1.451282461435917170e+01,1.451587272660609074e+01,-3.048112246919032486e-03,1.451282921446132512e+01,-4.600102153418106354e-06
-2.624999999999999903e-02,1.962939999999999907e+00,1.452931061435917215e+01,1.453234485250815666e+01,-3.034238148984513828e-03,1.452931555132442121e+01,-4.936965249058289373e-06
-2.620000000000000107e-02,1.979395000000000016e+00,1.454576561435917270e+01,1.454878563275865844e+01,-3.020018399485735472e-03,1.454577060140296929e+01,-4.987043796589318845e-06
-2.614999999999999963e-02,1.995819000000000010e+00,1.456218961435917336e+01,1.456519506735759606e+01,-3.005452998422697419e-03,1.456219436420620639e+01,-4.749847033025389464e-06
-2.610000000000000167e-02,2.012211000000000194e+00,1.457858161435917310e+01,1.458157315630497131e+01,-2.991541945798203983e-03,1.457858683924430743e+01,-5.224885134325063518e-06
-2.605000000000000024e-02,2.028572000000000042e+00,1.459494261435917295e+01,1.459791989960078240e+01,-2.977285241609450850e-03,1.459494802602838348e+01,-5.411669210531044882e-06
-2.599999999999999881e-02,2.044901999999999997e+00,1.461127261435917291e+01,1.461423529724503290e+01,-2.962682885859990733e-03,1.461127792407047821e+01,-5.309711305301334505e-06
-2.595000000000000084e-02,2.061201000000000061e+00,1.462757161435917297e+01,1.463051934923771746e+01,-2.947734878544494563e-03,1.462757653288356963e+01,-4.918524396657630859e-06
-2.589999999999999941e-02,2.077468000000000092e+00,1.464383861435917211e+01,1.464677205557883966e+01,-2.933441219667543010e-03,1.464384385198158256e+01,-5.237622410447784205e-06
-2.585000000000000145e-02,2.093703999999999787e+00,1.466007461435917136e+01,1.466299341626839770e+01,-2.918801909226331759e-03,1.466007988087935843e+01,-5.266520187063861158e-06
-2.580000000000000002e-02,2.109909000000000034e+00,1.467627961435917250e+01,1.467918343130639336e+01,-2.903816947220860811e-03,1.467628461909269610e+01,-5.004733523605864320e-06
-2.574999999999999858e-02,2.126081999999999805e+00,1.469245261435917271e+01,1.469534210069282665e+01,-2.889486333653934480e-03,1.469245806613831462e+01,-5.451779141907309167e-06
-2.570000000000000062e-02,2.142224999999999824e+00,1.470859561435917229e+01,1.471146942442769401e+01,-2.873810068521720495e-03,1.470860022153387092e+01,-4.607174698634253218e-06
-2.564999999999999919e-02,2.158335000000000115e+00,1.472470561435917347e+01,1.472756540251099899e+01,-2.859788151825526370e-03,1.472471108479796342e+01,-5.470438789956233450e-06
-2.560000000000000123e-02,2.174415000000000209e+00,1.474078561435917223e+01,1.474363003494273983e+01,-2.844420583567597305e-03,1.474079065545012135e+01,-5.041090949120530240e-06
-2.554999999999999979e-02,2.190462999999999827e+00,1.475683361435917185e+01,1.475966332172291828e+01,-2.829707363746436499e-03,1.475683893301081184e+01,-5.318651639996119229e-06
-2.549999999999999836e-02,2.206479999999999997e+00,1.477285061435917157e+01,1.477566526285153437e+01,-2.814648492362792354e-03,1.477285591700143996e+01,-5.302642268389945457e-06
-2.545000000000000040e-02,2.222465999999999831e+00,1.478883661435917318e+01,1.479163585832858629e+01,-2.799243969413112154e-03,1.478884160694433803e+01,-4.992585164842466838e-06
-2.539999999999999897e-02,2.238420000000000076e+00,1.480479061435917210e+01,1.480757510815407585e+01,-2.784493794903752928e-03,1.480479600236278159e+01,-5.388003609496649915e-06
-2.535000000000000100e-02,2.254342999999999986e+00,1.482071361435917289e+01,1.482348301232799948e+01,-2.769397968826581291e-03,1.482071910278098059e+01,-5.488421807697818622e-06
-2.529999999999999957e-02,2.270235000000000003e+00,1.483660561435917202e+01,1.483935957085036073e+01,-2.753956491188702671e-03,1.483661090772407931e+01,-5.293364907288378163e-06
-2.525000000000000161e-02,2.286096000000000128e+00,1.485246661435917304e+01,1.485520478372115782e+01,-2.738169361984787997e-03,1.485247141671815996e+01,-4.802358986921717587e-06
-2.520000000000000018e-02,2.301925000000000221e+00,1.486829561435917313e+01,1.487101865094039432e+01,-2.723036581221194297e-03,1.486830062929023555e+01,-5.014931062419236696e-06
-2.514999999999999875e-02,2.317722999999999978e+00,1.488409361435917333e+01,1.488680117250806489e+01,-2.707558148891564542e-03,1.488409854496826235e+01,-4.930609089015547397e-06
-2.510000000000000078e-02,2.333489000000000146e+00,1.489985961435917261e+01,1.490255234842417309e+01,-2.692734065000479404e-03,1.489986516328112209e+01,-5.548921949483087701e-06
-2.504999999999999935e-02,2.349225000000000119e+00,1.491559561435917303e+01,1.491827217868871891e+01,-2.676564329545882970e-03,1.491560048375864334e+01,-4.869399470308621858e-06
-2.500000000000000139e-02,2.364929000000000059e+00,1.493129961435917252e+01,1.493396066330169880e+01,-2.661048942526278438e-03,1.493130450593158187e+01,-4.891572409349009831e-06
-2.494999999999999996e-02,2.380602000000000107e+00,1.494697261435917213e+01,1.494961780226311809e+01,-2.645187903945966923e-03,1.494697722933163320e+01,-4.614972461070010468e-06
-2.489999999999999852e-02,2.396243000000000123e+00,1.496261361435917259e+01,1.496524359557297323e+01,-2.629981213800647311e-03,1.496261865349142717e+01,-5.039132254580636072e-06
-2.485000000000000056e-02,2.411852999999999803e+00,1.497822361435917315e+01,1.498083804323126422e+01,-2.614428872091068001e-03,1.497822877794452978e+01,-5.163585356626754219e-06
-2.479999999999999913e-02,2.427432000000000034e+00,1.499380261435917205e+01,1.499640114523799284e+01,-2.598530878820781709e-03,1.499380760222544318e+01,-4.987866271122243234e-06
-2.475000000000000117e-02,2.442978999999999790e+00,1.500934961435917181e+01,1.501193290159315552e+01,-2.583287233983710962e-03,1.500935512586960385e+01,-5.511510432043564833e-06
-2.469999999999999973e-02,2.458495999999999793e+00,1.502486661435917270e+01,1.502743331229675761e+01,-2.566697937584905276e-03,1.502487134841338623e+01,-4.734054213528793298e-06
-2.464999999999999830e-02,2.473981000000000208e+00,1.504035161435917267e+01,1.504290237734879554e+01,-2.550762989622867849e-03,1.504035626939409909e+01,-4.655034926415169139e-06
-2.460000000000000034e-02,2.489434000000000147e+00,1.505580461435917172e+01,1.505834009674927110e+01,-2.535482390099375039e-03,1.505580988834998379e+01,-5.273990812071360779e-06
-2.454999999999999891e-02,2.504856000000000193e+00,1.507122661435917266e+01,1.507374647049818250e+01,-2.519856139009846174e-03,1.507123220482022141e+01,-5.590461048754491458e-06
-2.450000000000000094e-02,2.520246999999999904e+00,1.508661761435917192e+01,1.508912149859552798e+01,-2.503884236356057613e-03,1.508662321834492914e+01,-5.603985757218765684e-06
-2.444999999999999951e-02,2.535607000000000166e+00,1.510197761435917307e+01,1.510446518104131464e+01,-2.487566682141562069e-03,1.510198292846515855e+01,-5.314105985476658134e-06
-2.440000000000000155e-02,2.550936000000000092e+00,1.511730661435917256e+01,1.511977751783553536e+01,-2.470903476362806828e-03,1.511731133472289379e+01,-4.720363721233411525e-06
-2.435000000000000012e-02,2.566232999999999986e+00,1.513260361435917289e+01,1.513505850897819371e+01,-2.454894619020819846e-03,1.513260843666106048e+01,-4.822301887585922486e-06
-2.429999999999999868e-02,2.581497999999999848e+00,1.514786861435917231e+01,1.515030815446928791e+01,-2.439540110115601124e-03,1.514787423382351683e+01,-5.619464344519542465e-06
-2.425000000000000072e-02,2.596732999999999958e+00,1.516310361435917287e+01,1.516552645430881796e+01,-2.422839949645094748e-03,1.516310872575505364e+01,-5.111395880774693978e-06
-2.419999999999999929e-02,2.611936000000000035e+00,1.517830661435917250e+01,1.518071340849678563e+01,-2.406794137613132989e-03,1.517831191200140495e+01,-5.297642232449106814e-06
-2.415000000000000133e-02,2.627108000000000221e+00,1.519347861435917224e+01,1.519586901703318915e+01,-2.390402674016911533e-03,1.519348379210923383e+01,-5.177750061591268604e-06
-2.409999999999999989e-02,2.642249000000000070e+00,1.520861961435917209e+01,1.521099327991803207e+01,-2.373665558859983093e-03,1.520862436562614128e+01,-4.751266969194034573e-06
-2.404999999999999846e-02,2.657357999999999887e+00,1.522372861435917279e+01,1.522608619715130907e+01,-2.357582792136270200e-03,1.522373363210066444e+01,-5.017741491641913854e-06
-2.400000000000000050e-02,2.672435999999999812e+00,1.523880661435917183e+01,1.524114776873302368e+01,-2.341154373851850323e-03,1.523881159108227479e+01,-4.976723102956270850e-06
-2.394999999999999907e-02,2.687482000000000149e+00,1.525385261435917172e+01,1.525617799466317415e+01,-2.325380304002422349e-03,1.525385824212138353e+01,-5.627762211801723424e-06
-2.390000000000000110e-02,2.702497999999999845e+00,1.526886861435917275e+01,1.527117687494176046e+01,-2.308260582587706722e-03,1.526887358476933088e+01,-4.970410158122717803e-06
-2.384999999999999967e-02,2.717481999999999953e+00,1.528385261435917286e+01,1.528614440956878617e+01,-2.291795209613312068e-03,1.528385761857839853e+01,-5.004219225668293802e-06
-2.380000000000000171e-02,2.732435000000000169e+00,1.529880561435917308e+01,1.530108059854424596e+01,-2.274984185072881360e-03,1.529881034310179899e+01,-4.728742625914605924e-06
-2.375000000000000028e-02,2.747355999999999909e+00,1.531372661435917237e+01,1.531598544186814337e+01,-2.258827508970995268e-03,1.531373175789368624e+01,-5.143534513862846325e-06
-2.369999999999999885e-02,2.762246000000000201e+00,1.532861661435917355e+01,1.533085893954047840e+01,-2.242325181304849480e-03,1.532862186250914505e+01,-5.248149971492921395e-06
-2.365000000000000088e-02,2.777105000000000157e+00,1.534347561435917306e+01,1.534570109156124929e+01,-2.225477202076220351e-03,1.534348065650419812e+01,-5.042145025058175634e-06
-2.359999999999999945e-02,2.791932000000000080e+00,1.535830261435917166e+01,1.536051189793045602e+01,-2.209283571284359482e-03,1.535830813943580253e+01,-5.525076630874536932e-06
-2.355000000000000149e-02,2.806728999999999807e+00,1.537309961435917316e+01,1.537529135864810037e+01,-2.191744288927210960e-03,1.537310431086185325e+01,-4.696502680090475224e-06
-2.350000000000000006e-02,2.821492999999999807e+00,1.538786361435917271e+01,1.539003947371418057e+01,-2.175859355007858653e-03,1.538786917034117963e+01,-5.555982006910653581e-06
-2.344999999999999862e-02,2.836227000000000054e+00,1.540259761435917341e+01,1.540475624312869840e+01,-2.158628769524995050e-03,1.540260271743354359e+01,-5.103074370182980601e-06
-2.340000000000000066e-02,2.850928999999999824e+00,1.541729961435917318e+01,1.541944166689165208e+01,-2.142052532478899707e-03,1.541730495169964676e+01,-5.337340473587914857e-06
-2.334999999999999923e-02,2.865600000000000147e+00,1.543197061435917306e+01,1.543409574500304338e+01,-2.125130643870321023e-03,1.543197587270112692e+01,-5.258341953862100127e-06
-2.330000000000000127e-02,2.880240000000000133e+00,1.544661061435917304e+01,1.544871847746286875e+01,-2.107863103695706286e-03,1.544661548000055618e+01,-4.865641383133834097e-06
-2.324999999999999983e-02,2.894848000000000088e+00,1.546121861435917211e+01,1.546330986427113352e+01,-2.091249911961412522e-03,1.546122377316144103e+01,-5.158802268923068368e-06
-2.319999999999999840e-02,2.909425000000000150e+00,1.547579561435917306e+01,1.547786990542783414e+01,-2.074291068661082704e-03,1.547580075174822412e+01,-5.137389051057539291e-06
-2.315000000000000044e-02,2.923970999999999876e+00,1.549034161435917234e+01,1.549239860093297239e+01,-2.056986573800045903e-03,1.549034641532628598e+01,-4.800967113638421324e-06
-2.309999999999999901e-02,2.938485000000000014e+00,1.550485561435917248e+01,1.550689595078654470e+01,-2.040336427372224648e-03,1.550486076346194153e+01,-5.149102769053115480e-06
-2.305000000000000104e-02,2.952967999999999815e+00,1.551933861435917272e+01,1.552136195498855464e+01,-2.023340629381920053e-03,1.551934379572243650e+01,-5.181363263773164363e-06
-2.299999999999999961e-02,2.967420000000000169e+00,1.553379061435917308e+01,1.553579661353900221e+01,-2.005999179829132117e-03,1.553379551167596162e+01,-4.897316788543548682e-06
-2.295000000000000165e-02,2.981840000000000046e+00,1.554821061435917251e+01,1.555019992643788562e+01,-1.989312078713112442e-03,1.554821591089163846e+01,-5.296532465948189383e-06
-2.290000000000000022e-02,2.996229000000000031e+00,1.556259961435917205e+01,1.556457189368520666e+01,-1.972279326034609426e-03,1.556260499293952293e+01,-5.378580350878792160e-06
-2.284999999999999878e-02,3.010587000000000124e+00,1.557695761435917348e+01,1.557891251528096355e+01,-1.954900921790070356e-03,1.557696275739060709e+01,-5.143031433618716619e-06
-2.280000000000000082e-02,3.024913999999999881e+00,1.559128461435917146e+01,1.559322179122515806e+01,-1.937176865986600660e-03,1.559128920381682093e+01,-4.589457649473160927e-06
-2.274999999999999939e-02,3.039209000000000049e+00,1.560557961435917207e+01,1.560749972151778842e+01,-1.920107158616346510e-03,1.560558433179102877e+01,-4.717431856704479287e-06
-2.270000000000000143e-02,3.053472000000000186e+00,1.561984261435917176e+01,1.562174630615885462e+01,-1.903691799682860619e-03,1.561984814088702755e+01,-5.526527855792551236e-06
-2.264999999999999999e-02,3.067705000000000126e+00,1.563407561435917259e+01,1.563596154514835845e+01,-1.885930789185863432e-03,1.563408063067955922e+01,-5.016320386630468420e-06
-2.259999999999999856e-02,3.081906000000000034e+00,1.564827661435917250e+01,1.565014543848629813e+01,-1.868824127125634504e-03,1.564828180074429120e+01,-5.186385118705061359e-06
-2.255000000000000060e-02,3.096076000000000050e+00,1.566244661435917251e+01,1.566429798617267544e+01,-1.851371813502922237e-03,1.566245165065782885e+01,-5.036298656335702617e-06
-2.249999999999999917e-02,3.110215000000000174e+00,1.567658561435917264e+01,1.567841918820748859e+01,-1.833573848315950272e-03,1.567659017999771898e+01,-4.565638546338846027e-06
-2.245000000000000120e-02,3.124321999999999822e+00,1.569069261435917184e+01,1.569250904459073759e+01,-1.816430231565746567e-03,1.569069738834243743e+01,-4.773983265593528813e-06
-2.239999999999999977e-02,3.138398000000000021e+00,1.570476861435917293e+01,1.570656755532242599e+01,-1.798940963253059522e-03,1.570477327527139977e+01,-4.660912226839286632e-06
-2.234999999999999834e-02,-3.130742999999999832e+00,1.571881292153875975e+01,1.572059472040254846e+01,-1.781798863788708331e-03,1.571881784036495411e+01,-4.918826194355574444e-06
-2.230000000000000038e-02,-3.116730000000000000e+00,1.573282592153875825e+01,1.573459053983110856e+01,-1.764618292350306206e-03,1.573283108320438828e+01,-5.161665630026845974e-06
-2.224999999999999895e-02,-3.102748000000000062e+00,1.574680792153875863e+01,1.574855501360810450e+01,-1.747092069345868026e-03,1.574681300337191914e+01,-5.081833160502924329e-06
-2.220000000000000098e-02,-3.088797000000000015e+00,1.576075892153875913e+01,1.576248814173353807e+01,-1.729220194778946507e-03,1.576076360045070679e+01,-4.678911947664232684e-06
-2.214999999999999955e-02,-3.074878000000000000e+00,1.577467792153875870e+01,1.577638992420740927e+01,-1.712002668650569603e-03,1.577468287402484393e+01,-4.952486085230134449e-06
-2.210000000000000159e-02,-3.060989999999999878e+00,1.578856592153875837e+01,1.579026036102971453e+01,-1.694439490956156646e-03,1.578857082367935760e+01,-4.902140599227777784e-06
-2.205000000000000016e-02,-3.047133000000000091e+00,1.580242292153875816e+01,1.580409945220045742e+01,-1.676530661699260349e-03,1.580242744900021279e+01,-4.527461454628678439e-06
-2.199999999999999872e-02,-3.033307999999999893e+00,1.581624792153875880e+01,1.581790719771963794e+01,-1.659276180879132312e-03,1.581625274957430705e+01,-4.828035548243292396e-06
-2.195000000000000076e-02,-3.019514000000000031e+00,1.583004192153875778e+01,1.583168359758725430e+01,-1.641676048496520934e-03,1.583004672498947585e+01,-4.803450718071644587e-06
-2.189999999999999933e-02,-3.005751000000000062e+00,1.584380492153875863e+01,1.584542865180330828e+01,-1.623730264549649860e-03,1.584380937483449081e+01,-4.453295732176343336e-06
-2.185000000000000137e-02,-2.992020000000000124e+00,1.585753592153875857e+01,1.585914236036779812e+01,-1.606438829039547045e-03,1.585754069869905791e+01,-4.777160299340721394e-06
-2.179999999999999993e-02,-2.978320000000000078e+00,1.587123592153875862e+01,1.587282472328072380e+01,-1.588801741965184533e-03,1.587124069617382105e+01,-4.774635062432253108e-06
-2.174999999999999850e-02,-2.964650999999999925e+00,1.588490492153875877e+01,1.588647574054208711e+01,-1.570819003328338681e-03,1.588490936685035670e+01,-4.445311597933709891e-06
-2.170000000000000054e-02,-2.951013999999999804e+00,1.589854192153875800e+01,1.590009541215188626e+01,-1.553490613128261089e-03,1.589854671032117750e+01,-4.788782419495873910e-06
-2.164999999999999911e-02,-2.937408000000000019e+00,1.591214792153875912e+01,1.591368373811012304e+01,-1.535816571363923799e-03,1.591215272617973575e+01,-4.804640976630025762e-06
-2.160000000000000114e-02,-2.923833000000000126e+00,1.592572292153875857e+01,1.592724071841679567e+01,-1.517796878037103170e-03,1.592572741402041103e+01,-4.492481652462743114e-06
-2.154999999999999971e-02,-2.910289999999999822e+00,1.593926592153875887e+01,1.594076635307190593e+01,-1.500431533147050800e-03,1.593927077343852972e+01,-4.851899770841328063e-06
-2.149999999999999828e-02,-2.896777999999999853e+00,1.595277792153875929e+01,1.595426064207545203e+01,-1.482720536692738733e-03,1.595278280403034543e+01,-4.882491586144510620e-06
-2.145000000000000032e-02,-2.883297000000000221e+00,1.596625892153875803e+01,1.596772358542743397e+01,-1.464663888675943326e-03,1.596626350539304973e+01,-4.583854291695388383e-06
-2.139999999999999888e-02,-2.869848000000000177e+00,1.597970792153875763e+01,1.598115518312785532e+01,-1.447261589097692536e-03,1.597971287712477206e+01,-4.955586014432356023e-06
-2.135000000000000092e-02,-2.856430000000000025e+00,1.599312592153875912e+01,1.599455543517671074e+01,-1.429513637951629335e-03,1.599313091882457094e+01,-4.997285811825236124e-06
-2.129999999999999949e-02,-2.843043000000000209e+00,1.600651292153875715e+01,1.600792434157400379e+01,-1.411420035246635507e-03,1.600651763009245343e+01,-4.708553696275430411e-06
-2.125000000000000153e-02,-2.829687999999999981e+00,1.601986792153875783e+01,1.602126190231973268e+01,-1.393980780974857225e-03,1.601987301052934498e+01,-5.088990587154285095e-06
-2.120000000000000009e-02,-2.816364000000000090e+00,1.603319192153875861e+01,1.603456811741389743e+01,-1.376195875138819247e-03,1.603319705973712317e+01,-5.138198364562640563e-06
-2.114999999999999866e-02,-2.803071000000000090e+00,1.604648492153875949e+01,1.604784298685650157e+01,-1.358065317742074285e-03,1.604648977731859105e+01,-4.855779831558493242e-06
-2.110000000000000070e-02,-2.789808999999999983e+00,1.605974692153876049e+01,1.606108651064754156e+01,-1.339589108781069626e-03,1.605975116287748961e+01,-4.241338729116250761e-06
-2.104999999999999927e-02,-2.776578999999999908e+00,1.607297692153876056e+01,1.607429868878701740e+01,-1.321767248256833227e-03,1.607298121601849772e+01,-4.294479737154688337e-06
-2.100000000000000130e-02,-2.763380999999999865e+00,1.608617492153875972e+01,1.608747952127492908e+01,-1.304599736169365087e-03,1.608617993634722865e+01,-5.014808468928322327e-06
-2.094999999999999987e-02,-2.750213000000000019e+00,1.609934292153876001e+01,1.610062900811128017e+01,-1.286086572520162008e-03,1.609934732347023001e+01,-4.401931469999453839e-06
-2.089999999999999844e-02,-2.737077000000000204e+00,1.611247892153875938e+01,1.611374714929606711e+01,-1.268227757307727188e-03,1.611248337699498379e+01,-4.455456224405907051e-06
-2.085000000000000048e-02,-2.723971999999999838e+00,1.612558392153875886e+01,1.612683394482928634e+01,-1.250023290527479958e-03,1.612558809652991343e+01,-4.174991154570761864e-06
-2.079999999999999905e-02,-2.710898999999999948e+00,1.613865692153875742e+01,1.613988939471094852e+01,-1.232473172191106414e-03,1.613866148168437675e+01,-4.560145619336708478e-06
-2.075000000000000108e-02,-2.697856999999999950e+00,1.615169892153875963e+01,1.615291349894104300e+01,-1.214577402283367746e-03,1.615170353206865883e+01,-4.610529899196080805e-06
-2.069999999999999965e-02,-2.684845999999999844e+00,1.616470992153875841e+01,1.616590625751957333e+01,-1.196335980814922095e-03,1.616471424729399331e+01,-4.325755234901862423e-06
-2.065000000000000169e-02,-2.671867000000000214e+00,1.617768892153875981e+01,1.617886767044654306e+01,-1.178748907783244704e-03,1.617769362697253754e+01,-4.705433777729695066e-06
-2.060000000000000026e-02,-2.658919000000000032e+00,1.619063692153875778e+01,1.619179773772194864e+01,-1.160816183190860329e-03,1.619064167071739391e+01,-4.749178636132000975e-06
-2.054999999999999882e-02,-2.646002000000000187e+00,1.620355392153875940e+01,1.620469645934579361e+01,-1.142537807034216257e-03,1.620355837814259559e+01,-4.456603836189287904e-06
-2.050000000000000086e-02,-2.633116999999999930e+00,1.621643892153876010e+01,1.621756383531807089e+01,-1.124913779310787731e-03,1.621644374886311013e+01,-4.827324350031858557e-06
-2.044999999999999943e-02,-2.620263000000000009e+00,1.622929292153875735e+01,1.623039986563878756e+01,-1.106944100030204936e-03,1.622929778249484301e+01,-4.860956085650514069e-06
-2.040000000000000147e-02,-2.607439999999999980e+00,1.624211592153875827e+01,1.624320455030794008e+01,-1.088628769181809730e-03,1.624212047865463759e+01,-4.557115879322282126e-06
-2.035000000000000003e-02,-2.594648999999999983e+00,1.625490692153875827e+01,1.625597788932552845e+01,-1.070967786770182784e-03,1.625491183696027164e+01,-4.915421513373985363e-06
-2.029999999999999860e-02,-2.581888999999999879e+00,1.626766692153875837e+01,1.626871988269155622e+01,-1.052961152797848854e-03,1.626767185703045726e+01,-4.935491698887517487e-06
-2.025000000000000064e-02,-2.569160000000000110e+00,1.628039592153875859e+01,1.628143053040601629e+01,-1.034608867257702514e-03,1.628040053848483737e+01,-4.616946078783712437e-06
-2.019999999999999921e-02,-2.556461999999999790e+00,1.629309392153875891e+01,1.629410983246891576e+01,-1.015910930156849190e-03,1.629309788094400346e+01,-3.959405244557956394e-06
-2.015000000000000124e-02,-2.543795999999999946e+00,1.630575992153875831e+01,1.630675778888025107e+01,-9.978673414927641261e-04,1.630576388402947074e+01,-3.962490712439148410e-06
-2.009999999999999981e-02,-2.531162000000000134e+00,1.631839392153875679e+01,1.631937439964002223e+01,-9.804781012654473216e-04,1.631839854736369233e+01,-4.625824935544642358e-06
-2.004999999999999838e-02,-2.518558000000000074e+00,1.633099792153875995e+01,1.633195966474823280e+01,-9.617432094728428638e-04,1.633100187057006636e+01,-3.949031306405004216e-06
-2.000000000000000042e-02,-2.505986000000000047e+00,1.634356992153875865e+01,1.634451358420487566e+01,-9.436626661170066654e-04,1.634357385327291112e+01,-3.931734152473609356e-06
-1.994999999999999898e-02,-2.493446000000000051e+00,1.635610992153875998e+01,1.635703615800995792e+01,-9.262364711979387266e-04,1.635611449509749349e+01,-4.573558733511617902e-06
-1.990000000000000102e-02,-2.480935999999999808e+00,1.636861992153875889e+01,1.636952738616347602e+01,-9.074646247171358482e-04,1.636862379567001113e+01,-3.874131252246115764e-06
-1.984999999999999959e-02,-2.468458000000000041e+00,1.638109792153876043e+01,1.638198726866543353e+01,-8.893471266731012292e-04,1.638110175461759610e+01,-3.833078835668857209e-06
-1.980000000000000163e-02,-2.456011999999999862e+00,1.639354392153875750e+01,1.639441580551582334e+01,-8.718839770658348698e-04,1.639354837156832190e+01,-4.450029564395663328e-06
-1.975000000000000019e-02,-2.443597000000000019e+00,1.640595892153875823e+01,1.640681299671465254e+01,-8.540751758943088134e-04,1.640596364615118574e+01,-4.724612427509100598e-06
-1.969999999999999876e-02,-2.431213000000000068e+00,1.641834292153875907e+01,1.641917884226192115e+01,-8.359207231620757739e-04,1.641834757799613698e+01,-4.656457377905098838e-06
-1.965000000000000080e-02,-2.418860000000000010e+00,1.643069592153876002e+01,1.643151334215762205e+01,-8.174206188620303237e-04,1.643070016673404510e+01,-4.245195285079716996e-06
-1.959999999999999937e-02,-2.406538999999999984e+00,1.644301692153876004e+01,1.644381649640175880e+01,-7.995748629987531331e-04,1.644302141199672462e+01,-4.490457964578808969e-06
-1.955000000000000140e-02,-2.394248999999999850e+00,1.645530692153876018e+01,1.645608830499433495e+01,-7.813834555747689592e-04,1.645531131341692088e+01,-4.391878160703299727e-06
-1.949999999999999997e-02,-2.381990000000000052e+00,1.646756592153875687e+01,1.646832876793534695e+01,-7.628463965900778021e-04,1.646756987062832422e+01,-3.949089567356622865e-06
-1.944999999999999854e-02,-2.369762999999999842e+00,1.647979292153875974e+01,1.648053788522479479e+01,-7.449636860350494771e-04,1.647979708326554515e+01,-4.161726785412156460e-06
-1.940000000000000058e-02,-2.357566999999999968e+00,1.649198892153875917e+01,1.649271565686267849e+01,-7.267353239193141690e-04,1.649199295096414275e+01,-4.029425383578200126e-06
-1.934999999999999915e-02,-2.345403000000000127e+00,1.650415292153875768e+01,1.650486208284900158e+01,-7.091613102438998339e-04,1.650415747336060690e+01,-4.551821849219095384e-06
-1.930000000000000118e-02,-2.333269000000000037e+00,1.651628692153875733e+01,1.651697716318376052e+01,-6.902416450031978457e-04,1.651629065009236541e+01,-3.728553608084439475e-06
-1.924999999999999975e-02,-2.321168000000000120e+00,1.652838792153875858e+01,1.652906089786695532e+01,-6.729763281967393596e-04,1.652839248079777690e+01,-4.559259018321881740e-06
-1.919999999999999832e-02,-2.309096999999999955e+00,1.654045892153875741e+01,1.654111328689858595e+01,-6.543653598285459339e-04,1.654046296511613789e+01,-4.043577380485885442e-06
-1.915000000000000036e-02,-2.297057999999999822e+00,1.655249792153875887e+01,1.655313433027865599e+01,-6.364087398971207676e-04,1.655250210268768640e+01,-4.181148927528965942e-06
-1.909999999999999892e-02,-2.285050000000000026e+00,1.656450592153876045e+01,1.656512402800716188e+01,-6.181064684014359045e-04,1.656450989315358413e+01,-3.971614823683466966e-06
-1.905000000000000096e-02,-2.273073999999999817e+00,1.657648192153875755e+01,1.657708238008410362e+01,-6.004585453460720146e-04,1.657648633615594491e+01,-4.414617187364910933e-06
-1.899999999999999953e-02,-2.261127999999999805e+00,1.658842792153875934e+01,1.658900938650948120e+01,-5.814649707218677577e-04,1.658843143133779918e+01,-3.509799039846939195e-06
-1.895000000000000157e-02,-2.249214999999999964e+00,1.660034092153875918e+01,1.660090504728329464e+01,-5.641257445354597166e-04,1.660034517834312595e+01,-4.256804366775668313e-06
-1.890000000000000013e-02,-2.237331999999999876e+00,1.661222392153876015e+01,1.661276936240554747e+01,-5.454408667873167360e-04,1.661222757681684215e+01,-3.655278081993174055e-06
-1.884999999999999870e-02,-2.225480999999999820e+00,1.662407492153876021e+01,1.662460233187623615e+01,-5.274103374759420149e-04,1.662407862640478839e+01,-3.704866028186870608e-06
-1.880000000000000074e-02,-2.213661000000000101e+00,1.663589492153875682e+01,1.663640395569536068e+01,-5.090341566038603105e-04,1.663589832675375035e+01,-3.405214993534855239e-06
-1.874999999999999931e-02,-2.201872999999999969e+00,1.664768292153875962e+01,1.664817423386292106e+01,-4.913123241614414383e-04,1.664768667751144449e+01,-3.755972684871267120e-06
-1.870000000000000134e-02,-2.190116000000000174e+00,1.665943992153875897e+01,1.665991316637892083e+01,-4.732448401618682965e-04,1.665944367832652517e+01,-3.756787766207025925e-06
-1.864999999999999991e-02,-2.178389999999999826e+00,1.667116592153875843e+01,1.667162075324335291e+01,-4.548317045944827441e-04,1.667116932884858471e+01,-3.407309826286564203e-06
-1.859999999999999848e-02,-2.166695999999999955e+00,1.668285992153875696e+01,1.668329699445622794e+01,-4.370729174709708786e-04,1.668286362872814621e+01,-3.707189389245968414e-06
-1.855000000000000052e-02,-2.155032999999999976e+00,1.669452292153875916e+01,1.669494189001753170e+01,-4.189684787725411752e-04,1.669452657761667425e+01,-3.656077915081823448e-06
-1.849999999999999908e-02,-2.143400999999999890e+00,1.670615492153875792e+01,1.670655543992727843e+01,-4.005183885205099159e-04,1.670615817516656065e+01,-3.253627802735081787e-06
-1.845000000000000112e-02,-2.131800999999999835e+00,1.671775492153875931e+01,1.671813764418546100e+01,-3.827226467016942024e-04,1.671775842103113874e+01,-3.499492379432922462e-06
-1.839999999999999969e-02,-2.120232000000000117e+00,1.672932392153875725e+01,1.672968850279207942e+01,-3.645812533221715057e-04,1.672932731486468327e+01,-3.393325926026591333e-06
-1.835000000000000173e-02,-2.108694999999999986e+00,1.674086092153875782e+01,1.674120801574713369e+01,-3.470942083758643548e-04,1.674086485632238919e+01,-3.934783631365235124e-06
-1.830000000000000029e-02,-2.097189000000000192e+00,1.675236692153875850e+01,1.675269618305062380e+01,-3.292615118652975070e-04,1.675237104506039998e+01,-4.123521641474781063e-06
-1.824999999999999886e-02,-2.085713999999999846e+00,1.676384192153875929e+01,1.676415300470254977e+01,-3.110831637904709623e-04,1.676384588073579351e+01,-3.959197034220096612e-06
-1.820000000000000090e-02,-2.074269999999999836e+00,1.677528592153876019e+01,1.677557848070291513e+01,-2.925591641549374344e-04,1.677528936300657847e+01,-3.441467818277033075e-06
-1.814999999999999947e-02,-2.062857999999999858e+00,1.678669792153876017e+01,1.678697261105171634e+01,-2.746895129561721660e-04,1.678670149153170144e+01,-3.569992941265809350e-06
-1.810000000000000150e-02,-2.051477000000000217e+00,1.679807892153876026e+01,1.679833539574895340e+01,-2.564742101931472007e-04,1.679808226597103982e+01,-3.344432279561715404e-06
-1.805000000000000007e-02,-2.040128000000000164e+00,1.680942792153875942e+01,1.680966683479462986e+01,-2.389132558704432086e-04,1.680943168598542314e+01,-3.764446663723219899e-06
-1.799999999999999864e-02,-2.028810000000000002e+00,1.682074592153875869e+01,1.682096692818873862e+01,-2.210066499799268058e-04,1.682074975123659399e+01,-3.829697835300294173e-06
-1.795000000000000068e-02,-2.017523000000000177e+00,1.683203292153875807e+01,1.683223567593128678e+01,-2.027543925287034199e-04,1.683203646138724352e+01,-3.539848485445418191e-06
-1.789999999999999925e-02,-2.006267999999999940e+00,1.684328792153876009e+01,1.684347307802227078e+01,-1.851564835106955798e-04,1.684329181610100434e+01,-3.894562244255439509e-06
-1.785000000000000128e-02,-1.995044000000000040e+00,1.685451192153875866e+01,1.685467913446169419e+01,-1.672129229355334701e-04,1.685451581504242569e+01,-3.893503667029563076e-06
-1.779999999999999985e-02,-1.983851000000000031e+00,1.686570492153875733e+01,1.686585384524954989e+01,-1.489237107925589498e-04,1.686570845787701600e+01,-3.536338258669502466e-06
-1.774999999999999842e-02,-1.972690000000000055e+00,1.687686592153875864e+01,1.687699721038584499e+01,-1.312888470863526891e-04,1.687686974427119679e+01,-3.822732438152343093e-06
-1.770000000000000046e-02,-1.961559999999999970e+00,1.688799592153876006e+01,1.688810922987057594e+01,-1.133083318158867314e-04,1.688799967389234169e+01,-3.752353581631950874e-06
-1.764999999999999902e-02,-1.950461000000000000e+00,1.689909492153875803e+01,1.689918990370374274e+01,-9.498216498471379055e-05,1.689909824640875513e+01,-3.324869997101131958e-06
-1.760000000000000106e-02,-1.939394000000000062e+00,1.691016192153875863e+01,1.691023923188534894e+01,-7.731034659030910916e-05,1.691016546148966881e+01,-3.539950910180778010e-06
-1.754999999999999963e-02,-1.928358000000000017e+00,1.692119792153875935e+01,1.692125721441538744e+01,-5.929287662809201720e-05,1.692120131880526657e+01,-3.397266507221274878e-06
-1.750000000000000167e-02,-1.917353000000000085e+00,1.693220292153876017e+01,1.693224385129386533e+01,-4.092975510516794202e-05,1.693220581802665237e+01,-2.896487892201093928e-06
-1.745000000000000023e-02,-1.906379999999999963e+00,1.694317592153876006e+01,1.694319914252077908e+01,-2.322098201901212633e-05,1.694317895882587166e+01,-3.037287111595787792e-06
-1.739999999999999880e-02,-1.895437999999999956e+00,1.695411792153876007e+01,1.695412308809613222e+01,-5.166557372149327421e-06,1.695412074087591137e+01,-2.819337151294121213e-06
-1.735000000000000084e-02,-1.884527999999999981e+00,1.696502792153875916e+01,1.696501568801991766e+01,1.223351884149792568e-05,1.696503116385068566e+01,-3.242311926499041874e-06
-1.729999999999999941e-02,-1.873648999999999898e+00,1.697590692153875835e+01,1.697587694229214250e+01,2.997924661585216199e-05,1.697591022742505018e+01,-3.305886291826709567e-06
-1.725000000000000144e-02,-1.862800999999999929e+00,1.698675492153875766e+01,1.698670685091280319e+01,4.807062595446609521e-05,1.698675793127479139e+01,-3.009736033732224314e-06
-1.720000000000000001e-02,-1.851984999999999992e+00,1.699757092153875959e+01,1.699750541388189973e+01,6.550765685986448261e-05,1.699757427507663365e+01,-3.353537874062340052e-06
-1.714999999999999858e-02,-1.841199999999999948e+00,1.700835592153875808e+01,1.700827263119943566e+01,8.329033932241713956e-05,1.700835925850823571e+01,-3.336969477629736502e-06
-1.710000000000000062e-02,-1.830446000000000017e+00,1.701910992153876023e+01,1.701900850286540390e+01,1.014186733563349208e-04,1.701911288124819777e+01,-2.959709437533319942e-06
-1.704999999999999918e-02,-1.819723999999999897e+00,1.702983192153875791e+01,1.702971302887981153e+01,1.188926589463790151e-04,1.702983514297604728e+01,-3.221437289369077916e-06
-1.700000000000000122e-02,-1.809032999999999891e+00,1.704052292153875925e+01,1.704038620924265501e+01,1.367122961042355200e-04,1.704052604337225318e+01,-3.121833493935355364e-06
-1.694999999999999979e-02,-1.798372999999999999e+00,1.705118292153875714e+01,1.705102804395393790e+01,1.548775848192462945e-04,1.705118558211821878e+01,-2.660579461633005849e-06
-1.689999999999999836e-02,-1.787744999999999918e+00,1.706181092153875767e+01,1.706163853301365307e+01,1.723885251045942368e-04,1.706181375889628171e+01,-2.837357524043682133e-06
-1.685000000000000039e-02,-1.777147999999999950e+00,1.707240792153875830e+01,1.707221767642180765e+01,1.902451169506491624e-04,1.707241057338971757e+01,-2.651850959267676444e-06
-1.679999999999999896e-02,-1.766583000000000014e+00,1.708297292153875802e+01,1.708276547417839808e+01,2.074473603599358285e-04,1.708297602528273273e+01,-3.103743974719463949e-06
-1.675000000000000100e-02,-1.756048999999999971e+00,1.709350692153875784e+01,1.709328192628342435e+01,2.249952553334821914e-04,1.709351011426047506e+01,-3.192721717226731926e-06
-1.669999999999999957e-02,-1.745546000000000042e+00,1.710400992153875777e+01,1.710376703273689003e+01,2.428888018677355376e-04,1.710401284000902677e+01,-2.918470269008821560e-06
-1.665000000000000160e-02,-1.735074999999999923e+00,1.711448092153876033e+01,1.711422079353878800e+01,2.601279999723260516e-04,1.711448420221540445e+01,-3.280676644124014274e-06
-1.660000000000000017e-02,-1.724634000000000000e+00,1.712492192153875692e+01,1.712464320868912537e+01,2.787128496315460779e-04,1.712492420056755904e+01,-2.279028802121274566e-06
-1.654999999999999874e-02,-1.714226000000000028e+00,1.713532992153875867e+01,1.713503427818789859e+01,2.956433508600753157e-04,1.713533283475437941e+01,-2.913215620736764322e-06
-1.650000000000000078e-02,-1.703848999999999947e+00,1.714570692153876053e+01,1.714539400203511121e+01,3.129195036493115367e-04,1.714571010446568877e+01,-3.182926928246843090e-06
-1.644999999999999934e-02,-1.693502999999999981e+00,1.715605292153875894e+01,1.715572238023075613e+01,3.305413080028074546e-04,1.715605600939224828e+01,-3.087853489347480718e-06
-1.640000000000000138e-02,-1.683187999999999906e+00,1.716636792153875746e+01,1.716601941277484045e+01,3.485087639170103557e-04,1.716637054922575345e+01,-2.627686995992917218e-06
-1.634999999999999995e-02,-1.672905000000000086e+00,1.717665092153875861e+01,1.717628509966736061e+01,3.658218713979977110e-04,1.717665372365883414e+01,-2.802120075529046517e-06
-1.629999999999999852e-02,-1.662652999999999937e+00,1.718690292153875987e+01,1.718651944090831662e+01,3.834806304432447632e-04,1.718690553238505458e+01,-2.610846294714974647e-06
-1.625000000000000056e-02,-1.652431999999999901e+00,1.719712392153875768e+01,1.719672243649771204e+01,4.014850410456460850e-04,1.719712597509892404e+01,-2.053560166359602590e-06
-1.619999999999999912e-02,-1.642242999999999897e+00,1.720731292153875813e+01,1.720689408643553975e+01,4.188351032183845746e-04,1.720731505149587193e+01,-2.129957113794489487e-06
-1.615000000000000116e-02,-1.632085999999999926e+00,1.721746992153875766e+01,1.721703439072180686e+01,4.355308169508020910e-04,1.721747276127227977e+01,-2.839733522108645047e-06
-1.609999999999999973e-02,-1.621958999999999929e+00,1.722759692153875832e+01,1.722714334935650982e+01,4.535721822485072607e-04,1.722759910412545281e+01,-2.182586694488009016e-06
-1.604999999999999830e-02,-1.611863999999999963e+00,1.723769192153875807e+01,1.723722096233965217e+01,4.709591991058914573e-04,1.723769407975363421e+01,-2.158214876146757888e-06
-1.600000000000000033e-02,-1.601801000000000030e+00,1.724775492153875689e+01,1.724726722967122683e+01,4.876918675300601080e-04,1.724775768785600860e+01,-2.766317251712280267e-06
-1.594999999999999890e-02,-1.591768000000000072e+00,1.725778792153875685e+01,1.725728215135124088e+01,5.057701875159636984e-04,1.725778992813268786e+01,-2.006593931014322152e-06
-1.590000000000000094e-02,-1.581766999999999923e+00,1.726778892153875944e+01,1.726726572737969079e+01,5.231941590686517429e-04,1.726779080028472890e+01,-1.878745969463579968e-06
-1.584999999999999951e-02,-1.571798000000000028e+00,1.727775792153875756e+01,1.727721795775657654e+01,5.399637821810188143e-04,1.727776030401411944e+01,-2.382475361883962250e-06
-1.580000000000000154e-02,-1.561860000000000026e+00,1.728769592153875934e+01,1.728713884248190169e+01,5.570790568576455826e-04,1.728769843902377801e+01,-2.517485018671550279e-06
-1.575000000000000011e-02,-1.551952999999999916e+00,1.729760292153875767e+01,1.729702838155565914e+01,5.745399830985320477e-04,1.729760520501756815e+01,-2.283478810483074994e-06
-1.569999999999999868e-02,-1.542078000000000060e+00,1.730747792153875864e+01,1.730688657497785599e+01,5.913465609026502534e-04,1.730748060170028069e+01,-2.680161522050639178e-06
-1.565000000000000072e-02,-1.532232999999999956e+00,1.731732292153875719e+01,1.731671342274848868e+01,6.094987902685033987e-04,1.731732462877764789e+01,-1.707238890702456047e-06
-1.559999999999999928e-02,-1.522421000000000024e+00,1.732713492153875734e+01,1.732650892486756078e+01,6.259966711965603281e-04,1.732713728595633995e+01,-2.364417582612077240e-06
-1.554999999999999959e-02,-1.512639000000000067e+00,1.733691692153875863e+01,1.733627308133506517e+01,6.438402036934576245e-04,1.733691857294395433e+01,-1.651405195701727280e-06
-1.549999999999999989e-02,-1.502890000000000059e+00,1.734666592153875797e+01,1.734600589215100896e+01,6.600293877490059913e-04,1.734666848944902640e+01,-2.567910268425066533e-06
-1.545000000000000019e-02,-1.493171000000000026e+00,1.735638492153875845e+01,1.735570735731538861e+01,6.775642233698420114e-04,1.735638703518103299e+01,-2.113642274537141930e-06
-1.540000000000000049e-02,-1.483484000000000025e+00,1.736607192153875800e+01,1.736537747682820410e+01,6.944447105539097720e-04,1.736607420985038175e+01,-2.288311623743766177e-06
-1.535000000000000080e-02,-1.473827999999999916e+00,1.737572792153875767e+01,1.737501625068945899e+01,7.116708492986845158e-04,1.737573001316841825e+01,-2.091629660583294026e-06
-1.529999999999999936e-02,-1.464202999999999921e+00,1.738535292153875744e+01,1.738462367889914972e+01,7.292426396077189565e-04,1.738535444484742243e+01,-1.523308664985734140e-06
-1.524999999999999967e-02,-1.454609999999999959e+00,1.739494592153875985e+01,1.739419976145727276e+01,7.461600814870905651e-04,1.739494750460060857e+01,-1.583061848720035414e-06
-1.519999999999999997e-02,-1.445049000000000028e+00,1.740450692153875778e+01,1.740374449836383874e+01,7.624231749190357732e-04,1.740450919214212888e+01,-2.270603371101742596e-06
-1.515000000000000027e-02,-1.435518000000000072e+00,1.741403792153875685e+01,1.741325788961883703e+01,7.800319199198213482e-04,1.741403950718706994e+01,-1.585648313096044149e-06
-1.510000000000000057e-02,-1.426018999999999926e+00,1.742353692153875855e+01,1.742273993522227471e+01,7.969863164838386638e-04,1.742353844945145624e+01,-1.527912697696365285e-06
-1.504999999999999914e-02,-1.416552000000000033e+00,1.743300392153875933e+01,1.743219063517414469e+01,8.132863646146404335e-04,1.743300601865224664e+01,-2.097113487309343327e-06
-1.499999999999999944e-02,-1.407116000000000033e+00,1.744243992153876022e+01,1.744160998947445407e+01,8.299320643061491865e-04,1.744244221450733079e+01,-2.292968570571929376e-06
-1.494999999999999975e-02,-1.397710999999999926e+00,1.745184492153875766e+01,1.745099799812320285e+01,8.469234155548122089e-04,1.745184703673554338e+01,-2.115196785723583162e-06
-1.490000000000000005e-02,-1.388336999999999932e+00,1.746121892153875876e+01,1.746035466112038392e+01,8.642604183748403557e-04,1.746122048505664992e+01,-1.563517891156607220e-06
-1.485000000000000035e-02,-1.378994999999999971e+00,1.747056092153875895e+01,1.746967997846600440e+01,8.809430727545475293e-04,1.747056255919135026e+01,-1.637652591313099038e-06
-1.480000000000000066e-02,-1.369683999999999902e+00,1.747987192153875924e+01,1.747897395016006072e+01,8.979713786985143997e-04,1.747987325886128218e+01,-1.337322522942940850e-06
-1.474999999999999922e-02,-1.360405000000000086e+00,1.748915092153875861e+01,1.748823657620255290e+01,9.143453362057130107e-04,1.748915258378901427e+01,-1.662250255662911513e-06
-1.469999999999999953e-02,-1.351156999999999941e+00,1.749839892153875809e+01,1.749746785659348092e+01,9.310649452771713186e-04,1.749840053369806014e+01,-1.612159302055715671e-06
-1.464999999999999983e-02,-1.341939999999999911e+00,1.750761592153875768e+01,1.750666779133284834e+01,9.481302059093366097e-04,1.750761710831286067e+01,-1.186774102990284518e-06
-1.460000000000000013e-02,-1.332754999999999912e+00,1.751680092153875989e+01,1.751583638042065161e+01,9.645411181082863550e-04,1.751680230735879817e+01,-1.385820038279916844e-06
-1.455000000000000043e-02,-1.323601000000000028e+00,1.752595492153875867e+01,1.752497362385689073e+01,9.812976818679430835e-04,1.752595613056218582e+01,-1.209023427151123542e-06
-1.450000000000000074e-02,-1.314478999999999953e+00,1.753507692153876008e+01,1.753407952164156569e+01,9.973998971943842662e-04,1.753507857765027467e+01,-1.656111514591884770e-06
-1.444999999999999930e-02,-1.305387999999999993e+00,1.754416792153875804e+01,1.754315407377467650e+01,1.013847764081532432e-03,1.754416964835125015e+01,-1.726812492108820152e-06
-1.439999999999999961e-02,-1.296327999999999925e+00,1.755322792153875966e+01,1.755219728025622672e+01,1.030641282532940295e-03,1.755322934239423915e+01,-1.420855479494775864e-06
-1.434999999999999991e-02,-1.287300000000000111e+00,1.756225592153875681e+01,1.756120914108621278e+01,1.046780452544027185e-03,1.756225765950929230e+01,-1.737970535486965673e-06
-1.430000000000000021e-02,-1.278302999999999967e+00,1.757125292153875762e+01,1.757018965626463469e+01,1.063265274122926485e-03,1.757125459942741230e+01,-1.677888654683101777e-06
-1.425000000000000051e-02,-1.269336999999999938e+00,1.758021892153875854e+01,1.757913882579149245e+01,1.080095747266085482e-03,1.758022016188052206e+01,-1.240341763519836604e-06
-1.420000000000000082e-02,-1.260402999999999940e+00,1.758915292153875853e+01,1.758805664966678961e+01,1.096271871968923506e-03,1.758915434660148591e+01,-1.425062727378190175e-06
-1.414999999999999938e-02,-1.251500000000000057e+00,1.759805592153875864e+01,1.759694312789052262e+01,1.112793648236021227e-03,1.759805715332411324e+01,-1.231785354605108296e-06
-1.409999999999999969e-02,-1.242628999999999984e+00,1.760692692153875782e+01,1.760579826046269147e+01,1.128661076066350688e-03,1.760692858178313003e+01,-1.660244372203578678e-06
-1.404999999999999999e-02,-1.233788000000000107e+00,1.761576792153875815e+01,1.761462204738329618e+01,1.145874155461967803e-03,1.761576863171421081e+01,-7.101754526672721113e-07
-1.400000000000000029e-02,-1.224979999999999958e+00,1.762457592153876007e+01,1.762341448865234028e+01,1.161432886419788701e-03,1.762457730285396806e+01,-1.381315207993338845e-06
-1.395000000000000059e-02,-1.216202000000000005e+00,1.763335392153875958e+01,1.763217558426981668e+01,1.178337268942897254e-03,1.763335459493994506e+01,-6.734011854803156893e-07
-1.389999999999999916e-02,-1.207457000000000003e+00,1.764209892153875714e+01,1.764090533423573248e+01,1.193587303024656876e-03,1.764210050771061233e+01,-1.586171855194606906e-06
-1.384999999999999946e-02,-1.198741999999999974e+00,1.765081392153875939e+01,1.764960373855008413e+01,1.210182988675256865e-03,1.765081504090539610e+01,-1.119366636714858032e-06
-1.379999999999999977e-02,-1.190058999999999978e+00,1.765949692153875716e+01,1.765827079721287518e+01,1.226124325881983168e-03,1.765949819426463918e+01,-1.272725882017766708e-06
-1.375000000000000007e-02,-1.181407000000000096e+00,1.766814892153875860e+01,1.766690651022409853e+01,1.242411314660074595e-03,1.766814996752962941e+01,-1.045990870807145257e-06
-1.370000000000000037e-02,-1.172787000000000024e+00,1.767676892153875912e+01,1.767551087758376127e+01,1.258043954997845049e-03,1.767677036044258543e+01,-1.438903826311843659e-06
-1.365000000000000067e-02,-1.164196999999999926e+00,1.768535892153875722e+01,1.768408389929185986e+01,1.275022246897350442e-03,1.768535937274667447e+01,-4.512079172513949743e-07
-1.359999999999999924e-02,-1.155640000000000001e+00,1.769391592153876047e+01,1.769262557534839786e+01,1.290346190362612333e-03,1.769391700418598035e+01,-1.082647219874388611e-06
-1.354999999999999954e-02,-1.147113999999999967e+00,1.770244192153876028e+01,1.770113590575336815e+01,1.306015785392133921e-03,1.770244325450553546e+01,-1.332966775180466357e-06
-1.349999999999999985e-02,-1.138619000000000048e+00,1.771093692153876020e+01,1.770961489050677784e+01,1.322031031982362492e-03,1.771093812345130303e+01,-1.201912542825311903e-06
-1.345000000000000015e-02,-1.130155000000000021e+00,1.771940092153876023e+01,1.771806252960862338e+01,1.338391930136850760e-03,1.771940161077018416e+01,-6.892314239337338222e-07
-1.340000000000000045e-02,-1.121723000000000026e+00,1.772783292153875934e+01,1.772647882305890477e+01,1.354098479854570769e-03,1.772783371621001436e+01,-7.946712550221946003e-07
-1.335000000000000075e-02,-1.113321999999999923e+00,1.773623392153875855e+01,1.773486377085762200e+01,1.370150681136550475e-03,1.773623443951956702e+01,-5.179808084676551516e-07
-1.329999999999999932e-02,-1.104953000000000074e+00,1.774460292153875685e+01,1.774321737300477864e+01,1.385548533978209207e-03,1.774460378044854991e+01,-8.589097930666866887e-07
-1.324999999999999963e-02,-1.096614999999999895e+00,1.775294092153875880e+01,1.775153962950037112e+01,1.401292038387680350e-03,1.775294173874760162e+01,-8.172088428182178177e-07
-1.319999999999999993e-02,-1.088308000000000053e+00,1.776124792153875731e+01,1.775983054034439945e+01,1.417381194357858476e-03,1.776124831416830219e+01,-3.926295448763994500e-07
-1.315000000000000023e-02,-1.080033000000000021e+00,1.776952292153875845e+01,1.776809010553686363e+01,1.432816001894821056e-03,1.776952350646316603e+01,-5.849244075761816930e-07
-1.310000000000000053e-02,-1.071789000000000103e+00,1.777776692153875970e+01,1.777631832507776366e+01,1.448596460996043334e-03,1.777776731538564547e+01,-3.938468857711541204e-07
-1.305000000000000084e-02,-1.063576999999999995e+00,1.778597892153876003e+01,1.778451519896710309e+01,1.463722571656944638e-03,1.778597974069012366e+01,-8.191513636290892464e-07
-1.299999999999999940e-02,-1.055396000000000001e+00,1.779415992153875692e+01,1.779268072720487837e+01,1.479194333878552925e-03,1.779416078213192165e+01,-8.605931647309716936e-07
-1.294999999999999971e-02,-1.047245999999999899e+00,1.780230992153875746e+01,1.780081490979108949e+01,1.495011747667973623e-03,1.780231043946729841e+01,-5.179285409440126386e-07
-1.290000000000000001e-02,-1.039128000000000052e+00,1.781042792153875709e+01,1.780891774672574002e+01,1.510174813017073348e-03,1.781042871245344728e+01,-7.909146901852182054e-07
-1.285000000000000031e-02,-1.031041000000000096e+00,1.781851492153875682e+01,1.781698923800882284e+01,1.525683529933985483e-03,1.781851560084849240e+01,-6.793097355739519116e-07
-1.280000000000000061e-02,-1.022985000000000033e+00,1.782657092153876022e+01,1.782502938364034506e+01,1.541537898415157315e-03,1.782657110441149939e+01,-1.828727391739448649e-07
-1.274999999999999918e-02,-1.014961000000000002e+00,1.783459492153875914e+01,1.783303818362030313e+01,1.556737918456008174e-03,1.783459522290247179e+01,-3.013637126514367992e-07
-1.269999999999999948e-02,-1.006968000000000085e+00,1.784258792153875817e+01,1.784101563794870060e+01,1.572283590057566016e-03,1.784258795608234038e+01,-3.454358221688380581e-08
-1.264999999999999979e-02,-9.990069000000000310e-01,1.785054902153875744e+01,1.784896174662553037e+01,1.587274913227076922e-03,1.785054930371297743e+01,-2.821742199898835679e-07
-1.260000000000000009e-02,-9.910769000000000384e-01,1.785847902153875921e+01,1.785687650965079953e+01,1.602511887959678916e-03,1.785847926555718956e+01,-2.440184303509340680e-07
-1.255000000000000039e-02,-9.831782999999999495e-01,1.786637762153875997e+01,1.786475992702450455e+01,1.617694514255418881e-03,1.786637784137872131e+01,-2.198399613462242996e-07
-1.250000000000000069e-02,-9.753110999999999864e-01,1.787424482153875971e+01,1.787261199874664541e+01,1.632822792114296817e-03,1.787424503094224448e+01,-2.094034847743841965e-07
-1.244999999999999926e-02,-9.674753000000000380e-01,1.788208062153875844e+01,1.788043272481722212e+01,1.647896721536312725e-03,1.788208083401337944e+01,-2.124746210085959319e-07
-1.239999999999999956e-02,-9.596708000000000460e-01,1.788988512153875732e+01,1.788822210523623824e+01,1.663016302519082501e-03,1.788988525035867383e+01,-1.288199165117021039e-07
-1.234999999999999987e-02,-9.518976999999999578e-01,1.789765822153875874e+01,1.789598014000369020e+01,1.678081535068542962e-03,1.789765827974561319e+01,-5.820685444746231951e-08
-1.230000000000000017e-02,-9.441561000000000536e-01,1.790539982153875798e+01,1.790370682911957800e+01,1.692992419179972785e-03,1.790539992194261742e+01,-1.004038594487610681e-07
-1.225000000000000047e-02,-9.364457999999999949e-01,1.791311012153875737e+01,1.791140217258390166e+01,1.707948954855709189e-03,1.791311017671904082e+01,-5.518028345363745757e-08
-1.220000000000000077e-02,-9.287668999999999508e-01,1.792078902153875930e+01,1.791906617039666116e+01,1.722851142098136279e-03,1.792078904384517912e+01,-2.230641982237102638e-08
-1.214999999999999934e-02,-9.211194000000000326e-01,1.792843652153876022e+01,1.792669882255786007e+01,1.737698980900148626e-03,1.792843652309225888e+01,-1.553498663042773842e-09
-1.209999999999999964e-02,-9.135031999999999597e-01,1.793605272153875774e+01,1.793430012906749482e+01,1.752592471262914842e-03,1.793605261423244102e+01,1.073063167211785185e-07
-1.204999999999999995e-02,-9.059184999999999599e-01,1.794363742153876018e+01,1.794187008992556542e+01,1.767331613194755846e-03,1.794363731703882792e+01,1.044999322630246752e-07
-1.200000000000000025e-02,-8.983651999999999749e-01,1.795119072153875805e+01,1.794940870513207543e+01,1.782016406682629395e-03,1.795119063128545278e+01,9.025330527379082923e-08
-1.195000000000000055e-02,-8.908431999999999462e-01,1.795871272153875964e+01,1.795691597468701772e+01,1.796746851741914952e-03,1.795871255674728673e+01,1.647914729119293042e-07
-1.190000000000000085e-02,-8.833526000000000433e-01,1.796620332153876021e+01,1.796439189859039942e+01,1.811422948360785767e-03,1.796620309320023523e+01,2.283385249768343783e-07
-1.184999999999999942e-02,-8.758934999999999915e-01,1.797366242153875859e+01,1.797183647684221697e+01,1.825944696541625945e-03,1.797366224042114524e+01,1.811176133514891262e-07
-1.179999999999999973e-02,-8.684657000000000071e-01,1.798109022153875713e+01,1.797924970944247391e+01,1.840512096283219989e-03,1.798108999818778386e+01,2.233509732718630403e-07
-1.175000000000000003e-02,-8.610693000000000374e-01,1.798848662153875821e+01,1.798663159639116316e+01,1.855025147595057433e-03,1.798848636627887387e+01,2.552598843408304674e-07
-1.170000000000000033e-02,-8.537042999999999715e-01,1.799585162153875828e+01,1.799398213768829180e+01,1.869483850466480135e-03,1.799585134447405821e+01,2.770647000716053299e-07
-1.165000000000000063e-02,-8.463705999999999730e-01,1.800318532153875850e+01,1.800130133333385629e+01,1.883988204902209418e-03,1.800318493255392482e+01,3.889848336768864101e-07
-1.159999999999999920e-02,-8.390684000000000475e-01,1.801048752153876009e+01,1.800858918332785663e+01,1.898338210903460777e-03,1.801048713029999249e+01,3.912387676052730967e-07
-1.154999999999999950e-02,-8.317976000000000258e-01,1.801775832153875712e+01,1.801584568767029282e+01,1.912633868464297393e-03,1.801775793749471788e+01,3.840440392366417655e-07
-1.149999999999999981e-02,-8.245580999999999605e-01,1.802499782153875785e+01,1.802307084636116841e+01,1.926975177589440591e-03,1.802499735392149205e+01,4.676172657980259828e-07
-1.145000000000000011e-02,-8.173500999999999683e-01,1.803220582153875995e+01,1.803026465940047984e+01,1.941162138280105864e-03,1.803220537936464396e+01,4.421741159887915273e-07
-1.140000000000000041e-02,-8.101734000000000435e-01,1.803938252153875865e+01,1.803742712678822713e+01,1.955394750531525005e-03,1.803938201360943339e+01,5.079293252663319436e-07
-1.135000000000000071e-02,-8.030281000000000224e-01,1.804652782153875989e+01,1.804455824852441026e+01,1.969573014349634832e-03,1.804652725644206157e+01,5.650966983239413821e-07
-1.129999999999999928e-02,-7.959142000000000161e-01,1.805364172153876012e+01,1.805165802460903279e+01,1.983696929727329916e-03,1.805364110764966057e+01,6.138890995543988538e-07
-1.124999999999999958e-02,-7.888317000000000245e-01,1.806072422153875934e+01,1.805872645504209117e+01,1.997766496668162972e-03,1.806072356702030035e+01,6.545184589867858449e-07
-1.119999999999999989e-02,-7.817806999999999951e-01,1.806777522153875992e+01,1.806576353982358540e+01,2.011681715174518104e-03,1.806777463434298880e+01,5.871957711178765749e-07
-1.115000000000000019e-02,-7.747608999999999746e-01,1.807479502153875828e+01,1.807276927895351548e+01,2.025742585242795712e-03,1.807479430940766463e+01,7.121310936497593502e-07
-1.110000000000000049e-02,-7.677726000000000273e-01,1.808178332153875800e+01,1.807974367243188141e+01,2.039649106876595397e-03,1.808178259200521154e+01,7.295335464618801780e-07
-1.105000000000000079e-02,-7.608156999999999837e-01,1.808874022153876027e+01,1.808668672025868673e+01,2.053501280073533053e-03,1.808873948192743342e+01,7.396113268498538673e-07
-1.099999999999999936e-02,-7.538901999999999548e-01,1.809566572153875796e+01,1.809359842243392791e+01,2.067299104830055967e-03,1.809566497896707915e+01,7.425716788134195667e-07
-1.094999999999999966e-02,-7.469959999999999933e-01,1.810255992153875937e+01,1.810047877895760493e+01,2.081142581154438176e-03,1.810255908291783911e+01,8.386209202626560000e-07
-1.089999999999999997e-02,-7.401332999999999940e-01,1.810942262153875859e+01,1.810732778982971780e+01,2.094831709040789747e-03,1.810942179357433091e+01,8.279644276854014606e-07
-1.085000000000000027e-02,-7.333020000000000094e-01,1.811625392153876035e+01,1.811414545505027007e+01,2.108466488490279289e-03,1.811625311073210653e+01,8.108066538170533022e-07
-1.080000000000000057e-02,-7.265019999999999811e-01,1.812305392153875871e+01,1.812093177461925464e+01,2.122146919504075413e-03,1.812305303418766300e+01,8.873510957130292809e-07
-1.074999999999999914e-02,-7.197333999999999676e-01,1.812982252153875962e+01,1.812768674853667861e+01,2.135773002081009508e-03,1.812982156373841747e+01,9.578003421495395742e-07
-1.069999999999999944e-02,-7.129963000000000273e-01,1.813655962153875834e+01,1.813441037680253842e+01,2.149244736219912966e-03,1.813655869918274277e+01,9.223560155646737257e-07
-1.064999999999999974e-02,-7.062905000000000433e-01,1.814326542153875721e+01,1.814110265941683764e+01,2.162762121919570291e-03,1.814326444031993191e+01,9.812188253022213758e-07
-1.060000000000000005e-02,-6.996160999999999630e-01,1.814993982153875862e+01,1.814776359637956915e+01,2.176225159189471015e-03,1.814993878695021579e+01,1.034588542836445413e-06
-1.055000000000000035e-02,-6.929731000000000085e-01,1.815658282153875902e+01,1.815439318769074006e+01,2.189633848018956996e-03,1.815658173887477034e+01,1.082663988682952549e-06
-1.050000000000000065e-02,-6.863614999999999577e-01,1.816319442153875841e+01,1.816099143335034682e+01,2.202988188411580950e-03,1.816319329589569520e+01,1.125643063204506689e-06
-1.044999999999999922e-02,-6.797813999999999801e-01,1.816977452153875916e+01,1.816755833335839299e+01,2.216188180366174265e-03,1.816977345781603503e+01,1.063722724126137109e-06
-1.039999999999999952e-02,-6.732325999999999588e-01,1.817632332153876007e+01,1.817409388771487144e+01,2.229433823888626875e-03,1.817632222443976531e+01,1.097098994762291113e-06
-1.034999999999999983e-02,-6.667151999999999523e-01,1.818284072153875996e+01,1.818059809641978930e+01,2.242625118970664744e-03,1.818283959557179585e+01,1.125966964110602930e-06
-1.030000000000000013e-02,-6.602291999999999605e-01,1.818932672153875885e+01,1.818707095947314301e+01,2.255762065615840584e-03,1.818932557101797798e+01,1.150520780868191650e-06
-1.025000000000000043e-02,-6.537745000000000362e-01,1.819578142153875788e+01,1.819351247687493256e+01,2.268944663825323005e-03,1.819578015058509379e+01,1.270953664089802260e-06
-1.020000000000000073e-02,-6.473512999999999629e-01,1.820220462153875829e+01,1.819992264862516151e+01,2.281972913596774788e-03,1.820220333408085978e+01,1.287457898513366672e-06
-1.014999999999999930e-02,-6.409595000000000153e-01,1.820859642153875768e+01,1.820630147472382276e+01,2.294946814934917256e-03,1.820859512131393387e+01,1.300224823808093788e-06
-1.009999999999999960e-02,-6.345990999999999715e-01,1.821495682153875961e+01,1.821264895517092341e+01,2.307866367836197696e-03,1.821495551209390840e+01,1.309444851216312600e-06
-1.004999999999999991e-02,-6.282701000000000535e-01,1.822128582153875698e+01,1.821896508996645991e+01,2.320731572297063394e-03,1.822128450623130647e+01,1.315307450511227216e-06
-1.000000000000000021e-02,-6.219723999999999808e-01,1.822758352153875805e+01,1.822524987911043581e+01,2.333642428322235673e-03,1.822758210353758557e+01,1.418001172481808680e-06
-9.950000000000000511e-03,-6.157061999999999813e-01,1.823384972153876049e+01,1.823150332260284401e+01,2.346398935916482742e-03,1.823384830382515531e+01,1.417713605178505532e-06
-9.900000000000000813e-03,-6.094713999999999965e-01,1.824008452153875837e+01,1.823772542044369160e+01,2.359101095066762355e-03,1.824008310690733481e+01,1.414631423557466405e-06
-9.849999999999999381e-03,-6.032678999999999681e-01,1.824628802153875995e+01,1.824391617263297505e+01,2.371848905784901262e-03,1.824628651259840595e+01,1.508940354000287698e-06
-9.799999999999999684e-03,-5.970959000000000128e-01,1.825246002153875935e+01,1.825007557917069434e+01,2.384442368065009532e-03,1.825245852071356367e+01,1.500825195677180091e-06
-9.749999999999999986e-03,-5.909552999999999612e-01,1.825860062153875774e+01,1.825620364005685303e+01,2.396981481904703060e-03,1.825859913106895505e+01,1.490469802689631251e-06
-9.700000000000000289e-03,-5.848459999999999770e-01,1.826470992153875983e+01,1.826230035529144402e+01,2.409566247315808596e-03,1.826470834348165084e+01,1.578057108986286039e-06
-9.650000000000000591e-03,-5.787681999999999549e-01,1.827078772153875974e+01,1.826836572487447441e+01,2.421996664285330780e-03,1.827078615776966330e+01,1.563769096435407846e-06
-9.599999999999999159e-03,-5.727217000000000002e-01,1.827683422153875981e+01,1.827439974880594065e+01,2.434472732819159546e-03,1.827683257375194259e+01,1.647786817216001509e-06
-9.549999999999999462e-03,-5.667067000000000077e-01,1.828284922153875769e+01,1.828040242708584628e+01,2.446794452911404960e-03,1.828284759124837322e+01,1.630290384468935372e-06
-9.499999999999999764e-03,-5.607229999999999714e-01,1.828883292153875928e+01,1.828637375971418422e+01,2.459161824575062383e-03,1.828883121007976698e+01,1.711458992303960258e-06
-9.450000000000000067e-03,-5.547708000000000084e-01,1.829478512153875869e+01,1.829231374669096155e+01,2.471374847797136454e-03,1.829478343006788421e+01,1.691470874476408426e-06
-9.400000000000000369e-03,-5.488499000000000017e-01,1.830070602153875825e+01,1.829822238801617473e+01,2.483633522583517106e-03,1.830070425103540899e+01,1.770503349263208293e-06
-9.350000000000000672e-03,-5.429604999999999571e-01,1.830659542153875918e+01,1.830409968368982376e+01,2.495737848935419834e-03,1.830659367280597394e+01,1.748732785245010746e-06
-9.299999999999999239e-03,-5.371023999999999798e-01,1.831245352153876027e+01,1.830994563371191219e+01,2.507887826848076429e-03,1.831245169520413896e+01,1.826334621313208117e-06
-9.249999999999999542e-03,-5.312757999999999647e-01,1.831828012153875918e+01,1.831576023808243292e+01,2.519883456326255100e-03,1.831827831805539830e+01,1.803483360873769925e-06
-9.199999999999999845e-03,-5.254805000000000170e-01,1.832407542153875823e+01,1.832154349680139305e+01,2.531924737365187639e-03,1.832407354118618414e+01,1.880352574090693452e-06
-9.150000000000000147e-03,-5.197167000000000314e-01,1.832983922153875866e+01,1.832729540986878902e+01,2.543811669969642253e-03,1.832983736442386657e+01,1.857114892089839486e-06
-9.100000000000000450e-03,-5.139842000000000022e-01,1.833557172153875925e+01,1.833301597728462085e+01,2.555744254138403448e-03,1.833556978759675005e+01,1.933942009202382906e-06
-9.050000000000000752e-03,-5.082832000000000461e-01,1.834127272153875765e+01,1.833870519904889207e+01,2.567522489865581292e-03,1.834127081053407338e+01,1.911004684274075771e-06
-8.999999999999999320e-03,-5.026135000000000463e-01,1.834694242153875976e+01,1.834436307516159914e+01,2.579346377160618431e-03,1.834694043306601330e+01,1.988472746461411589e-06
-8.949999999999999623e-03,-4.969753000000000087e-01,1.835258062153875969e+01,1.834998960562274206e+01,2.591015916017624932e-03,1.835257865502368091e+01,1.966515078777320014e-06
-8.899999999999999925e-03,-4.913683999999999830e-01,1.835818752153875977e+01,1.835558479043232083e+01,2.602731106438938014e-03,1.835818547623911812e+01,2.045299641650899503e-06
-8.850000000000000228e-03,-4.857929999999999748e-01,1.836376292153875767e+01,1.836114862959033545e+01,2.614291948422220457e-03,1.836376089654531540e+01,2.024993442262257304e-06
-8.800000000000000530e-03,-4.802488999999999786e-01,1.836930702153875927e+01,1.836668112309678946e+01,2.625898441969809483e-03,1.836930491577618696e+01,2.105762572313096825e-06
-8.750000000000000833e-03,-4.747363000000000000e-01,1.837481962153875870e+01,1.837218227095167933e+01,2.637350587079367870e-03,1.837481753376658489e+01,2.087772173808843945e-06
-8.699999999999999400e-03,-4.692549999999999777e-01,1.838030092153875827e+01,1.837765207315500504e+01,2.648848383753232838e-03,1.838029875035229921e+01,2.171186459065665986e-06
-8.649999999999999703e-03,-4.638051999999999730e-01,1.838575072153875922e+01,1.838309052970676660e+01,2.660191831992619882e-03,1.838574856537005786e+01,2.156168701361593776e-06
-8.600000000000000006e-03,-4.583866999999999803e-01,1.839116922153876033e+01,1.838849764060696756e+01,2.671580931792760794e-03,1.839116697865751959e+01,2.242881240732685910e-06
-8.550000000000000308e-03,-4.529997000000000051e-01,1.839655622153875925e+01,1.839387340585560437e+01,2.682815683154871067e-03,1.839655399005328107e+01,2.231485478176864490e-06
-8.500000000000000611e-03,-4.476440999999999892e-01,1.840191182153875715e+01,1.839921782545267703e+01,2.693996086080119312e-03,1.840190959939687332e+01,2.222141883834183318e-06
-8.449999999999999178e-03,-4.423197999999999852e-01,1.840723612153875877e+01,1.840453089939818554e+01,2.705222140573226852e-03,1.840723380652876884e+01,2.315009989928284995e-06
-8.399999999999999481e-03,-4.370269999999999988e-01,1.841252892153875820e+01,1.840981262769212989e+01,2.716293846628303754e-03,1.841252661129036383e+01,2.310248394365999047e-06
-8.349999999999999784e-03,-4.317656000000000271e-01,1.841779032153876017e+01,1.841506301033451365e+01,2.727311204246518628e-03,1.841778801352400308e+01,2.308014757090859348e-06
-8.300000000000000086e-03,-4.265355000000000119e-01,1.842302042153875874e+01,1.842028204732533325e+01,2.738374213425487369e-03,1.842301801307295861e+01,2.408465800129988565e-06
-8.250000000000000389e-03,-4.213369000000000142e-01,1.842821902153875868e+01,1.842546973866458870e+01,2.749282874169978186e-03,1.842821660978144394e+01,2.411757314746409975e-06
-8.200000000000000691e-03,-4.161696999999999758e-01,1.843338622153875761e+01,1.843062608435228000e+01,2.760137186477606974e-03,1.843338380349460337e+01,2.418044154239851196e-06
-8.149999999999999259e-03,-4.110339000000000076e-01,1.843852202153875908e+01,1.843575108438841070e+01,2.770937150348373734e-03,1.843851959405851915e+01,2.427480239930446260e-06
-8.099999999999999561e-03,-4.059294999999999987e-01,1.844362642153875953e+01,1.844084473877297725e+01,2.781682765782278466e-03,1.844362398132021141e+01,2.440218548116490638e-06
-8.049999999999999864e-03,-4.008565000000000045e-01,1.844869942153875897e+01,1.844590704750597965e+01,2.792374032779321169e-03,1.844869696512762758e+01,2.456411131390723313e-06
-8.000000000000000167e-03,-3.958148000000000222e-01,1.845374112153875856e+01,1.845093801058741789e+01,2.803110951340670454e-03,1.845373854532966007e+01,2.576209098492654448e-06
-7.950000000000000469e-03,-3.908046000000000020e-01,1.845875132153875953e+01,1.845593762801729554e+01,2.813693521463989100e-03,1.845874872177613213e+01,2.599762627397694814e-06
-7.900000000000000772e-03,-3.858257999999999965e-01,1.846373012153875948e+01,1.846090589979560548e+01,2.824221743153998432e-03,1.846372749431780846e+01,2.627220951012532169e-06
-7.849999999999999339e-03,-3.808784000000000058e-01,1.846867752153875841e+01,1.846584282592235482e+01,2.834695616403593021e-03,1.846867486280637749e+01,2.658732380922401717e-06
-7.799999999999999642e-03,-3.759624999999999773e-01,1.847359342153875872e+01,1.847074840639754001e+01,2.845015141218709687e-03,1.847359082709447975e+01,2.594444278969376683e-06
-7.749999999999999944e-03,-3.710779000000000161e-01,1.847847802153875918e+01,1.847562264122116460e+01,2.855380317594580220e-03,1.847847538703567594e+01,2.634503083243089350e-06
-7.700000000000000247e-03,-3.662247000000000141e-01,1.848333122153875863e+01,1.848046553039322148e+01,2.865691145537141438e-03,1.848332854248447177e+01,2.679054286858217893e-06
-7.649999999999999682e-03,-3.614029000000000269e-01,1.848815302153875706e+01,1.848527707391371777e+01,2.875947625039287914e-03,1.848815029329630377e+01,2.728242453287066382e-06
-7.599999999999999985e-03,-3.566124999999999989e-01,1.849294342153875803e+01,1.849005727178264991e+01,2.886149756108125075e-03,1.849294063932754639e+01,2.782211211638241366e-06
-7.550000000000000287e-03,-3.518535999999999886e-01,1.849770232153876037e+01,1.849480612400001789e+01,2.896197538742484312e-03,1.849769958043551554e+01,2.741103244829901087e-06
-7.499999999999999722e-03,-3.471259999999999901e-01,1.850242992153875932e+01,1.849952363056582527e+01,2.906290972934044703e-03,1.850242711647845084e+01,2.805060308475049169e-06
-7.450000000000000025e-03,-3.424299000000000093e-01,1.850712602153875963e+01,1.850420979148006495e+01,2.916230058694679883e-03,1.850712324731553338e+01,2.774223226253980101e-06
-7.400000000000000328e-03,-3.377650999999999848e-01,1.851179082153876010e+01,1.850886460674274403e+01,2.926214796016068931e-03,1.851178797280688215e+01,2.848731877946875102e-06
-7.349999999999999763e-03,-3.331317999999999779e-01,1.851642412153875838e+01,1.851348807635385896e+01,2.936045184899427340e-03,1.851642129281355054e+01,2.828725207848492573e-06
-7.300000000000000065e-03,-3.285297999999999830e-01,1.852102612153876038e+01,1.851808020031341329e+01,2.945921225347092332e-03,1.852102320719752626e+01,2.914341234117046042e-06
-7.250000000000000368e-03,-3.239593000000000056e-01,1.852559662153876019e+01,1.852264097862139991e+01,2.955642917360279398e-03,1.852559371582173497e+01,2.905717025214471505e-06
-7.199999999999999803e-03,-3.194201999999999875e-01,1.853013572153875899e+01,1.852717041127782593e+01,2.965310260933051723e-03,1.853013281855003314e+01,2.902988725850264018e-06
-7.150000000000000105e-03,-3.149123999999999812e-01,1.853464352153875794e+01,1.853166849828268781e+01,2.975023256070130628e-03,1.853464051524721867e+01,3.006291539264793755e-06
-7.100000000000000408e-03,-3.104360999999999926e-01,1.853911982153875826e+01,1.853613523963598553e+01,2.984581902772731610e-03,1.853911680577902388e+01,3.015759734381617818e-06
-7.049999999999999843e-03,-3.059912000000000187e-01,1.854356472153875757e+01,1.854057063533772265e+01,2.994086201034917849e-03,1.854356169001211185e+01,3.031526645713711332e-06
-7.000000000000000146e-03,-3.015777000000000041e-01,1.854797822153875941e+01,1.854497468538789562e+01,3.003536150863794774e-03,1.854797516781408717e+01,3.053724672241742155e-06
-6.949999999999999581e-03,-2.971956000000000042e-01,1.855236032153876025e+01,1.854934738978650444e+01,3.012931752255809670e-03,1.855235723905348877e+01,3.082485271477253264e-06
-6.899999999999999883e-03,-2.928449000000000191e-01,1.855671102153876006e+01,1.855368874853354910e+01,3.022273005210962538e-03,1.855670790359978639e+01,3.117938973673517467e-06
-6.850000000000000186e-03,-2.885255999999999932e-01,1.856103032153875887e+01,1.855799876162902962e+01,3.031559909729253377e-03,1.856102716132339481e+01,3.160215364061969012e-06
-6.799999999999999621e-03,-2.842377999999999849e-01,1.856531812153875904e+01,1.856227742907294953e+01,3.040692465809513578e-03,1.856531501209565604e+01,3.109443102999875919e-06
-6.749999999999999924e-03,-2.799812999999999885e-01,1.856957462153875937e+01,1.856652475086530174e+01,3.049870673457633075e-03,1.856957145578885360e+01,3.165749905775783191e-06
-6.700000000000000226e-03,-2.757562000000000069e-01,1.857379972153875869e+01,1.857074072700609335e+01,3.058994532665337829e-03,1.857379649227620177e+01,3.229262556914136439e-06
-6.649999999999999661e-03,-2.715625999999999873e-01,1.857799332153875937e+01,1.857492535749532436e+01,3.067964043435011945e-03,1.857799012143185280e+01,3.200106906575683752e-06
-6.599999999999999964e-03,-2.674002999999999797e-01,1.858215562153876022e+01,1.857907864233298767e+01,3.076979205772545356e-03,1.858215234313089326e+01,3.278407866957877559e-06
-6.550000000000000266e-03,-2.632694999999999896e-01,1.858628642153875887e+01,1.858320058151909038e+01,3.085840019668495415e-03,1.858628315724935121e+01,3.264289407667320120e-06
-6.499999999999999702e-03,-2.591701000000000144e-01,1.859038582153876007e+01,1.858729117505362893e+01,3.094646485131136160e-03,1.859038256366418196e+01,3.257874578110886432e-06
-6.450000000000000004e-03,-2.551020999999999983e-01,1.859445382153876025e+01,1.859135042293660334e+01,3.103398602156914876e-03,1.859445056225328230e+01,3.259285477952289511e-06
-6.400000000000000307e-03,-2.510653999999999941e-01,1.859849052153875704e+01,1.859537832516801359e+01,3.112196370743447460e-03,1.859848715289548338e+01,3.368643273660154591e-06
-6.349999999999999742e-03,-2.470602000000000076e-01,1.860249572153875874e+01,1.859937488174786324e+01,3.120839790895502119e-03,1.860249233547055070e+01,3.386068208044434868e-06
-6.300000000000000044e-03,-2.430864000000000080e-01,1.860646952153875944e+01,1.860334009267614874e+01,3.129428862610694750e-03,1.860646610985918414e+01,3.411679575293646849e-06
-6.250000000000000347e-03,-2.391440999999999983e-01,1.861041182153875795e+01,1.860727395795287009e+01,3.137863585887856743e-03,1.861040847594302150e+01,3.345595736448103708e-06
-6.199999999999999782e-03,-2.352331000000000005e-01,1.861432282153876017e+01,1.861117647757802729e+01,3.146343960732878031e-03,1.861431943360463848e+01,3.387934121690250322e-06
-6.150000000000000085e-03,-2.313534999999999897e-01,1.861820242153875782e+01,1.861504765155162389e+01,3.154769987133931863e-03,1.861819898272754514e+01,3.438811212674863782e-06
-6.100000000000000387e-03,-2.275052999999999936e-01,1.862205062153875801e+01,1.861888747987365278e+01,3.163141665105229094e-03,1.862204712319618238e+01,3.498342575625201789e-06
-6.049999999999999822e-03,-2.236885999999999874e-01,1.862586732153875957e+01,1.862269596254412107e+01,3.171358994638495687e-03,1.862586385489593610e+01,3.466642823468646384e-06
-6.000000000000000125e-03,-2.199031999999999931e-01,1.862965272153875773e+01,1.862647309956302522e+01,3.179621975732516148e-03,1.862964917771311590e+01,3.543825641827424988e-06
-5.950000000000000427e-03,-2.161492999999999887e-01,1.863340662153875726e+01,1.863021889093036876e+01,3.187730608388505971e-03,1.863340309153497643e+01,3.530003780838342209e-06
-5.899999999999999863e-03,-2.124267999999999990e-01,1.863712912153875934e+01,1.863393333664614460e+01,3.195784892614739192e-03,1.863712559624970311e+01,3.525289056227620677e-06
-5.850000000000000165e-03,-2.087356999999999962e-01,1.864082022153876039e+01,1.863761643671035984e+01,3.203784828400557672e-03,1.864081669174642286e+01,3.529792337531034718e-06
-5.799999999999999600e-03,-2.050760000000000083e-01,1.864447992153876044e+01,1.864126819112301092e+01,3.211730415749514123e-03,1.864447637791518986e+01,3.543623570578802173e-06
-5.749999999999999903e-03,-2.014477000000000073e-01,1.864810822153875947e+01,1.864488859988409786e+01,3.219621654661608545e-03,1.864810465464700329e+01,3.566891756179302320e-06
-5.700000000000000205e-03,-1.978507999999999933e-01,1.865170512153875748e+01,1.864847766299362419e+01,3.227458545133288226e-03,1.865170152183378960e+01,3.599704967882644269e-06
-5.649999999999999641e-03,-1.942852999999999941e-01,1.865527062153875804e+01,1.865203538045158638e+01,3.235241087171658592e-03,1.865526697936841671e+01,3.642170341322525928e-06
-5.599999999999999943e-03,-1.907512000000000096e-01,1.865880472153875758e+01,1.865556175225798441e+01,3.242969280773166929e-03,1.865880102714468336e+01,3.694394074216234003e-06
-5.550000000000000246e-03,-1.872485999999999873e-01,1.866230732153875849e+01,1.865905677841281829e+01,3.250543125940197342e-03,1.866230366505732974e+01,3.656481428748747931e-06
-5.499999999999999681e-03,-1.837773000000000045e-01,1.866577862153875955e+01,1.866252045891608802e+01,3.258162622671534336e-03,1.866577489300202686e+01,3.728536732694465172e-06
-5.449999999999999983e-03,-1.803375000000000117e-01,1.866921842153875843e+01,1.866595279376779715e+01,3.265627770961287979e-03,1.866921471087538009e+01,3.710663378342360375e-06
-5.400000000000000286e-03,-1.769291000000000058e-01,1.867262682153875986e+01,1.866935378296794212e+01,3.273038570817732307e-03,1.867262311857493984e+01,3.702963820018112528e-06
-5.349999999999999721e-03,-1.735520000000000118e-01,1.867600392153875788e+01,1.867272342651652295e+01,3.280495022234930502e-03,1.867600011599918375e+01,3.805539574130989422e-06
-5.300000000000000024e-03,-1.702064000000000077e-01,1.867934952153875727e+01,1.867606172441353962e+01,3.287797125217650773e-03,1.867934570304752739e+01,3.818491229878873128e-06
-5.250000000000000326e-03,-1.668921999999999906e-01,1.868266372153875921e+01,1.867936867665899214e+01,3.295044879767061730e-03,1.868265987962032071e+01,3.841918438496350063e-06
-5.199999999999999761e-03,-1.636094999999999910e-01,1.868594642153875895e+01,1.868264428325288407e+01,3.302138285874889334e-03,1.868594264561885154e+01,3.775919907411662280e-06
-5.150000000000000064e-03,-1.603581000000000034e-01,1.868919782153875886e+01,1.868588854419521184e+01,3.309277343547023520e-03,1.868919400094533856e+01,3.820593420300610887e-06
-5.100000000000000366e-03,-1.571381000000000028e-01,1.869241782153875775e+01,1.868910145948597545e+01,3.316362052782295677e-03,1.869241394550294544e+01,3.876035812311329209e-06
-5.049999999999999802e-03,-1.539495999999999920e-01,1.869560632153875801e+01,1.869228302912517847e+01,3.323292413579537197e-03,1.869560247919576312e+01,3.842342994886394081e-06
-5.000000000000000104e-03,-1.507923999999999931e-01,1.869876352153875843e+01,1.869543325311281379e+01,3.330268425944638011e-03,1.869875960192882403e+01,3.919609934399659323e-06
-4.950000000000000407e-03,-1.476667000000000118e-01,1.870188922153876021e+01,1.869855213144888850e+01,3.337090089871708187e-03,1.870188531360808781e+01,3.907930672397696981e-06
-4.899999999999999842e-03,-1.445723999999999898e-01,1.870498352153875743e+01,1.870163966413339907e+01,3.343857405358363621e-03,1.870497961414046273e+01,3.907398294700215047e-06
-4.850000000000000144e-03,-1.415095000000000103e-01,1.870804642153875719e+01,1.870469585116634548e+01,3.350570372411709741e-03,1.870804250343378072e+01,3.918104976463610001e-06
-4.799999999999999580e-03,-1.384779999999999900e-01,1.871107792153875948e+01,1.870772069254773129e+01,3.357228991028193832e-03,1.871107398139681166e+01,3.940141947822439761e-06
-4.749999999999999882e-03,-1.354779000000000122e-01,1.871407802153875721e+01,1.871071418827755295e+01,3.363833261204263181e-03,1.871407404793926688e+01,3.973599490336710005e-06
-4.700000000000000185e-03,-1.325091999999999937e-01,1.871704672153875748e+01,1.871367633835580691e+01,3.370383182950575929e-03,1.871704270297179207e+01,4.018566965413583603e-06
-4.649999999999999620e-03,-1.295719999999999927e-01,1.871998392153875912e+01,1.871660714278250381e+01,3.376778756255305325e-03,1.871997994640596374e+01,3.975132795375202477e-06
-4.599999999999999922e-03,-1.266661000000000037e-01,1.872288982153875736e+01,1.871950660155763302e+01,3.383219981124341302e-03,1.872288577815429633e+01,4.043384461027699217e-06
-4.550000000000000225e-03,-1.237917000000000045e-01,1.872576422153875697e+01,1.872237471468120162e+01,3.389506857555346642e-03,1.872576019813024217e+01,4.023408514797210955e-06
-4.499999999999999660e-03,-1.209486000000000033e-01,1.872860732153876029e+01,1.872521148215320608e+01,3.395839385554211276e-03,1.872860320624818442e+01,4.115290575867902589e-06
-4.449999999999999963e-03,-1.181370000000000059e-01,1.873141892153875787e+01,1.872801690397364638e+01,3.402017565111492559e-03,1.873141480242345125e+01,4.119115306622234129e-06
-4.400000000000000265e-03,-1.153567999999999955e-01,1.873419912153875799e+01,1.873079098014252253e+01,3.408141396235464526e-03,1.873419498657229454e+01,4.134966463453793040e-06
-4.349999999999999700e-03,-1.126079999999999998e-01,1.873694792153875710e+01,1.873353371065983453e+01,3.414210878922574466e-03,1.873694375861190764e+01,4.162926849460291123e-06
-4.300000000000000003e-03,-1.098906999999999939e-01,1.873966522153875758e+01,1.873624509552558592e+01,3.420126013171653767e-03,1.873966111846042537e+01,4.103078332207132917e-06
-4.250000000000000305e-03,-1.072047000000000000e-01,1.874235122153875821e+01,1.873892513473977317e+01,3.426086798985039650e-03,1.874234706603690626e+01,4.155501851954568338e-06
-4.199999999999999740e-03,-1.045501000000000069e-01,1.874500582153875783e+01,1.874157382830239627e+01,3.431993236361563504e-03,1.874500160126135384e+01,4.220277403987893194e-06
-4.150000000000000043e-03,-1.019270000000000037e-01,1.874762892153875882e+01,1.874419117621345876e+01,3.437745325300056720e-03,1.874762472405470248e+01,4.197484056334133129e-06
-4.100000000000000346e-03,-9.933529000000000664e-02,1.875022063153875962e+01,1.874677717847295355e+01,3.443453065806068025e-03,1.875021643433882446e+01,4.197199935163098417e-06
-4.049999999999999781e-03,-9.677497000000000182e-02,1.875278095153876023e+01,1.874933183508088774e+01,3.449116457872491992e-03,1.875277673203652640e+01,4.219502233837602034e-06
-4.000000000000000083e-03,-9.424607000000000123e-02,1.875530985153875818e+01,1.875185514603725778e+01,3.454705501500399123e-03,1.875530561707155286e+01,4.234467205321834626e-06
-3.950000000000000386e-03,-9.174859000000000486e-02,1.875780733153875701e+01,1.875434711134206367e+01,3.460220196693342132e-03,1.875780308936858276e+01,4.242170174251214121e-06
-3.899999999999999821e-03,-8.928250999999999549e-02,1.876027341153875838e+01,1.875680773099530896e+01,3.465680543449423112e-03,1.876026914885323293e+01,4.262685525446840984e-06
-3.850000000000000124e-03,-8.684785000000000421e-02,1.876270807153875708e+01,1.875923700499699009e+01,3.471066541766987257e-03,1.876270379545204747e+01,4.276086709609216996e-06
-3.799999999999999992e-03,-8.444459999999999467e-02,1.876511132153875749e+01,1.876163493334710708e+01,3.476388191650414683e-03,1.876510702909251549e+01,4.292446242004643864e-06
-3.749999999999999861e-03,-8.207277000000000322e-02,1.876748315153875879e+01,1.876400151604565991e+01,3.481635493098877987e-03,1.876747884970305691e+01,4.301835701880918350e-06
-3.700000000000000164e-03,-7.973234999999999351e-02,1.876982357153875824e+01,1.876633675309264859e+01,3.486818446109651859e-03,1.876981925721302957e+01,4.314325728671519755e-06
-3.650000000000000033e-03,-7.742333999999999328e-02,1.877213258153875941e+01,1.876864064448807667e+01,3.491937050682736299e-03,1.877212825155272924e+01,4.329986030171539824e-06
-3.599999999999999901e-03,-7.514574000000000253e-02,1.877441018153875874e+01,1.877091319023194060e+01,3.496991306818131306e-03,1.877440583265338248e+01,4.348885376259659097e-06
-3.550000000000000204e-03,-7.289956000000000214e-02,1.877665636153875894e+01,1.877315439032424038e+01,3.501971214518562192e-03,1.877665200044715021e+01,4.361091608728884239e-06
-3.500000000000000073e-03,-7.068478999999999735e-02,1.877887113153875731e+01,1.877536424476497601e+01,3.506886773781303646e-03,1.877886675486713486e+01,4.376671622452477095e-06
-3.449999999999999942e-03,-6.850143999999999678e-02,1.878105448153876011e+01,1.877754275355415103e+01,3.511727984609080977e-03,1.878105009584737317e+01,4.385691386943335601e-06
-3.399999999999999811e-03,-6.634950000000000570e-02,1.878320642153875752e+01,1.877968991669175836e+01,3.516504846999168876e-03,1.878320202332283628e+01,4.398215921241899196e-06
-3.350000000000000113e-03,-6.422896999999999634e-02,1.878532695153876020e+01,1.878180573417780508e+01,3.521217360955120057e-03,1.878532253722942968e+01,4.414309330513788154e-06
-3.299999999999999982e-03,-6.213985999999999815e-02,1.878741606153876020e+01,1.878389020601229120e+01,3.525855526469001688e-03,1.878741163750399679e+01,4.424034763417239446e-06
-3.249999999999999851e-03,-6.008216000000000251e-02,1.878947376153875837e+01,1.878594333219520962e+01,3.530429343548746601e-03,1.878946932408431181e+01,4.437454446559740973e-06
-3.200000000000000153e-03,-5.805587000000000247e-02,1.879150005153875824e+01,1.878796511272656744e+01,3.534938812190802082e-03,1.879149559690909399e+01,4.454629664252252041e-06
-3.150000000000000022e-03,-5.606099999999999972e-02,1.879349492153875900e+01,1.878995554760635756e+01,3.539373932401446154e-03,1.879349045591799339e+01,4.465620765614630727e-06
-3.099999999999999891e-03,-5.409755000000000119e-02,1.879545837153875709e+01,1.879191463683459062e+01,3.543734704166467964e-03,1.879545390105159086e+01,4.470487166230441289e-06
-3.050000000000000194e-03,-5.216549999999999659e-02,1.879739042153875772e+01,1.879384238041125599e+01,3.548041127501733172e-03,1.879738593225140875e+01,4.489287348974357883e-06
-3.000000000000000062e-03,-5.026487000000000316e-02,1.879929105153875923e+01,1.879573877833635720e+01,3.552273202402034258e-03,1.879928654945990729e+01,4.502078851942314941e-06
-2.949999999999999931e-03,-4.839566000000000007e-02,1.880116026153875808e+01,1.879760383060989781e+01,3.556430928860265794e-03,1.880115575262047045e+01,4.508918287626784149e-06
-2.899999999999999800e-03,-4.655785999999999952e-02,1.880299806153875863e+01,1.879943753723187427e+01,3.560524306884360612e-03,1.880299354167743786e+01,4.519861320773088664e-06
-2.850000000000000103e-03,-4.475147000000000153e-02,1.880480445153875735e+01,1.880123989820228658e+01,3.564553336470765998e-03,1.880479991657606220e+01,4.534962695146305123e-06
-2.799999999999999972e-03,-4.297650000000000081e-02,1.880657942153875695e+01,1.880301091352113829e+01,3.568508017618654549e-03,1.880657487726254828e+01,4.544276208662267891e-06
-2.749999999999999840e-03,-4.123294999999999738e-02,1.880832297153875743e+01,1.880475058318842230e+01,3.572388350335131690e-03,1.880831842368403173e+01,4.547854725700517520e-06
-2.700000000000000143e-03,-3.952080000000000176e-02,1.881003512153876045e+01,1.880645890720414570e+01,3.576214334614746804e-03,1.881003055578857897e+01,4.565750181484418135e-06
-2.650000000000000012e-03,-3.784007000000000343e-02,1.881171585153875725e+01,1.880813588556830496e+01,3.579965970452292368e-03,1.881171127352520145e+01,4.578013555800453105e-06
-2.599999999999999881e-03,-3.619076000000000237e-02,1.881336516153875849e+01,1.880978151828090361e+01,3.583643257854873809e-03,1.881336057684383789e+01,4.584694920595211443e-06
-2.550000000000000183e-03,-3.457285999999999693e-02,1.881498306153875788e+01,1.881139580534193456e+01,3.587256196823318533e-03,1.881497846569536847e+01,4.595843389409992596e-06
-2.500000000000000052e-03,-3.298638000000000264e-02,1.881656954153875816e+01,1.881297874675140491e+01,3.590794787353246420e-03,1.881656494003160418e+01,4.601507153978445785e-06
-2.449999999999999921e-03,-3.143130999999999703e-02,1.881812461153876015e+01,1.881453034250931111e+01,3.594269029449037589e-03,1.881811999980529393e+01,4.611733466219902766e-06
-2.399999999999999790e-03,-2.990765000000000090e-02,1.881964827153876030e+01,1.881605059261565316e+01,3.597678923107139326e-03,1.881964364497012454e+01,4.626568635757166703e-06
-2.350000000000000092e-03,-2.841542000000000026e-02,1.882114050153875695e+01,1.881753949707043461e+01,3.601004468322344110e-03,1.882113587548071365e+01,4.626058043299963174e-06
-2.299999999999999961e-03,-2.695459000000000049e-02,1.882260133153875969e+01,1.881899705587364835e+01,3.604275665111345006e-03,1.882259669129262036e+01,4.640246139331338782e-06
-2.249999999999999830e-03,-2.552518000000000148e-02,1.882403074153875977e+01,1.882042326902530149e+01,3.607472513458276353e-03,1.882402609236233459e+01,4.649176425175483018e-06
-2.200000000000000133e-03,-2.412718999999999975e-02,1.882542873153875718e+01,1.882181813652539049e+01,3.610595013366690864e-03,1.882542407864728773e+01,4.652891469447695272e-06
-2.150000000000000001e-03,-2.276061000000000056e-02,1.882679531153875985e+01,1.882318165837391533e+01,3.613653164844521370e-03,1.882679065010583486e+01,4.661432924990549509e-06
-2.099999999999999870e-03,-2.142544000000000046e-02,1.882813048153875712e+01,1.882451383457087957e+01,3.616646967877557017e-03,1.882812580669727964e+01,4.674841477481095353e-06
-2.050000000000000173e-03,-2.012169000000000110e-02,1.882943423153875884e+01,1.882581466511627966e+01,3.619566422479181256e-03,1.882942954838185656e+01,4.683156902274276945e-06
-2.000000000000000042e-03,-1.884935999999999903e-02,1.883070656153875788e+01,1.882708415001011559e+01,3.622411528642288658e-03,1.883070187512073801e+01,4.686418019872462537e-06
-1.949999999999999910e-03,-1.760843999999999951e-02,1.883194748153875864e+01,1.882832228925238738e+01,3.625192286371259343e-03,1.883194278687602363e+01,4.694662735005294962e-06
-1.899999999999999996e-03,-1.639892999999999906e-02,1.883315699153875755e+01,1.882952908284309501e+01,3.627908695662540595e-03,1.883315228361076166e+01,4.707927995895033746e-06
-1.850000000000000082e-03,-1.522083999999999937e-02,1.883433508153875735e+01,1.883070453078224205e+01,3.630550756515305011e-03,1.883433036528892401e+01,4.716249833336405572e-06
-1.799999999999999951e-03,-1.407417000000000043e-02,1.883548175153875803e+01,1.883184863306982493e+01,3.633118468933105305e-03,1.883547703187542766e+01,4.719663330376988597e-06
-1.750000000000000036e-03,-1.295891000000000057e-02,1.883659701153876043e+01,1.883296138970584366e+01,3.635621832916768881e-03,1.883659228333611679e+01,4.728202643633494517e-06
-1.699999999999999905e-03,-1.187506999999999972e-02,1.883768085153876015e+01,1.883404280069029824e+01,3.638050848461915621e-03,1.883767611963778066e+01,4.731900979493275372e-06
-1.649999999999999991e-03,-1.082263999999999969e-02,1.883873328153875804e+01,1.883509286602319222e+01,3.640415515565820215e-03,1.883872854074813219e+01,4.740790625845647810e-06
-1.600000000000000077e-03,-9.801628999999999203e-03,1.883975429253876044e+01,1.883611158570452204e+01,3.642706834238396141e-03,1.883974954663583290e+01,4.745902927538736549e-06
-1.549999999999999946e-03,-8.812031999999999157e-03,1.884074388953875712e+01,1.883709895973428772e+01,3.644929804469398960e-03,1.884073913727047511e+01,4.752268282004479261e-06
-1.500000000000000031e-03,-7.853851000000000235e-03,1.884170207053875856e+01,1.883805498811248924e+01,3.647082426269321331e-03,1.884169731262257841e+01,4.757916180153642927e-06
-1.449999999999999900e-03,-6.927085000000000360e-03,1.884262883653875775e+01,1.883897967083912661e+01,3.649165699631140569e-03,1.884262407266361450e+01,4.763875143254381328e-06
-1.399999999999999986e-03,-6.031734999999999874e-03,1.884352418653875816e+01,1.883987300791420338e+01,3.651178624554773933e-03,1.884351941736597524e+01,4.769172782914665731e-06
-1.350000000000000071e-03,-5.167800000000000171e-03,1.884438812153875986e+01,1.884073499933771600e+01,3.653122201043856876e-03,1.884438334670299398e+01,4.774835765886109584e-06
-1.299999999999999940e-03,-4.335280999999999857e-03,1.884522064053875923e+01,1.884156564510966447e+01,3.654995429094753945e-03,1.884521586064894549e+01,4.779889813733007031e-06
-1.250000000000000026e-03,-3.534177999999999799e-03,1.884602174353875981e+01,1.884236494523004879e+01,3.656798308711017853e-03,1.884601695917903186e+01,4.784359727949549779e-06
-1.199999999999999895e-03,-2.764490000000000090e-03,1.884679143153875813e+01,1.884313289969887251e+01,3.658531839885625914e-03,1.884678664226939304e+01,4.789269365090831343e-06
-1.149999999999999981e-03,-2.026216999999999862e-03,1.884752970453875776e+01,1.884386950851613207e+01,3.660196022625683554e-03,1.884752490989710694e+01,4.794641650818221024e-06
-1.100000000000000066e-03,-1.319361000000000015e-03,1.884823656053875851e+01,1.884457477168182749e+01,3.661788856931025293e-03,1.884823176204018580e+01,4.798498572711196175e-06
-1.049999999999999935e-03,-6.439199999999999742e-04,1.884891200153875701e+01,1.884524868919595875e+01,3.663312342798263899e-03,1.884890719867757980e+01,4.802861177211070753e-06
-1.000000000000000021e-03,1.051345999999999996e-07,1.884955602667335839e+01,1.884589126105852586e+01,3.664765614832532492e-03,1.884955121978916992e+01,4.806884188468529828e-06
-9.499999999999999981e-04,6.127145000000000508e-04,1.885016863603875947e+01,1.884650248726953237e+01,3.666148769227106641e-03,1.885016382535577506e+01,4.810682984413006125e-06
-8.999999999999999754e-04,1.193908000000000035e-03,1.885074982953875988e+01,1.884708236782897472e+01,3.667461709785158064e-03,1.885074501535915203e+01,4.814179607848245723e-06
-8.499999999999999526e-04,1.743685999999999934e-03,1.885129960753875977e+01,1.884763090273685293e+01,3.668704801906841340e-03,1.885129478978199202e+01,4.817756767749870050e-06
-8.000000000000000383e-04,2.262048000000000010e-03,1.885181796953875732e+01,1.884814809199316699e+01,3.669877545590338741e-03,1.885181314860792057e+01,4.820930836757497673e-06
-7.500000000000000156e-04,2.748993999999999830e-03,1.885230491553875964e+01,1.884863393559792044e+01,3.670979940839202982e-03,1.885230009182149757e+01,4.823717262070204015e-06
-6.999999999999999929e-04,3.204525000000000168e-03,1.885276044653875971e+01,1.884908843355110974e+01,3.672012987649964089e-03,1.885275561940822442e+01,4.827130535289825275e-06
-6.499999999999999702e-04,3.628638999999999910e-03,1.885318456053875735e+01,1.884951158585273490e+01,3.672974686022456581e-03,1.885317973135453329e+01,4.829184224064420050e-06
-5.999999999999999474e-04,4.021338000000000169e-03,1.885357725953875985e+01,1.884990339250279590e+01,3.673867035963951366e-03,1.885357242764779073e+01,4.831890969114738255e-06
-5.500000000000000331e-04,4.382620999999999739e-03,1.885393854253876000e+01,1.885026385350129274e+01,3.674689037467260277e-03,1.885393370827630477e+01,4.834262455233329092e-06
-5.000000000000000104e-04,4.712487999999999920e-03,1.885426840953875782e+01,1.885059296884822899e+01,3.675440690528830601e-03,1.885426357322931423e+01,4.836309443589925650e-06
-4.499999999999999877e-04,5.010938999999999845e-03,1.885456686053876041e+01,1.885089073854360109e+01,3.676121995159320477e-03,1.885456202249699587e+01,4.838041764543277168e-06
-4.000000000000000192e-04,5.277974999999999854e-03,1.885483389653875719e+01,1.885115716258740903e+01,3.676733951348154505e-03,1.885482905607046078e+01,4.840468296407607340e-06
-3.499999999999999964e-04,5.513594000000000134e-03,1.885506951553875865e+01,1.885139224097965283e+01,3.677274559105825347e-03,1.885506467394175445e+01,4.841597004201503296e-06
-2.999999999999999737e-04,5.717797999999999631e-03,1.885527371953875786e+01,1.885159597372033602e+01,3.677745818421840340e-03,1.885526887610386737e+01,4.843434890489106692e-06
-2.500000000000000052e-04,5.890585000000000265e-03,1.885544650653875820e+01,1.885176836080945506e+01,3.678145729303139433e-03,1.885544166255071019e+01,4.843988048008895930e-06
-2.000000000000000096e-04,6.031957000000000117e-03,1.885558787853875984e+01,1.885190940224700995e+01,3.678476291749888105e-03,1.885558303327714214e+01,4.845261617703044976e-06
-1.499999999999999869e-04,6.141912000000000239e-03,1.885569783353875906e+01,1.885201909803300069e+01,3.678735505758368163e-03,1.885569298827894968e+01,4.845259809371782467e-06
-1.000000000000000048e-04,6.220451999999999579e-03,1.885577637353875957e+01,1.885209744816742727e+01,3.678925371332297800e-03,1.885577152755286434e+01,4.845985895229887319e-06
-5.000000000000000240e-05,6.267576000000000397e-03,1.885582349753875775e+01,1.885214445265029326e+01,3.679044888464488849e-03,1.885581865109654132e+01,4.846442216432933492e-06
0.000000000000000000e+00,6.283284000000000091e-03,1.885583920553875714e+01,1.885216011148159510e+01,3.679094057162046738e-03,1.885583435890858084e+01,4.846630176302824111e-06
5.000000000000000240e-05,6.267576000000000397e-03,1.885582349753875775e+01,1.885214442466133278e+01,3.679072877424971466e-03,1.885581865098851750e+01,4.846550240245051100e-06
1.000000000000000048e-04,6.220451999999999579e-03,1.885577637353875957e+01,1.885209739218950631e+01,3.678981349253263033e-03,1.885577152733681672e+01,4.846201942854122535e-06
1.499999999999999869e-04,6.141912000000000239e-03,1.885569783353875906e+01,1.885201901406611924e+01,3.678819472639816013e-03,1.885569298795488535e+01,4.845583873702707933e-06
2.000000000000000096e-04,6.031957000000000117e-03,1.885558787853875984e+01,1.885190929029116802e+01,3.678588247591818572e-03,1.885558303284506110e+01,4.845693698740660693e-06
2.500000000000000052e-04,5.890585000000000265e-03,1.885544650653875820e+01,1.885176822086465265e+01,3.678285674105552516e-03,1.885544166201061955e+01,4.844528138647774540e-06
2.999999999999999737e-04,5.717797999999999631e-03,1.885527371953875786e+01,1.885159580578657312e+01,3.677913752184736040e-03,1.885526887545577424e+01,4.844082983623820837e-06
3.499999999999999964e-04,5.513594000000000134e-03,1.885506951553875865e+01,1.885139204505693300e+01,3.677470481825650950e-03,1.885506467318566948e+01,4.842353089173911940e-06
4.000000000000000192e-04,5.277974999999999854e-03,1.885483389653875719e+01,1.885115693867572517e+01,3.676957863032015439e-03,1.885482905520639108e+01,4.841332366112283125e-06
4.499999999999999877e-04,5.010938999999999845e-03,1.885456686053876041e+01,1.885089048664295674e+01,3.676373895803664027e-03,1.885456202152495564e+01,4.839013804769365379e-06
5.000000000000000104e-04,4.712487999999999920e-03,1.885426840953875782e+01,1.885059268895862417e+01,3.675720580133656767e-03,1.885426357214931414e+01,4.837389443679285250e-06
5.500000000000000331e-04,4.382620999999999739e-03,1.885393854253876000e+01,1.885026354562273099e+01,3.674996916029016347e-03,1.885393370708835903e+01,4.835450400975105367e-06
5.999999999999999474e-04,4.021338000000000169e-03,1.885357725953875985e+01,1.884990305663527010e+01,3.674202903489742766e-03,1.885357242635191710e+01,4.833186842745362810e-06
6.499999999999999702e-04,3.628638999999999910e-03,1.885318456053875735e+01,1.884951122199624862e+01,3.673338542508730598e-03,1.885317972995074953e+01,4.830588007820324492e-06
6.999999999999999929e-04,3.204525000000000168e-03,1.885276044653875971e+01,1.884908804170566299e+01,3.672404833096720722e-03,1.885275561789654830e+01,4.828642211407441209e-06
7.500000000000000156e-04,2.748993999999999830e-03,1.885230491553875964e+01,1.884863351576351320e+01,3.671399775246442232e-03,1.885230009020195041e+01,4.825336809233249369e-06
8.000000000000000383e-04,2.262048000000000010e-03,1.885181796953875732e+01,1.884814764416980282e+01,3.670325368954507894e-03,1.885181314688052012e+01,4.822658237202404052e-06
8.499999999999999526e-04,1.743685999999999934e-03,1.885129960753875977e+01,1.884763042692452473e+01,3.669180614235045823e-03,1.885129478794676672e+01,4.819591993054928025e-06
8.999999999999999754e-04,1.193908000000000035e-03,1.885074982953875988e+01,1.884708186402768604e+01,3.667965511073845164e-03,1.885074501341612319e+01,4.816122636697173220e-06
9.499999999999999981e-04,6.127145000000000508e-04,1.885016863603875947e+01,1.884650195547928320e+01,3.666680559476276358e-03,1.885016382330496754e+01,4.812733791936807393e-06
1.000000000000000021e-03,1.051345999999999996e-07,1.884955602667335839e+01,1.884589070127931976e+01,3.665325394038632112e-03,1.884955121763061214e+01,4.809042746245495437e-06
1.049999999999999935e-03,-6.439199999999999742e-04,1.884891200153875701e+01,1.884524810142778861e+01,3.663900110968398849e-03,1.884890719641130374e+01,4.805127453266777593e-06
1.100000000000000066e-03,-1.319361000000000015e-03,1.884823656053875851e+01,1.884457415592469687e+01,3.662404614061642860e-03,1.884823175966621989e+01,4.800872538623934815e-06
1.149999999999999981e-03,-2.026216999999999862e-03,1.884752970453875776e+01,1.884386886477004097e+01,3.660839768716783738e-03,1.884752490741547959e+01,4.797123278166282034e-06
1.199999999999999895e-03,-2.764490000000000090e-03,1.884679143153875813e+01,1.884313222796382448e+01,3.659203574933656000e-03,1.884678663968013979e+01,4.791858618347077936e-06
1.250000000000000026e-03,-3.534177999999999799e-03,1.884602174353875981e+01,1.884236424550604028e+01,3.657498032719530556e-03,1.884601695648218467e+01,4.787056575139558845e-06
1.299999999999999940e-03,-4.335280999999999857e-03,1.884522064053875923e+01,1.884156491739669548e+01,3.655723142063749265e-03,1.884521585784454700e+01,4.782694212224214425e-06
1.350000000000000071e-03,-5.167800000000000171e-03,1.884438812153875986e+01,1.884073424363578653e+01,3.653877902973334812e-03,1.884438334379107616e+01,4.777747683704092196e-06
1.399999999999999986e-03,-6.031734999999999874e-03,1.884352418653875816e+01,1.883987222422331342e+01,3.651962315444734486e-03,1.884351941434657718e+01,4.772192180979573095e-06
1.449999999999999900e-03,-6.927085000000000360e-03,1.884262883653875775e+01,1.883897885915927617e+01,3.649977379481583739e-03,1.884262406953677882e+01,4.767001978933649298e-06
1.500000000000000031e-03,-7.853851000000000235e-03,1.884170207053875856e+01,1.883805414844367832e+01,3.647922095080247118e-03,1.884169730938835130e+01,4.761150407261993678e-06
1.549999999999999946e-03,-8.812031999999999157e-03,1.884074388953875712e+01,1.883709809207651631e+01,3.645797462240807363e-03,1.884073913392889210e+01,4.755609865014776005e-06
1.600000000000000077e-03,-9.801628999999999203e-03,1.883975429253876044e+01,1.883611069005779015e+01,3.643602480970287161e-03,1.883974954318694373e+01,4.749351816712987784e-06
1.649999999999999991e-03,-1.082263999999999969e-02,1.883873328153875804e+01,1.883509194238749984e+01,3.641339151258193851e-03,1.883872853719197948e+01,4.744346778551289390e-06
1.699999999999999905e-03,-1.187506999999999972e-02,1.883768085153876015e+01,1.883404184906564538e+01,3.639002473114771874e-03,1.883767611597441061e+01,4.735564349545029472e-06
1.750000000000000036e-03,-1.295891000000000057e-02,1.883659701153876043e+01,1.883296041009223032e+01,3.636601446530107751e-03,1.883659227956558269e+01,4.731973177740655956e-06
1.799999999999999951e-03,-1.407417000000000043e-02,1.883548175153875803e+01,1.883184762546725111e+01,3.634126071506926792e-03,1.883547702799777923e+01,4.723540978801565871e-06
1.850000000000000082e-03,-1.522083999999999937e-02,1.883433508153875735e+01,1.883070349519070774e+01,3.631586348049609114e-03,1.883433036130421101e+01,4.720234546340407178e-06
1.899999999999999996e-03,-1.639892999999999906e-02,1.883315699153875755e+01,1.882952801926260022e+01,3.628972276157327315e-03,1.883315227951904092e+01,4.712019716635040822e-06
1.949999999999999910e-03,-1.760843999999999951e-02,1.883194748153875864e+01,1.882832119768293211e+01,3.626283855826528679e-03,1.883194278267734845e+01,4.698861410190602328e-06
2.000000000000000042e-03,-1.884935999999999903e-02,1.883070656153875788e+01,1.882708303045169984e+01,3.623531087058040612e-03,1.883070187081516167e+01,4.690723596212365010e-06
2.050000000000000173e-03,-2.012169000000000110e-02,1.882943423153875884e+01,1.882581351756890342e+01,3.620713969855415826e-03,1.882942954396943946e+01,4.687569319372641985e-06
2.099999999999999870e-03,-2.142544000000000046e-02,1.882813048153875712e+01,1.882451265903454285e+01,3.617822504214274204e-03,1.882812580217808218e+01,4.679360674941790421e-06
2.150000000000000001e-03,-2.276061000000000056e-02,1.882679531153875985e+01,1.882318045484862168e+01,3.614856690138168460e-03,1.882679064547991388e+01,4.666058845970155744e-06
2.200000000000000133e-03,-2.412718999999999975e-02,1.882542873153875718e+01,1.882181690501113280e+01,3.611826527624373284e-03,1.882542407391470718e+01,4.657624049997366456e-06
2.249999999999999830e-03,-2.552518000000000148e-02,1.882403074153875977e+01,1.882042200952208333e+01,3.608732016676441390e-03,1.882402608752315842e+01,4.654015601346372932e-06
2.299999999999999961e-03,-2.695459000000000049e-02,1.882260133153875969e+01,1.881899576838147325e+01,3.605563157286439946e-03,1.882259668634691252e+01,4.645191847174601207e-06
2.350000000000000092e-03,-2.841542000000000026e-02,1.882114050153875695e+01,1.881753818158929548e+01,3.602319949461474380e-03,1.882113587042854164e+01,4.631110215314038214e-06
2.399999999999999790e-03,-2.990765000000000090e-02,1.881964827153876030e+01,1.881604924914555710e+01,3.599022393203199499e-03,1.881964363981155586e+01,4.631727204440494461e-06
2.449999999999999921e-03,-3.143130999999999703e-02,1.881812461153876015e+01,1.881452897105025102e+01,3.595640488509133093e-03,1.881811999454039963e+01,4.616998360518209665e-06
2.500000000000000052e-03,-3.298638000000000264e-02,1.881656954153875816e+01,1.881297734730338433e+01,3.592194235373824540e-03,1.881656493466045177e+01,4.606878306390171929e-06
2.550000000000000183e-03,-3.457285999999999693e-02,1.881498306153875788e+01,1.881139437790495705e+01,3.588683633800826556e-03,1.881497846021802900e+01,4.601320728880864408e-06
2.599999999999999881e-03,-3.619076000000000237e-02,1.881336516153875849e+01,1.880978006285496207e+01,3.585098683796417163e-03,1.881336057126038952e+01,4.590278368965527989e-06
2.650000000000000012e-03,-3.784007000000000343e-02,1.881171585153875725e+01,1.880813440215340648e+01,3.581449385350765624e-03,1.881171126783571523e+01,4.583703042015940810e-06
2.700000000000000143e-03,-3.952080000000000176e-02,1.881003512153876045e+01,1.880645739580028675e+01,3.577725738473702677e-03,1.881003054999313306e+01,4.571545627385376065e-06
2.749999999999999840e-03,-4.123294999999999738e-02,1.880832297153875743e+01,1.880474904379560286e+01,3.573927743154570180e-03,1.880831841778270430e+01,4.553756053127244741e-06
2.799999999999999972e-03,-4.297650000000000081e-02,1.880657942153875695e+01,1.880300934613935482e+01,3.570075399402128369e-03,1.880657487125541749e+01,4.550283339455063469e-06
2.850000000000000103e-03,-4.475147000000000153e-02,1.880480445153875735e+01,1.880123830283154618e+01,3.566148707211169722e-03,1.880479991046320976e+01,4.541075547592754447e-06
2.899999999999999800e-03,-4.655785999999999952e-02,1.880299806153875863e+01,1.879943591387217339e+01,3.562147666585246952e-03,1.880299353545894547e+01,4.526079813160777121e-06
2.949999999999999931e-03,-4.839566000000000007e-02,1.880116026153875808e+01,1.879760217926123644e+01,3.558082277521634751e-03,1.880115574629642339e+01,4.515242334690583448e-06
3.000000000000000062e-03,-5.026487000000000316e-02,1.879929105153875923e+01,1.879573709899873535e+01,3.553952540023885831e-03,1.879928654303038726e+01,4.508508371969810469e-06
3.050000000000000194e-03,-5.216549999999999659e-02,1.879739042153875772e+01,1.879384067308467365e+01,3.549748454084067362e-03,1.879738592571650457e+01,4.495822253147707670e-06
3.099999999999999891e-03,-5.409755000000000119e-02,1.879545837153875709e+01,1.879191290151904425e+01,3.545470019712837484e-03,1.879545389441139136e+01,4.477127365731803366e-06
3.150000000000000022e-03,-5.606099999999999972e-02,1.879349492153875900e+01,1.878995378430185426e+01,3.541137236904745578e-03,1.879349044917258738e+01,4.472366171626163123e-06
3.200000000000000153e-03,-5.805587000000000247e-02,1.879150005153875824e+01,1.878796332143310011e+01,3.536730105658136836e-03,1.879149559005857384e+01,4.461480184403399107e-06
3.249999999999999851e-03,-6.008216000000000251e-02,1.878947376153875837e+01,1.878594151291278536e+01,3.532248625973011258e-03,1.878946931712876633e+01,4.444409992032660739e-06
3.299999999999999982e-03,-6.213985999999999815e-02,1.878741606153876020e+01,1.878388835874090290e+01,3.527702797857301675e-03,1.878741163044351836e+01,4.431095241841376264e-06
3.350000000000000113e-03,-6.422896999999999634e-02,1.878532695153876020e+01,1.878180385891745985e+01,3.523092621300349947e-03,1.878532253006411779e+01,4.421474642413159017e-06
3.399999999999999811e-03,-6.634950000000000570e-02,1.878320642153875752e+01,1.877968801344245264e+01,3.518408096304881383e-03,1.878320201605278683e+01,4.405485970693234776e-06
3.449999999999999942e-03,-6.850143999999999678e-02,1.878105448153876011e+01,1.877754082231588484e+01,3.513659222875276100e-03,1.878105008847268564e+01,4.393066074470652893e-06
3.500000000000000073e-03,-7.068478999999999735e-02,1.877887113153875731e+01,1.877536228553774933e+01,3.508846001007981386e-03,1.877886674738790518e+01,4.384150852132506770e-06
3.550000000000000204e-03,-7.289956000000000214e-02,1.877665636153875894e+01,1.877315240310805322e+01,3.503958430705722549e-03,1.877665199286347786e+01,4.368675281085643292e-06
3.599999999999999901e-03,-7.514574000000000253e-02,1.877441018153875874e+01,1.877091117502679296e+01,3.499006511965774280e-03,1.877440582496537402e+01,4.356573384711737162e-06
3.650000000000000033e-03,-7.742333999999999328e-02,1.877213258153875941e+01,1.876863860129396855e+01,3.493980244790861889e-03,1.877212824376048772e+01,4.337778271690240217e-06
3.700000000000000164e-03,-7.973234999999999351e-02,1.876982357153875824e+01,1.876633468190957998e+01,3.488889629178260066e-03,1.876981924931666157e+01,4.322222096675432113e-06
3.749999999999999861e-03,-8.207277000000000322e-02,1.876748315153875879e+01,1.876399941687363082e+01,3.483734665127968810e-03,1.876747884170266545e+01,4.309836093341345986e-06
3.799999999999999992e-03,-8.444459999999999467e-02,1.876511132153875749e+01,1.876163280618611751e+01,3.478515352639988123e-03,1.876510702098821071e+01,4.300550546787462736e-06
3.850000000000000124e-03,-8.684785000000000421e-02,1.876270807153875708e+01,1.875923484984704004e+01,3.473221691717043313e-03,1.876270378724393950e+01,4.284294817580303061e-06
3.899999999999999821e-03,-8.928250999999999549e-02,1.876027341153875838e+01,1.875680554785639842e+01,3.467863682359961786e-03,1.876026914054143191e+01,4.270997326472070199e-06
3.950000000000000386e-03,-9.174859000000000486e-02,1.875780733153875701e+01,1.875434490021419620e+01,3.462431324560810708e-03,1.875780308095320237e+01,4.250585554643748765e-06
4.000000000000000083e-03,-9.424607000000000123e-02,1.875530985153875818e+01,1.875185290692042983e+01,3.456944618328350316e-03,1.875530560855270679e+01,4.242986051394836977e-06
4.049999999999999781e-03,-9.677497000000000182e-02,1.875278095153876023e+01,1.874932956797509576e+01,3.451383563664478515e-03,1.875277672341432833e+01,4.228124431904234370e-06
4.100000000000000346e-03,-9.933529000000000664e-02,1.875022063153875962e+01,1.874677488337820463e+01,3.445748160554984452e-03,1.875021642561339164e+01,4.205925367983809338e-06
4.150000000000000043e-03,-1.019270000000000037e-01,1.874762892153875882e+01,1.874418885312974581e+01,3.440068409013008477e-03,1.874762471522615215e+01,4.206312606669371235e-06
4.199999999999999740e-03,-1.045501000000000069e-01,1.874500582153875783e+01,1.874157147722972638e+01,3.434344309031445164e-03,1.874500159232981034e+01,4.229208947492679727e-06
4.250000000000000305e-03,-1.072047000000000000e-01,1.874235122153875821e+01,1.873892275567814281e+01,3.428465860615403926e-03,1.874234705700248682e+01,4.164536271389351896e-06
4.300000000000000003e-03,-1.098906999999999939e-01,1.873966522153875758e+01,1.873624268847499508e+01,3.422533063762500660e-03,1.873966110932325435e+01,4.112215503226934743e-06
4.349999999999999700e-03,-1.126079999999999998e-01,1.873694792153875710e+01,1.873353127562028320e+01,3.416645918473903976e-03,1.873694374937210938e+01,4.172166647720132460e-06
4.400000000000000265e-03,-1.153567999999999955e-01,1.873419912153875799e+01,1.873078851711400716e+01,3.410604424750829367e-03,1.873419497722999338e+01,4.144308764608695128e-06
4.449999999999999963e-03,-1.181370000000000059e-01,1.873141892153875787e+01,1.872801441295617053e+01,3.404508582587340015e-03,1.873141479297877510e+01,4.128559982774504533e-06
4.499999999999999660e-03,-1.209486000000000033e-01,1.872860732153876029e+01,1.872520896314676975e+01,3.398358391990541350e-03,1.872860319670126117e+01,4.124837499119848871e-06
4.550000000000000225e-03,-1.237917000000000045e-01,1.872576422153875697e+01,1.872237216768580481e+01,3.392053852952159332e-03,1.872576018848119972e+01,4.033057557251140679e-06
4.599999999999999922e-03,-1.266661000000000037e-01,1.872288982153875736e+01,1.871950402657327928e+01,3.385794965478083896e-03,1.872288576840326613e+01,4.053135491233206267e-06
4.649999999999999620e-03,-1.295719999999999927e-01,1.871998392153875912e+01,1.871660453980918604e+01,3.379381729573083248e-03,1.871997993655308079e+01,3.984985678329167058e-06
4.700000000000000185e-03,-1.325091999999999937e-01,1.871704672153875748e+01,1.871367370739353220e+01,3.373014145225283755e-03,1.871704269301719137e+01,4.028521566112885921e-06
4.749999999999999882e-03,-1.354779000000000122e-01,1.871407802153875721e+01,1.871071152932631421e+01,3.366492212443006338e-03,1.871407403788308343e+01,3.983655673778230266e-06
4.799999999999999580e-03,-1.384779999999999900e-01,1.871107792153875948e+01,1.870771800560753562e+01,3.359915931223866892e-03,1.871107397123917693e+01,3.950299582555771849e-06
4.850000000000000144e-03,-1.415095000000000103e-01,1.870804642153875719e+01,1.870469313623718932e+01,3.353285301567865417e-03,1.870804249317483681e+01,3.928363920380206764e-06
4.899999999999999842e-03,-1.445723999999999898e-01,1.870498352153875743e+01,1.870163692121528243e+01,3.346600323475001915e-03,1.870497960378035174e+01,3.917758405691529333e-06
4.950000000000000407e-03,-1.476667000000000118e-01,1.870188922153876021e+01,1.869854936054181138e+01,3.339860996948829097e-03,1.870188530314695186e+01,3.918391808355181638e-06
5.000000000000000104e-03,-1.507923999999999931e-01,1.869876352153875843e+01,1.869543045421677618e+01,3.333067321982241538e-03,1.869875959136680166e+01,3.930171956767480879e-06
5.049999999999999802e-03,-1.539495999999999920e-01,1.869560632153875801e+01,1.869228020224018039e+01,3.326119298577623340e-03,1.869560246853300001e+01,3.853005758003291703e-06
5.100000000000000366e-03,-1.571381000000000028e-01,1.869241782153875775e+01,1.868909860461201689e+01,3.319216926740864437e-03,1.869241393473958723e+01,3.886799170516042068e-06
5.150000000000000064e-03,-1.603581000000000034e-01,1.868919782153875886e+01,1.868588566133229278e+01,3.312160206466074897e-03,1.868919399008153448e+01,3.831457224379164472e-06
5.199999999999999761e-03,-1.636094999999999910e-01,1.868594642153875895e+01,1.868264137240100453e+01,3.305049137754423327e-03,1.868594263465474725e+01,3.786884011702795760e-06
5.250000000000000326e-03,-1.668921999999999906e-01,1.868266372153875921e+01,1.867936573781815213e+01,3.297983720607078340e-03,1.868265986855606897e+01,3.852982690233375251e-06
5.300000000000000024e-03,-1.702064000000000077e-01,1.867934952153875727e+01,1.867605875758373912e+01,3.290763955018150000e-03,1.867934569188327742e+01,3.829655479847815513e-06
5.349999999999999721e-03,-1.735520000000000118e-01,1.867600392153875788e+01,1.867272043169776197e+01,3.283489840995912346e-03,1.867600010473509187e+01,3.816803666012447138e-06
5.400000000000000286e-03,-1.769291000000000058e-01,1.867262682153875986e+01,1.866935076016022066e+01,3.276061378539196767e-03,1.867262310721115526e+01,3.714327604598111066e-06
5.449999999999999983e-03,-1.803375000000000117e-01,1.866921842153875843e+01,1.866594974297111520e+01,3.268678567643235056e-03,1.866921469941206269e+01,3.722126695748784186e-06
5.499999999999999681e-03,-1.837773000000000045e-01,1.866577862153875955e+01,1.866251738013044559e+01,3.261241408313964030e-03,1.866577488143932939e+01,3.740099430160626071e-06
5.550000000000000246e-03,-1.872485999999999873e-01,1.866230732153875849e+01,1.865905367163821538e+01,3.253649900543109652e-03,1.866230365339541208e+01,3.668143346402530369e-06
5.599999999999999943e-03,-1.907512000000000096e-01,1.865880472153875758e+01,1.865555861749442101e+01,3.246104044336561856e-03,1.865880101538370894e+01,3.706155048632808757e-06
5.649999999999999641e-03,-1.942852999999999941e-01,1.865527062153875804e+01,1.865203221769906250e+01,3.238403839695536135e-03,1.865526696750854185e+01,3.654030216182491131e-06
5.700000000000000205e-03,-1.978507999999999933e-01,1.865170512153875748e+01,1.864847447225213983e+01,3.230649286617648386e-03,1.865170150987518483e+01,3.611663572655743337e-06
5.749999999999999903e-03,-2.014477000000000073e-01,1.864810822153875947e+01,1.864488538115365657e+01,3.222840385102898608e-03,1.864810464258982847e+01,3.578948930993419708e-06
5.799999999999999600e-03,-2.050760000000000083e-01,1.864447992153876044e+01,1.864126494440360915e+01,3.214977135151286802e-03,1.864447636575961198e+01,3.555779148456394978e-06
5.850000000000000165e-03,-2.087356999999999962e-01,1.864082022153876039e+01,1.863761316200199758e+01,3.207059536762812968e-03,1.864081667949260535e+01,3.542046155047273714e-06
5.899999999999999863e-03,-2.124267999999999990e-01,1.863712912153875934e+01,1.863393003394882186e+01,3.199087589937477105e-03,1.863712558389782004e+01,3.537640939299535603e-06
5.950000000000000427e-03,-2.161492999999999887e-01,1.863340662153875726e+01,1.863021556024408198e+01,3.191061294675279214e-03,1.863340307908519478e+01,3.542453562488390162e-06
6.000000000000000125e-03,-2.199031999999999931e-01,1.862965272153875773e+01,1.862646974088778151e+01,3.182980650976219295e-03,1.862964916516560621e+01,3.556373151525349385e-06
6.049999999999999822e-03,-2.236885999999999874e-01,1.862586732153875957e+01,1.862269257587991689e+01,3.174745658842681451e-03,1.862586384225087599e+01,3.479287883578763285e-06
6.100000000000000387e-03,-2.275052999999999936e-01,1.862205062153875801e+01,1.861888406522048811e+01,3.166556318269897474e-03,1.862204711045374594e+01,3.511085012064540933e-06
6.150000000000000085e-03,-2.313534999999999897e-01,1.861820242153875782e+01,1.861504420890949518e+01,3.158212629262635573e-03,1.861819896988790646e+01,3.451650851360454908e-06
6.199999999999999782e-03,-2.352331000000000005e-01,1.861432282153876017e+01,1.861117300694694165e+01,3.149814591818511644e-03,1.861431942066797518e+01,3.400870784986409490e-06
6.250000000000000347e-03,-2.391440999999999983e-01,1.861041182153875795e+01,1.860727045933282042e+01,3.141362205937525687e-03,1.861040846290951123e+01,3.358629246719146977e-06
6.300000000000000044e-03,-2.430864000000000080e-01,1.860646952153875944e+01,1.860333656606713859e+01,3.132955471620846311e-03,1.860646609672900453e+01,3.424809754903890280e-06
6.349999999999999742e-03,-2.470602000000000076e-01,1.860249572153875874e+01,1.859937132714989616e+01,3.124394388862583583e-03,1.860249232224388649e+01,3.399294872252767163e-06
6.400000000000000307e-03,-2.510653999999999941e-01,1.859849052153875704e+01,1.859537474258108602e+01,3.115778957671011540e-03,1.859848713957251931e+01,3.381966237725464453e-06
6.450000000000000004e-03,-2.551020999999999983e-01,1.859445382153876025e+01,1.859134681236071529e+01,3.107009178044961573e-03,1.859445054883420312e+01,3.272704557133465642e-06
6.499999999999999702e-03,-2.591701000000000144e-01,1.859038582153876007e+01,1.858728753648878040e+01,3.098285049979665473e-03,1.859038255014917240e+01,3.271389587666817533e-06
6.550000000000000266e-03,-2.632694999999999896e-01,1.858628642153875887e+01,1.858319691496528137e+01,3.089506573477507345e-03,1.858628314363859957e+01,3.277900159304181216e-06
6.599999999999999964e-03,-2.674002999999999797e-01,1.858215562153876022e+01,1.857907494779021818e+01,3.080673748542039903e-03,1.858215232942458783e+01,3.292114172381843673e-06
6.649999999999999661e-03,-2.715625999999999873e-01,1.857799332153875937e+01,1.857492163496359439e+01,3.071686575164989108e-03,1.857799010763018188e+01,3.213908577492929908e-06
6.700000000000000226e-03,-2.757562000000000069e-01,1.857379972153875869e+01,1.857073697648540289e+01,3.062745053355797609e-03,1.857379647837936076e+01,3.243159397925410303e-06
6.749999999999999924e-03,-2.799812999999999885e-01,1.856957462153875937e+01,1.856652097235565080e+01,3.053649183108575471e-03,1.856957144179703434e+01,3.179741725034546107e-06
6.799999999999999621e-03,-2.842377999999999849e-01,1.856531812153875904e+01,1.856227362257433811e+01,3.044498964420938592e-03,1.856531499800905394e+01,3.123529705106875554e-06
6.850000000000000186e-03,-2.885255999999999932e-01,1.856103032153875887e+01,1.855799492714145771e+01,3.035394397301161007e-03,1.856102714714220525e+01,3.174396553617953032e-06
6.899999999999999883e-03,-2.928449000000000191e-01,1.855671102153876006e+01,1.855368488605701671e+01,3.026135481743352784e-03,1.855670788932420479e+01,3.132214555279233537e-06
6.949999999999999581e-03,-2.971956000000000042e-01,1.855236032153876025e+01,1.854934349932101156e+01,3.016822217748682533e-03,1.855235722468371407e+01,3.096855046180735371e-06
7.000000000000000146e-03,-3.015777000000000041e-01,1.854797822153875941e+01,1.854497076693344226e+01,3.007454605317150254e-03,1.854797515335032543e+01,3.068188433985596930e-06
7.049999999999999843e-03,-3.059912000000000187e-01,1.854356472153875757e+01,1.854056668889430881e+01,2.998032644448755946e-03,1.854356167545456202e+01,3.046084195545972761e-06
7.100000000000000408e-03,-3.104360999999999926e-01,1.853911982153875826e+01,1.853613126520361476e+01,2.988556335143499609e-03,1.853911679112788846e+01,3.030410869797606210e-06
7.150000000000000105e-03,-3.149123999999999812e-01,1.853464352153875794e+01,1.853166449586135300e+01,2.979025677404933958e-03,1.853464050050270373e+01,3.021036054207115740e-06
7.199999999999999803e-03,-3.194201999999999875e-01,1.853013572153875899e+01,1.852716638086753065e+01,2.969340671228337669e-03,1.853013280371234472e+01,2.917826414261526224e-06
7.250000000000000368e-03,-3.239593000000000056e-01,1.852559662153876019e+01,1.852263692022214769e+01,2.959701316612495248e-03,1.852559370089107915e+01,2.920647681037280563e-06
7.300000000000000065e-03,-3.285297999999999830e-01,1.852102612153876038e+01,1.851807611392519703e+01,2.950007613563343511e-03,1.852102319217411264e+01,2.929364647741294903e-06
7.349999999999999763e-03,-3.331317999999999779e-01,1.851642412153875838e+01,1.851348396197668578e+01,2.940159562072608423e-03,1.851642127769759227e+01,2.843841166111360508e-06
7.400000000000000328e-03,-3.377650999999999848e-01,1.851179082153876010e+01,1.850886046437661037e+01,2.930357162149732630e-03,1.851178795759858886e+01,2.863940171238255061e-06
7.450000000000000025e-03,-3.424299000000000093e-01,1.850712602153875963e+01,1.850420562112497080e+01,2.920400413788826199e-03,1.850712323201511467e+01,2.789523644963765037e-06
7.499999999999999722e-03,-3.471259999999999901e-01,1.850242992153875932e+01,1.849951943222176709e+01,2.910489316992226350e-03,1.850242710108612698e+01,2.820452632334990994e-06
7.550000000000000287e-03,-3.518535999999999886e-01,1.849770232153876037e+01,1.849480189766700278e+01,2.900423871757595862e-03,1.849769956495150325e+01,2.756587257124465395e-06
7.599999999999999985e-03,-3.566124999999999989e-01,1.849294342153875803e+01,1.849005301746067076e+01,2.890404078087271955e-03,1.849294062375206238e+01,2.797786695651893751e-06
7.649999999999999682e-03,-3.614029000000000269e-01,1.848815302153875706e+01,1.848527279160278169e+01,2.880229935975364697e-03,1.848815027762956475e+01,2.743909192304272437e-06
7.700000000000000247e-03,-3.662247000000000141e-01,1.848333122153875863e+01,1.848046122009332493e+01,2.870001445433700837e-03,1.848332852672670157e+01,2.694812057058015853e-06
7.749999999999999944e-03,-3.710779000000000161e-01,1.847847802153875918e+01,1.847561830293230400e+01,2.859718606455174950e-03,1.847847537118709482e+01,2.650351664357231130e-06
7.799999999999999642e-03,-3.759624999999999773e-01,1.847359342153875872e+01,1.847074404011972248e+01,2.849381419036234320e-03,1.847359081115531154e+01,2.610383447176900518e-06
7.849999999999999339e-03,-3.808784000000000058e-01,1.846867752153875841e+01,1.846583843165557681e+01,2.839089883181600271e-03,1.846867484677684956e+01,2.674761908849632164e-06
7.900000000000000772e-03,-3.858257999999999965e-01,1.846373012153875948e+01,1.846090147753986699e+01,2.828643998892488298e-03,1.846372747819814464e+01,2.643340614838507463e-06
7.950000000000000469e-03,-3.908046000000000020e-01,1.845875132153875953e+01,1.845593317777259301e+01,2.818143766166514297e-03,1.845874870556656333e+01,2.615972196196025834e-06
8.000000000000000167e-03,-3.958148000000000222e-01,1.845374112153875856e+01,1.845093353235375844e+01,2.807589185000125553e-03,1.845373852903041012e+01,2.592508348442379429e-06
8.049999999999999864e-03,-4.008565000000000045e-01,1.844869942153875897e+01,1.844590254128335971e+01,2.796880255399258886e-03,1.844869694873893096e+01,2.472799828012739454e-06
8.099999999999999561e-03,-4.059294999999999987e-01,1.844362642153875953e+01,1.844084020456139683e+01,2.786216977362698799e-03,1.844362396484229905e+01,2.456696460484408817e-06
8.149999999999999259e-03,-4.110339000000000076e-01,1.843852202153875908e+01,1.843574652218786980e+01,2.775499350889276684e-03,1.843851957749162906e+01,2.444047130012449998e-06
8.200000000000000691e-03,-4.161696999999999758e-01,1.843338622153875761e+01,1.843062149416277862e+01,2.764727375978992541e-03,1.843338378683896650e+01,2.434699791109551370e-06
8.250000000000000389e-03,-4.213369000000000142e-01,1.842821902153875868e+01,1.842546512048612684e+01,2.753901052631846369e-03,1.842821659303729476e+01,2.428501463924703785e-06
8.300000000000000086e-03,-4.265355000000000119e-01,1.842302042153875874e+01,1.842027740115791090e+01,2.743020380847838169e-03,1.842301799624053871e+01,2.425298220032345853e-06
8.349999999999999784e-03,-4.317656000000000271e-01,1.841779032153876017e+01,1.841505833617813082e+01,2.731985360629352044e-03,1.841778799660355048e+01,2.324935209685463633e-06
8.399999999999999481e-03,-4.370269999999999988e-01,1.841252892153875820e+01,1.840980792554678658e+01,2.720995991971619787e-03,1.841252659428212013e+01,2.327256638068320171e-06
8.449999999999999178e-03,-4.423197999999999852e-01,1.840723612153875877e+01,1.840452616926388174e+01,2.709952274877025502e-03,1.840723378943297206e+01,2.332105786706506478e-06
8.500000000000000611e-03,-4.476440999999999892e-01,1.840191182153875715e+01,1.839921306732941275e+01,2.698754209344400579e-03,1.840190958221377215e+01,2.239324984998347645e-06
8.550000000000000308e-03,-4.529997000000000051e-01,1.839655622153875925e+01,1.839386861974337961e+01,2.687601795379634950e-03,1.839655397278312066e+01,2.248755638589727823e-06
8.600000000000000006e-03,-4.583866999999999803e-01,1.839116922153876033e+01,1.838849282650578232e+01,2.676395032978007293e-03,1.839116696130054507e+01,2.260238215257004413e-06
8.649999999999999703e-03,-4.638051999999999730e-01,1.838575072153875922e+01,1.838308568761662443e+01,2.665033922134796285e-03,1.838574854792651792e+01,2.173612241307409931e-06
8.699999999999999400e-03,-4.692549999999999777e-01,1.838030092153875827e+01,1.837764720307589883e+01,2.653718462859444571e-03,1.838029873282244253e+01,2.188716315743022278e-06
8.750000000000000833e-03,-4.747363000000000000e-01,1.837481962153875870e+01,1.837217737288361263e+01,2.642248655146062220e-03,1.837481751615066372e+01,2.105388094975069180e-06
8.800000000000000530e-03,-4.802488999999999786e-01,1.836930702153875927e+01,1.836667619703976229e+01,2.630824498996986449e-03,1.836930489807445355e+01,2.123464305725519807e-06
8.850000000000000228e-03,-4.857929999999999748e-01,1.836376292153875767e+01,1.836114367554435134e+01,2.619245994406327327e-03,1.836376087875802199e+01,2.042780735678206838e-06
8.899999999999999925e-03,-4.913683999999999830e-01,1.835818752153875977e+01,1.835557980839737269e+01,2.607713141387080213e-03,1.835818545836652405e+01,2.063172235722277037e-06
8.949999999999999623e-03,-4.969753000000000087e-01,1.835258062153875969e+01,1.834998459559883344e+01,2.596025939926249748e-03,1.835257863706603843e+01,1.984472721261454353e-06
8.999999999999999320e-03,-5.026135000000000463e-01,1.834694242153875976e+01,1.834435803714873003e+01,2.584384390029725864e-03,1.834694041502358175e+01,2.006515178010204181e-06
9.050000000000000752e-03,-5.082832000000000461e-01,1.834127272153875765e+01,1.833870013304706248e+01,2.572588491695171342e-03,1.834127079240711211e+01,1.929131645539428064e-06
9.100000000000000450e-03,-5.139842000000000022e-01,1.833557172153875925e+01,1.833301088329383433e+01,2.560838244924923401e-03,1.833556976938552197e+01,1.952153237283482667e-06
9.150000000000000147e-03,-5.197167000000000314e-01,1.832983922153875866e+01,1.832729028788904202e+01,2.548933649716644823e-03,1.832983734612863103e+01,1.875410127638588165e-06
9.199999999999999845e-03,-5.254805000000000170e-01,1.832407542153875823e+01,1.832153834683268201e+01,2.537074706076225539e-03,1.832407352280720758e+01,1.898731550653565137e-06
9.249999999999999542e-03,-5.312757999999999647e-01,1.831828012153875918e+01,1.831575506012476495e+01,2.525061413994222903e-03,1.831827829959294363e+01,1.821945815549952385e-06
9.299999999999999239e-03,-5.371023999999999798e-01,1.831245352153876027e+01,1.830994042776528019e+01,2.513093773480079562e-03,1.831245167665847617e+01,1.844880284096461764e-06
9.350000000000000672e-03,-5.429604999999999571e-01,1.830659542153875918e+01,1.830409444975423128e+01,2.500971784527905584e-03,1.830659365417737305e+01,1.767361386129095990e-06
9.400000000000000369e-03,-5.488499000000000017e-01,1.830070602153875825e+01,1.829821712609162176e+01,2.488895447136485473e-03,1.830070423232413646e+01,1.789214621794599225e-06
9.450000000000000067e-03,-5.547708000000000084e-01,1.829478512153875869e+01,1.829230845677744810e+01,2.476664761310587437e-03,1.829478341127420649e+01,1.710264552201579136e-06
9.499999999999999764e-03,-5.607229999999999714e-01,1.828883292153875928e+01,1.828636844181171384e+01,2.464479727045443269e-03,1.828883119120396472e+01,1.730334794558530120e-06
9.549999999999999462e-03,-5.667067000000000077e-01,1.828284922153875769e+01,1.828039708119441187e+01,2.452140344345821177e-03,1.828284757229071644e+01,1.649248041246664798e-06
9.599999999999999159e-03,-5.727217000000000002e-01,1.827683422153875981e+01,1.827439437492554930e+01,2.439846613210505666e-03,1.827683255471270840e+01,1.666826051405223552e-06
9.650000000000000591e-03,-5.787681999999999549e-01,1.827078772153875974e+01,1.826836032300512258e+01,2.427398533637159517e-03,1.827078613864912882e+01,1.582889630924455560e-06
9.700000000000000289e-03,-5.848459999999999770e-01,1.826470992153875983e+01,1.826229492543313171e+01,2.414996105628119949e-03,1.826470832428009317e+01,1.597258666663492477e-06
9.749999999999999986e-03,-5.909552999999999612e-01,1.825860062153875774e+01,1.825619818220957669e+01,2.402439329181049743e-03,1.825859911178665129e+01,1.509752106443329467e-06
9.799999999999999684e-03,-5.970959000000000128e-01,1.825246002153875935e+01,1.825007009333446106e+01,2.389928204298286119e-03,1.825245850135080161e+01,1.520187957737562101e-06
9.849999999999999381e-03,-6.032678999999999681e-01,1.824628802153875995e+01,1.824391065880778129e+01,2.377362730978660466e-03,1.824628649315546269e+01,1.528383297255686557e-06
9.900000000000000813e-03,-6.094713999999999965e-01,1.824008452153875837e+01,1.823771987862953736e+01,2.364642909221004174e-03,1.824008308738449813e+01,1.434154260238074130e-06
9.950000000000000511e-03,-6.157061999999999813e-01,1.823384972153876049e+01,1.823149775279972928e+01,2.351968739031207178e-03,1.823384828422270587e+01,1.437316054619941497e-06
1.000000000000000021e-02,-6.219723999999999808e-01,1.822758352153875805e+01,1.822524428131836061e+01,2.339240220397442727e-03,1.822758208385581824e+01,1.437682939808837546e-06
1.004999999999999991e-02,-6.282701000000000535e-01,1.822128582153875698e+01,1.821895946418542422e+01,2.326357353332753064e-03,1.822128448647050192e+01,1.335068255059468356e-06
1.009999999999999960e-02,-6.345990999999999715e-01,1.821495682153875961e+01,1.821264330140092724e+01,2.313520137832369983e-03,1.821495549225436150e+01,1.329284398110530674e-06
1.014999999999999930e-02,-6.409595000000000153e-01,1.820859642153875768e+01,1.820629579296486611e+01,2.300628573891572159e-03,1.820859510139593596e+01,1.320142821725767135e-06
1.020000000000000073e-02,-6.473512999999999629e-01,1.820220462153875829e+01,1.819991693887724438e+01,2.287682661513912308e-03,1.820220331408469860e+01,1.307454059684687309e-06
1.025000000000000043e-02,-6.537745000000000362e-01,1.819578142153875788e+01,1.819350673913805494e+01,2.274682400702943141e-03,1.819578013051106780e+01,1.291027690086821167e-06
1.030000000000000013e-02,-6.602291999999999605e-01,1.818932672153875885e+01,1.818706519374730490e+01,2.261527791453943337e-03,1.818932555086638203e+01,1.170672376815673488e-06
1.034999999999999983e-02,-6.667151999999999523e-01,1.818284072153875996e+01,1.818059230270499071e+01,2.248418833769250114e-03,1.818283957534292838e+01,1.146195831580598679e-06
1.039999999999999952e-02,-6.732325999999999588e-01,1.817632332153876007e+01,1.817408806601111237e+01,2.235255527647694862e-03,1.817632220413392119e+01,1.117404838879565432e-06
1.044999999999999922e-02,-6.797813999999999801e-01,1.816977452153875916e+01,1.816755248366567344e+01,2.222037873085724868e-03,1.816977343743351625e+01,1.084105242910027300e-06
1.050000000000000065e-02,-6.863614999999999577e-01,1.816319442153875841e+01,1.816098555566867034e+01,2.208865870088061456e-03,1.816319327543680373e+01,1.146101954674350054e-06
1.055000000000000035e-02,-6.929731000000000085e-01,1.815658282153875902e+01,1.815438728202010310e+01,2.195539518655920119e-03,1.815658171833980816e+01,1.103198950858086391e-06
1.060000000000000005e-02,-6.996160999999999630e-01,1.814993982153875862e+01,1.814775766271997171e+01,2.182158818786916754e-03,1.814993876633948844e+01,1.055199270183493354e-06
1.064999999999999974e-02,-7.062905000000000433e-01,1.814326542153875721e+01,1.814109669776827616e+01,2.168723770481051361e-03,1.814326441963374137e+01,1.001905015840520718e-06
1.069999999999999944e-02,-7.129963000000000273e-01,1.813655962153875834e+01,1.813440438716502001e+01,2.155234373738323939e-03,1.813655867842140168e+01,9.431173566554207355e-07
1.074999999999999914e-02,-7.197333999999999676e-01,1.812982252153875962e+01,1.812768073091019971e+01,2.141790628559903098e-03,1.812982154290223491e+01,9.786365247066441952e-07
1.080000000000000057e-02,-7.265019999999999811e-01,1.812305392153875871e+01,1.812092572900381526e+01,2.128192534943451619e-03,1.812305301327694096e+01,9.082618177558288153e-07
1.085000000000000027e-02,-7.333020000000000094e-01,1.811625392153876035e+01,1.811413938144586666e+01,2.114540092893690826e-03,1.811625308974716475e+01,8.317915956013166578e-07
1.089999999999999997e-02,-7.401332999999999940e-01,1.810942262153875859e+01,1.810732168823635391e+01,2.100933302404683900e-03,1.810942177251547847e+01,8.490232801250385819e-07
1.094999999999999966e-02,-7.469959999999999933e-01,1.810255992153875937e+01,1.810047264937528055e+01,2.087272163478814946e-03,1.810255906178539576e+01,8.597533636134357948e-07
1.099999999999999936e-02,-7.538901999999999548e-01,1.809566572153875796e+01,1.809359226486264305e+01,2.073456676114915354e-03,1.809566495776135397e+01,7.637774039892519795e-07
1.105000000000000079e-02,-7.608156999999999837e-01,1.808874022153876027e+01,1.808668053469844139e+01,2.059686840318875056e-03,1.808873946064874261e+01,7.608900176592214848e-07
1.110000000000000049e-02,-7.677726000000000273e-01,1.808178332153875800e+01,1.807973745888267914e+01,2.045862656078867303e-03,1.808178257065387839e+01,7.508848796078382293e-07
1.115000000000000019e-02,-7.747608999999999746e-01,1.807479502153875828e+01,1.807276303741534917e+01,2.031984123409102949e-03,1.807479428798401244e+01,7.335547458353630645e-07
1.119999999999999989e-02,-7.817806999999999951e-01,1.806777522153875992e+01,1.806575727029645861e+01,2.017951242301307957e-03,1.806777461284733377e+01,6.086914261516085389e-07
1.124999999999999958e-02,-7.888317000000000245e-01,1.806072422153875934e+01,1.805872015752600390e+01,2.004064012755435442e-03,1.806072354545296577e+01,6.760857935717012879e-07
1.129999999999999928e-02,-7.959142000000000161e-01,1.805364172153876012e+01,1.805165169910398504e+01,1.990022434775085003e-03,1.805364108601096973e+01,6.355277903935530048e-07
1.135000000000000071e-02,-8.030281000000000224e-01,1.804652782153875989e+01,1.804455189503040557e+01,1.975926508354319822e-03,1.804652723473234488e+01,5.868064150149621128e-07
1.140000000000000041e-02,-8.101734000000000435e-01,1.803938252153875865e+01,1.803742074530526196e+01,1.961776233496692612e-03,1.803938199182901769e+01,5.297097409595608042e-07
1.145000000000000011e-02,-8.173500999999999683e-01,1.803220582153875995e+01,1.803025824992855419e+01,1.947571610205756087e-03,1.803220535751385611e+01,4.640249038345700683e-07
1.149999999999999981e-02,-8.245580999999999605e-01,1.802499782153875785e+01,1.802306440890028227e+01,1.933412638475573431e-03,1.802499733200066245e+01,4.895380953939820756e-07
1.154999999999999950e-02,-8.317976000000000258e-01,1.801775832153875712e+01,1.801583922222044620e+01,1.919099318310912849e-03,1.801775791550418049e+01,4.060345766276896029e-07
1.159999999999999920e-02,-8.390684000000000475e-01,1.801048752153876009e+01,1.800858268988904953e+01,1.904831649710558850e-03,1.801048710824007770e+01,4.132986823890405503e-07
1.165000000000000063e-02,-8.463705999999999730e-01,1.800318532153875850e+01,1.800129481190608871e+01,1.890509632669790108e-03,1.800318491042496660e+01,4.111137918982876727e-07
1.170000000000000033e-02,-8.537042999999999715e-01,1.799585162153875828e+01,1.799397558827156374e+01,1.876033267194543441e-03,1.799585132227639406e+01,2.992623642228409153e-07
1.175000000000000003e-02,-8.610693000000000374e-01,1.798848662153875821e+01,1.798662501898547461e+01,1.861602553283603356e-03,1.798848634401284130e+01,2.775259169141008897e-07
1.179999999999999973e-02,-8.684657000000000071e-01,1.798109022153875713e+01,1.797924310404782489e+01,1.847117490932248529e-03,1.798108997585372393e+01,2.456850332066551346e-07
1.184999999999999942e-02,-8.758934999999999915e-01,1.797366242153875859e+01,1.797182984345860746e+01,1.832578080151137101e-03,1.797366221801939190e+01,2.035193666927170852e-07
1.190000000000000085e-02,-8.833526000000000433e-01,1.796620332153876021e+01,1.796438523721782943e+01,1.818084320930779541e-03,1.796620307073113665e+01,2.508076235585576796e-07
1.195000000000000055e-02,-8.908431999999999462e-01,1.795871272153875964e+01,1.795690928532548725e+01,1.803436213272391342e-03,1.795871253421118396e+01,1.873275756736347830e-07
1.200000000000000025e-02,-8.983651999999999749e-01,1.795119072153875805e+01,1.794940198778158447e+01,1.788733757173588401e-03,1.795119060868269045e+01,1.128560676022516418e-07
1.204999999999999995e-02,-9.059184999999999599e-01,1.794363742153876018e+01,1.794186334458611753e+01,1.774076952642644756e-03,1.794363729436975063e+01,1.271690095450139779e-07
1.209999999999999964e-02,-9.135031999999999597e-01,1.793605272153875774e+01,1.793429335573908290e+01,1.759365799674839081e-03,1.793605259149740050e+01,1.300413572380421101e-07
1.214999999999999934e-02,-9.211194000000000326e-01,1.792843652153876022e+01,1.792669202124048766e+01,1.744500298272555483e-03,1.792843650029159974e+01,2.124716047546826303e-08
1.220000000000000077e-02,-9.287668999999999508e-01,1.792078902153875930e+01,1.791905934109033183e+01,1.729680448427473038e-03,1.792078902097925663e+01,5.595026664195756894e-10
1.225000000000000047e-02,-9.364457999999999949e-01,1.791311012153875737e+01,1.791139531528860829e+01,1.714806250149081279e-03,1.791311015378820315e+01,-3.224944578050781274e-08
1.230000000000000017e-02,-9.441561000000000536e-01,1.790539982153875798e+01,1.790369994383532415e+01,1.699877703433827492e-03,1.790539989894721984e+01,-7.740846186266026052e-08
1.234999999999999987e-02,-9.518976999999999578e-01,1.789765822153875874e+01,1.789597322673047586e+01,1.684994808282880285e-03,1.789765825668601096e+01,-3.514725221975822933e-08
1.239999999999999956e-02,-9.596708000000000460e-01,1.788988512153875732e+01,1.788821516397406342e+01,1.669957564693902441e-03,1.788988522723522223e+01,-1.056964649137626111e-07
1.244999999999999926e-02,-9.674753000000000380e-01,1.788208062153875844e+01,1.788042575556609037e+01,1.654865972668062568e-03,1.788208081082643375e+01,-1.892876753117889166e-07
1.250000000000000069e-02,-9.753110999999999864e-01,1.787424482153875971e+01,1.787260500150654963e+01,1.639820032210081990e-03,1.787424500769216706e+01,-1.861534073555048963e-07
1.255000000000000039e-02,-9.831782999999999495e-01,1.786637762153875997e+01,1.786475290179544828e+01,1.624719743311686670e-03,1.786637781806586744e+01,-1.965271074766405945e-07
1.260000000000000009e-02,-9.910769000000000384e-01,1.785847902153875921e+01,1.785686945643278278e+01,1.609565105976429322e-03,1.785847924218192873e+01,-2.206431695128685533e-07
1.264999999999999979e-02,-9.990069000000000310e-01,1.785054902153875744e+01,1.784895466541855313e+01,1.594356120204309946e-03,1.785054928027566845e+01,-2.587369110074178025e-07
1.269999999999999948e-02,-1.006968000000000085e+00,1.784258792153875817e+01,1.784100852875276289e+01,1.579392785995281656e-03,1.784258793258334919e+01,-1.104459101952670608e-08
1.274999999999999918e-02,-1.014961000000000002e+00,1.783459492153875914e+01,1.783303104643540848e+01,1.563875103350653717e-03,1.783459519934216431e+01,-2.778034051686972816e-07
1.280000000000000061e-02,-1.022985000000000033e+00,1.782657092153876022e+01,1.782502221846648993e+01,1.548703072270285475e-03,1.782657108079024511e+01,-1.592514848880455247e-07
1.285000000000000031e-02,-1.031041000000000096e+00,1.781851492153875682e+01,1.781698204484600723e+01,1.532876692749596259e-03,1.781851557716666079e+01,-6.556279039671153441e-07
1.290000000000000001e-02,-1.039128000000000052e+00,1.781042792153875709e+01,1.780891052557396037e+01,1.517395964796719454e-03,1.781042868871140428e+01,-7.671726471869533270e-07
1.294999999999999971e-02,-1.047245999999999899e+00,1.780230992153875746e+01,1.780080766065035291e+01,1.502260888404549632e-03,1.780231041566542416e+01,-4.941266666946830810e-07
1.299999999999999940e-02,-1.055396000000000001e+00,1.779415992153875692e+01,1.779267345007518131e+01,1.486471463575611551e-03,1.779416075827058208e+01,-8.367318251600863732e-07
1.305000000000000084e-02,-1.063576999999999995e+00,1.778597892153876003e+01,1.778450789384844555e+01,1.471027690314485881e-03,1.778597971676969536e+01,-7.952309353242981160e-07
1.310000000000000053e-02,-1.071789000000000103e+00,1.777776692153875970e+01,1.777631099197014564e+01,1.455929568614067193e-03,1.777776729140650858e+01,-3.698677488728208118e-07
1.315000000000000023e-02,-1.080033000000000021e+00,1.776952292153875845e+01,1.776808274444028513e+01,1.440177098473327533e-03,1.776952348242569713e+01,-5.608869386719561589e-07
1.319999999999999993e-02,-1.088308000000000053e+00,1.776124792153875731e+01,1.775982315125885691e+01,1.424770279900400283e-03,1.776124829007287786e+01,-3.685341205539316434e-07
1.324999999999999963e-02,-1.096614999999999895e+00,1.775294092153875880e+01,1.775153221242587165e+01,1.408709112887152060e-03,1.775294171459460202e+01,-7.930558432178713701e-07
1.329999999999999932e-02,-1.104953000000000074e+00,1.774460292153875685e+01,1.774320992794131868e+01,1.392993597438163533e-03,1.774460375623836228e+01,-8.346996054342525895e-07
1.335000000000000075e-02,-1.113321999999999923e+00,1.773623392153875855e+01,1.773485629780520156e+01,1.377623733556987418e-03,1.773623441525257149e+01,-4.937138129434970324e-07
1.340000000000000045e-02,-1.121723000000000026e+00,1.772783292153875934e+01,1.772647132201752385e+01,1.361599521235490329e-03,1.772783369188659819e+01,-7.703478388521034503e-07
1.345000000000000015e-02,-1.130155000000000021e+00,1.771940092153876023e+01,1.771805500057828198e+01,1.345920960478252937e-03,1.771940158639073104e+01,-6.648519708107869519e-07
1.349999999999999985e-02,-1.138619000000000048e+00,1.771093692153876020e+01,1.770960733348747596e+01,1.329588051284247285e-03,1.771093809901620375e+01,-1.177477443548013980e-06
1.354999999999999954e-02,-1.147113999999999967e+00,1.770244192153876028e+01,1.770112832074510578e+01,1.313600793654501331e-03,1.770244323001517728e+01,-1.308476416994608371e-06
1.359999999999999924e-02,-1.155640000000000001e+00,1.769391592153876047e+01,1.769261796235117501e+01,1.297959187585462359e-03,1.769391697964075405e+01,-1.058101993578475231e-06
1.365000000000000067e-02,-1.164196999999999926e+00,1.768535892153875722e+01,1.768407625830567653e+01,1.282663233080683085e-03,1.768535934814697086e+01,-4.266082136439308670e-07
1.370000000000000037e-02,-1.172787000000000024e+00,1.767676892153875912e+01,1.767550320860861746e+01,1.265712930141660308e-03,1.767677033578880597e+01,-1.414250046849474529e-06
1.375000000000000007e-02,-1.181407000000000096e+00,1.766814892153875860e+01,1.766689881325999778e+01,1.250108278760819758e-03,1.766814994282215778e+01,-1.021283399182948415e-06
1.379999999999999977e-02,-1.190058999999999978e+00,1.765949692153875716e+01,1.765826307225981040e+01,1.233849278946763661e-03,1.765949816950388040e+01,-1.247965123241101537e-06
1.384999999999999946e-02,-1.198741999999999974e+00,1.765081392153875939e+01,1.764959598560806242e+01,1.217935930696967262e-03,1.765081501609174452e+01,-1.094552985136942880e-06
1.389999999999999916e-02,-1.207457000000000003e+00,1.764209892153875714e+01,1.764089755330474674e+01,1.201368234010402603e-03,1.764210048284447296e+01,-1.561305715824801155e-06
1.395000000000000059e-02,-1.216202000000000005e+00,1.763335392153875958e+01,1.763216777534987401e+01,1.186146188885572883e-03,1.763335457002171225e+01,-6.484829526698376867e-07
1.400000000000000029e-02,-1.224979999999999958e+00,1.762457592153876007e+01,1.762340665174343357e+01,1.169269795326499661e-03,1.762457727788405037e+01,-1.356345290304261653e-06
1.404999999999999999e-02,-1.233788000000000107e+00,1.761576792153875815e+01,1.761461418248543254e+01,1.153739053325608666e-03,1.761576860669300615e+01,-6.851542480035277549e-07
1.409999999999999969e-02,-1.242628999999999984e+00,1.760692692153875782e+01,1.760579036757586380e+01,1.136553962894026881e-03,1.760692855671104340e+01,-1.635172285574526541e-06
1.414999999999999938e-02,-1.251500000000000057e+00,1.759805592153875864e+01,1.759693520701473446e+01,1.120714524024180037e-03,1.759805712820155321e+01,-1.206662794572821440e-06
1.420000000000000082e-02,-1.260402999999999940e+00,1.758915292153875853e+01,1.758804870080204097e+01,1.104220736717564932e-03,1.758915432142886459e+01,-1.399890106057455341e-06
1.425000000000000051e-02,-1.269336999999999938e+00,1.758021892153875854e+01,1.757913084893778688e+01,1.088072600971656811e-03,1.758022013665824446e+01,-1.215119485920013176e-06
1.430000000000000021e-02,-1.278302999999999967e+00,1.757125292153875762e+01,1.757018165142196864e+01,1.071270116788980431e-03,1.757125457415589054e+01,-1.652617132918976495e-06
1.434999999999999991e-02,-1.287300000000000111e+00,1.756225592153875681e+01,1.756120110825458269e+01,1.054813284174116461e-03,1.756225763418894203e+01,-1.712650185226038957e-06
1.439999999999999961e-02,-1.296327999999999925e+00,1.755322792153875966e+01,1.755218921943563970e+01,1.038702103119959474e-03,1.755322931702546896e+01,-1.395486709299120776e-06
1.444999999999999930e-02,-1.305387999999999993e+00,1.754416792153875804e+01,1.754314598496512900e+01,1.021936573629034228e-03,1.754416962293447924e+01,-1.701395721198650790e-06
1.450000000000000074e-02,-1.314478999999999953e+00,1.753507692153876008e+01,1.753407140484305415e+01,1.005516695705921393e-03,1.753507855218591516e+01,-1.630647155081987876e-06
1.455000000000000043e-02,-1.323601000000000028e+00,1.752595492153875867e+01,1.752496547906941871e+01,9.894424693399628268e-04,1.752595610505066048e+01,-1.183511901814426892e-06
1.460000000000000013e-02,-1.332754999999999912e+00,1.751680092153875989e+01,1.751582820764421911e+01,9.727138945407887149e-04,1.751680228180052623e+01,-1.360261766336634537e-06
1.464999999999999983e-02,-1.341939999999999911e+00,1.750761592153875768e+01,1.750665959056745535e+01,9.563309713023215863e-04,1.750761708270826489e+01,-1.161169507213344332e-06
1.469999999999999953e-02,-1.351156999999999941e+00,1.749839892153875809e+01,1.749745962783913100e+01,9.392936996270861982e-04,1.749840050804755975e+01,-1.586508801665331703e-06
1.474999999999999922e-02,-1.360405000000000086e+00,1.748915092153875861e+01,1.748822831945924250e+01,9.226020795161105070e-04,1.748915255809303559e+01,-1.636554276984725220e-06
1.480000000000000066e-02,-1.369683999999999902e+00,1.747987192153875924e+01,1.747896566542778629e+01,9.062561109729472264e-04,1.747987323312024799e+01,-1.311581488749880009e-06
1.485000000000000035e-02,-1.378994999999999971e+00,1.747056092153875895e+01,1.746967166574476948e+01,8.892557939894629726e-04,1.747056253340569043e+01,-1.611866931483518783e-06
1.490000000000000005e-02,-1.388336999999999932e+00,1.746121892153875876e+01,1.746034632041019208e+01,8.726011285666857020e-04,1.746122045922679078e+01,-1.537688032016149009e-06
1.494999999999999975e-02,-1.397710999999999926e+00,1.745184492153875766e+01,1.745098962942404697e+01,8.552921147106928856e-04,1.745184701086191481e+01,-2.089323157150602128e-06
1.499999999999999944e-02,-1.407116000000000033e+00,1.744243992153876022e+01,1.744160159278634126e+01,8.383287524189597661e-04,1.744244218859036621e+01,-2.267051605997494335e-06
1.504999999999999914e-02,-1.416552000000000033e+00,1.743300392153875933e+01,1.743218221049707140e+01,8.217110416879336299e-04,1.743300599269237239e+01,-2.071153613059095733e-06
1.510000000000000057e-02,-1.426018999999999926e+00,1.742353692153875855e+01,1.742273148255623738e+01,8.054389825211671905e-04,1.742353842344911286e+01,-1.501910354306801310e-06
1.515000000000000027e-02,-1.435518000000000072e+00,1.741403792153875685e+01,1.741324940896384277e+01,7.885125749140797780e-04,1.741403948114269085e+01,-1.559603933998232606e-06
1.519999999999999997e-02,-1.445049000000000028e+00,1.740450692153875778e+01,1.740373598971988400e+01,7.709318188737768196e-04,1.740450916605615106e+01,-2.244517393279465978e-06
1.524999999999999967e-02,-1.454609999999999959e+00,1.739494592153875985e+01,1.739419122482436109e+01,7.546967143987615145e-04,1.739494747847347256e+01,-1.556934712709789892e-06
1.529999999999999936e-02,-1.464202999999999921e+00,1.738535292153875744e+01,1.738461511427727402e+01,7.378072614834252363e-04,1.738535441867956521e+01,-1.497140807771302207e-06
1.535000000000000080e-02,-1.473827999999999916e+00,1.737572792153875767e+01,1.737500765807862280e+01,7.202634601348734122e-04,1.737572998696028392e+01,-2.065421526253885531e-06
1.540000000000000049e-02,-1.483484000000000025e+00,1.736607192153875800e+01,1.736536885622840742e+01,7.030653103505812851e-04,1.736607418360241084e+01,-2.262063652835877292e-06
1.545000000000000019e-02,-1.493171000000000026e+00,1.735638492153875845e+01,1.735569870872663145e+01,6.862128121269961412e-04,1.735638700889366959e+01,-2.087354911139982505e-06
1.549999999999999989e-02,-1.502890000000000059e+00,1.734666592153875797e+01,1.734599721557329133e+01,6.687059654666427377e-04,1.734666846312271815e+01,-2.541583960180560098e-06
1.554999999999999959e-02,-1.512639000000000067e+00,1.733691692153875863e+01,1.733626437676839060e+01,6.525447703680242739e-04,1.733691854657914533e+01,-1.625040386699083683e-06
1.559999999999999928e-02,-1.522421000000000024e+00,1.732713492153875734e+01,1.732650019231192218e+01,6.347292268351623079e-04,1.732713725955348139e+01,-2.338014724045933690e-06
1.565000000000000072e-02,-1.532232999999999956e+00,1.731732292153875719e+01,1.731670466220389315e+01,6.182593348640352815e-04,1.731732460233719095e+01,-1.680798433767449751e-06
1.569999999999999868e-02,-1.542078000000000060e+00,1.730747792153875864e+01,1.730687778644429997e+01,6.001350944586647529e-04,1.730748057522267302e+01,-2.653683914388693665e-06
1.575000000000000011e-02,-1.551952999999999916e+00,1.729760292153875767e+01,1.729701956503314264e+01,5.833565056150291639e-04,1.729760517850326451e+01,-2.256964506841541152e-06
1.580000000000000154e-02,-1.561860000000000026e+00,1.728769592153875934e+01,1.728712999797042116e+01,5.659235683381780291e-04,1.728769841247323313e+01,-2.490934473797778992e-06
1.584999999999999951e-02,-1.571798000000000028e+00,1.727775792153875756e+01,1.727720908525613908e+01,5.488362826184811638e-04,1.727776027742778808e+01,-2.355889030525304406e-06
1.590000000000000094e-02,-1.581766999999999923e+00,1.726778892153875944e+01,1.726725682689028929e+01,5.320946484701494228e-04,1.726779077366306936e+01,-1.852124309920100131e-06
1.594999999999999890e-02,-1.591768000000000072e+00,1.725778792153875685e+01,1.725727322287287890e+01,5.146986658779439949e-04,1.725778990147615843e+01,-1.979937401586084889e-06
1.600000000000000033e-02,-1.601801000000000030e+00,1.724775492153875689e+01,1.724725827320390792e+01,4.966483348489703076e-04,1.724775766116506759e+01,-2.739626310699350142e-06
1.604999999999999830e-02,-1.611863999999999963e+00,1.723769192153875807e+01,1.723721197788336923e+01,4.799436553888369872e-04,1.723769405302874702e+01,-2.131489988954626824e-06
1.609999999999999973e-02,-1.621958999999999929e+00,1.722759692153875832e+01,1.722713433691126994e+01,4.625846274883826936e-04,1.722759907736707774e+01,-2.155828319416741579e-06
1.615000000000000116e-02,-1.632085999999999926e+00,1.721746992153875766e+01,1.721702535028760650e+01,4.445712511511601406e-04,1.721747273448088222e+01,-2.812942124563733159e-06
1.619999999999999912e-02,-1.642242999999999897e+00,1.720731292153875813e+01,1.720688501801237891e+01,4.279035263792252408e-04,1.720731502467192087e+01,-2.103133162734138750e-06
1.625000000000000056e-02,-1.652431999999999901e+00,1.719712392153875768e+01,1.719671334008558716e+01,4.105814531705220816e-04,1.719712594824288487e+01,-2.026704127189304927e-06
1.629999999999999852e-02,-1.662652999999999937e+00,1.718690292153875987e+01,1.718651031650723482e+01,3.926050315250506628e-04,1.718690550549739982e+01,-2.583958639945649338e-06
1.634999999999999995e-02,-1.672905000000000086e+00,1.717665092153875861e+01,1.717627594727731832e+01,3.749742614402862273e-04,1.717665369674002562e+01,-2.775201267013471806e-06
1.640000000000000138e-02,-1.683187999999999906e+00,1.716636792153875746e+01,1.716601023239583412e+01,3.576891429233342024e-04,1.716637052227626725e+01,-2.600737509794726066e-06
1.644999999999999934e-02,-1.693502999999999981e+00,1.715605292153875894e+01,1.715571317186279288e+01,3.397496759660612042e-04,1.715605598241256047e+01,-3.060873801530306082e-06
1.650000000000000078e-02,-1.703848999999999947e+00,1.714570692153876053e+01,1.714538476567818392e+01,3.221558605766006167e-04,1.714571007745627185e+01,-3.155917511321604252e-06
1.654999999999999874e-02,-1.714226000000000028e+00,1.713532992153875867e+01,1.713502501384201437e+01,3.049076967442942987e-04,1.713533280771570588e+01,-2.886176947214380561e-06
1.660000000000000017e-02,-1.724634000000000000e+00,1.712492192153875692e+01,1.712463391635428067e+01,2.880051844762476776e-04,1.712492417350010854e+01,-2.251961351618092522e-06
1.665000000000000160e-02,-1.735074999999999923e+00,1.711448092153876033e+01,1.711421147321498282e+01,2.694483237775102680e-04,1.711448417511965658e+01,-3.253580896256380584e-06
1.669999999999999957e-02,-1.745546000000000042e+00,1.710400992153875777e+01,1.710375768442412081e+01,2.522371146369550843e-04,1.710401281288546471e+01,-2.891346706945796541e-06
1.675000000000000100e-02,-1.756048999999999971e+00,1.709350692153875784e+01,1.709327254998169821e+01,2.343715570596316411e-04,1.709351008710957842e+01,-3.165570820584662215e-06
1.679999999999999896e-02,-1.766583000000000014e+00,1.708297292153875802e+01,1.708275606988771145e+01,2.168516510465678948e-04,1.708297599810498113e+01,-3.076566223114696186e-06
1.685000000000000039e-02,-1.777147999999999950e+00,1.707240792153875830e+01,1.707220824414216054e+01,1.996773965977638454e-04,1.707241054618559772e+01,-2.624646839421984623e-06
1.689999999999999836e-02,-1.787744999999999918e+00,1.706181092153875767e+01,1.706162907274504548e+01,1.818487937121915365e-04,1.706181373166628035e+01,-2.810127522678840251e-06
1.694999999999999979e-02,-1.798372999999999999e+00,1.705118292153875714e+01,1.705101855569636982e+01,1.643658423873262109e-04,1.705118555486282261e+01,-2.633324065470787900e-06
1.700000000000000122e-02,-1.809032999999999891e+00,1.704052292153875925e+01,1.704037669299612645e+01,1.462285426327980531e-04,1.704052601609195250e+01,-3.094553193250249024e-06
1.704999999999999918e-02,-1.819723999999999897e+00,1.702983192153875791e+01,1.702970348464432249e+01,1.284368944354241648e-04,1.702983511567133235e+01,-3.194132574435570859e-06
1.710000000000000062e-02,-1.830446000000000017e+00,1.701910992153876023e+01,1.701899893064095437e+01,1.109908978058626872e-04,1.701911285391955886e+01,-2.932380798625899843e-06
1.714999999999999858e-02,-1.841199999999999948e+00,1.700835592153875808e+01,1.700826303098602565e+01,9.289055273242752264e-05,1.700835923115616666e+01,-3.309617408575604713e-06
1.720000000000000001e-02,-1.851984999999999992e+00,1.699757092153875959e+01,1.699749578567952923e+01,7.513585923035748237e-05,1.699757424770162828e+01,-3.326162868688697927e-06
1.725000000000000144e-02,-1.862800999999999929e+00,1.698675492153875766e+01,1.698669719472147221e+01,5.772681728544171165e-05,1.698675790387734708e+01,-2.982338589418986885e-06
1.729999999999999941e-02,-1.873648999999999898e+00,1.697590692153875835e+01,1.697586725811185104e+01,3.966342690731039511e-05,1.697591020000566431e+01,-3.278466905953791866e-06
1.735000000000000084e-02,-1.884527999999999981e+00,1.696502792153875916e+01,1.696500597585066572e+01,2.194568809343877547e-05,1.696503113640985916e+01,-3.214871099999072612e-06
1.739999999999999880e-02,-1.895437999999999956e+00,1.695411792153876007e+01,1.695411334793791980e+01,4.573600840274139046e-06,1.695412071341414162e+01,-2.791875381547015422e-06
1.745000000000000023e-02,-1.906379999999999963e+00,1.694317592153876006e+01,1.694318937437360972e+01,-1.345283484965875687e-05,1.694317893134366315e+01,-3.009804903086887862e-06
1.750000000000000167e-02,-1.917353000000000085e+00,1.693220292153876017e+01,1.693223405515773194e+01,-3.113361897177924220e-05,1.693220579052450248e+01,-2.868985742310314890e-06
1.754999999999999963e-02,-1.928358000000000017e+00,1.692119792153875935e+01,1.692124739029029712e+01,-4.946875153777341438e-05,1.692120129128368688e+01,-3.369744927539386481e-06
1.760000000000000106e-02,-1.939394000000000062e+00,1.691016192153875863e+01,1.691022937977129459e+01,-6.745823253595517599e-05,1.691016543394916383e+01,-3.512410405193122642e-06
1.764999999999999902e-02,-1.950461000000000000e+00,1.689909492153875803e+01,1.689918002360073146e+01,-8.510206197342995438e-05,1.689909821884982932e+01,-3.297311071293052009e-06
1.770000000000000046e-02,-1.961559999999999970e+00,1.688799592153876006e+01,1.688809932177860063e+01,-1.034002398405675649e-04,1.688799964631551020e+01,-3.724776750146929771e-06
1.774999999999999842e-02,-1.972690000000000055e+00,1.687686592153875864e+01,1.687698727430491275e+01,-1.213527661541036196e-04,1.687686971667696767e+01,-3.795138209028436904e-06
1.779999999999999985e-02,-1.983851000000000031e+00,1.686570492153875733e+01,1.686584388117965716e+01,-1.389596408998272636e-04,1.686570843026589728e+01,-3.508727139944767259e-06
1.785000000000000128e-02,-1.995044000000000040e+00,1.685451192153875866e+01,1.685466914240283742e+01,-1.572208640787664535e-04,1.685451578741493606e+01,-3.865876177400195957e-06
1.789999999999999925e-02,-2.006267999999999940e+00,1.684328792153876009e+01,1.684346305797445709e+01,-1.751364356969986602e-04,1.684329178845765540e+01,-3.866918895312210225e-06
1.795000000000000068e-02,-2.017523000000000177e+00,1.683203292153875807e+01,1.683222562789451260e+01,-1.927063557545238837e-04,1.683203643372855396e+01,-3.512189795884523846e-06
1.799999999999999864e-02,-2.028810000000000002e+00,1.682074592153875869e+01,1.682095685216300396e+01,-2.109306242452646529e-04,1.682074972356307896e+01,-3.802024320265218194e-06
1.805000000000000007e-02,-2.040128000000000164e+00,1.680942792153875942e+01,1.680965673077993117e+01,-2.288092411717457253e-04,1.680943165829760133e+01,-3.736758841910159390e-06
1.810000000000000150e-02,-2.051477000000000217e+00,1.679807892153876026e+01,1.679832526374529778e+01,-2.463422065375198144e-04,1.679808223826943703e+01,-3.316730676772294828e-06
1.814999999999999947e-02,-2.062857999999999858e+00,1.678669792153876017e+01,1.678696245105910023e+01,-2.645295203400621631e-04,1.678670146381683637e+01,-3.542278076196225811e-06
1.820000000000000090e-02,-2.074269999999999836e+00,1.677528592153876019e+01,1.677556829272133854e+01,-2.823711825783448148e-04,1.677528933527897337e+01,-3.413740213176197358e-06
1.824999999999999886e-02,-2.085713999999999846e+00,1.676384192153875929e+01,1.676414278873201269e+01,-3.008671932533957261e-04,1.676384585299597774e+01,-3.931457218442346857e-06
1.830000000000000029e-02,-2.097189000000000192e+00,1.675236692153875850e+01,1.675268593909112624e+01,-3.190175523677396541e-04,1.675237101730889577e+01,-4.095770137269028055e-06
1.835000000000000173e-02,-2.108694999999999986e+00,1.674086092153875782e+01,1.674119774379867209e+01,-3.368222599142711715e-04,1.674086482855972591e+01,-3.907020968085817003e-06
1.839999999999999969e-02,-2.120232000000000117e+00,1.672932392153875725e+01,1.672967820285465734e+01,-3.542813159000957057e-04,1.672932728709139028e+01,-3.365552633027846241e-06
1.845000000000000112e-02,-2.131800999999999835e+00,1.671775492153875931e+01,1.671812731625907844e+01,-3.723947203191357858e-04,1.671775839324774893e+01,-3.471708989621902219e-06
1.849999999999999908e-02,-2.143400999999999890e+00,1.670615492153875792e+01,1.670654508401193894e+01,-3.901624731810215962e-04,1.670615814737359983e+01,-3.225834841913410855e-06
1.855000000000000052e-02,-2.155032999999999976e+00,1.669452292153875916e+01,1.669493150611323529e+01,-4.085845744761229525e-04,1.669452654981468243e+01,-3.628275923261981006e-06
1.859999999999999848e-02,-2.166695999999999955e+00,1.668285992153875696e+01,1.668328658256296393e+01,-4.266610242069646119e-04,1.668286360091765630e+01,-3.679378899335006281e-06
1.864999999999999991e-02,-2.178389999999999826e+00,1.667116592153875843e+01,1.667161031336113197e+01,-4.443918223735465745e-04,1.667116930103013317e+01,-3.379491374744247878e-06
1.870000000000000134e-02,-2.190116000000000174e+00,1.665943992153875897e+01,1.665990269850773942e+01,-4.627769689804495101e-04,1.665944365050064846e+01,-3.728961889493120907e-06
1.874999999999999931e-02,-2.201872999999999969e+00,1.664768292153875962e+01,1.664816373800277916e+01,-4.808164640195400352e-04,1.664768664967868261e+01,-3.728139922998252587e-06
1.880000000000000074e-02,-2.213661000000000101e+00,1.663589492153875682e+01,1.663639343184625830e+01,-4.985103075014762908e-04,1.663589829891464689e+01,-3.377375890067924047e-06
1.884999999999999870e-02,-2.225480999999999820e+00,1.662407492153876021e+01,1.662459178003817328e+01,-5.168584994130753785e-04,1.662407859855988335e+01,-3.677021123138501935e-06
1.890000000000000013e-02,-2.237331999999999876e+00,1.661222392153876015e+01,1.661275878257852412e+01,-5.348610397639674829e-04,1.661222754896667908e+01,-3.627427918928560757e-06
1.895000000000000157e-02,-2.249214999999999964e+00,1.660034092153875918e+01,1.660089443946731080e+01,-5.535179285516278469e-04,1.660034515048825554e+01,-4.228949496365430605e-06
1.899999999999999953e-02,-2.261127999999999805e+00,1.658842792153875934e+01,1.658899875070453689e+01,-5.708291657775532713e-04,1.658843140347876144e+01,-3.481940002103556253e-06
1.905000000000000096e-02,-2.273073999999999817e+00,1.657648192153875755e+01,1.657707171629019882e+01,-5.897947514412749115e-04,1.657648630829328695e+01,-4.386754529406289294e-06
1.909999999999999892e-02,-2.285050000000000026e+00,1.656450592153876045e+01,1.656511333622429660e+01,-6.074146855361561848e-04,1.656450986528786018e+01,-3.943749099732940522e-06
1.915000000000000036e-02,-2.297057999999999822e+00,1.655249792153875887e+01,1.655312361050683023e+01,-6.256889680713584312e-04,1.655250207481944358e+01,-4.153280684704441228e-06
1.919999999999999832e-02,-2.309096999999999955e+00,1.654045892153875741e+01,1.654110253913780326e+01,-6.436175990458536944e-04,1.654046293724593397e+01,-4.015707176563410030e-06
1.924999999999999975e-02,-2.321168000000000120e+00,1.652838792153875858e+01,1.652905012211721214e+01,-6.622005784535645034e-04,1.652839245292615900e+01,-4.531387400419362166e-06
1.930000000000000118e-02,-2.333269000000000037e+00,1.651628692153875733e+01,1.651696635944505331e+01,-6.794379062959876592e-04,1.651629062221989130e+01,-3.700681133977923309e-06
1.934999999999999915e-02,-2.345403000000000127e+00,1.650415292153875768e+01,1.650485125112133744e+01,-6.983295825797597445e-04,1.650415744548783792e+01,-4.523949080237343878e-06
1.940000000000000058e-02,-2.357566999999999968e+00,1.649198892153875917e+01,1.649270479714605386e+01,-7.158756072946914628e-04,1.649199292309162956e+01,-4.001552870391833494e-06
1.944999999999999854e-02,-2.369762999999999842e+00,1.647979292153875974e+01,1.648052699751920969e+01,-7.340759804499441543e-04,1.647979705539385265e+01,-4.133855092902649631e-06
1.949999999999999997e-02,-2.381990000000000052e+00,1.646756592153875687e+01,1.646831785224080136e+01,-7.519307020444898626e-04,1.646756984275801017e+01,-3.921219253300023411e-06
1.955000000000000140e-02,-2.394248999999999850e+00,1.645530692153876018e+01,1.645607736131082532e+01,-7.704397720651456893e-04,1.645531128554855016e+01,-4.364009789981082577e-06
1.959999999999999937e-02,-2.406538999999999984e+00,1.644301692153876004e+01,1.644380552472929224e+01,-7.886031905321999602e-04,1.644302138413085856e+01,-4.462592098519735373e-06
1.965000000000000080e-02,-2.418860000000000010e+00,1.643069592153876002e+01,1.643150234249619146e+01,-8.064209574314418205e-04,1.643070013887125214e+01,-4.217332492117975562e-06
1.969999999999999876e-02,-2.431213000000000068e+00,1.641834292153875907e+01,1.641916781461153008e+01,-8.248930727710046540e-04,1.641834755013698199e+01,-4.628598222922164496e-06
1.975000000000000019e-02,-2.443597000000000019e+00,1.640595892153875823e+01,1.640680194107530454e+01,-8.430195365463077906e-04,1.640596361829624072e+01,-4.696757482491875635e-06
1.980000000000000163e-02,-2.456011999999999862e+00,1.639354392153875750e+01,1.639440472188751485e+01,-8.608003487573512302e-04,1.639354834371815173e+01,-4.422179394225622673e-06
1.984999999999999959e-02,-2.468458000000000041e+00,1.638109792153876043e+01,1.638197615704816457e+01,-8.782355094041349730e-04,1.638110172677277632e+01,-3.805234015885616827e-06
1.990000000000000102e-02,-2.480935999999999808e+00,1.636861992153875889e+01,1.636951624655724657e+01,-8.963250184876869753e-04,1.636862376783111017e+01,-3.846292351283864264e-06
1.994999999999999898e-02,-2.493446000000000051e+00,1.635610992153875998e+01,1.635702499041476798e+01,-9.150688760080072370e-04,1.635611446726508689e+01,-4.545726326909971249e-06
2.000000000000000042e-02,-2.505986000000000047e+00,1.634356992153875865e+01,1.634450238862072524e+01,-9.324670819665925592e-04,1.634357382544757442e+01,-3.903908815772183516e-06
2.004999999999999838e-02,-2.518558000000000074e+00,1.633099792153875995e+01,1.633194844117512190e+01,-9.505196363619461408e-04,1.633100184275237510e+01,-3.921213615143415154e-06
2.009999999999999981e-02,-2.531162000000000134e+00,1.631839392153875679e+01,1.631936314807795085e+01,-9.692265391940679820e-04,1.631839851955422915e+01,-4.598015472367933398e-06
2.015000000000000124e-02,-2.543795999999999946e+00,1.630575992153875831e+01,1.630674650932921921e+01,-9.865877904609021698e-04,1.630576385622880764e+01,-3.934690049334221840e-06
2.019999999999999921e-02,-2.556461999999999790e+00,1.629309392153875891e+01,1.629409852492892341e+01,-1.004603390164504617e-03,1.629309785315273018e+01,-3.931613971275282893e-06
2.025000000000000064e-02,-2.569160000000000110e+00,1.628039592153875859e+01,1.628141919487706346e+01,-1.023273338304875324e-03,1.628040051070353300e+01,-4.589164774415621650e-06
2.029999999999999860e-02,-2.581888999999999879e+00,1.626766692153875837e+01,1.626870851917363936e+01,-1.041597634880986334e-03,1.626767182925970445e+01,-4.907720946079052737e-06
2.035000000000000003e-02,-2.594648999999999983e+00,1.625490692153875827e+01,1.625596649781865466e+01,-1.059576279896390361e-03,1.625491180920065659e+01,-4.887661898322903653e-06
2.040000000000000147e-02,-2.607439999999999980e+00,1.624211592153875827e+01,1.624319313081210581e+01,-1.077209273347534690e-03,1.624212045090675005e+01,-4.529367991779054137e-06
2.044999999999999943e-02,-2.620263000000000009e+00,1.622929292153875735e+01,1.623038841815399280e+01,-1.095496615235447280e-03,1.622929775475926917e+01,-4.833220511812896802e-06
2.050000000000000086e-02,-2.633116999999999930e+00,1.621643892153876010e+01,1.621755235984431565e+01,-1.113438305555547458e-03,1.621644372114043620e+01,-4.799601676097609015e-06
2.054999999999999882e-02,-2.646002000000000187e+00,1.620355392153875940e+01,1.620468495588307789e+01,-1.131034344318493368e-03,1.620355835043341841e+01,-4.428894659014304125e-06
2.060000000000000026e-02,-2.658919000000000032e+00,1.619063692153875778e+01,1.619178620627027243e+01,-1.149284731514654823e-03,1.619064164302230679e+01,-4.721483549019467318e-06
2.065000000000000169e-02,-2.671867000000000214e+00,1.617768892153875981e+01,1.617885611100590637e+01,-1.167189467146556581e-03,1.617769359929213024e+01,-4.677753370430082214e-06
2.069999999999999965e-02,-2.684845999999999844e+00,1.616470992153875841e+01,1.616589467008997971e+01,-1.184748551221304069e-03,1.616471421962886268e+01,-4.298090104271068412e-06
2.075000000000000108e-02,-2.697856999999999950e+00,1.615169892153875963e+01,1.615290188352248535e+01,-1.202961983725714390e-03,1.615170350441940528e+01,-4.582880645642717354e-06
2.079999999999999905e-02,-2.710898999999999948e+00,1.613865692153875742e+01,1.613987775130343039e+01,-1.220829764672970441e-03,1.613866145405159713e+01,-4.532512839716673625e-06
2.085000000000000048e-02,-2.723971999999999838e+00,1.612558392153875886e+01,1.612682227343280772e+01,-1.238351894048861368e-03,1.612558806891420815e+01,-4.147375449292667327e-06
2.089999999999999844e-02,-2.737077000000000204e+00,1.611247892153875938e+01,1.611373544991062801e+01,-1.256528371868625982e-03,1.611248334939695326e+01,-4.427858193878364546e-06
2.094999999999999987e-02,-2.750213000000000019e+00,1.609934292153876001e+01,1.610061728073688059e+01,-1.274359198120578185e-03,1.609934729589047464e+01,-4.374351714631075083e-06
2.100000000000000130e-02,-2.763380999999999865e+00,1.608617492153875972e+01,1.608746776591156902e+01,-1.292844372809298648e-03,1.608617990878635595e+01,-4.987247596233146396e-06
2.104999999999999927e-02,-2.776578999999999908e+00,1.607297692153876056e+01,1.607428690543469685e+01,-1.309983895936284171e-03,1.607298118847711521e+01,-4.266938354646754306e-06
2.110000000000000070e-02,-2.789808999999999983e+00,1.605974692153876049e+01,1.606107469930626053e+01,-1.327777767500037953e-03,1.605975113535620125e+01,-4.213817440756884025e-06
2.114999999999999866e-02,-2.803071000000000090e+00,1.604648492153875949e+01,1.604783114752626005e+01,-1.346225987500559995e-03,1.604648974981800436e+01,-4.828279244861732877e-06
2.120000000000000009e-02,-2.816364000000000090e+00,1.603319192153875861e+01,1.603455625009469898e+01,-1.364328555940375054e-03,1.603319703225785275e+01,-5.110719094147953001e-06
2.125000000000000153e-02,-2.829687999999999981e+00,1.601986792153875783e+01,1.602125000701157020e+01,-1.382085472812377702e-03,1.601987298307199836e+01,-5.061533240535709410e-06
2.129999999999999949e-02,-2.843043000000000209e+00,1.600651292153875715e+01,1.600791241827688083e+01,-1.399496738123673367e-03,1.600651760265764523e+01,-4.681118888072433037e-06
2.135000000000000092e-02,-2.856430000000000025e+00,1.599312592153875912e+01,1.599454348389062730e+01,-1.417562351868184578e-03,1.599313089141291577e+01,-4.969874156657283493e-06
2.139999999999999888e-02,-2.869848000000000177e+00,1.597970792153875763e+01,1.598114320385281317e+01,-1.435282314055541519e-03,1.597971284973688277e+01,-4.928198125142557728e-06
2.145000000000000032e-02,-2.883297000000000221e+00,1.596625892153875803e+01,1.596771157816343134e+01,-1.452656624673309693e-03,1.596626347802954626e+01,-4.556490788232281375e-06
2.149999999999999828e-02,-2.896777999999999853e+00,1.595277792153875929e+01,1.595424860682248891e+01,-1.470685283729622483e-03,1.595278277669184774e+01,-4.855153088456631849e-06
2.154999999999999971e-02,-2.910289999999999822e+00,1.593926592153875887e+01,1.594075428982998233e+01,-1.488368291223451934e-03,1.593927074612565775e+01,-4.824586898877214480e-06
2.160000000000000114e-02,-2.923833000000000126e+00,1.592572292153875857e+01,1.592722862718591159e+01,-1.505705647153021687e-03,1.592572738673378474e+01,-4.465195026170931669e-06
2.164999999999999911e-02,-2.937408000000000019e+00,1.591214792153875912e+01,1.591367161889027848e+01,-1.523697351519359700e-03,1.591215269891997863e+01,-4.777381219511767085e-06
2.170000000000000054e-02,-2.951013999999999804e+00,1.589854192153875800e+01,1.590008326494308122e+01,-1.541343404323214372e-03,1.589854668308891306e+01,-4.761550155052418631e-06
2.174999999999999850e-02,-2.964650999999999925e+00,1.588490492153875877e+01,1.588646356534432158e+01,-1.558643805562809348e-03,1.588490933964621377e+01,-4.418107454995379157e-06
2.179999999999999993e-02,-2.978320000000000078e+00,1.587123592153875862e+01,1.587281252009399779e+01,-1.576598555239172583e-03,1.587124066899842489e+01,-4.747459666276654389e-06
2.185000000000000137e-02,-2.992020000000000124e+00,1.585753592153875857e+01,1.585913012919211162e+01,-1.594207653353052478e-03,1.585754067155303737e+01,-4.750014278798175837e-06
2.189999999999999933e-02,-3.005751000000000062e+00,1.584380492153875863e+01,1.584541639263866131e+01,-1.611471099902672677e-03,1.584380934771847649e+01,-4.426179717853528928e-06
2.195000000000000076e-02,-3.019514000000000031e+00,1.583004192153875778e+01,1.583167131043364861e+01,-1.629388894890837491e-03,1.583004669790409835e+01,-4.776365340575239316e-06
2.199999999999999872e-02,-3.033307999999999893e+00,1.581624792153875880e+01,1.581789488257707177e+01,-1.646961038312966252e-03,1.581625272252020054e+01,-4.800981441732687927e-06
2.205000000000000016e-02,-3.047133000000000091e+00,1.580242292153875816e+01,1.580408710906893077e+01,-1.664187530172611673e-03,1.580242742197801320e+01,-4.500439255039623276e-06
2.210000000000000159e-02,-3.060989999999999878e+00,1.578856592153875837e+01,1.579024798990922740e+01,-1.682068370469025353e-03,1.578857079668969909e+01,-4.875150940719663595e-06
2.214999999999999955e-02,-3.074878000000000000e+00,1.577467792153875870e+01,1.577637752509795988e+01,-1.699603559201179337e-03,1.577468284706836599e+01,-4.925529607291423417e-06
2.220000000000000098e-02,-3.088797000000000015e+00,1.576075892153875913e+01,1.576247571463512998e+01,-1.716793096370849980e-03,1.576076357352804713e+01,-4.651989288007030154e-06
2.224999999999999895e-02,-3.102748000000000062e+00,1.574680792153875863e+01,1.574854255852073592e+01,-1.734636981977288883e-03,1.574681297648371725e+01,-5.054944958615692485e-06
2.230000000000000038e-02,-3.116730000000000000e+00,1.573282592153875825e+01,1.573457805675477950e+01,-1.752135216021244446e-03,1.573283105635128543e+01,-5.134812527174403840e-06
2.234999999999999834e-02,-3.130742999999999832e+00,1.571881292153875975e+01,1.572058220933725892e+01,-1.769287798499163955e-03,1.571881781354759866e+01,-4.892008838908168400e-06
2.239999999999999977e-02,3.138398000000000021e+00,1.570476861435917293e+01,1.570655501626817596e+01,-1.786401909003032529e-03,1.570477324849043121e+01,-4.634131258285378863e-06
2.245000000000000120e-02,3.124321999999999822e+00,1.569069261435917184e+01,1.569249647754752885e+01,-1.803863188357013314e-03,1.569069736159850237e+01,-4.747239330527008860e-06
2.249999999999999917e-02,3.110215000000000174e+00,1.567658561435917264e+01,1.567840659317531760e+01,-1.820978816144958046e-03,1.567659015329146754e+01,-4.538932294906317111e-06
2.255000000000000060e-02,3.096076000000000050e+00,1.566244661435917251e+01,1.566428536315154396e+01,-1.838748792371447394e-03,1.566245162398990765e+01,-5.009630735131054280e-06
2.259999999999999856e-02,3.081906000000000034e+00,1.564827661435917250e+01,1.565013278747620618e+01,-1.856173117033677045e-03,1.564828177411535037e+01,-5.159756177874896821e-06
2.264999999999999999e-02,3.067705000000000126e+00,1.563407561435917259e+01,1.563594886614930601e+01,-1.873251790133423356e-03,1.563408060409025246e+01,-4.989731079874104580e-06
2.270000000000000143e-02,3.053472000000000186e+00,1.561984261435917176e+01,1.562173359917084170e+01,-1.890984811669937926e-03,1.561984811433800857e+01,-5.499978836809304994e-06
2.274999999999999939e-02,3.039209000000000049e+00,1.560557961435917207e+01,1.560748698654081501e+01,-1.907372181642941200e-03,1.560558430528294949e+01,-4.690923777417310703e-06
2.280000000000000082e-02,3.024913999999999881e+00,1.559128461435917146e+01,1.559320902825922417e+01,-1.924413900052712734e-03,1.559128917735034037e+01,-4.562991168910457418e-06
2.284999999999999878e-02,3.010587000000000124e+00,1.557695761435917348e+01,1.557889972432607095e+01,-1.942109966897476170e-03,1.557696273096638251e+01,-5.116607209032508763e-06
2.290000000000000022e-02,2.996229000000000031e+00,1.556259961435917205e+01,1.556455907474135358e+01,-1.959460382181532623e-03,1.556260496655821157e+01,-5.352199039521110535e-06
2.295000000000000165e-02,2.981840000000000046e+00,1.554821061435917251e+01,1.555018707950507206e+01,-1.976465145899553022e-03,1.554821588455390291e+01,-5.270194730400135086e-06
2.299999999999999961e-02,2.967420000000000169e+00,1.553379061435917308e+01,1.553578373861722817e+01,-1.993124258055090081e-03,1.553379548538246446e+01,-4.871023291386222809e-06
2.305000000000000104e-02,2.952967999999999815e+00,1.551933861435917272e+01,1.552134905207782012e+01,-2.010437718647395400e-03,1.551934376947384031e+01,-5.155114667587668009e-06
2.309999999999999901e-02,2.938485000000000014e+00,1.550485561435917248e+01,1.550688301988684970e+01,-2.027405527677217378e-03,1.550486073725890890e+01,-5.122899736420549743e-06
2.315000000000000044e-02,2.923970999999999876e+00,1.549034161435917234e+01,1.549238564204431512e+01,-2.044027685142779660e-03,1.549034638916948659e+01,-4.774810314245314657e-06
2.319999999999999840e-02,2.909425000000000150e+00,1.547579561435917306e+01,1.547785691855021817e+01,-2.061304191045110201e-03,1.547580072563832587e+01,-5.111279152814063309e-06
2.324999999999999983e-02,2.894848000000000088e+00,1.546121861435917211e+01,1.546329684940455707e+01,-2.078235045384957402e-03,1.546122374709911007e+01,-5.132739937963037846e-06
2.330000000000000127e-02,2.880240000000000133e+00,1.544661061435917304e+01,1.544870543460733359e+01,-2.094820248160544907e-03,1.544661545398646396e+01,-4.839627290920134328e-06
2.334999999999999923e-02,2.865600000000000147e+00,1.543197061435917306e+01,1.543408267415854596e+01,-2.112059799372900670e-03,1.543197584673594847e+01,-5.232376775410330083e-06
2.340000000000000066e-02,2.850928999999999824e+00,1.541729961435917318e+01,1.541942856805819417e+01,-2.128953699020996737e-03,1.541730492578405176e+01,-5.311424878584602993e-06
2.344999999999999862e-02,2.836227000000000054e+00,1.540259761435917341e+01,1.540474311630628002e+01,-2.145501947106609464e-03,1.540260269156820883e+01,-5.077209035420082728e-06
2.350000000000000006e-02,2.821492999999999807e+00,1.538786361435917271e+01,1.539002631890280348e+01,-2.162704543630766807e-03,1.538786914452678012e+01,-5.530167607403768670e-06
2.355000000000000149e-02,2.806728999999999807e+00,1.537309961435917316e+01,1.537527817584776102e+01,-2.178561488587860140e-03,1.537310428509906934e+01,-4.670739896184272766e-06
2.359999999999999945e-02,2.791932000000000080e+00,1.535830261435917166e+01,1.536049868714115796e+01,-2.196072781986302402e-03,1.535830811372531279e+01,-5.499366141137329578e-06
2.365000000000000088e-02,2.777105000000000157e+00,1.534347561435917306e+01,1.534568785278298897e+01,-2.212238423815904298e-03,1.534348063084668290e+01,-5.016487509834632874e-06
2.369999999999999885e-02,2.762246000000000201e+00,1.532861661435917355e+01,1.533084567277325938e+01,-2.229058414085827167e-03,1.532862183690528646e+01,-5.222546112904069560e-06
2.375000000000000028e-02,2.747355999999999909e+00,1.531372661435917237e+01,1.531597214711196386e+01,-2.245532752791490338e-03,1.531373173234416818e+01,-5.117984995806068582e-06
2.380000000000000171e-02,2.732435000000000169e+00,1.529880561435917308e+01,1.530106727579910597e+01,-2.261661439932893813e-03,1.529881031760730536e+01,-4.703248132287285443e-06
2.384999999999999967e-02,2.717481999999999953e+00,1.528385261435917286e+01,1.528613105883468393e+01,-2.278444475511065548e-03,1.528385759313961678e+01,-4.978780443920527432e-06
2.390000000000000110e-02,2.702497999999999845e+00,1.526886861435917275e+01,1.527116349621870128e+01,-2.294881859528530299e-03,1.526887355938695023e+01,-4.945027777480959230e-06
2.394999999999999907e-02,2.687482000000000149e+00,1.525385261435917172e+01,1.525616458795115271e+01,-2.311973591980986953e-03,1.525385821679609144e+01,-5.602436919716069497e-06
2.400000000000000050e-02,2.672435999999999812e+00,1.523880661435917183e+01,1.524113433403203999e+01,-2.327719672868155953e-03,1.523881156581476404e+01,-4.951455592205888934e-06
2.404999999999999846e-02,2.657357999999999887e+00,1.522372861435917279e+01,1.522607273446136666e+01,-2.344120102193869570e-03,1.522373360689162602e+01,-4.992532453229614475e-06
2.409999999999999989e-02,2.642249000000000070e+00,1.520861961435917209e+01,1.521097978923912919e+01,-2.360174879957099847e-03,1.520862434047626799e+01,-4.726117095898985099e-06
2.415000000000000133e-02,2.627108000000000221e+00,1.519347861435917224e+01,1.519585549836532579e+01,-2.376884006153545670e-03,1.519348376701922199e+01,-5.152660049745350079e-06
2.419999999999999929e-02,2.611936000000000035e+00,1.517830661435917250e+01,1.518069986183996178e+01,-2.393247480789284509e-03,1.517831188697195088e+01,-5.272612778384200283e-06
2.425000000000000072e-02,2.596732999999999958e+00,1.516310361435917287e+01,1.516551287966303363e+01,-2.409265303860763652e-03,1.516310870078685724e+01,-5.086427684375394165e-06
2.429999999999999868e-02,2.581497999999999848e+00,1.514786861435917231e+01,1.515029455183454310e+01,-2.425937475370787411e-03,1.514787420891727443e+01,-5.594558102117730414e-06
2.435000000000000012e-02,2.566232999999999986e+00,1.513260361435917289e+01,1.513504487835448842e+01,-2.441263995315523516e-03,1.513260841181747551e+01,-4.797458302618906600e-06
2.440000000000000155e-02,2.550936000000000092e+00,1.511730661435917256e+01,1.511976385922286958e+01,-2.457244863697027881e-03,1.511731130994266792e+01,-4.695583495362143367e-06
2.444999999999999951e-02,2.535607000000000166e+00,1.510197761435917307e+01,1.510445149443968837e+01,-2.473880080515300506e-03,1.510198290374899344e+01,-5.289389820362089267e-06
2.450000000000000094e-02,2.520246999999999904e+00,1.508661761435917192e+01,1.508910778400494301e+01,-2.490169645771089790e-03,1.508662319369353355e+01,-5.579334361627275030e-06
2.454999999999999891e-02,2.504856000000000193e+00,1.507122661435917266e+01,1.507373272791863528e+01,-2.506113559462619378e-03,1.507123218023430056e+01,-5.565875127899744257e-06
2.460000000000000034e-02,2.489434000000000147e+00,1.505580461435917172e+01,1.505832632618076339e+01,-2.521711821591665625e-03,1.505580986383024467e+01,-5.249471072943379113e-06
2.464999999999999830e-02,2.473981000000000208e+00,1.504035161435917267e+01,1.504288857879132912e+01,-2.536964432156452176e-03,1.504035624494125223e+01,-4.630582079556688768e-06
2.469999999999999973e-02,2.458495999999999793e+00,1.502486661435917270e+01,1.502741948575033071e+01,-2.552871391158006986e-03,1.502487132402814396e+01,-4.709668971258906822e-06
2.475000000000000117e-02,2.442978999999999790e+00,1.500934961435917181e+01,1.501191904705776814e+01,-2.569432698596330056e-03,1.500935510155267849e+01,-5.487193506681364852e-06
2.479999999999999913e-02,2.427432000000000034e+00,1.499380261435917205e+01,1.499638726271364320e+01,-2.584648354471141829e-03,1.499380757797754704e+01,-4.963618374986822346e-06
2.485000000000000056e-02,2.411852999999999803e+00,1.497822361435917315e+01,1.498082413271795588e+01,-2.600518358782721862e-03,1.497822875376637874e+01,-5.139407205589918703e-06
2.489999999999999852e-02,2.396243000000000123e+00,1.496261361435917259e+01,1.496522965707070441e+01,-2.616042711531818554e-03,1.496261862938373710e+01,-5.015024564514192207e-06
2.494999999999999996e-02,2.380602000000000107e+00,1.494697261435917213e+01,1.494960383577188878e+01,-2.631221412716655550e-03,1.494697720529512353e+01,-4.590935951398478210e-06
2.500000000000000139e-02,2.364929000000000059e+00,1.493129961435917252e+01,1.493394666882150901e+01,-2.647054462336484448e-03,1.493130448196697202e+01,-4.867607799496909138e-06
2.504999999999999935e-02,2.349225000000000119e+00,1.491559561435917303e+01,1.491825815621956863e+01,-2.662541860395606363e-03,1.491560045986665628e+01,-4.845507483253186365e-06
2.510000000000000078e-02,2.333489000000000146e+00,1.489985961435917261e+01,1.490253829796606411e+01,-2.678683606891496538e-03,1.489986513946247904e+01,-5.525103306425194205e-06
2.514999999999999875e-02,2.317722999999999978e+00,1.488409361435917333e+01,1.488678709406099543e+01,-2.693479701822099059e-03,1.488409852122368626e+01,-4.906864512932429534e-06
2.520000000000000018e-02,2.301925000000000221e+00,1.486829561435917313e+01,1.487100454450436260e+01,-2.708930145189469840e-03,1.486830060562045475e+01,-4.991261281617198620e-06
2.525000000000000161e-02,2.286096000000000128e+00,1.485246661435917304e+01,1.485519064929616739e+01,-2.724034936994357281e-03,1.485247139312389919e+01,-4.778764726154349773e-06
2.529999999999999957e-02,2.270235000000000003e+00,1.483660561435917202e+01,1.483934540843640804e+01,-2.739794077236012981e-03,1.483661088420606688e+01,-5.269846894861984765e-06
2.535000000000000100e-02,2.254342999999999986e+00,1.482071361435917289e+01,1.482346882192508630e+01,-2.755207565913408985e-03,1.482071907933994481e+01,-5.464980771918703795e-06
2.539999999999999897e-02,2.238420000000000076e+00,1.480479061435917210e+01,1.480756088976220042e+01,-2.770275403028321648e-03,1.480479597899945610e+01,-5.364640284000188331e-06
2.545000000000000040e-02,2.222465999999999831e+00,1.478883661435917318e+01,1.479162161194775216e+01,-2.784997588578974614e-03,1.478884158365945467e+01,-4.969300281487676330e-06
2.549999999999999836e-02,2.206479999999999997e+00,1.477285061435917157e+01,1.477565098848174152e+01,-2.800374122569948554e-03,1.477285589379573238e+01,-5.279436560812200696e-06
2.554999999999999979e-02,2.190462999999999827e+00,1.475683361435917185e+01,1.475964901936416496e+01,-2.815405004993110083e-03,1.475683890988501901e+01,-5.295525847159865407e-06
2.560000000000000123e-02,2.174415000000000209e+00,1.474078561435917223e+01,1.474361570459502602e+01,-2.830090235853788272e-03,1.474079063240497511e+01,-5.018045802884785189e-06
2.564999999999999919e-02,2.158335000000000115e+00,1.472470561435917347e+01,1.472755104417432470e+01,-2.845429815151234720e-03,1.472471106183420453e+01,-5.447475031061799200e-06
2.570000000000000062e-02,2.142224999999999824e+00,1.470859561435917229e+01,1.471145503810205923e+01,-2.859423742886946229e-03,1.470860019865223833e+01,-4.584293066045574960e-06
2.574999999999999858e-02,2.126081999999999805e+00,1.469245261435917271e+01,1.469532768637823139e+01,-2.875072019058677597e-03,1.469245804333955085e+01,-5.428980378141545771e-06
2.580000000000000002e-02,2.109909000000000034e+00,1.467627961435917250e+01,1.467916898900283762e+01,-2.889374643665121312e-03,1.467628459637754545e+01,-4.982018372956531493e-06
2.585000000000000145e-02,2.093703999999999787e+00,1.466007461435917136e+01,1.466297894597588147e+01,-2.904331616710109643e-03,1.466007985824856341e+01,-5.243889392048117770e-06
2.589999999999999941e-02,2.077468000000000092e+00,1.464383861435917211e+01,1.464675755729736295e+01,-2.918942938190838277e-03,1.464384382943588570e+01,-5.215076713582789125e-06
2.595000000000000084e-02,2.061201000000000061e+00,1.462757161435917297e+01,1.463050482296728028e+01,-2.933208608107307214e-03,1.462757651042372409e+01,-4.896064551118683994e-06
2.599999999999999881e-02,2.044901999999999997e+00,1.461127261435917291e+01,1.461422074298563523e+01,-2.948128626462320767e-03,1.461127790169722829e+01,-5.287338055381951563e-06
2.605000000000000024e-02,2.028572000000000042e+00,1.459494261435917295e+01,1.459790531735242602e+01,-2.962702993253074624e-03,1.459494800374248058e+01,-5.389383307630168929e-06
2.610000000000000167e-02,2.012211000000000194e+00,1.457858161435917310e+01,1.458155854606765445e+01,-2.976931708481345140e-03,1.457858681704650294e+01,-5.202687329841637620e-06
2.614999999999999963e-02,1.995819000000000010e+00,1.456218961435917336e+01,1.456518042913131694e+01,-2.990814772143579603e-03,1.456219434209725350e+01,-4.727738080134713528e-06
2.620000000000000107e-02,1.979395000000000016e+00,1.454576561435917270e+01,1.454877096654341884e+01,-3.005352184246135039e-03,1.454577057938362117e+01,-4.965024448466692775e-06
2.624999999999999903e-02,1.962939999999999907e+00,1.452931061435917215e+01,1.453233015830395658e+01,-3.019543944784430778e-03,1.452931552939543458e+01,-4.915036262431726755e-06
2.630000000000000046e-02,1.946453999999999906e+00,1.451282461435917170e+01,1.451585800441293017e+01,-3.033390053758466820e-03,1.451282919262345672e+01,-4.578264285015620771e-06
2.634999999999999842e-02,1.929936000000000096e+00,1.449630661435917212e+01,1.449935450487034316e+01,-3.047890511171047478e-03,1.449631156955938494e+01,-4.955200212819477201e-06
2.639999999999999986e-02,1.913386999999999949e+00,1.447975761435917263e+01,1.448281965967618845e+01,-3.062045317015815726e-03,1.447976266069585627e+01,-5.046336683633967368e-06
2.645000000000000129e-02,1.896806999999999910e+00,1.446317761435917149e+01,1.446625346883047314e+01,-3.075854471301653348e-03,1.446318246652643857e+01,-4.852167267088702829e-06
2.649999999999999925e-02,1.880195999999999978e+00,1.444656661435917222e+01,1.444965593233319368e+01,-3.089317974021454916e-03,1.444657098754564117e+01,-4.373186468953349504e-06
2.655000000000000068e-02,1.863553000000000015e+00,1.442992361435917203e+01,1.443302705018435006e+01,-3.103435825178024743e-03,1.442992822424890065e+01,-4.609889728612870385e-06
2.659999999999999865e-02,1.846878999999999937e+00,1.441324961435917196e+01,1.441636682238394584e+01,-3.117208024773887587e-03,1.441325417713259682e+01,-4.562773424865440575e-06
2.665000000000000008e-02,1.830173000000000050e+00,1.439654361435917274e+01,1.439967524893197570e+01,-3.131634572802965977e-03,1.439654884669404389e+01,-5.232334871152488631e-06
2.670000000000000151e-02,1.813436999999999966e+00,1.437980761435917287e+01,1.438295232982844318e+01,-3.144715469270309427e-03,1.437981223343148685e+01,-4.619072313971628319e-06
2.674999999999999947e-02,1.796669000000000072e+00,1.436303961435917209e+01,1.436619806507334829e+01,-3.158450714176197494e-03,1.436304433784411572e+01,-4.723484943625066990e-06
2.680000000000000090e-02,1.779870000000000063e+00,1.434624061435917319e+01,1.434941245466668747e+01,-3.171840307514273150e-03,1.434624516043204068e+01,-4.546072867483985647e-06
2.684999999999999887e-02,1.763039000000000023e+00,1.432940961435917160e+01,1.433259549860846604e+01,-3.185884249294446136e-03,1.432941470169632936e+01,-5.087337157760885020e-06
2.690000000000000030e-02,1.746178000000000008e+00,1.431254861435917292e+01,1.431574719689867869e+01,-3.198582539505778755e-03,1.431255296213896244e+01,-4.347779789526384775e-06
2.695000000000000173e-02,1.729284999999999961e+00,1.429565561435917331e+01,1.429886754953732897e+01,-3.211935178155655990e-03,1.429565994226287273e+01,-4.327903699419266559e-06
2.699999999999999969e-02,1.712360000000000104e+00,1.427873061435917279e+01,1.428195655652441687e+01,-3.225942165244077842e-03,1.427873564257192029e+01,-5.028212747504312574e-06
2.705000000000000113e-02,1.695405000000000051e+00,1.426177561435917340e+01,1.426501421785993884e+01,-3.238603500765435683e-03,1.426178006357090666e+01,-4.449211733259517132e-06
2.709999999999999909e-02,1.678417999999999966e+00,1.424478861435917310e+01,1.424804053354390021e+01,-3.251919184727114498e-03,1.424479320576556063e+01,-4.591406387532970257e-06
2.715000000000000052e-02,1.661399999999999988e+00,1.422777061435917290e+01,1.423103550357629743e+01,-3.264889217124533616e-03,1.422777506966255601e+01,-4.455303383110731374e-06
2.719999999999999848e-02,1.644349999999999978e+00,1.421072061435917178e+01,1.421399912795713050e+01,-3.278513597958720993e-03,1.421072565576949742e+01,-5.041410325645756529e-06
2.724999999999999992e-02,1.627269999999999994e+00,1.419364061435917179e+01,1.419693140668640119e+01,-3.290792327229397074e-03,1.419364496459492386e+01,-4.350235752070830131e-06
2.730000000000000135e-02,1.610157999999999978e+00,1.417652861435917266e+01,1.417983233976410773e+01,-3.303725404935065058e-03,1.417653299664831223e+01,-4.382289139570616499e-06
2.734999999999999931e-02,1.593015000000000070e+00,1.415938561435917187e+01,1.416270192719025189e+01,-3.316312831080026058e-03,1.415938975244007736e+01,-4.138080905491392514e-06
2.740000000000000074e-02,1.575839999999999907e+00,1.414221061435917193e+01,1.414554016896483191e+01,-3.329554605659978961e-03,1.414221523248156664e+01,-4.618122394717261159e-06
2.744999999999999871e-02,1.558634000000000075e+00,1.412500461435917209e+01,1.412834706508784954e+01,-3.342450728677448524e-03,1.412500943728506186e+01,-4.822925889769180685e-06
2.750000000000000014e-02,1.541396999999999906e+00,1.410776761435917237e+01,1.411112261555930303e+01,-3.355001200130658390e-03,1.410777236736378271e+01,-4.753004610336120095e-06
2.755000000000000157e-02,1.524129000000000067e+00,1.409049961435917275e+01,1.409386682037919236e+01,-3.367206020019608559e-03,1.409050402323188678e+01,-4.408872714023459594e-06
2.759999999999999953e-02,1.506828999999999974e+00,1.407319961435917222e+01,1.407657967954752110e+01,-3.380065188348879701e-03,1.407320440540446072e+01,-4.791045288499162780e-06
2.765000000000000097e-02,1.489498999999999906e+00,1.405586961435917281e+01,1.405926119306428390e+01,-3.391578705111086833e-03,1.405587351439753263e+01,-3.900038359816448974e-06
2.769999999999999893e-02,1.472135999999999889e+00,1.403850661435917146e+01,1.404191136092948256e+01,-3.404746570311090181e-03,1.403851135072806855e+01,-4.736368897084730634e-06
2.775000000000000036e-02,1.454742999999999897e+00,1.402111361435917303e+01,1.402453018314312061e+01,-3.416568783947582233e-03,1.402111791491395998e+01,-4.300554786951238384e-06
2.779999999999999832e-02,1.437318000000000096e+00,1.400368861435917189e+01,1.400711765970519451e+01,-3.429045346022618901e-03,1.400369320747404345e+01,-4.593114871553893863e-06
2.784999999999999976e-02,1.419861999999999957e+00,1.398623261435917264e+01,1.398967379061570426e+01,-3.441176256531619515e-03,1.398623722892808630e+01,-4.614568913652306037e-06
2.790000000000000119e-02,1.402374999999999927e+00,1.396874561435917173e+01,1.397219857587464986e+01,-3.452961515478136789e-03,1.396874997979679733e+01,-4.365437625608592498e-06
2.794999999999999915e-02,1.384857000000000005e+00,1.395122761435917269e+01,1.395469201548203486e+01,-3.464401122862170723e-03,1.395123146060181263e+01,-3.846242639937713648e-06
2.800000000000000058e-02,1.367307000000000050e+00,1.393367761435917274e+01,1.393715410943785216e+01,-3.476495078679420203e-03,1.393368167186570972e+01,-4.057506536980781675e-06
2.804999999999999855e-02,1.349725999999999981e+00,1.391609661435917289e+01,1.391958485774211063e+01,-3.488243382937739057e-03,1.391610061411200050e+01,-3.999752827610336681e-06
2.809999999999999998e-02,1.332113000000000103e+00,1.389848361435917212e+01,1.390198426039480317e+01,-3.500646035631049813e-03,1.389848828786513124e+01,-4.673505959118529063e-06
2.815000000000000141e-02,1.314470000000000027e+00,1.388084061435917249e+01,1.388435231739593334e+01,-3.511703036760849272e-03,1.388084469365048967e+01,-4.079291317182764942e-06
2.819999999999999937e-02,1.296794999999999920e+00,1.386316561435917194e+01,1.386668902874549936e+01,-3.523414386327416992e-03,1.386316983199439079e+01,-4.217635218850546153e-06
2.825000000000000080e-02,1.279088999999999920e+00,1.384545961435917150e+01,1.384899439444350122e+01,-3.534780084329725014e-03,1.384546370342408750e+01,-4.089064916001916572e-06
2.829999999999999877e-02,1.261352000000000029e+00,1.382772261435917294e+01,1.383126841448994249e+01,-3.545800130769549696e-03,1.382772630846777417e+01,-3.694108601237644507e-06
2.835000000000000020e-02,1.243583000000000105e+00,1.380995361435917346e+01,1.381351108888481960e+01,-3.557474525646142638e-03,1.380995764765457245e+01,-4.033295398997438497e-06
2.840000000000000163e-02,1.225783000000000067e+00,1.379215361435917231e+01,1.379572241762813078e+01,-3.568803268958475883e-03,1.379215772151454544e+01,-4.107155373134219190e-06
2.844999999999999959e-02,1.207951999999999915e+00,1.377432261435917304e+01,1.377790240071988137e+01,-3.579786360708325788e-03,1.377432653057869416e+01,-3.916219521116204305e-06
2.850000000000000103e-02,1.190088999999999952e+00,1.375645961435917286e+01,1.376005103816006780e+01,-3.591423800894943952e-03,1.375646407537894689e+01,-4.461019774026908635e-06
2.854999999999999899e-02,1.172196000000000016e+00,1.373856661435917204e+01,1.374216832994869186e+01,-3.601715589519827176e-03,1.373857035644817159e+01,-3.742088999558745854e-06
2.860000000000000042e-02,1.154271000000000047e+00,1.372064161435917207e+01,1.372425427608574999e+01,-3.612661726577925947e-03,1.372064537432017772e+01,-3.759961005656009547e-06
2.864999999999999838e-02,1.136314999999999964e+00,1.370268561435917221e+01,1.370630887657124752e+01,-3.623262212075317734e-03,1.370268912952970020e+01,-3.515170527990107985e-06
2.869999999999999982e-02,1.118327000000000071e+00,1.368469761435917320e+01,1.368833213140517913e+01,-3.634517046005925067e-03,1.368470162261241541e+01,-4.008253242204773414e-06
2.875000000000000125e-02,1.100308000000000064e+00,1.366667861435917253e+01,1.367032404058754835e+01,-3.645426228375825417e-03,1.366668285410493588e+01,-4.239745763356950192e-06
2.879999999999999921e-02,1.082257999999999942e+00,1.364862861435917196e+01,1.365228460411835698e+01,-3.655989759185018784e-03,1.364863282454481030e+01,-4.210185638342522907e-06
2.885000000000000064e-02,1.064176999999999929e+00,1.363054761435917328e+01,1.363421382199759790e+01,-3.666207638424623383e-03,1.363055153447051637e+01,-3.920111343092003153e-06
2.889999999999999861e-02,1.046065000000000023e+00,1.361243561435917293e+01,1.361611169422527823e+01,-3.676079866105297356e-03,1.361243898442147682e+01,-3.370062303886811605e-06
2.895000000000000004e-02,1.027921000000000085e+00,1.359429161435917166e+01,1.359797822080139440e+01,-3.686606442222739588e-03,1.359429517493804340e+01,-3.560578871741881812e-06
2.900000000000000147e-02,1.009746000000000032e+00,1.357611661435917227e+01,1.357981340172594642e+01,-3.696787366774145767e-03,1.357612010656150758e+01,-3.492202335309002592e-06
2.904999999999999943e-02,9.915393999999999597e-01,1.355791001435917309e+01,1.356161723699893606e+01,-3.707222639762974836e-03,1.355791377983409163e+01,-3.765474918537847770e-06
2.910000000000000087e-02,9.733019000000000531e-01,1.353967251435917163e+01,1.354338972662036156e+01,-3.717212261189928313e-03,1.353967619529895927e+01,-3.680939787642500960e-06
2.914999999999999883e-02,9.550330999999999682e-01,1.352140371435917210e+01,1.352513087059022467e+01,-3.727156231052575208e-03,1.352140735350020684e+01,-3.639141034739168390e-06
2.920000000000000026e-02,9.367330000000000378e-01,1.350310361435917272e+01,1.350684066890852364e+01,-3.737054549350915522e-03,1.350310725498286502e+01,-3.640623692291455882e-06
2.925000000000000169e-02,9.184016999999999875e-01,1.348477231435917290e+01,1.348851912157525845e+01,-3.746807216085557002e-03,1.348477590029290418e+01,-3.585933731287127557e-06
2.929999999999999966e-02,9.000390999999999808e-01,1.346640971435917322e+01,1.347016622859043267e+01,-3.756514231259444614e-03,1.346641328997722731e+01,-3.575618054085794029e-06
2.935000000000000109e-02,8.816452999999999651e-01,1.344801591435917310e+01,1.345178198995404095e+01,-3.766075594867857035e-03,1.344801942458366995e+01,-3.510224496849900788e-06
2.939999999999999905e-02,8.632201999999999931e-01,1.342959081435917312e+01,1.343336640566608864e+01,-3.775591306915515588e-03,1.342959430466101445e+01,-3.490301841324594534e-06
2.945000000000000048e-02,8.447637999999999536e-01,1.341113441435917153e+01,1.341491947572657040e+01,-3.785061367398867560e-03,1.341113793075896510e+01,-3.516399793568325549e-06
2.949999999999999845e-02,8.262762000000000162e-01,1.339264681435917304e+01,1.339644120013548800e+01,-3.794385776314967984e-03,1.339265030342817298e+01,-3.489068999940059257e-06
2.954999999999999988e-02,8.077573999999999588e-01,1.337412801435917231e+01,1.337793157889284501e+01,-3.803564533672698644e-03,1.337413142322021642e+01,-3.408861044107425187e-06
2.960000000000000131e-02,7.892072999999999450e-01,1.335557791435917174e+01,1.335939061199863787e+01,-3.812697639466122723e-03,1.335558129068761346e+01,-3.376328441717646456e-06
2.964999999999999927e-02,7.706258999999999748e-01,1.333699651435917310e+01,1.334081829945286657e+01,-3.821785093693463864e-03,1.333699990638382182e+01,-3.392024648718461322e-06
2.970000000000000070e-02,7.520132999999999956e-01,1.331838391435917224e+01,1.332221464125553112e+01,-3.830726896358882527e-03,1.331838727086322649e+01,-3.356504054252695823e-06
2.974999999999999867e-02,7.333695000000000075e-01,1.329974011435917269e+01,1.330357963740663507e+01,-3.839523047462378713e-03,1.329974338468115391e+01,-3.270321981219126428e-06
2.980000000000000010e-02,7.146943999999999519e-01,1.328106501435917153e+01,1.328491328790617310e+01,-3.848273547001568318e-03,1.328106824839386491e+01,-3.234034693377907388e-06
2.985000000000000153e-02,6.959880000000000511e-01,1.326235861435917229e+01,1.326621559275414697e+01,-3.856978394974674984e-03,1.326236186255855110e+01,-3.248199378802496540e-06
2.989999999999999949e-02,6.772504000000000302e-01,1.324362101435917261e+01,1.324748655195056202e+01,-3.865537591389411887e-03,1.324362422773335268e+01,-3.213374180077721576e-06
2.995000000000000093e-02,6.584816000000000003e-01,1.322485221435917246e+01,1.322872616549540936e+01,-3.873951136236897241e-03,1.322485534447733002e+01,-3.130118157557149061e-06
2.999999999999999889e-02,6.396815000000000140e-01,1.320605211435917248e+01,1.320993443338869611e+01,-3.882319029523628728e-03,1.320605521335048849e+01,-3.098991316008437025e-06
3.005000000000000032e-02,6.208500999999999603e-01,1.318722071435917265e+01,1.319111135563041870e+01,-3.890641271246053634e-03,1.318722383491376782e+01,-3.120554595170688117e-06
3.009999999999999828e-02,6.019875000000000087e-01,1.316835811435917236e+01,1.317225693222057714e+01,-3.898817861404779705e-03,1.316836120972904212e+01,-3.095369869754449610e-06
3.014999999999999972e-02,5.830937000000000481e-01,1.314946431435917162e+01,1.315337116315917143e+01,-3.906848799999806943e-03,1.314946733835912163e+01,-3.023999950002576043e-06
3.020000000000000115e-02,5.641686000000000201e-01,1.313053921435917282e+01,1.313445404844620334e+01,-3.914834087030527598e-03,1.313054222136775095e+01,-3.007008578137515542e-06
3.024999999999999911e-02,5.452122999999999831e-01,1.311158291435917178e+01,1.311550558808167288e+01,-3.922673722501102134e-03,1.311158585931961440e+01,-2.944960442619048990e-06
3.030000000000000054e-02,5.262246999999999897e-01,1.309259531435917268e+01,1.309652578206557649e+01,-3.930467706403817374e-03,1.309259825278032707e+01,-2.938421154397019563e-06
3.034999999999999851e-02,5.072058999999999873e-01,1.307357651435917312e+01,1.307751463039792128e+01,-3.938116038748162850e-03,1.307357940231644200e+01,-2.887957268882246353e-06
3.039999999999999994e-02,4.881557999999999731e-01,1.305452641435917194e+01,1.305847213307869836e+01,-3.945718719526425389e-03,1.305452930849544835e+01,-2.894136276410108621e-06
3.045000000000000137e-02,4.690745000000000053e-01,1.303544511435917208e+01,1.303939829010791307e+01,-3.953175748740989093e-03,1.303544797188576965e+01,-2.857526597566106830e-06
3.049999999999999933e-02,4.499619999999999731e-01,1.301633261435917177e+01,1.302029310148556718e+01,-3.960487126395406676e-03,1.301633539305676734e+01,-2.778697595573476065e-06
3.055000000000000077e-02,4.308181999999999845e-01,1.299718881435917162e+01,1.300115656721165536e+01,-3.967752852483741322e-03,1.299719157257873547e+01,-2.758219563858688161e-06
3.059999999999999873e-02,4.116431999999999869e-01,1.297801381435917278e+01,1.298198868728617938e+01,-3.974872927006600776e-03,1.297801651102290776e+01,-2.696663734980120353e-06
3.065000000000000016e-02,3.924368999999999774e-01,1.295880751435917233e+01,1.296278946170914281e+01,-3.981947349970482719e-03,1.295881020896144697e+01,-2.694602274644353201e-06
3.070000000000000159e-02,3.731994000000000145e-01,1.293957001435917320e+01,1.294355889048054031e+01,-3.988876121367113115e-03,1.293957266696745734e+01,-2.652608284137158989e-06
3.074999999999999956e-02,3.539305999999999841e-01,1.292030121435917245e+01,1.292429697360037721e+01,-3.995759241204765999e-03,1.292030388561498100e+01,-2.671255808550654365e-06
3.080000000000000099e-02,3.346307000000000031e-01,1.290100131435917241e+01,1.290500371106864819e+01,-4.002396709475775083e-03,1.290100386547898736e+01,-2.551119814953040077e-06
3.084999999999999895e-02,3.152994000000000074e-01,1.288167001435917314e+01,1.288567910288535501e+01,-4.009088526181869838e-03,1.288167260713538909e+01,-2.592776215948333629e-06
3.090000000000000038e-02,2.959370000000000056e-01,1.286230761435917280e+01,1.286632314905050123e+01,-4.015534691328426220e-03,1.286231011116102962e+01,-2.496801856821662113e-06
3.094999999999999835e-02,2.765432999999999919e-01,1.284291391435917262e+01,1.284693584956408330e+01,-4.021935204910676021e-03,1.284291637813369036e+01,-2.463774517735828340e-06
3.099999999999999978e-02,2.571184000000000247e-01,1.282348901435917199e+01,1.282751720442610122e+01,-4.028190066929226987e-03,1.282349140863208703e+01,-2.394272915040573935e-06
3.105000000000000121e-02,2.376621999999999901e-01,1.280403281435917329e+01,1.280806721363655498e+01,-4.034399277381695015e-03,1.280403520323587685e+01,-2.388876703562914372e-06
3.109999999999999917e-02,2.181748000000000021e-01,1.278454541435917236e+01,1.278858587719544815e+01,-4.040462836275793279e-03,1.278454776252564074e+01,-2.348166468379986327e-06
3.115000000000000061e-02,1.986561000000000021e-01,1.276502671435917335e+01,1.276907319510277539e+01,-4.046480743602032248e-03,1.276502908708290640e+01,-2.372723733046200323e-06
3.119999999999999857e-02,1.791062999999999961e-01,1.274547691435917329e+01,1.274952916735854203e+01,-4.052252999368732844e-03,1.274547917749013415e+01,-2.263130960855619378e-06
3.125000000000000000e-02,1.595252000000000059e-01,1.272589581435917161e+01,1.272995379396274274e+01,-4.057979603571126859e-03,1.272589803433071864e+01,-2.219971547035015647e-06
3.130000000000000143e-02,1.399128000000000038e-01,1.270628341435917186e+01,1.271034707491537930e+01,-4.063660556207437935e-03,1.270628565818898537e+01,-2.243829813508568805e-06
3.135000000000000286e-02,1.202692999999999957e-01,1.268663991435917282e+01,1.269070901021645525e+01,-4.069095857282434281e-03,1.268664204965021014e+01,-2.135291037319575480e-06
3.139999999999999736e-02,1.005945000000000034e-01,1.266696511435917216e+01,1.267103959986597062e+01,-4.074485506798453116e-03,1.266696720930058895e+01,-2.094941416785900401e-06
3.144999999999999879e-02,8.088842999999999728e-02,1.264725904435917236e+01,1.265133884386391472e+01,-4.079799504742354088e-03,1.264726113772725569e+01,-2.093368083322388884e-06
3.150000000000000022e-02,6.115116999999999775e-02,1.262752178435917294e+01,1.263160674221030177e+01,-4.084957851128834250e-03,1.262752383551829638e+01,-2.051159123439560972e-06
3.155000000000000165e-02,4.138267000000000334e-02,1.260775328435917331e+01,1.261184329490511757e+01,-4.090010545944267051e-03,1.260775530326270655e+01,-2.018903533240745674e-06
3.160000000000000309e-02,2.158295000000000005e-02,1.258795356435917334e+01,1.259204850194837988e+01,-4.094937589206537609e-03,1.258795554155044094e+01,-1.977191267599209823e-06
3.164999999999999758e-02,1.752003000000000024e-03,1.256812261735917247e+01,1.257222236334007626e+01,-4.099745980903790610e-03,1.256812455097237802e+01,-1.933613205551409919e-06
3.169999999999999901e-02,-1.811018000000000003e-02,1.254826043435917171e+01,1.255236487908020493e+01,-4.104444721033218002e-03,1.254826233212032705e+01,-1.897761155333910210e-06
3.175000000000000044e-02,-3.800358000000000208e-02,1.252836703435917265e+01,1.253247604916877478e+01,-4.109014809602129503e-03,1.252836888558704942e+01,-1.851227876770167313e-06
3.180000000000000188e-02,-5.792821000000000081e-02,1.250844240435917243e+01,1.251255587360577515e+01,-4.113469246602718954e-03,1.250844421196622491e+01,-1.807607052484172527e-06
3.185000000000000331e-02,-7.788406999999999969e-02,1.248848654435917283e+01,1.249260435239121847e+01,-4.117808032045644495e-03,1.248848831185248187e+01,-1.767493309046130889e-06
3.189999999999999780e-02,-9.787115999999999871e-02,1.246849945435917206e+01,1.247262148552509942e+01,-4.122031165927353413e-03,1.246850118584137945e+01,-1.731482207389944961e-06
3.194999999999999923e-02,-1.178894999999999943e-01,1.244848111435917204e+01,1.245260727300740911e+01,-4.126158648237066018e-03,1.244848283452940407e+01,-1.720170232033524371e-06
3.200000000000000067e-02,-1.379390000000000061e-01,1.242843161435917310e+01,1.243256171483816352e+01,-4.130100478990428314e-03,1.242843325851400138e+01,-1.644154828284172254e-06
3.205000000000000210e-02,-1.580197999999999880e-01,1.240835081435917253e+01,1.241248481101734669e+01,-4.133996658174154959e-03,1.240835245839351941e+01,-1.644034346881539932e-06
3.209999999999999659e-02,-1.781317000000000039e-01,1.238823891435917268e+01,1.239237656154497458e+01,-4.137647185801895944e-03,1.238824043476727432e+01,-1.520408101640668974e-06
3.214999999999999802e-02,-1.982749000000000039e-01,1.236809571435917299e+01,1.237223696642103832e+01,-4.141252061865330347e-03,1.236809718823549709e+01,-1.473876324098455370e-06
3.219999999999999946e-02,-2.184493999999999880e-01,1.234792121435917167e+01,1.235206602564553080e+01,-4.144811286359129099e-03,1.234792271939935659e+01,-1.505040184923700508e-06
3.225000000000000089e-02,-2.386550000000000060e-01,1.232771561435917285e+01,1.233186373921846801e+01,-4.148124859295165834e-03,1.232771702886097032e+01,-1.414501797469824851e-06
3.230000000000000232e-02,-2.588919000000000081e-01,1.230747871435917240e+01,1.231163010713983574e+01,-4.151392780663343274e-03,1.230748011722337409e+01,-1.402864201693887480e-06
3.234999999999999681e-02,-2.791600000000000192e-01,1.228721061435917328e+01,1.229136512940964643e+01,-4.154515050473150950e-03,1.228721198509055768e+01,-1.370731384398027330e-06
3.239999999999999825e-02,-2.994592999999999838e-01,1.226691131435917193e+01,1.227106880602789296e+01,-4.157491668721036149e-03,1.226691263306742918e+01,-1.318708257258549565e-06
3.244999999999999968e-02,-3.197898000000000129e-01,1.224658081435917190e+01,1.225074113699457001e+01,-4.160322635398117086e-03,1.224658206175983821e+01,-1.247400666315456874e-06
3.250000000000000111e-02,-3.401515999999999984e-01,1.222621901435917202e+01,1.223038212230968824e+01,-4.163107950516220512e-03,1.222622027177457937e+01,-1.257415407351913927e-06
3.255000000000000254e-02,-3.605444999999999900e-01,1.220582611435917286e+01,1.220999176197324054e+01,-4.165647614067680138e-03,1.220582726371936744e+01,-1.149360194574455818e-06
3.259999999999999704e-02,-3.809686999999999935e-01,1.218540191435917208e+01,1.218957005598523224e+01,-4.168141626060162253e-03,1.218540303820286752e+01,-1.123843695438608847e-06
3.264999999999999847e-02,-4.014241000000000059e-01,1.216494651435917262e+01,1.216911700434566335e+01,-4.170489986490721890e-03,1.216494759583467378e+01,-1.081475501152340257e-06
3.269999999999999990e-02,-4.219107000000000274e-01,1.214445991435917271e+01,1.214863260705452319e+01,-4.172692695350477265e-03,1.214446093722530762e+01,-1.022866134903210877e-06
3.275000000000000133e-02,-4.424286000000000052e-01,1.212394201435917296e+01,1.212811686411182599e+01,-4.174849752653031487e-03,1.212394306298624258e+01,-1.048627069621943519e-06
3.280000000000000276e-02,-4.629775999999999891e-01,1.210339301435917214e+01,1.210756977551756108e+01,-4.176761158388941908e-03,1.210339397372987413e+01,-9.593707019917019352e-07
3.284999999999999726e-02,-4.835578999999999850e-01,1.208281271435917326e+01,1.208699134127173735e+01,-4.178626912564098461e-03,1.208281367006954632e+01,-9.557103730628568883e-07
3.289999999999999869e-02,-5.041693000000000424e-01,1.206220131435917153e+01,1.206638156137434947e+01,-4.180247015177940284e-03,1.206220215261952688e+01,-8.382603553513945371e-07
3.295000000000000012e-02,-5.248119999999999452e-01,1.204155861435917174e+01,1.204574043582539389e+01,-4.181821466222146455e-03,1.204155942199501794e+01,-8.076358462005828187e-07
3.300000000000000155e-02,-5.454858999999999680e-01,1.202088471435917327e+01,1.202506796462488126e+01,-4.183250265707982862e-03,1.202088547881217728e+01,-7.644530040096242374e-07
3.305000000000000299e-02,-5.661909999999999998e-01,1.200017961435917258e+01,1.200436414777279737e+01,-4.184533413624791365e-03,1.200018032368807042e+01,-7.093288978410328127e-07
3.309999999999999748e-02,-5.869273000000000406e-01,1.197944331435917320e+01,1.198362898526915643e+01,-4.185670909983230104e-03,1.197944395724072209e+01,-6.428815488845884829e-07
3.314999999999999891e-02,-6.076949000000000378e-01,1.195867571435917220e+01,1.196286247711395134e+01,-4.186762754779138618e-03,1.195867638008908251e+01,-6.657299103096647741e-07
3.320000000000000034e-02,-6.284935999999999856e-01,1.193787701435917192e+01,1.194206462330717855e+01,-4.187608948006626974e-03,1.193787759285302741e+01,-5.784938554853624737e-07
3.325000000000000178e-02,-6.493236000000000008e-01,1.191704701435917180e+01,1.192123542384884871e+01,-4.188409489676914177e-03,1.191704759615339526e+01,-5.817942234642714538e-07
3.330000000000000321e-02,-6.701846999999999666e-01,1.189618591435917239e+01,1.190037487873894939e+01,-4.188964379777004865e-03,1.189618639061192695e+01,-4.762527545665307116e-07
3.334999999999999770e-02,-6.910770999999999997e-01,1.187529351435917313e+01,1.187948298797749302e+01,-4.189473618319894399e-03,1.187529397685133148e+01,-4.624921583484820076e-07
3.339999999999999913e-02,-7.120007000000000419e-01,1.185436991435917164e+01,1.185855975156447251e+01,-4.189837205300861456e-03,1.185437035549523088e+01,-4.411360592371238454e-07
3.345000000000000057e-02,-7.329554999999999820e-01,1.183341511435917326e+01,1.183760516949988073e+01,-4.190055140707471537e-03,1.183341552716818335e+01,-4.128090100863346379e-07
3.350000000000000200e-02,-7.539413999999999838e-01,1.181242921435917204e+01,1.181661924178373368e+01,-4.190027424561648672e-03,1.181242949249570273e+01,-2.781365306958605288e-07
3.355000000000000343e-02,-7.749586000000000530e-01,1.179141201435917274e+01,1.179560196841601893e+01,-4.189954056846190156e-03,1.179141225210421418e+01,-2.377450414314807858e-07
3.359999999999999792e-02,-7.960070000000000201e-01,1.177036361435917300e+01,1.177455334939674358e+01,-4.189735037570585519e-03,1.177036380662109849e+01,-1.922619254912660836e-07
3.364999999999999936e-02,-8.170865999999999962e-01,1.174928401435917280e+01,1.175347338472590764e+01,-4.189370366734834761e-03,1.174928415667466197e+01,-1.423154891710964876e-07
3.370000000000000079e-02,-8.381973999999999814e-01,1.172817321435917215e+01,1.173236207440350043e+01,-4.188860044328279741e-03,1.172817330289413462e+01,-8.853496247240855155e-08
3.375000000000000222e-02,-8.593395000000000339e-01,1.170703111435917165e+01,1.171121941842953618e+01,-4.188304070364523568e-03,1.170703124590971456e+01,-1.315505429033692053e-07
3.379999999999999671e-02,-8.805127000000000370e-01,1.168585791435917187e+01,1.169004541680400777e+01,-4.187502444835899951e-03,1.168585798635250583e+01,-7.199333396101792459e-08
3.384999999999999815e-02,-9.017171000000000491e-01,1.166465351435917164e+01,1.166884006952691166e+01,-4.186555167740024785e-03,1.166465352485455576e+01,-1.049538411734829424e-08
3.389999999999999958e-02,-9.229526999999999592e-01,1.164341791435917273e+01,1.164760337659825851e+01,-4.185462239085779856e-03,1.164341786204886020e+01,5.231031252606044291e-08
3.395000000000000101e-02,-9.442194999999999894e-01,1.162215111435917336e+01,1.162633533801803409e+01,-4.184223658860730666e-03,1.162215099856932987e+01,1.157898434911430741e-07
3.400000000000000244e-02,-9.655175000000000285e-01,1.160085311435917177e+01,1.160503595378625263e+01,-4.182839427080864425e-03,1.160085293505083470e+01,1.793083370671411103e-07
3.404999999999999694e-02,-9.868466999999999656e-01,1.157952391435917328e+01,1.158370522390290880e+01,-4.181309543735522993e-03,1.157952367212915945e+01,2.422300138249511292e-07
3.409999999999999837e-02,-1.008207000000000075e+00,1.155816361435917194e+01,1.156234314836799371e+01,-4.179534008821761404e-03,1.155816321044102679e+01,4.039181451531703715e-07
3.414999999999999980e-02,-1.029598999999999931e+00,1.153677161435917320e+01,1.154094972718152334e+01,-4.178112822350144029e-03,1.153677155062411508e+01,6.373505812007351778e-08
3.420000000000000123e-02,-1.051021999999999901e+00,1.151534861435917279e+01,1.151952496034348350e+01,-4.176345984310714243e-03,1.151534869331701216e+01,-7.895783937783562578e-08
3.425000000000000266e-02,-1.072475999999999985e+00,1.149389461435917248e+01,1.149806884785388661e+01,-4.174233494714130188e-03,1.149389463915926513e+01,-2.480009264616001019e-08
3.429999999999999716e-02,-1.093960999999999961e+00,1.147240961435917228e+01,1.147658138971272557e+01,-4.171775353553286436e-03,1.147240938879133765e+01,2.255678346330114437e-07
3.434999999999999859e-02,-1.115477000000000052e+00,1.145089361435917219e+01,1.145506258591999504e+01,-4.168971560822853917e-03,1.145089294285463488e+01,6.715045373084649327e-07
3.440000000000000002e-02,-1.137024999999999952e+00,1.142934561435917296e+01,1.143351243647570747e+01,-4.166822116534518727e-03,1.142934530199150878e+01,3.123676641791917064e-07
3.445000000000000145e-02,-1.158603999999999967e+00,1.140776661435917205e+01,1.141193094137985042e+01,-4.164327020678371127e-03,1.140776646684522433e+01,1.475139477236098173e-07
3.450000000000000289e-02,-1.180214000000000096e+00,1.138615661435917303e+01,1.139031810063243455e+01,-4.161486273261516544e-03,1.138615643806000932e+01,1.762991637122013344e-07
3.454999999999999738e-02,-1.201854999999999896e+00,1.136451561435917235e+01,1.136867391423345808e+01,-4.158299874285731335e-03,1.136451521628100991e+01,3.980781624335349989e-07
3.459999999999999881e-02,-1.223527000000000031e+00,1.134284361435917177e+01,1.134699838218291035e+01,-4.154767823738581001e-03,1.134284280215430130e+01,8.122048704706230637e-07
3.465000000000000024e-02,-1.245230999999999977e+00,1.132113961435917204e+01,1.132529150448080557e+01,-4.151890121633527997e-03,1.132113919632691967e+01,4.180322523694712800e-07
3.470000000000000168e-02,-1.266964999999999897e+00,1.129940561435917346e+01,1.130355328112713309e+01,-4.147666767959634626e-03,1.129940439944680719e+01,1.214912366265252786e-06
3.475000000000000311e-02,-1.288731000000000071e+00,1.127763961435917217e+01,1.128178371212190001e+01,-4.144097762727838585e-03,1.127763841216287233e+01,1.202196299843194538e-06
3.479999999999999760e-02,-1.310527999999999915e+00,1.125584261435917277e+01,1.125998279746510633e+01,-4.140183105933559204e-03,1.125584123512493129e+01,1.379234241483118240e-06
3.484999999999999903e-02,-1.332357000000000014e+00,1.123401361435917245e+01,1.123815053715674139e+01,-4.136922797568942656e-03,1.123401286898374707e+01,7.453754253816669006e-07
3.490000000000000047e-02,-1.354216000000000086e+00,1.121215461435917149e+01,1.121628693119681941e+01,-4.132316837647920238e-03,1.121215331439102769e+01,1.299968143797514131e-06
3.495000000000000190e-02,-1.376106999999999969e+00,1.119026361435917316e+01,1.119439197958532972e+01,-4.128365226156560652e-03,1.119026257199939955e+01,1.042359773606449380e-06
3.500000000000000333e-02,-1.398028999999999966e+00,1.116834161435917316e+01,1.117246568232228299e+01,-4.124067963109823154e-03,1.116834064246244296e+01,9.718967302063674651e-07
3.504999999999999782e-02,-1.419982000000000077e+00,1.114638861435917150e+01,1.115050803940767210e+01,-4.119425048500602315e-03,1.114638752643466013e+01,1.087924511367077685e-06
3.509999999999999926e-02,-1.441966000000000081e+00,1.112440461435917172e+01,1.112851905084148996e+01,-4.114436482318239996e-03,1.112440322457148767e+01,1.389787684047405492e-06
3.515000000000000069e-02,-1.463981999999999895e+00,1.110238861435917279e+01,1.110649871662375077e+01,-4.110102264577975006e-03,1.110238773752931252e+01,8.768298602745971948e-07
3.520000000000000212e-02,-1.486027999999999905e+00,1.108034261435917323e+01,1.108444703675444387e+01,-4.104422395270646007e-03,1.108034106596543644e+01,1.548393736783282293e-06
3.524999999999999661e-02,-1.508105999999999947e+00,1.105826461435917274e+01,1.106236401123357993e+01,-4.099396874407190694e-03,1.105826321053812400e+01,1.403821048739928301e-06
3.529999999999999805e-02,-1.530215000000000103e+00,1.103615561435917236e+01,1.104024964006115184e+01,-4.094025701979475684e-03,1.103615417190655279e+01,1.442452619571099603e-06
3.534999999999999948e-02,-1.552354999999999929e+00,1.101401561435917209e+01,1.101810392323715249e+01,-4.088308877980395550e-03,1.101401395073083478e+01,1.663628337311706673e-06
3.540000000000000091e-02,-1.574527000000000010e+00,1.099184361435917268e+01,1.099592686076159964e+01,-4.083246402426965460e-03,1.099184254767204294e+01,1.066687129736010320e-06
3.545000000000000234e-02,-1.596729000000000065e+00,1.096964161435917262e+01,1.097371845263447376e+01,-4.076838275301142289e-03,1.096963996339215441e+01,1.650967018207438741e-06
3.549999999999999684e-02,-1.618962999999999930e+00,1.094740761435917165e+01,1.095147869885579084e+01,-4.071084496619192805e-03,1.094740619855410557e+01,1.415805066073971830e-06
3.554999999999999827e-02,-1.641227999999999909e+00,1.092514261435917255e+01,1.092920759942554731e+01,-4.064985066374759981e-03,1.092514125382176005e+01,1.360537412509188471e-06
3.559999999999999970e-02,-1.663524000000000003e+00,1.090284661435917180e+01,1.090690515434373253e+01,-4.058539984560738390e-03,1.090284512985990695e+01,1.484499264847727318e-06
3.565000000000000113e-02,-1.685850999999999988e+00,1.088051961435917292e+01,1.088457136361036248e+01,-4.051749251189562528e-03,1.088051782733429462e+01,1.787024878296961106e-06
3.570000000000000256e-02,-1.708209000000000088e+00,1.085816161435917238e+01,1.086220622722542117e+01,-4.044612866248797900e-03,1.085815934691158091e+01,2.267447591464133438e-06
3.574999999999999706e-02,-1.730598999999999998e+00,1.083577161435917269e+01,1.083980974518892282e+01,-4.038130829750130601e-03,1.083576968925938111e+01,1.925099791577622454e-06
3.579999999999999849e-02,-1.753020000000000023e+00,1.081335061435917311e+01,1.081738191750086031e+01,-4.031303141687203606e-03,1.081334885504623600e+01,1.759312937110735220e-06
3.584999999999999992e-02,-1.775471999999999939e+00,1.079089861435917186e+01,1.079492274416122832e+01,-4.024129802056464200e-03,1.079089684494161361e+01,1.769417558250552247e-06
3.590000000000000135e-02,-1.797954999999999970e+00,1.076841561435917249e+01,1.077243222517003929e+01,-4.016610810866794168e-03,1.076841365961593766e+01,1.954743234833244969e-06
3.595000000000000279e-02,-1.820468999999999893e+00,1.074590161435917324e+01,1.074991036052728255e+01,-4.008746168109311725e-03,1.074589929974054847e+01,2.314618624765785171e-06
3.599999999999999728e-02,-1.843015000000000070e+00,1.072335561435917306e+01,1.072735715023296699e+01,-4.001535873793926612e-03,1.072335376598774026e+01,1.848371432799922331e-06
3.604999999999999871e-02,-1.865590999999999999e+00,1.070077961435917224e+01,1.070477259428708905e+01,-3.992979927916806560e-03,1.070077705903072740e+01,2.555328444842075442e-06
3.610000000000000014e-02,-1.888198999999999961e+00,1.067817161435917228e+01,1.068215669268963985e+01,-3.985078330467572982e-03,1.067816917954365863e+01,2.434815513652210939e-06
3.615000000000000158e-02,-1.910838000000000036e+00,1.065553261435917243e+01,1.065950944544063539e+01,-3.976831081462961492e-03,1.065553012820164014e+01,2.486157532288757466e-06
3.620000000000000301e-02,-1.933508000000000004e+00,1.063286261435917268e+01,1.063683085254005967e+01,-3.968238180886984878e-03,1.063285990568068584e+01,2.708678486840199184e-06
3.624999999999999750e-02,-1.956210000000000004e+00,1.061016061435917202e+01,1.061412091398792867e+01,-3.960299628756658308e-03,1.061015851265776888e+01,2.101701403134370594e-06
3.629999999999999893e-02,-1.978941999999999979e+00,1.058742861435917249e+01,1.059137962978423353e+01,-3.951015425061044084e-03,1.058742594981078256e+01,2.664548389930132544e-06
3.635000000000000037e-02,-2.001705999999999985e+00,1.056466461435917203e+01,1.056860699992896890e+01,-3.942385569796869049e-03,1.056466221781855452e+01,2.396540617510822813e-06
3.640000000000000180e-02,-2.024500999999999884e+00,1.054186961435917169e+01,1.054580302442214546e+01,-3.933410062973763388e-03,1.054186731736086813e+01,2.296998303563668742e-06
3.645000000000000323e-02,-2.047327000000000119e+00,1.051904361435917323e+01,1.052296770326375430e+01,-3.924088904581068959e-03,1.051904124911841620e+01,2.365240757029596352e-06
3.649999999999999772e-02,-2.070183999999999802e+00,1.049618661435917311e+01,1.050010103645380433e+01,-3.914422094631220261e-03,1.049618401377285259e+01,2.600586320511411031e-06
3.654999999999999916e-02,-2.093071999999999822e+00,1.047329861435917309e+01,1.047720302399229375e+01,-3.904409633120664580e-03,1.047329561200674597e+01,3.002352427117216394e-06
3.660000000000000059e-02,-2.115991999999999873e+00,1.045037861435917215e+01,1.045427366587921192e+01,-3.895051520039771731e-03,1.045037604450360469e+01,2.569855567458034784e-06
3.665000000000000202e-02,-2.138942999999999817e+00,1.042742761435917309e+01,1.043131296211457304e+01,-3.885347755399948255e-03,1.042742531194788747e+01,2.302411285626249082e-06
3.670000000000000345e-02,-2.161923999999999957e+00,1.040444661435917340e+01,1.040832091269836468e+01,-3.874298339191284413e-03,1.040444341502496783e+01,3.199334205561399358e-06
3.674999999999999795e-02,-2.184937000000000129e+00,1.038143361435917278e+01,1.038529751763059927e+01,-3.863903271426494257e-03,1.038143035442117501e+01,3.259937997768247442e-06
3.679999999999999938e-02,-2.207981999999999889e+00,1.035838861435917302e+01,1.036224277691126971e+01,-3.854162552096696004e-03,1.035838613082376192e+01,2.483535411101911450e-06
3.685000000000000081e-02,-2.231056999999999846e+00,1.033531361435917262e+01,1.033915669054037068e+01,-3.843076181198057384e-03,1.033531074492090696e+01,2.869438265662438425e-06
3.690000000000000224e-02,-2.254163000000000139e+00,1.031220761435917233e+01,1.031603925851791459e+01,-3.831644158742264494e-03,1.031220419740175664e+01,3.416957415680599297e-06
3.694999999999999674e-02,-2.277301000000000020e+00,1.028906961435917289e+01,1.029289048084389613e+01,-3.820866484723239864e-03,1.028906648895636344e+01,3.125402809445176899e-06
3.699999999999999817e-02,-2.300469999999999793e+00,1.026590061435917178e+01,1.026971035751830819e+01,-3.809743159136402824e-03,1.026589762027571773e+01,2.994083454055385118e-06
3.704999999999999960e-02,-2.323669999999999902e+00,1.024270061435917256e+01,1.024649888854116320e+01,-3.798274181990635157e-03,1.024269759205176555e+01,3.022307407007929214e-06
3.710000000000000103e-02,-2.346900999999999904e+00,1.021946961435917345e+01,1.022325607391244695e+01,-3.786459553273502365e-03,1.021946640497736603e+01,3.209381807423028476e-06
3.715000000000000246e-02,-2.370162999999999798e+00,1.019620761435917267e+01,1.019998191363217366e+01,-3.774299273000991661e-03,1.019620405974633748e+01,3.554612835188208919e-06
3.719999999999999696e-02,-2.393457000000000168e+00,1.017291361435917274e+01,1.017667640770033799e+01,-3.762793341165249217e-03,1.017291055705341130e+01,3.057305761444695236e-06
3.724999999999999839e-02,-2.416780999999999846e+00,1.014958961435917217e+01,1.015333955611693284e+01,-3.749941757760666405e-03,1.014958589759425855e+01,3.716764913619385879e-06
3.729999999999999982e-02,-2.440137000000000000e+00,1.012623361435917246e+01,1.012997135888197064e+01,-3.737744522798180924e-03,1.012623008206550068e+01,3.532293671781872035e-06
3.735000000000000125e-02,-2.463524000000000047e+00,1.010284661435917286e+01,1.010657181599543897e+01,-3.725201636266106675e-03,1.010284311116467926e+01,3.503194493603700721e-06
3.740000000000000269e-02,-2.486941999999999986e+00,1.007942861435917337e+01,1.008314092745735024e+01,-3.712313098176878157e-03,1.007942498559028621e+01,3.628768887153910327e-06
3.744999999999999718e-02,-2.510390999999999817e+00,1.005597961435917220e+01,1.005967869326769559e+01,-3.699078908523389941e-03,1.005597570604173541e+01,3.908317436795982758e-06
3.749999999999999861e-02,-2.533872000000000124e+00,1.003249861435917190e+01,1.003618511342647324e+01,-3.686499067301340915e-03,1.003249527321937329e+01,3.341139798607173361e-06
3.755000000000000004e-02,-2.557383000000000184e+00,1.000898761435917272e+01,1.001266018793369561e+01,-3.672573574522886020e-03,1.000898368782450376e+01,3.926534668963199692e-06
3.760000000000000148e-02,-2.580925999999999831e+00,9.985444614359172633e+00,9.989103916789346727e+00,-3.659302430174093956e-03,9.985440950559340223e+00,3.663799832409608825e-06
3.765000000000000291e-02,-2.604499999999999815e+00,9.961870614359172649e+00,9.965516299993440796e+00,-3.645685634268147624e-03,9.961867062127060635e+00,3.552232112014053200e-06
3.769999999999999740e-02,-2.628105000000000135e+00,9.938265614359172773e+00,9.941897337545970714e+00,-3.631723186797941594e-03,9.938262023231750675e+00,3.591127422097883937e-06
3.774999999999999883e-02,-2.651740999999999904e+00,9.914629614359173004e+00,9.918247029446931151e+00,-3.617415087758146797e-03,9.914625834578439267e+00,3.779780733736970433e-06
3.780000000000000027e-02,-2.675408000000000008e+00,9.890962614359171567e+00,9.894565375696334542e+00,-3.602761337162974087e-03,9.890958496873107464e+00,4.117486064103559329e-06
3.785000000000000170e-02,-2.699107000000000145e+00,9.867263614359172763e+00,9.870852376294168451e+00,-3.588761934995687852e-03,9.867260010822645810e+00,3.603536526952666463e-06
3.790000000000000313e-02,-2.722836000000000034e+00,9.843534614359171542e+00,9.847108031240447090e+00,-3.573416881275548462e-03,9.843530377134911191e+00,4.237224260350558325e-06
3.794999999999999762e-02,-2.746596999999999955e+00,9.819773614359172953e+00,9.823332340535161578e+00,-3.558726175988624618e-03,9.819769596518669985e+00,4.017840502967828797e-06
3.799999999999999906e-02,-2.770389000000000213e+00,9.795981614359172696e+00,9.799525304178304808e+00,-3.543689819132112007e-03,9.795977669683626488e+00,3.944675546208031847e-06
3.805000000000000049e-02,-2.794211999999999918e+00,9.772158614359172546e+00,9.775686922169892767e+00,-3.528307810720221482e-03,9.772154597340442450e+00,4.017018730095855972e-06
3.810000000000000192e-02,-2.818065999999999960e+00,9.748304614359172504e+00,9.751817194509909470e+00,-3.512580150736965834e-03,9.748300380200687343e+00,4.234158485161287899e-06
3.815000000000000335e-02,-2.841950999999999894e+00,9.724419614359172570e+00,9.727916121198369126e+00,-3.496506839196555916e-03,9.724415018976891645e+00,4.595382280925264240e-06
3.819999999999999785e-02,-2.865867999999999860e+00,9.700502614359173492e+00,9.703983702235266406e+00,-3.481087876092914257e-03,9.700498514382504212e+00,4.099976669280636088e-06
3.824999999999999928e-02,-2.889816000000000162e+00,9.676554614359172746e+00,9.680019937620594206e+00,-3.465323261421460188e-03,9.676550867131908262e+00,3.747227264483399267e-06
3.830000000000000071e-02,-2.913794000000000217e+00,9.652576614359173135e+00,9.656024827354364959e+00,-3.448212995191823893e-03,9.652572077940439144e+00,4.536418733991354202e-06
3.835000000000000214e-02,-2.937803999999999860e+00,9.628566614359172604e+00,9.631998371436564454e+00,-3.431757077391850430e-03,9.628562147524352355e+00,4.466834820249232507e-06
3.839999999999999664e-02,-2.961844999999999839e+00,9.604525614359172181e+00,9.607940569867208680e+00,-3.414955508036499054e-03,9.604521076600850193e+00,4.537758321987439558e-06
3.844999999999999807e-02,-2.985917000000000154e+00,9.580453614359171866e+00,9.583851422646288754e+00,-3.397808287116887982e-03,9.580448865888062215e+00,4.748471109650154176e-06
3.849999999999999950e-02,-3.010021000000000058e+00,9.556349614359172406e+00,9.559730929773799346e+00,-3.381315414626939742e-03,9.556345516105050564e+00,4.098254121842614950e-06
3.855000000000000093e-02,-3.034155000000000157e+00,9.532215614359172307e+00,9.535579091249752892e+00,-3.363476890580585632e-03,9.532211027971829509e+00,4.586387342797593192e-06
3.860000000000000236e-02,-3.058320999999999845e+00,9.508049614359173063e+00,9.511395907074136957e+00,-3.346292714963894355e-03,9.508045402209328145e+00,4.212149844917689734e-06
3.864999999999999686e-02,-3.082517000000000174e+00,9.483853614359173179e+00,9.487181377246963976e+00,-3.327762887790797208e-03,9.483848639539434799e+00,4.974819738379210321e-06
3.869999999999999829e-02,-3.106745000000000090e+00,9.459625614359172374e+00,9.462935501768226843e+00,-3.309887409054468321e-03,9.459620740684952622e+00,4.873674219751933379e-06
3.874999999999999972e-02,-3.131003999999999898e+00,9.435366614359171678e+00,9.438658280637920228e+00,-3.291666278748550667e-03,9.435361706369620904e+00,4.907989550773095289e-06
3.880000000000000115e-02,3.127890999999999977e+00,9.411076307179584433e+00,9.414349713856056567e+00,-3.273406676472134791e-03,9.411071537318136393e+00,4.769861448039591778e-06
3.885000000000000259e-02,3.103569999999999940e+00,9.386755307179585728e+00,9.390009801422623426e+00,-3.254494243037697743e-03,9.386750234256103553e+00,5.072923482174473975e-06
3.889999999999999708e-02,3.079216999999999871e+00,9.362402307179586103e+00,9.365638543337633237e+00,-3.236236158047134381e-03,9.362397797910087860e+00,4.509269498242929330e-06
3.894999999999999851e-02,3.054834000000000049e+00,9.338019307179585837e+00,9.341235939601080673e+00,-3.216632421494836080e-03,9.338014229007574940e+00,5.078172010897219479e-06
3.899999999999999994e-02,3.030419000000000196e+00,9.313604307179584652e+00,9.316801990212958628e+00,-3.197683033373976969e-03,9.313599528276983008e+00,4.778902601643153503e-06
3.905000000000000138e-02,3.005973000000000006e+00,9.289158307179585350e+00,9.292336695173277761e+00,-3.178387993692410873e-03,9.289153696447682407e+00,4.610731902943143723e-06
3.910000000000000281e-02,2.981495999999999924e+00,9.264681307179586156e+00,9.267840054482027412e+00,-3.158747302441256011e-03,9.264676734249958301e+00,4.572929627855160106e-06
3.914999999999999730e-02,2.956987999999999950e+00,9.240173307179585294e+00,9.243312068139220017e+00,-3.138760959634723235e-03,9.240168642415056866e+00,4.664764528428122503e-06
3.919999999999999873e-02,2.932449000000000083e+00,9.215634307179584539e+00,9.218752736144850246e+00,-3.118428965265707120e-03,9.215629421675137323e+00,4.885504447216248991e-06
3.925000000000000017e-02,2.907878999999999881e+00,9.191064307179585668e+00,9.194162058498910994e+00,-3.097751319325325881e-03,9.191059072763296811e+00,5.234416288857346444e-06
3.930000000000000160e-02,2.883277000000000090e+00,9.166462307179585878e+00,9.169540035201414696e+00,-3.077728021828818328e-03,9.166457596413589926e+00,4.710765995952215235e-06
3.935000000000000303e-02,2.858645000000000103e+00,9.141830307179585446e+00,9.144886666252347140e+00,-3.056359072761694051e-03,9.141824993360975427e+00,5.313818610019893640e-06
3.939999999999999752e-02,2.833981000000000083e+00,9.117166307179585871e+00,9.120201951651724315e+00,-3.035644472138443462e-03,9.117161264341378413e+00,5.042838207458544275e-06
3.944999999999999896e-02,2.809286000000000172e+00,9.092471307179586404e+00,9.095485891399537337e+00,-3.014584219950933175e-03,9.092466410091638807e+00,4.897087947597356106e-06
3.950000000000000039e-02,2.784559999999999924e+00,9.067745307179585268e+00,9.070738485495779102e+00,-2.993178316193834121e-03,9.067740431349525565e+00,4.875830059702934705e-06
3.955000000000000182e-02,2.759802999999999784e+00,9.042988307179584240e+00,9.045959733940465597e+00,-2.971426760881357154e-03,9.042983328853779312e+00,4.978325804927408171e-06
3.960000000000000325e-02,2.735015000000000196e+00,9.018200307179585096e+00,9.021149636733582611e+00,-2.949329553997515063e-03,9.018195103344034180e+00,5.203835550915414387e-06
3.964999999999999775e-02,2.710195999999999827e+00,8.993381307179586059e+00,8.996308193875142578e+00,-2.926886695556518703e-03,8.993375755560892415e+00,5.551618693644400082e-06
3.969999999999999918e-02,2.685344999999999871e+00,8.968530307179584327e+00,8.971435405365140170e+00,-2.905098185555843315e-03,8.968525286245872863e+00,5.020933711463726468e-06
3.975000000000000061e-02,2.660464000000000162e+00,8.943649307179585506e+00,8.946531271203566504e+00,-2.881964023980998491e-03,8.943643696141428734e+00,5.611038156771996910e-06
3.980000000000000204e-02,2.635550999999999977e+00,8.918736307179585765e+00,8.921595791390434016e+00,-2.859484210848250996e-03,8.918730985990968918e+00,5.321188616846939112e-06
3.984999999999999654e-02,2.610606999999999900e+00,8.893792307179584355e+00,8.896628965925740928e+00,-2.836658746156572874e-03,8.893787156538817129e+00,5.150640767226377648e-06
3.989999999999999797e-02,2.585631999999999930e+00,8.868817307179584830e+00,8.871630794809476583e+00,-2.813487629891753272e-03,8.868812208530236774e+00,5.098649348056483177e-06
3.994999999999999940e-02,2.560626000000000069e+00,8.843811307179585413e+00,8.846601278041656968e+00,-2.789970862071555757e-03,8.843806142711439833e+00,5.164468145579803604e-06
4.000000000000000083e-02,2.535588999999999871e+00,8.818774307179584326e+00,8.821540415622266096e+00,-2.766108442681769475e-03,8.818768959829556664e+00,5.347350027662400862e-06
4.005000000000000226e-02,2.510520999999999781e+00,8.793706307179585124e+00,8.796448207551319953e+00,-2.741900371734828923e-03,8.793700660632671529e+00,5.646546913595784645e-06
4.009999999999999676e-02,2.485421999999999798e+00,8.768607307179586030e+00,8.771324653828809659e+00,-2.717346649223628674e-03,8.768601245869787064e+00,6.061309798965908158e-06
4.014999999999999819e-02,2.460290999999999784e+00,8.743476307179584239e+00,8.746169754454728107e+00,-2.693447275143867614e-03,8.743470716290843825e+00,5.590888740414357017e-06
4.019999999999999962e-02,2.435128999999999877e+00,8.718314307179586109e+00,8.720983509429091285e+00,-2.669202249505175928e-03,8.718309072646736269e+00,5.234532849840434210e-06
4.025000000000000105e-02,2.409937000000000218e+00,8.693122307179585562e+00,8.695765918751883206e+00,-2.643611572297643875e-03,8.693116315689266571e+00,5.991490318990599917e-06
4.030000000000000249e-02,2.384713000000000083e+00,8.667898307179585871e+00,8.670516982423119856e+00,-2.618675243533985508e-03,8.667892446171201470e+00,5.861008384400179239e-06
4.034999999999999698e-02,2.359458000000000055e+00,8.642643307179586287e+00,8.645236700442792355e+00,-2.593393263206067445e-03,8.642637464846222528e+00,5.842333363759166787e-06
4.039999999999999841e-02,2.334172000000000136e+00,8.617357307179585035e+00,8.619925072810895372e+00,-2.567765631310336971e-03,8.617351372468945669e+00,5.934710639365903262e-06
4.044999999999999984e-02,2.308854999999999880e+00,8.592040307179585668e+00,8.594582099527441343e+00,-2.541792347855675871e-03,8.592034169794947829e+00,6.137384637838749768e-06
4.050000000000000128e-02,2.283506000000000036e+00,8.566691307179585380e+00,8.569207780592416057e+00,-2.516473412830677603e-03,8.566685857580706553e+00,5.449598878826122927e-06
4.055000000000000271e-02,2.258126999999999995e+00,8.541312307179584451e+00,8.543802116005835501e+00,-2.489808826251049823e-03,8.541306436583669282e+00,5.870595915169474210e-06
4.059999999999999720e-02,2.232715999999999923e+00,8.515901307179586155e+00,8.518365105767692569e+00,-2.463798588106413945e-03,8.515895907562194722e+00,5.399617391432798286e-06
4.064999999999999863e-02,2.207275000000000098e+00,8.490460307179585442e+00,8.492896749877978380e+00,-2.436442698392937700e-03,8.490454271275575948e+00,6.035904009493719968e-06
4.070000000000000007e-02,2.181801999999999797e+00,8.464987307179585585e+00,8.467397048336707144e+00,-2.409741157121558786e-03,8.464981528484068818e+00,5.778695516767129448e-06
4.075000000000000150e-02,2.156298000000000048e+00,8.439483307179585836e+00,8.441866001143866427e+00,-2.382693964280591103e-03,8.439477679948829802e+00,5.627230756033441139e-06
4.080000000000000293e-02,2.130762999999999963e+00,8.413948307179584418e+00,8.416303608299470440e+00,-2.355301119886021866e-03,8.413942726431987040e+00,5.580747597377921920e-06
4.084999999999999742e-02,2.105196999999999985e+00,8.388382307179584885e+00,8.390709869803508525e+00,-2.327562623923640217e-03,8.388376668696571059e+00,5.638483013825634771e-06
4.089999999999999886e-02,2.079600000000000115e+00,8.362785307179585459e+00,8.365084785655978905e+00,-2.299478476393446158e-03,8.362779507506559185e+00,5.799673026274376753e-06
4.095000000000000029e-02,2.053971999999999909e+00,8.337157307179584365e+00,8.339428355856890462e+00,-2.271048677306097829e-03,8.337151243626884423e+00,6.063552699941965329e-06
4.100000000000000172e-02,2.028312999999999811e+00,8.311498307179585154e+00,8.313740580406232539e+00,-2.242273226647384377e-03,8.311491877823382168e+00,6.429356202986014068e-06
4.105000000000000315e-02,2.002622000000000124e+00,8.285807307179585024e+00,8.288021459304017569e+00,-2.214152124432544610e-03,8.285801410862855931e+00,5.896316729092632158e-06
4.109999999999999765e-02,1.976901000000000019e+00,8.260086307179586029e+00,8.262270992550240223e+00,-2.184685370654193548e-03,8.260079843513018716e+00,6.463666567313453015e-06
4.114999999999999908e-02,1.951148000000000104e+00,8.234333307179586114e+00,8.236489180144891620e+00,-2.155872965305505318e-03,8.234327176542524995e+00,6.130637061119159625e-06
4.120000000000000051e-02,1.925364000000000075e+00,8.208549307179584531e+00,8.210676022087987747e+00,-2.126714908403215532e-03,8.208543410720983147e+00,5.896458601384324538e-06
4.125000000000000194e-02,1.899548999999999932e+00,8.182734307179584832e+00,8.184831518379514392e+00,-2.097211199929560621e-03,8.182728546818909265e+00,5.760360675566289501e-06
4.130000000000000338e-02,1.873702999999999896e+00,8.156888307179585240e+00,8.158955669019483992e+00,-2.067361839898751441e-03,8.156882585607782232e+00,5.721571803007918788e-06
4.134999999999999787e-02,1.847825999999999969e+00,8.131011307179585756e+00,8.133048474007885886e+00,-2.037166828300129851e-03,8.131005527860001081e+00,5.779319584675590704e-06
4.139999999999999930e-02,1.821917999999999926e+00,8.105103307179584604e+00,8.107109933344723629e+00,-2.006626165139024920e-03,8.105097374348892103e+00,5.932830692501056546e-06
4.145000000000000073e-02,1.795978999999999992e+00,8.079164307179585336e+00,8.081140047030002549e+00,-1.975739850417213006e-03,8.079158125848746153e+00,6.181330839183374337e-06
4.150000000000000216e-02,1.770008999999999943e+00,8.053194307179584399e+00,8.055138815063710211e+00,-1.944507884125812325e-03,8.053187783134752920e+00,6.524044831479614004e-06
4.154999999999999666e-02,1.744007000000000085e+00,8.027192307179586095e+00,8.029106237445862604e+00,-1.913930266276508974e-03,8.027186346983073761e+00,5.960196512333482133e-06
4.159999999999999809e-02,1.717975000000000030e+00,8.001160307179585374e+00,8.003042314176450844e+00,-1.882006996865470683e-03,8.001153818170783083e+00,6.489008802290641142e-06
4.164999999999999952e-02,1.691910999999999943e+00,7.975096307179585509e+00,7.976947045255467827e+00,-1.850738075882318867e-03,7.975090197475887877e+00,6.109703697632085095e-06
4.170000000000000095e-02,1.665815999999999963e+00,7.949001307179585751e+00,7.950820430682931317e+00,-1.819123503345565496e-03,7.948995485677352590e+00,5.821502233160913420e-06
4.175000000000000239e-02,1.639691000000000010e+00,7.922876307179585353e+00,7.924662470458823549e+00,-1.786163279238195400e-03,7.922869683555054721e+00,6.623624530632810092e-06
4.179999999999999688e-02,1.613534000000000024e+00,7.896719307179585812e+00,7.898473164583158734e+00,-1.753857403572922635e-03,7.896712791889827443e+00,6.515289758368680850e-06
4.184999999999999831e-02,1.587345999999999924e+00,7.870531307179585490e+00,7.872252513055931544e+00,-1.721205876346054708e-03,7.870524811463422310e+00,6.495716163179565683e-06
4.189999999999999974e-02,1.561126999999999931e+00,7.844312307179585275e+00,7.846000515877133097e+00,-1.688208697547821657e-03,7.844305743058527014e+00,6.564121058261207509e-06
4.195000000000000118e-02,1.534877000000000047e+00,7.818062307179585169e+00,7.819717173046777603e+00,-1.654865867192434337e-03,7.818055587458786704e+00,6.719720798464834388e-06
4.200000000000000261e-02,1.508594999999999908e+00,7.791780307179585030e+00,7.793402484564850852e+00,-1.622177385265821670e-03,7.791774345448754246e+00,5.961730830783551482e-06
4.204999999999999710e-02,1.482283000000000017e+00,7.765468307179585139e+00,7.767056450431370607e+00,-1.588143251785467669e-03,7.765462017813939966e+00,6.289365645173461417e-06
4.209999999999999853e-02,1.455940000000000012e+00,7.739125307179585356e+00,7.740679070646326210e+00,-1.553763466740853971e-03,7.739118605340777890e+00,6.701838807465776426e-06
4.214999999999999997e-02,1.429564999999999975e+00,7.712750307179585540e+00,7.714270345209712332e+00,-1.520038030126791284e-03,7.712744108816629307e+00,6.198362956233438581e-06
4.220000000000000140e-02,1.403159999999999963e+00,7.686345307179585085e+00,7.687830274121541407e+00,-1.484966941956322728e-03,7.686338529029821842e+00,6.778149763242424797e-06
4.225000000000000283e-02,1.376722999999999919e+00,7.659908307179585485e+00,7.661358857381797449e+00,-1.450550202211964290e-03,7.659901866769585510e+00,6.440409999974860966e-06
4.229999999999999732e-02,1.350254999999999983e+00,7.633440307179585105e+00,7.634856094990499997e+00,-1.415787810914892475e-03,7.633434122826107782e+00,6.184353477323156767e-06
4.234999999999999876e-02,1.323755999999999933e+00,7.606941307179585721e+00,7.608321986947638393e+00,-1.380679768052672785e-03,7.606935297990503386e+00,6.009189082334387422e-06
4.240000000000000019e-02,1.297225999999999990e+00,7.580411307179585556e+00,7.581756533253205532e+00,-1.345226073619976148e-03,7.580405393054810759e+00,5.914124774797357986e-06
4.245000000000000162e-02,1.270666000000000073e+00,7.553851307179585639e+00,7.555159733907217401e+00,-1.308426727631761821e-03,7.553844408812038225e+00,6.898367547414352430e-06
4.250000000000000305e-02,1.244072999999999984e+00,7.527258307179585550e+00,7.528531588909659789e+00,-1.273281730074238283e-03,7.527252346056084065e+00,5.961123501485587894e-06
4.254999999999999755e-02,1.217449999999999921e+00,7.500635307179585709e+00,7.501872098260545130e+00,-1.236791080959420697e-03,7.500629205581828884e+00,6.101597756824617136e-06
4.259999999999999898e-02,1.190795999999999966e+00,7.473981307179585087e+00,7.475181261959866319e+00,-1.199954780281231592e-03,7.473974988185055679e+00,6.318994529408428207e-06
4.265000000000000041e-02,1.164110999999999896e+00,7.447296307179585462e+00,7.448459080007616251e+00,-1.162772828030789185e-03,7.447289694662485360e+00,6.612517100101911183e-06
4.270000000000000184e-02,1.137394000000000016e+00,7.420579307179584916e+00,7.421705552403812689e+00,-1.126245224227773178e-03,7.420573325811799847e+00,5.981367785068414378e-06
4.275000000000000328e-02,1.110646999999999940e+00,7.393832307179585506e+00,7.394920679148436093e+00,-1.088371968850587734e-03,7.393825882431587004e+00,6.424747998501345592e-06
4.279999999999999777e-02,1.083868000000000054e+00,7.367053307179585175e+00,7.368104460241504228e+00,-1.051153061919052334e-03,7.367047365321390373e+00,5.941858194802307480e-06
4.284999999999999920e-02,1.057058999999999971e+00,7.340244307179585093e+00,7.341256895683009986e+00,-1.012588503424893815e-03,7.340237775281684307e+00,6.531897900785565980e-06
4.290000000000000063e-02,1.030218000000000078e+00,7.313403307179585866e+00,7.314377985472944488e+00,-9.746782933586217723e-04,7.313397113113861536e+00,6.194065724329789191e-06
4.295000000000000207e-02,1.003346000000000071e+00,7.286531307179584971e+00,7.287467729611323719e+00,-9.364224317387481733e-04,7.286525379620286458e+00,5.927559298513074282e-06
4.299999999999999656e-02,9.764435999999999671e-01,7.259628907179584978e+00,7.260526128098135246e+00,-8.972209185502677542e-04,7.259622575604225858e+00,6.331575359119767654e-06
4.304999999999999799e-02,9.495097000000000120e-01,7.232695007179585467e+00,7.233553180933380844e+00,-8.581737537953770811e-04,7.232688701869887993e+00,6.305309697474115183e-06
4.309999999999999942e-02,9.225448000000000537e-01,7.205730107179585175e+00,7.206548888117069396e+00,-8.187809374842203169e-04,7.205723759222440350e+00,6.347957144825500109e-06
4.315000000000000085e-02,8.955488000000000337e-01,7.178734107179585600e+00,7.179513249649186690e+00,-7.791424696010906814e-04,7.178727748467952807e+00,6.358711632792335422e-06
4.320000000000000229e-02,8.685216999999999521e-01,7.151707007179584963e+00,7.152446265529748715e+00,-7.392583501637517429e-04,7.151700670413461580e+00,6.336766123382631122e-06
4.324999999999999678e-02,8.414635000000000309e-01,7.124648807179585042e+00,7.125347935758746587e+00,-6.991285791615453604e-04,7.124642525866917708e+00,6.281312667333338595e-06
4.329999999999999821e-02,8.143742999999999954e-01,7.097559607179585228e+00,7.098218260336174978e+00,-6.586531565897502105e-04,7.097553315637206595e+00,6.291542378633607768e-06
4.334999999999999964e-02,7.872540000000000093e-01,7.070439307179585242e+00,7.071057239262044547e+00,-6.179320824593048656e-04,7.070433040534172875e+00,6.266645412367211065e-06
4.340000000000000108e-02,7.601027000000000200e-01,7.043288007179585364e+00,7.043864872536346411e+00,-5.768653567610471100e-04,7.043281701368561798e+00,6.305811023565865980e-06
4.345000000000000251e-02,7.329202000000000217e-01,7.016105507179585032e+00,7.016641160159091228e+00,-5.356529795061959476e-04,7.016099298952093832e+00,6.208227491200091208e-06
4.349999999999999700e-02,7.057067000000000201e-01,6.988892007179585697e+00,6.989386102130271894e+00,-4.940949506861969098e-04,6.988885834097393612e+00,6.173082192084677899e-06
4.354999999999999843e-02,6.784622000000000153e-01,6.961647507179585581e+00,6.962099698449881302e+00,-4.521912702957209262e-04,6.961641307618029018e+00,6.199561556563537579e-06
4.359999999999999987e-02,6.511865999999999488e-01,6.934371907179585293e+00,6.934781949117937216e+00,-4.100419383519238181e-04,6.934365720328520055e+00,6.186851065237419789e-06
4.365000000000000130e-02,6.238799000000000428e-01,6.907065207179585720e+00,6.907432854134420097e+00,-3.676469548343774818e-04,6.907059073044294450e+00,6.134135291269160462e-06
4.370000000000000273e-02,5.965422000000000224e-01,6.879727507179585366e+00,6.880052413499347708e+00,-3.249063197623414112e-04,6.879721366581746267e+00,6.140597839099370958e-06
4.374999999999999722e-02,5.691734000000000515e-01,6.852358707179585728e+00,6.852640627212712943e+00,-2.819200331272142535e-04,6.852352601758182615e+00,6.105421403113098222e-06
4.379999999999999866e-02,5.417735999999999663e-01,6.824958907179585310e+00,6.825197495274506920e+00,-2.385880949216101499e-04,6.824952779391843194e+00,6.127787742116197478e-06
4.385000000000000009e-02,5.143427000000000415e-01,6.797528007179585607e+00,6.797723017684745628e+00,-1.950105051600203865e-04,6.797521900301934039e+00,6.106877651568254350e-06
4.390000000000000152e-02,4.868806999999999996e-01,6.770066007179585732e+00,6.770217194443411302e+00,-1.511872638255695733e-04,6.770059965308554695e+00,6.041871031037260309e-06
4.395000000000000295e-02,4.593877000000000099e-01,6.742573007179585076e+00,6.742680025550521705e+00,-1.070183709366290259e-04,6.742566975232783477e+00,6.031946801599019636e-06
4.399999999999999745e-02,4.318636000000000141e-01,6.715048907179585136e+00,6.715111511006069733e+00,-6.260382648459739130e-05,6.715042930896601092e+00,5.976282984043734814e-06
4.404999999999999888e-02,4.043085000000000151e-01,6.687493807179585303e+00,6.687511650810046504e+00,-1.784363046120063245e-05,6.687487833122927938e+00,5.974056657365167666e-06
4.410000000000000031e-02,3.767223000000000099e-01,6.659907607179585298e+00,6.659880444962468005e+00,2.716221711729360777e-05,6.659901682735648976e+00,5.924443936322631998e-06
4.415000000000000174e-02,3.491051000000000015e-01,6.632290407179585401e+00,6.632217893463318248e+00,7.251371626715297225e-05,6.632284480559542672e+00,5.926620042728814042e-06
4.420000000000000318e-02,3.214567999999999870e-01,6.604642107179585331e+00,6.604523996312613221e+00,1.181108669721098181e-04,6.604636227420362715e+00,5.879759222615632552e-06
4.424999999999999767e-02,2.937774000000000219e-01,6.576962707179585088e+00,6.576798753510344042e+00,1.639536692410459295e-04,6.576956924144772287e+00,5.783034812800735835e-06
4.429999999999999910e-02,2.660671000000000008e-01,6.549252407179585234e+00,6.549042165056503606e+00,2.102421230816275965e-04,6.549246571560367158e+00,5.835619218075294157e-06
4.435000000000000053e-02,2.383255999999999986e-01,6.521510907179584926e+00,6.521254230951107900e+00,2.566762284770263136e-04,6.521505170495707659e+00,5.736683877266557374e-06
4.440000000000000197e-02,2.105530999999999930e-01,6.493738407179585614e+00,6.493434951194140936e+00,3.034559854446783334e-04,6.493732721780256512e+00,5.685399329102835964e-06
4.445000000000000340e-02,1.827496000000000120e-01,6.465934907179585522e+00,6.465584325785618702e+00,3.505813939668200874e-04,6.465929226244444550e+00,5.680935140972565023e-06
4.449999999999999789e-02,1.549149999999999971e-01,6.438100307179585258e+00,6.437702354725532317e+00,3.979524540529411070e-04,6.438094684719610328e+00,5.622459974929938653e-06
4.454999999999999932e-02,1.270494000000000068e-01,6.410234707179585101e+00,6.409789038013876450e+00,4.456691657086508940e-04,6.410229098038032092e+00,5.609141553009067138e-06
4.460000000000000075e-02,9.915271000000000501e-02,6.382338017179585599e+00,6.381844375650665313e+00,4.936415289202855661e-04,6.382332467032947321e+00,5.550146638277908551e-06
4.465000000000000219e-02,7.122499000000000191e-02,6.354410297179585498e+00,6.353868367635879366e+00,5.419295437061322218e-04,6.354404792538492330e+00,5.504641093168061161e-06
4.469999999999999668e-02,4.326623000000000274e-02,6.326451537179585749e+00,6.325861013969541702e+00,5.905232100440471754e-04,6.326446075389782209e+00,5.461789803540284538e-06
4.474999999999999811e-02,1.527643000000000056e-02,6.298461737179585462e+00,6.297822314651638109e+00,6.394225279473531032e-04,6.298456316422832657e+00,5.420756752805289125e-06
4.479999999999999954e-02,-1.274441999999999936e-02,6.270440887179585587e+00,6.269752269682163259e+00,6.886174974223280287e-04,6.270435516474600846e+00,5.370704984741792032e-06
4.485000000000000098e-02,-4.079631000000000229e-02,6.242388997179585175e+00,6.241650879061134916e+00,7.381181184502594306e-04,6.242383676382999624e+00,5.320796585550624513e-06
4.490000000000000241e-02,-6.887923999999999436e-02,6.214306067179585114e+00,6.213518142788535314e+00,7.879243910497990555e-04,6.214300796986847786e+00,5.270192737327761279e-06
4.494999999999999690e-02,-9.699320999999999637e-02,6.186192097179585403e+00,6.185354060864380443e+00,8.380363152049596920e-04,6.186186879125932236e+00,5.218053653166521144e-06
4.499999999999999833e-02,-1.251382000000000050e-01,6.158047107179585034e+00,6.157158633288661420e+00,8.884738909236133964e-04,6.158041923640956483e+00,5.183538628550365956e-06
4.504999999999999977e-02,-1.533142999999999867e-01,6.129871007179585440e+00,6.128931860061369363e+00,9.391471182160771036e-04,6.129865931373544186e+00,5.075806041254793399e-06
4.510000000000000120e-02,-1.815212999999999965e-01,6.101664007179585347e+00,6.100673741182523813e+00,9.902659970615346197e-04,6.101658903166299552e+00,5.104013285794906096e-06
4.515000000000000263e-02,-2.097594999999999876e-01,6.073425807179585689e+00,6.072384276652105228e+00,1.041530527480460933e-03,6.073420839862713194e+00,4.967316872495075586e-06
4.519999999999999712e-02,-2.380286000000000068e-01,6.045156707179585531e+00,6.044063466470133150e+00,1.093240709452381054e-03,6.045151742307247389e+00,4.964872338142356512e-06
4.524999999999999856e-02,-2.663287999999999767e-01,6.016856507179585201e+00,6.015711310636596920e+00,1.145196542988280441e-03,6.016851611345288120e+00,4.895834297080625674e-06
4.529999999999999999e-02,-2.946599999999999775e-01,5.988525307179584978e+00,5.987327809151491209e+00,1.197498028093768596e-03,5.988520447823137971e+00,4.859356447006746293e-06
4.535000000000000142e-02,-3.230222999999999844e-01,5.960163007179585470e+00,5.958912962014824899e+00,1.250045164760571481e-03,5.960158252588074745e+00,4.754591510724992531e-06
4.540000000000000285e-02,-3.514155999999999946e-01,5.931769707179585183e+00,5.930466769226592660e+00,1.302937952992522241e-03,5.931765026488275083e+00,4.680691310099405200e-06
4.544999999999999735e-02,-3.798399000000000081e-01,5.903345407179585003e+00,5.901989230786803375e+00,1.356176392781627271e-03,5.903340770372874857e+00,4.636806710145435773e-06
4.549999999999999878e-02,-4.082953000000000277e-01,5.874890007179585538e+00,5.873480346695449938e+00,1.409660484135599745e-03,5.874885485091938975e+00,4.522087646563477392e-06
4.555000000000000021e-02,-4.367815999999999921e-01,5.846403707179585574e+00,5.844940116952525244e+00,1.463590227060329596e-03,5.846399171496448943e+00,4.535683136630552781e-06
4.560000000000000164e-02,-4.652990000000000181e-01,5.817886307179585437e+00,5.816368541558045280e+00,1.517765621540156928e-03,5.817881830438359714e+00,4.476741225722946638e-06
4.565000000000000308e-02,-4.938474999999999948e-01,5.789337807179585127e+00,5.787765620511997611e+00,1.572186667587516240e-03,5.789333462770525074e+00,4.344409060053067151e-06
4.569999999999999757e-02,-5.224269000000000274e-01,5.760758407179585205e+00,5.759131353814387566e+00,1.627053365197639323e-03,5.760754069346765149e+00,4.337832820056064520e-06
4.574999999999999900e-02,-5.510374000000000105e-01,5.732147907179585111e+00,5.730465741465218699e+00,1.682165714366412601e-03,5.732143651021813113e+00,4.256157771997948203e-06
4.580000000000000043e-02,-5.796790000000000553e-01,5.703506307179585733e+00,5.701768783464478574e+00,1.737523715107158750e-03,5.703502208651341832e+00,4.098528243901000678e-06
4.585000000000000187e-02,-6.083515000000000450e-01,5.674833807179584966e+00,5.673040479812183179e+00,1.793327367401786887e-03,5.674829743091974521e+00,4.064087610444744314e-06
4.590000000000000330e-02,-6.370550999999999853e-01,5.646130207179584914e+00,5.644280830508314750e+00,1.849376671270164252e-03,5.646126255201247446e+00,3.951978337468631253e-06
4.594999999999999779e-02,-6.657897000000000398e-01,5.617395607179584971e+00,5.615489835552891051e+00,1.905771626693919529e-03,5.617391745837661432e+00,3.861341923538930132e-06
4.599999999999999922e-02,-6.945552999999999866e-01,5.588630007179585135e+00,5.586667494945904977e+00,1.962512233680158147e-03,5.588626215860621471e+00,3.791318963664025432e-06
4.605000000000000066e-02,-7.233519000000000476e-01,5.559833407179585407e+00,5.557813808687345869e+00,2.019598492239538245e-03,5.559829666130482906e+00,3.741049102501392554e-06
4.610000000000000209e-02,-7.521795999999999482e-01,5.531005707179585507e+00,5.528928776777233267e+00,2.076930402352239469e-03,5.531002097508547877e+00,3.609671037629880175e-06
4.614999999999999658e-02,-7.810382000000000158e-01,5.502147107179585106e+00,5.500012399215556513e+00,2.134707964028592642e-03,5.502143510857035125e+00,3.596322549981323391e-06
4.619999999999999801e-02,-8.099279000000000339e-01,5.473257407179585421e+00,5.471064676002310279e+00,2.192731177275142329e-03,5.473253907039104860e+00,3.500140480561242384e-06
4.624999999999999944e-02,-8.388486000000000553e-01,5.444336707179584955e+00,5.442085607137506997e+00,2.251100042077958108e-03,5.444333286918862314e+00,3.420260722641899065e-06
4.630000000000000088e-02,-8.678002999999999689e-01,5.415385007179585486e+00,5.413075192621130682e+00,2.309814558454803546e-03,5.415381651361332871e+00,3.355818252614994890e-06
4.635000000000000231e-02,-8.967831000000000552e-01,5.386402207179584956e+00,5.384033432453200874e+00,2.368774726384081930e-03,5.386399001232499373e+00,3.205947085582749878e-06
4.639999999999999680e-02,-9.257967999999999753e-01,5.357388507179585702e+00,5.354960326633708689e+00,2.428180545877012264e-03,5.357385337399257708e+00,3.169780327993976243e-06
4.644999999999999823e-02,-9.548415999999999570e-01,5.328343707179585387e+00,5.325855875162641695e+00,2.487832016943691826e-03,5.328340660729439904e+00,3.046450145482992866e-06
4.649999999999999967e-02,-9.839174000000000531e-01,5.299267907179585180e+00,5.296720078040022983e+00,2.547829139562196588e-03,5.299264972091840775e+00,2.935087744404540899e-06
4.655000000000000110e-02,-1.013023999999999925e+00,5.270161307179585641e+00,5.267552935265833014e+00,2.608371913752627336e-03,5.270158272356155749e+00,3.034823429892696822e-06
4.660000000000000253e-02,-1.042162000000000033e+00,5.241023307179585089e+00,5.238354446840085998e+00,2.668860339499090628e-03,5.241020562393048365e+00,2.744786536723609061e-06
4.664999999999999702e-02,-1.071331000000000033e+00,5.211854307179585533e+00,5.209124612762776607e+00,2.729694416808925439e-03,5.211851843074095214e+00,2.464105490318502234e-06
4.669999999999999846e-02,-1.100530999999999926e+00,5.182654307179585196e+00,5.179863433033894182e+00,2.790874145691013553e-03,5.182652115271805471e+00,2.191907779724999727e-06
4.674999999999999989e-02,-1.129761999999999933e+00,5.153423307179584967e+00,5.150570907653456487e+00,2.852399526128479579e-03,5.153421379859651097e+00,1.927319933869853230e-06
4.680000000000000132e-02,-1.159022999999999914e+00,5.124162307179584985e+00,5.121247036621447535e+00,2.915270558137450507e-03,5.124159637712004667e+00,2.669467580318496402e-06
4.685000000000000275e-02,-1.188315999999999928e+00,5.094869307179585860e+00,5.091891819937885089e+00,2.977487241700771392e-03,5.094866889704217527e+00,2.417475368332588914e-06
4.689999999999999725e-02,-1.217640000000000056e+00,5.065545307179585066e+00,5.062505257602756714e+00,3.040049576828351974e-03,5.065543136712529204e+00,2.170467055861990957e-06
4.694999999999999868e-02,-1.246995000000000076e+00,5.036190307179585268e+00,5.033087349616060635e+00,3.102957563524633144e-03,5.036188379614138455e+00,1.927565446813161998e-06
4.700000000000000011e-02,-1.276380999999999988e+00,5.006804307179585578e+00,5.003638095977807509e+00,3.166211201778068585e-03,5.006802619287190836e+00,1.687892394741652424e-06
4.705000000000000154e-02,-1.305798000000000014e+00,4.977387307179585108e+00,4.974157496687981350e+00,3.229810491603757328e-03,4.977385856610743176e+00,1.450568841931954012e-06
4.710000000000000298e-02,-1.335245999999999933e+00,4.947939307179585633e+00,4.944645551746601697e+00,3.293755432983935805e-03,4.947938092464811533e+00,1.214714774100400518e-06
4.714999999999999747e-02,-1.364724000000000048e+00,4.918461307179585518e+00,4.915102261153657892e+00,3.359046025927625578e-03,4.918459327730333897e+00,1.979449251621190342e-06
4.719999999999999890e-02,-1.394233999999999973e+00,4.888951307179585370e+00,4.885527624909141053e+00,3.423682270444317055e-03,4.888949563289173739e+00,1.743890411631809911e-06
4.725000000000000033e-02,-1.423775000000000013e+00,4.859410307179585331e+00,4.855921643013070721e+00,3.488664166514610088e-03,4.859408800024157316e+00,1.507155428015494181e-06
4.730000000000000177e-02,-1.453346999999999944e+00,4.829838307179585399e+00,4.826284315465430907e+00,3.553991714154491888e-03,4.829837038819020378e+00,1.268360565020998365e-06
4.735000000000000320e-02,-1.482949999999999990e+00,4.800235307179585575e+00,4.796615642266234047e+00,3.619664913351527957e-03,4.800234280558459687e+00,1.026621125888027564e-06
4.739999999999999769e-02,-1.512583999999999929e+00,4.770601307179585859e+00,4.766915623415471259e+00,3.685683764114600081e-03,4.770600526128085050e+00,7.810515008088714239e-07
4.744999999999999912e-02,-1.542248999999999981e+00,4.740936307179585363e+00,4.737184258913140766e+00,3.752048266444596436e-03,4.740935776414442415e+00,5.307651429475868099e-07
4.750000000000000056e-02,-1.571944999999999926e+00,4.711240307179584974e+00,4.707421548759253227e+00,3.818758420331747061e-03,4.711240032305042291e+00,2.748745426828236305e-07
4.755000000000000199e-02,-1.601671999999999985e+00,4.681513307179585581e+00,4.677627492953792654e+00,3.885814225792927346e-03,4.681513294688288696e+00,1.249129688574157626e-08
4.760000000000000342e-02,-1.631429000000000018e+00,4.651756307179585548e+00,4.647802091496780363e+00,3.954215682805184429e-03,4.651755564453562641e+00,7.427260229064813757e-07
4.764999999999999791e-02,-1.661218000000000083e+00,4.621967307179585482e+00,4.617945344388202145e+00,4.021962791383337787e-03,4.621966842491151084e+00,4.646884343983970211e-07
4.769999999999999934e-02,-1.691038000000000041e+00,4.592147307179585525e+00,4.588057251628052668e+00,4.090055551532856271e-03,4.592147129692278895e+00,1.774873066295867829e-07
4.775000000000000078e-02,-1.720888999999999891e+00,4.562296307179585675e+00,4.558137813216347922e+00,4.158493963237752666e-03,4.562296426949131956e+00,-1.197695462806791511e-07
4.780000000000000221e-02,-1.750771000000000077e+00,4.532414307179585045e+00,4.528187029153075471e+00,4.227278026509573294e-03,4.532414735154798535e+00,-4.279752134905834282e-07
4.784999999999999670e-02,-1.780683999999999934e+00,4.502501307179585410e+00,4.498204899438244198e+00,4.296407741341212727e-03,4.502502055203331466e+00,-7.480237460555372309e-07
4.789999999999999813e-02,-1.810626999999999986e+00,4.472558307179585135e+00,4.468191424071850548e+00,4.366883107734587099e-03,4.472558387989701956e+00,-8.081011682037342325e-08
4.794999999999999957e-02,-1.840602000000000071e+00,4.442583307179585717e+00,4.438146603053883865e+00,4.436704125701851353e-03,4.442583734409808471e+00,-4.272302227548152587e-07
4.800000000000000100e-02,-1.870608000000000049e+00,4.412577307179585517e+00,4.408070436384363688e+00,4.506870795221828985e-03,4.412578095360517594e+00,-7.881809320764432414e-07
4.805000000000000243e-02,-1.900644999999999918e+00,4.382540307179585426e+00,4.377962924063268702e+00,4.577383116316724454e-03,4.382541471739596517e+00,-1.164560011090998159e-06
4.809999999999999692e-02,-1.930712999999999901e+00,4.352472307179585442e+00,4.347824066090621997e+00,4.648241088963445122e-03,4.352473864445775220e+00,-1.557266189777806176e-06
4.814999999999999836e-02,-1.960811000000000082e+00,4.322374307179584818e+00,4.317653862466411141e+00,4.720444713173677087e-03,4.322375274378703836e+00,-9.671991190174367148e-07
4.819999999999999979e-02,-1.990941000000000072e+00,4.292244307179585050e+00,4.287452313190630804e+00,4.791993988954246220e-03,4.292245702438959754e+00,-1.395259374703528010e-06
4.825000000000000122e-02,-2.021101999999999954e+00,4.262083307179585390e+00,4.257219418263293420e+00,4.863888916291969622e-03,4.262085149528086703e+00,-1.842348501313040288e-06
4.830000000000000265e-02,-2.051292999999999811e+00,4.231892307179585089e+00,4.226955177684383003e+00,4.937129495202086105e-03,4.231893616548527248e+00,-1.309368942159494509e-06
4.834999999999999715e-02,-2.081516000000000144e+00,4.201669307179585644e+00,4.196659591453919091e+00,5.009715725666552544e-03,4.201671104403700951e+00,-1.797224115307471948e-06
4.839999999999999858e-02,-2.111769999999999925e+00,4.171415307179585419e+00,4.166332659571891028e+00,5.082647607694390501e-03,4.171417613997922658e+00,-2.306818337238780714e-06
4.845000000000000001e-02,-2.142053999999999903e+00,4.141131307179585441e+00,4.135974382038291708e+00,5.156925141293733361e-03,4.141133146236455786e+00,-1.839056870345245898e-06
4.850000000000000144e-02,-2.172369999999999912e+00,4.110815307179585432e+00,4.105584758853137117e+00,5.230548326448314356e-03,4.110817702025521214e+00,-2.394845935782541346e-06
4.855000000000000288e-02,-2.202716999999999814e+00,4.080468307179585530e+00,4.075163790016413046e+00,5.304517163172484118e-03,4.080471282272240430e+00,-2.975092654899924582e-06
4.859999999999999737e-02,-2.233093999999999912e+00,4.050091307179584987e+00,4.044711475528131928e+00,5.379831651453059749e-03,4.050093887884704813e+00,-2.580705119825665861e-06
4.864999999999999880e-02,-2.263503000000000043e+00,4.019682307179585301e+00,4.014227815388288434e+00,5.454491791296867120e-03,4.019685519771918791e+00,-3.212592333490249530e-06
4.870000000000000023e-02,-2.293941999999999926e+00,3.989243307179585418e+00,3.983712809596870130e+00,5.530497582715288019e-03,3.989246178843815827e+00,-2.871664230408299545e-06
4.875000000000000167e-02,-2.324412999999999840e+00,3.958772307179585503e+00,3.953166458153900109e+00,5.605849025685394338e-03,3.958775866011301048e+00,-3.558831715544386043e-06
4.880000000000000310e-02,-2.354913999999999952e+00,3.928271307179585392e+00,3.922588761059355278e+00,5.682546120230114184e-03,3.928274582186169539e+00,-3.275006584146922251e-06
4.884999999999999759e-02,-2.385447000000000095e+00,3.897738307179585249e+00,3.891979718313256953e+00,5.758588866328295808e-03,3.897742328281193380e+00,-4.021101608131516514e-06
4.889999999999999902e-02,-2.416009999999999991e+00,3.867175307179585353e+00,3.861339329915596252e+00,5.835977263989100550e-03,3.867179105210055923e+00,-3.798030470569813133e-06
4.895000000000000046e-02,-2.446604999999999919e+00,3.836580307179585425e+00,3.830667595866366071e+00,5.912711313219354281e-03,3.836584913887367776e+00,-4.606707782350838443e-06
4.900000000000000189e-02,-2.477230000000000043e+00,3.805955307179585301e+00,3.799964516165577066e+00,5.990791014008234328e-03,3.805959755228709440e+00,-4.448049124139430432e-06
4.905000000000000332e-02,-2.507886000000000060e+00,3.775299307179585284e+00,3.769230090813216805e+00,6.069216366368479498e-03,3.775303630150560252e+00,-4.322970974968143310e-06
4.909999999999999781e-02,-2.538572999999999968e+00,3.744612307179585375e+00,3.738464319809303049e+00,6.147987370282326225e-03,3.744616539570367664e+00,-4.232390782288319997e-06
4.914999999999999925e-02,-2.569291999999999909e+00,3.713893307179585435e+00,3.707667203153825142e+00,6.226104025760292870e-03,3.713898484406490397e+00,-5.177226904962139997e-06
4.920000000000000068e-02,-2.600041000000000047e+00,3.683144307179585297e+00,3.676838740846774201e+00,6.305566332811096686e-03,3.683149465578223314e+00,-5.158398638016592486e-06
4.925000000000000211e-02,-2.630821000000000076e+00,3.652364307179585268e+00,3.645978932888169766e+00,6.385374291415502057e-03,3.652369484005824063e+00,-5.176826238795229074e-06
4.929999999999999660e-02,-2.661631999999999998e+00,3.621553307179585346e+00,3.615087779278001179e+00,6.465527901584167125e-03,3.621558540610456234e+00,-5.233430870887900710e-06
4.934999999999999803e-02,-2.692473999999999812e+00,3.590711307179585532e+00,3.584165280016263111e+00,6.546027163322420961e-03,3.590716636314221333e+00,-5.329134635800869546e-06
4.939999999999999947e-02,-2.723348000000000102e+00,3.559837307179585242e+00,3.553211435102966220e+00,6.625872076619021556e-03,3.559843772040180099e+00,-6.464860594856958187e-06
4.945000000000000090e-02,-2.754252000000000145e+00,3.528933307179585199e+00,3.522226244538101625e+00,6.707062641483574339e-03,3.528939948712300989e+00,-6.641532715789821850e-06
4.950000000000000233e-02,-2.785187000000000079e+00,3.497998307179585264e+00,3.491209708321679983e+00,6.788598857905281392e-03,3.498005167255520576e+00,-6.860075935311016337e-06
4.954999999999999682e-02,-2.816152999999999906e+00,3.467032307179585437e+00,3.460161826453694189e+00,6.870480725891248142e-03,3.467039428595672490e+00,-7.121416087052523380e-06
4.959999999999999826e-02,-2.847148999999999930e+00,3.436036307179585414e+00,3.429082598934137138e+00,6.953708245448275704e-03,3.436042733659546045e+00,-6.426479960630615551e-06
4.964999999999999969e-02,-2.878176999999999985e+00,3.405008307179585358e+00,3.397972025763026593e+00,7.036281416558765045e-03,3.405015083374879126e+00,-6.776195293767273142e-06
4.970000000000000112e-02,-2.909235999999999933e+00,3.373949307179585411e+00,3.366830106940341238e+00,7.119200239244172224e-03,3.373956478670317338e+00,-7.171490731927576689e-06
4.975000000000000255e-02,-2.940326000000000217e+00,3.342859307179585127e+00,3.335656842466102390e+00,7.202464713482736869e-03,3.342866920475465520e+00,-7.613295880393167181e-06
4.979999999999999705e-02,-2.971446999999999949e+00,3.311738307179585394e+00,3.304452232340301165e+00,7.286074839284228943e-03,3.311746409720855766e+00,-8.102541270371688142e-06
4.984999999999999848e-02,-3.002597999999999878e+00,3.280587307179585466e+00,3.273216276562930460e+00,7.371030616655005474e-03,3.280594947337938549e+00,-7.640158353083847942e-06
4.989999999999999991e-02,-3.033780999999999839e+00,3.249404307179585505e+00,3.241948975134000932e+00,7.455332045584572853e-03,3.249412534259139562e+00,-8.227079554057326050e-06
4.995000000000000134e-02,-3.064995000000000136e+00,3.218190307179585208e+00,3.210650328053500147e+00,7.539979126085061267e-03,3.218199171417776228e+00,-8.864238191019779833e-06
5.000000000000000278e-02,-3.096239000000000186e+00,3.186946307179585158e+00,3.179320335321445867e+00,7.625971858139291015e-03,3.186954859748139413e+00,-8.552568554254236233e-06
5.004999999999999727e-02,-3.127514999999999823e+00,3.155670307179585521e+00,3.147958996937827436e+00,7.711310241758084771e-03,3.155679600185431255e+00,-9.293005845734114700e-06
5.009999999999999870e-02,3.124363999999999919e+00,3.124363999999998143e+00,3.116566312902635971e+00,7.797687097362171471e-03,3.124373393665788257e+00,-9.393665790113914227e-06
5.015000000000000013e-02,3.093027000000000193e+00,3.093026999999998417e+00,3.085142283215891013e+00,7.884716784107403953e-03,3.093036241126311481e+00,-9.241126313064285114e-06
5.020000000000000157e-02,3.061657999999999991e+00,3.061657999999998214e+00,3.053686907877574797e+00,7.971092122423417692e-03,3.061668143504991946e+00,-1.014350499373151138e-05
5.025000000000000300e-02,3.030259000000000036e+00,3.030258999999998260e+00,3.022200186887703310e+00,8.058813112294949121e-03,3.030269101740808324e+00,-1.010174081006454117e-05
5.029999999999999749e-02,2.998829000000000189e+00,2.998828999999998413e+00,2.990682120246269449e+00,8.146879753728963891e-03,2.998839116773636349e+00,-1.011677363793594964e-05
5.034999999999999892e-02,2.967368000000000006e+00,2.967367999999998229e+00,2.959132707953260777e+00,8.235292046737452409e-03,2.967378189544284339e+00,-1.018954428610996388e-05
5.040000000000000036e-02,2.935874999999999790e+00,2.935874999999998014e+00,2.927551950008698611e+00,8.323049991299402706e-03,2.935886320994539389e+00,-1.132099454137502903e-05
5.045000000000000179e-02,2.904351999999999823e+00,2.904351999999998046e+00,2.895939846412563412e+00,8.412153587434634261e-03,2.904363512067074993e+00,-1.151206707694640841e-05
5.050000000000000322e-02,2.872797999999999963e+00,2.872797999999998186e+00,2.864296397164874719e+00,8.501602835123467372e-03,2.872809763705538089e+00,-1.176370553990224721e-05
5.054999999999999771e-02,2.841213000000000211e+00,2.841212999999998434e+00,2.832621602265625427e+00,8.591397734373007467e-03,2.841225076854485110e+00,-1.207685448667561445e-05
5.059999999999999915e-02,2.809597999999999818e+00,2.809597999999998041e+00,2.800915461714801324e+00,8.682538285196716998e-03,2.809609452459412182e+00,-1.145245941414074764e-05
5.065000000000000058e-02,2.777950999999999837e+00,2.777950999999998061e+00,2.769177975512423728e+00,8.773024487574332397e-03,2.777962891466774664e+00,-1.189146677660346541e-05
5.070000000000000201e-02,2.746272999999999964e+00,2.746272999999998188e+00,2.737409143658471322e+00,8.863856341526865634e-03,2.746285394823924975e+00,-1.239482392678681322e-05
5.075000000000000344e-02,2.714564000000000199e+00,2.714563999999998423e+00,2.705608966152965422e+00,8.955033847033000427e-03,2.714576963479192528e+00,-1.296347919410578697e-05
5.079999999999999793e-02,2.682824999999999793e+00,2.682824999999998017e+00,2.673777442995898923e+00,9.047557004099093803e-03,2.682837598381812683e+00,-1.259838181466577112e-05
5.084999999999999937e-02,2.651053999999999800e+00,2.651053999999998023e+00,2.641914574187254061e+00,9.139425812743962041e-03,2.651067300481958711e+00,-1.330048196068744915e-05
5.090000000000000080e-02,2.619251999999999914e+00,2.619251999999998137e+00,2.610020359727059258e+00,9.231640272938879122e-03,2.619266070730756013e+00,-1.407073075787579342e-05
5.095000000000000223e-02,2.587419999999999831e+00,2.587419999999998055e+00,2.578094799615293198e+00,9.325200384704857015e-03,2.587433910080250143e+00,-1.391008025208861909e-05
5.099999999999999672e-02,2.555556999999999856e+00,2.555556999999998080e+00,2.546137893851973644e+00,9.419106148024436465e-03,2.555570819483438783e+00,-1.381948344070238477e-05
5.104999999999999816e-02,2.523661999999999850e+00,2.523661999999998073e+00,2.514149642437086385e+00,9.512357562911688547e-03,2.523676799894239764e+00,-1.479989424169048107e-05
5.109999999999999959e-02,2.491737000000000091e+00,2.491736999999998314e+00,2.482130045370627869e+00,9.606954629370445531e-03,2.491751852267498180e+00,-1.485226749986523487e-05
5.115000000000000102e-02,2.459780999999999995e+00,2.459780999999998219e+00,2.450079102652615859e+00,9.701897347382359982e-03,2.459795977559032565e+00,-1.497755903434594416e-05
