x_mm,old_unwrapped_rad,new_unwrapped_rad,old_minus_new_rad,reference_candidate_rad,fitted_old_minus_new_rad,residual_rad
-5.120000000000000245e-02,2.427794000000000008e+00,1.565180600000000144e+00,8.626133999999998636e-01,-1.642804047383540933e+01,1.580735339686285990e+00,-2.118417214647116964e-06
-5.115000000000000102e-02,2.459780999999999995e+00,1.565179199999999993e+00,8.946018000000000026e-01,-1.639605337735404333e+01,1.580737063498197870e+00,-2.104591128149202461e-06
-5.109999999999999959e-02,2.491737000000000091e+00,1.565177800000000063e+00,9.265592000000000272e-01,-1.636409721000698525e+01,1.580738419183450372e+00,-2.160383700378076810e-06
-5.104999999999999816e-02,2.523661999999999850e+00,1.565176399999999912e+00,9.584855999999999376e-01,-1.633217197273386390e+01,1.580739408584801664e+00,-2.284855264655938356e-06
-5.099999999999999672e-02,2.555556999999999856e+00,1.565174999999999983e+00,9.903819999999998736e-01,-1.630027766647291543e+01,1.580740033564727476e+00,-1.477067546939991871e-06
-5.095000000000000223e-02,2.587419999999999831e+00,1.565173799999999948e+00,1.022246199999999883e+00,-1.626841429216097978e+01,1.580740296004878864e+00,-1.936083672715582793e-06
-5.090000000000000080e-02,2.619251999999999914e+00,1.565172599999999914e+00,1.054079400000000000e+00,-1.623658185073350779e+01,1.580740197805546199e+00,-2.460968146600350792e-06
-5.084999999999999937e-02,2.651053999999999800e+00,1.565171400000000101e+00,1.085882599999999698e+00,-1.620478034312803217e+01,1.580739740885129585e+00,-2.050783401985611931e-06
-5.079999999999999793e-02,2.682824999999999793e+00,1.565170200000000067e+00,1.117654799999999726e+00,-1.617300977027791475e+01,1.580738927179617503e+00,-1.704596038765160415e-06
-5.075000000000000344e-02,2.714564000000000199e+00,1.565169000000000032e+00,1.149395000000000167e+00,-1.614127013311649961e+01,1.580737758642070778e+00,-2.421472678815206336e-06
-5.070000000000000201e-02,2.746272999999999964e+00,1.565167600000000103e+00,1.181105399999999861e+00,-1.610956143257714857e+01,1.580736237242113429e+00,-2.000479916386410650e-06
-5.065000000000000058e-02,2.777950999999999837e+00,1.565166199999999952e+00,1.212784799999999885e+00,-1.607788366959181658e+01,1.580734364965429517e+00,-1.640685761694626876e-06
-5.059999999999999915e-02,2.809597999999999818e+00,1.565164800000000023e+00,1.244433199999999795e+00,-1.604623684509176584e+01,1.580732143813269097e+00,-1.341158915257878448e-06
-5.054999999999999771e-02,2.841213000000000211e+00,1.565163399999999871e+00,1.276049600000000339e+00,-1.601462096000685875e+01,1.580729575801956388e+00,-2.100969480167691472e-06
-5.050000000000000322e-02,2.872797999999999963e+00,1.565161999999999942e+00,1.307636000000000021e+00,-1.598303601526696305e+01,1.580726662962407492e+00,-1.919187545551537255e-06
-5.045000000000000179e-02,2.904351999999999823e+00,1.565160799999999908e+00,1.339191199999999915e+00,-1.595148201179985215e+01,1.580723407339653663e+00,-1.994885303169269264e-06
-5.040000000000000036e-02,2.935874999999999790e+00,1.565159599999999873e+00,1.370715399999999917e+00,-1.591995895053399757e+01,1.580719810992370356e+00,-2.127134243856687590e-06
-5.034999999999999892e-02,2.967368000000000006e+00,1.565158400000000061e+00,1.402209599999999945e+00,-1.588846683239577651e+01,1.580715875992412034e+00,-1.315007956970148939e-06
-5.029999999999999749e-02,2.998829000000000189e+00,1.565157200000000026e+00,1.433671800000000163e+00,-1.585700565831086806e+01,1.580711604424355432e+00,-1.557580718625217742e-06
-5.025000000000000300e-02,3.030259000000000036e+00,1.565155999999999992e+00,1.465103000000000044e+00,-1.582557542920425497e+01,1.580706998385045248e+00,-1.853927512840414238e-06
-5.020000000000000157e-02,3.061657999999999991e+00,1.565154799999999957e+00,1.496503200000000033e+00,-1.579417614600022546e+01,1.580702059983149610e+00,-2.203124014110713347e-06
-5.015000000000000013e-02,3.093027000000000193e+00,1.565153599999999923e+00,1.527873400000000270e+00,-1.576280780962236250e+01,1.580696791338718432e+00,-1.604246605113601731e-06
-5.009999999999999870e-02,3.124363999999999919e+00,1.565152400000000110e+00,1.559211599999999809e+00,-1.573147042099216542e+01,1.580691194582750647e+00,-2.056373743508643770e-06
-5.004999999999999727e-02,3.155670307179586409e+00,1.565151200000000076e+00,1.590519107179586333e+00,-1.570016398103182276e+01,1.580685271856763663e+00,-2.251403619535352618e-06
-5.000000000000000278e-02,3.186946307179586046e+00,1.565150000000000041e+00,1.621796307179586005e+00,-1.566888849066143763e+01,1.580679025312372810e+00,-1.802775266401823728e-06
-4.995000000000000134e-02,3.218190307179586096e+00,1.565148600000000112e+00,1.653041707179585984e+00,-1.563764395080180414e+01,1.580672457110872564e+00,-2.202388265981625182e-06
-4.989999999999999991e-02,3.249404307179586393e+00,1.565147199999999961e+00,1.684257107179586432e+00,-1.560643036237093106e+01,1.580665569422827099e+00,-1.649324576025179567e-06
-4.984999999999999848e-02,3.280587307179586354e+00,1.565145800000000031e+00,1.715441507179586322e+00,-1.557524772628682541e+01,1.580658364427663276e+00,-1.142666146147774953e-06
-4.979999999999999705e-02,3.311738307179586283e+00,1.565144399999999880e+00,1.746593907179586402e+00,-1.554409604346749418e+01,1.580650844313271408e+00,-1.681494935290572812e-06
-4.975000000000000255e-02,3.342859307179586015e+00,1.565142999999999951e+00,1.777716307179586064e+00,-1.551297531482815373e+01,1.580643011275611354e+00,-1.264895690855638577e-06
-4.970000000000000112e-02,3.373949307179586299e+00,1.565141799999999916e+00,1.808807507179586382e+00,-1.548188554128402217e+01,1.580634867518322606e+00,-1.091953160115011201e-06
-4.964999999999999969e-02,3.405008307179586247e+00,1.565140599999999882e+00,1.839867707179586365e+00,-1.545082672375101041e+01,1.580626415252341266e+00,-9.617513891946316562e-07
-4.959999999999999826e-02,3.436036307179586302e+00,1.565139400000000069e+00,1.870896907179586233e+00,-1.541979886314154768e+01,1.580617656695523454e+00,-8.733779155445375864e-07
-4.954999999999999682e-02,3.467032307179586326e+00,1.565138200000000035e+00,1.901894107179586291e+00,-1.538880196036875603e+01,1.580608594072269835e+00,-1.825919579756529743e-06
-4.950000000000000233e-02,3.497998307179586153e+00,1.565137000000000000e+00,1.932861307179586152e+00,-1.535783601634506468e+01,1.580599229613161016e+00,-1.818463920111312859e-06
-4.945000000000000090e-02,3.528933307179586087e+00,1.565135799999999966e+00,1.963797507179586121e+00,-1.532690103198080500e+01,1.580589565554593845e+00,-1.850100560751855028e-06
-4.939999999999999947e-02,3.559837307179586130e+00,1.565134599999999931e+00,1.994702707179586199e+00,-1.529599700818561203e+01,1.580579604138425687e+00,-1.919919833781591478e-06
-4.934999999999999803e-02,3.590711307179586420e+00,1.565133400000000119e+00,2.025577907179586301e+00,-1.526512394586982246e+01,1.580569347611621156e+00,-1.027011365728469627e-06
-4.929999999999999660e-02,3.621553307179586234e+00,1.565132200000000084e+00,2.056421107179586372e+00,-1.523428184594167689e+01,1.580558798225907724e+00,-1.170466882971510358e-06
-4.925000000000000211e-02,3.652364307179586156e+00,1.565131000000000050e+00,2.087233307179586106e+00,-1.520347070930801792e+01,1.580547958237432216e+00,-1.349379499693270645e-06
-4.920000000000000068e-02,3.683144307179586185e+00,1.565129800000000015e+00,2.118014507179585948e+00,-1.517269053687639335e+01,1.580536829906425522e+00,-1.562841634772382804e-06
-4.914999999999999925e-02,3.713893307179586323e+00,1.565128599999999981e+00,2.148764707179586342e+00,-1.514194132955155325e+01,1.580525415496870423e+00,-1.809948500408609107e-06
-4.909999999999999781e-02,3.744612307179586264e+00,1.565127400000000168e+00,2.179484907179586095e+00,-1.511122308823894933e+01,1.580513717276175178e+00,-1.089794614106409654e-06
-4.905000000000000332e-02,3.775299307179586172e+00,1.565126200000000134e+00,2.210173107179586260e+00,-1.508053581384333341e+01,1.580501737514851790e+00,-1.401475179019229245e-06
-4.900000000000000189e-02,3.805955307179586189e+00,1.565125000000000099e+00,2.240830307179586089e+00,-1.504987950726597212e+01,1.580489478486200028e+00,-1.744088896415973977e-06
-4.895000000000000046e-02,3.836580307179586313e+00,1.565123800000000065e+00,2.271456507179586026e+00,-1.501925416941092095e+01,1.580476942465993240e+00,-2.116731673940108749e-06
-4.889999999999999902e-02,3.867175307179586241e+00,1.565122600000000030e+00,2.302052707179586211e+00,-1.498865980117874663e+01,1.580464131732173483e+00,-1.518502908304242283e-06
-4.884999999999999759e-02,3.897738307179586137e+00,1.565121399999999996e+00,2.332616907179586363e+00,-1.495809640347001768e+01,1.580451048564546213e+00,-1.948501998416674041e-06
-4.880000000000000310e-02,3.928271307179586280e+00,1.565120199999999961e+00,2.363151107179586319e+00,-1.492756397718460448e+01,1.580437695244485186e+00,-1.405829031408956098e-06
-4.875000000000000167e-02,3.958772307179586392e+00,1.565118999999999927e+00,2.393653307179586243e+00,-1.489706252322028313e+01,1.580424074054636252e+00,-1.889586197734161033e-06
-4.870000000000000023e-02,3.989243307179586306e+00,1.565117599999999998e+00,2.424125707179586087e+00,-1.486659204247622590e+01,1.580410187278630252e+00,-1.198874288732554305e-06
-4.864999999999999880e-02,4.019682307179586189e+00,1.565116200000000068e+00,2.454566107179585899e+00,-1.483615253584881799e+01,1.580396037200798576e+00,-1.532796887193654811e-06
-4.859999999999999737e-02,4.050091307179586764e+00,1.565114799999999917e+00,2.484976507179586847e+00,-1.480574400423443748e+01,1.580381626105892057e+00,-8.904575703461148350e-07
-4.855000000000000288e-02,4.080468307179586418e+00,1.565113399999999988e+00,2.515354907179586430e+00,-1.477536644852807513e+01,1.580366956278807633e+00,-1.270961317079155606e-06
-4.850000000000000144e-02,4.110815307179586320e+00,1.565112000000000059e+00,2.545703307179586261e+00,-1.474501986962401645e+01,1.580352030004314567e+00,-6.734138042752135789e-07
-4.845000000000000001e-02,4.141131307179586329e+00,1.565110800000000024e+00,2.576020507179586083e+00,-1.471470426841585777e+01,1.580336849566790214e+00,-2.969214043524459612e-07
-4.839999999999999858e-02,4.171415307179586307e+00,1.565109599999999990e+00,2.606305707179586317e+00,-1.468441964579649017e+01,1.580321417249956673e+00,-9.405911813864520354e-07
-4.834999999999999715e-02,4.201669307179585644e+00,1.565108400000000177e+00,2.636560907179585467e+00,-1.465416600265741387e+01,1.580305735336621886e+00,-6.035316046926197942e-07
-4.830000000000000265e-02,4.231892307179586865e+00,1.565107200000000143e+00,2.666785107179586944e+00,-1.462394333988943096e+01,1.580289806108426509e+00,-2.848518332321248181e-07
-4.825000000000000122e-02,4.262083307179586278e+00,1.565106000000000108e+00,2.696977307179586170e+00,-1.459375165838264543e+01,1.580273631845595439e+00,-9.836617351766108186e-07
-4.819999999999999979e-02,4.292244307179585938e+00,1.565104800000000074e+00,2.727139507179585642e+00,-1.456359095902576506e+01,1.580257214826689127e+00,-6.990725571753841905e-07
-4.814999999999999836e-02,4.322374307179586594e+00,1.565103600000000039e+00,2.757270707179586555e+00,-1.453346124270749939e+01,1.580240557328364215e+00,-4.301955556229586364e-07
-4.809999999999999692e-02,4.352472307179586331e+00,1.565102400000000005e+00,2.787369907179586548e+00,-1.450336251031516355e+01,1.580223661625135945e+00,-1.176143383130323627e-06
-4.805000000000000243e-02,4.382540307179586314e+00,1.565101199999999970e+00,2.817439107179586344e+00,-1.447329476273467286e+01,1.580206529989144348e+00,-9.360300907701457618e-07
-4.800000000000000100e-02,4.412577307179586406e+00,1.565099999999999936e+00,2.847477307179586248e+00,-1.444325800085264611e+01,1.580189164689924208e+00,-7.089690163830653091e-07
-4.794999999999999957e-02,4.442583307179585717e+00,1.565098799999999901e+00,2.877484507179585815e+00,-1.441325222555221153e+01,1.580171567994180126e+00,-4.940770006456318697e-07
-4.789999999999999813e-02,4.472558307179586023e+00,1.565097599999999867e+00,2.907460707179586379e+00,-1.438327743771928802e+01,1.580153742165565145e+00,-2.904680878046406178e-07
-4.784999999999999670e-02,4.502501307179586298e+00,1.565096400000000054e+00,2.937404907179586466e+00,-1.435333363823421138e+01,1.580135689464462256e+00,-1.097261907112567769e-06
-4.780000000000000221e-02,4.532414307179585933e+00,1.565095200000000020e+00,2.967319107179585913e+00,-1.432342082798150606e+01,1.580117412147770350e+00,-9.135739031940204313e-07
-4.775000000000000078e-02,4.562296307179586563e+00,1.565093999999999985e+00,2.997202307179586356e+00,-1.429353900784151143e+01,1.580098912468694827e+00,-7.385236915347093145e-07
-4.769999999999999934e-02,4.592147307179586413e+00,1.565092799999999951e+00,3.027054507179586462e+00,-1.426368817869386696e+01,1.580080192676539985e+00,-5.712316029082842306e-07
-4.764999999999999791e-02,4.621967307179586371e+00,1.565091599999999916e+00,3.056875707179586676e+00,-1.423386834141821211e+01,1.580061255016506960e+00,-4.108179609829676338e-07
-4.760000000000000342e-02,4.651756307179586436e+00,1.565090400000000104e+00,3.086665907179586554e+00,-1.420407949689418992e+01,1.580042101729494552e+00,-2.564030925356064472e-07
-4.755000000000000199e-02,4.681513307179586469e+00,1.565089200000000069e+00,3.116424107179586400e+00,-1.417432164599794930e+01,1.580022735051903160e+00,-1.107110804809963156e-06
-4.750000000000000056e-02,4.711240307179586750e+00,1.565088000000000035e+00,3.146152307179586494e+00,-1.414459478960704075e+01,1.580003157215443821e+00,-9.620635155194179333e-07
-4.744999999999999912e-02,4.740936307179586251e+00,1.565086800000000000e+00,3.175849507179586251e+00,-1.411489892859761675e+01,1.579983370446948365e+00,-8.203850376808929923e-07
-4.739999999999999769e-02,4.770601307179585859e+00,1.565085599999999966e+00,3.205515707179586116e+00,-1.408523406384443355e+01,1.579963376968185784e+00,-6.812005826084543969e-07
-4.735000000000000320e-02,4.800235307179586464e+00,1.565084400000000153e+00,3.235150907179586532e+00,-1.405560019622155110e+01,1.579943178995680597e+00,-5.436360477339974295e-07
-4.730000000000000177e-02,4.829838307179586288e+00,1.565083200000000119e+00,3.264755107179586169e+00,-1.402599732660233123e+01,1.579922778740534328e+00,-4.068180405880639228e-07
-4.725000000000000033e-02,4.859410307179586219e+00,1.565082000000000084e+00,3.294328307179585913e+00,-1.399642545585874309e+01,1.579902178408250979e+00,-2.698745564799764907e-07
-4.719999999999999890e-02,4.888951307179586259e+00,1.565080800000000050e+00,3.323870507179586209e+00,-1.396688458486275231e+01,1.579881380198566942e+00,-1.319335973803958950e-07
-4.714999999999999747e-02,4.918461307179586406e+00,1.565079600000000015e+00,3.353381707179586613e+00,-1.393737471448562992e+01,1.579860386305282027e+00,7.876149066277093880e-09
-4.710000000000000298e-02,4.947939307179586521e+00,1.565078399999999981e+00,3.382860907179586540e+00,-1.390789584559585279e+01,1.579839198916094034e+00,-8.495768084593180447e-07
-4.705000000000000154e-02,4.977387307179585996e+00,1.565077199999999946e+00,3.412310107179585827e+00,-1.387844797906259764e+01,1.579817820212439772e+00,-7.034232591962563674e-07
-4.700000000000000011e-02,5.006804307179586466e+00,1.565075999999999912e+00,3.441728307179586555e+00,-1.384903111575434664e+01,1.579796252369335408e+00,-5.527946873584710374e-07
-4.694999999999999868e-02,5.036190307179586156e+00,1.565074799999999877e+00,3.471115507179586501e+00,-1.381964525653748410e+01,1.579774497555221258e+00,-3.968246682362064348e-07
-4.689999999999999725e-02,5.065545307179585954e+00,1.565073599999999843e+00,3.500471707179586112e+00,-1.379029040227979230e+01,1.579752557931811685e+00,-2.346453880086585286e-07
-4.685000000000000275e-02,5.094869307179585860e+00,1.565072400000000030e+00,3.529796907179585830e+00,-1.376096655384417033e+01,1.579730435653943887e+00,-6.539391250726112048e-08
-4.680000000000000132e-02,5.124162307179586762e+00,1.565071199999999996e+00,3.559091107179586544e+00,-1.373167371209700427e+01,1.579708132869434678e+00,1.117961803132061505e-07
-4.674999999999999989e-02,5.153423307179586743e+00,1.565069999999999961e+00,3.588353307179586782e+00,-1.370241187790119319e+01,1.579685651718937045e+00,-7.022121808475390026e-07
-4.669999999999999846e-02,5.182654307179586084e+00,1.565069000000000043e+00,3.617585307179585818e+00,-1.367318105211963442e+01,1.579662994335800708e+00,-7.065560576613449939e-07
-4.664999999999999702e-02,5.211854307179586421e+00,1.565067999999999904e+00,3.646786307179586295e+00,-1.364398123561383258e+01,1.579640162845935558e+00,-7.003739108668582958e-07
-4.660000000000000253e-02,5.241023307179585977e+00,1.565066999999999986e+00,3.675956307179585991e+00,-1.361481242924459423e+01,1.579617159367678436e+00,-6.828049023965832021e-07
-4.655000000000000110e-02,5.270161307179586530e+00,1.565065999999999846e+00,3.705095307179586683e+00,-1.358567463387202601e+01,1.579593986011661233e+00,-6.529888918471726811e-07
-4.649999999999999967e-02,5.299267907179586068e+00,1.565064999999999928e+00,3.734202907179586362e+00,-1.355656785035623813e+01,1.579570644880685437e+00,-1.010065729722953165e-06
-4.644999999999999823e-02,5.328343707179586275e+00,1.565063799999999894e+00,3.763279907179586381e+00,-1.352749207955454658e+01,1.579547138069595791e+00,-9.531780680305246278e-07
-4.639999999999999680e-02,5.357388507179586590e+00,1.565062599999999859e+00,3.792325907179586508e+00,-1.349844732232357458e+01,1.579523467665157943e+00,-8.814692482594921330e-07
-4.635000000000000231e-02,5.386402207179585844e+00,1.565061400000000047e+00,3.821340807179585575e+00,-1.346943357952203257e+01,1.579499635745939434e+00,-8.940805309443078386e-07
-4.630000000000000088e-02,5.415385007179586374e+00,1.565060200000000012e+00,3.850324807179586362e+00,-1.344045085200375311e+01,1.579475644382194899e+00,-7.901580385549777930e-07
-4.624999999999999944e-02,5.444336707179585844e+00,1.565058999999999978e+00,3.879277707179586088e+00,-1.341149914062395965e+01,1.579451495635749270e+00,-7.688465202271288490e-07
-4.619999999999999801e-02,5.473257407179586309e+00,1.565057799999999943e+00,3.908199607179586366e+00,-1.338257844623718107e+01,1.579427191559889199e+00,-7.292914103729231101e-07
-4.614999999999999658e-02,5.502147107179585994e+00,1.565056599999999909e+00,3.937090507179585863e+00,-1.335368876969515561e+01,1.579402734199253366e+00,-6.706409414469760577e-07
-4.610000000000000209e-02,5.531005707179586395e+00,1.565055400000000096e+00,3.965950307179586076e+00,-1.332483011185101240e+01,1.579378125589727677e+00,-6.920419415301637400e-07
-4.605000000000000066e-02,5.559833407179586295e+00,1.565054200000000062e+00,3.994779207179586233e+00,-1.329600247355579690e+01,1.579353367758340676e+00,-5.926433352954063594e-07
-4.599999999999999922e-02,5.588630007179586023e+00,1.565053000000000027e+00,4.023577007179586218e+00,-1.326720585565914945e+01,1.579328462723164961e+00,-5.715954474183604361e-07
-4.594999999999999779e-02,5.617395607179585859e+00,1.565051799999999993e+00,4.052343807179585866e+00,-1.323844025901141386e+01,1.579303412493216596e+00,-5.280479049574182682e-07
-4.590000000000000330e-02,5.646130207179586691e+00,1.565050599999999958e+00,4.081079607179586510e+00,-1.320970568446014148e+01,1.579278219068362743e+00,-4.611531121412326684e-07
-4.585000000000000187e-02,5.674833807179585854e+00,1.565049400000000146e+00,4.109784407179585486e+00,-1.318100213285358180e+01,1.579252884439226179e+00,-3.700627928537869593e-07
-4.580000000000000043e-02,5.703506307179585733e+00,1.565048200000000111e+00,4.138458107179586065e+00,-1.315232960503928972e+01,1.579227410587095370e+00,-3.539293551568789553e-07
-4.574999999999999900e-02,5.732147907179585999e+00,1.565047000000000077e+00,4.167100907179586144e+00,-1.312368810186202417e+01,1.579201799483836988e+00,-2.119080066975698173e-07
-4.569999999999999757e-02,5.760758407179586094e+00,1.565045800000000042e+00,4.195712607179586051e+00,-1.309507762416654764e+01,1.579176053091809528e+00,-1.431539544682891574e-07
-4.565000000000000308e-02,5.789337807179586015e+00,1.565044600000000008e+00,4.224293207179585785e+00,-1.306649817279831893e+01,1.579150173363780052e+00,-1.468216987987602806e-07
-4.560000000000000164e-02,5.817886307179586325e+00,1.565043399999999973e+00,4.252842907179585907e+00,-1.303794974860000622e+01,1.579124162242843576e+00,-2.206854166075800094e-08
-4.555000000000000021e-02,5.846403707179586462e+00,1.565042199999999939e+00,4.281361507179586745e+00,-1.300943235241358487e+01,1.579098021662344253e+00,3.194752906665598857e-08
-4.549999999999999878e-02,5.874890007179586426e+00,1.565040999999999904e+00,4.309849007179586522e+00,-1.298094598508102315e+01,1.579071753545798762e+00,1.606850830171424604e-08
-4.544999999999999735e-02,5.903345407179585891e+00,1.565039999999999987e+00,4.338305407179586126e+00,-1.295249064744289669e+01,1.579045359806822590e+00,-6.886498660207962530e-08
-4.540000000000000285e-02,5.931769707179586071e+00,1.565039000000000069e+00,4.366730707179586446e+00,-1.292406634033838841e+01,1.579018842349057206e+00,-2.220137398367683090e-07
-4.535000000000000142e-02,5.960163007179586359e+00,1.565037999999999929e+00,4.395125007179586873e+00,-1.289567306460667950e+01,1.578992203066102329e+00,-3.425385379784984252e-07
-4.529999999999999999e-02,5.988525307179585866e+00,1.565037000000000011e+00,4.423488307179585632e+00,-1.286731082108555491e+01,1.578965443841445992e+00,-4.296015685412157836e-07
-4.524999999999999856e-02,6.016856507179586089e+00,1.565036000000000094e+00,4.451820507179585995e+00,-1.283897961061280313e+01,1.578938566548401701e+00,-5.823649971148370241e-07
-4.519999999999999712e-02,6.045156707179586419e+00,1.565034800000000059e+00,4.480121907179586138e+00,-1.281067943402341491e+01,1.578911573050042483e+00,-4.999938054695007850e-07
-4.515000000000000263e-02,6.073425807179586577e+00,1.565033600000000025e+00,4.508392207179586109e+00,-1.278241029215378610e+01,1.578884465199142495e+00,-4.816515639660678971e-07
-4.510000000000000120e-02,6.101664007179586235e+00,1.565032399999999990e+00,4.536631607179586467e+00,-1.275417218583751477e+01,1.578857244838116403e+00,-3.265046446543351522e-07
-4.504999999999999977e-02,6.129871007179586329e+00,1.565031199999999956e+00,4.564839807179586373e+00,-1.272596511590820256e+01,1.578829913798962981e+00,-3.337194041108659803e-07
-4.499999999999999833e-02,6.158047107179585922e+00,1.565029999999999921e+00,4.593017107179585778e+00,-1.269778908319944932e+01,1.578802473903209380e+00,-2.024622149932042703e-07
-4.494999999999999690e-02,6.186192097179586291e+00,1.565028799999999887e+00,4.621163297179586849e+00,-1.266964408854136792e+01,1.578774926961860281e+00,-1.419029267424321006e-07
-4.490000000000000241e-02,6.214306067179586002e+00,1.565027599999999852e+00,4.649278467179586372e+00,-1.264153013276616377e+01,1.578747274775343712e+00,-6.120930429176496546e-08
-4.485000000000000098e-02,6.242388997179586063e+00,1.565026400000000040e+00,4.677362597179586245e+00,-1.261344721670255531e+01,1.578719519133465088e+00,2.044740199380612466e-08
-4.479999999999999954e-02,6.270440887179586475e+00,1.565025200000000005e+00,4.705415687179586470e+00,-1.258539534118134995e+01,1.578691661815358582e+00,1.038980412815249110e-07
-4.474999999999999811e-02,6.298461737179586351e+00,1.565023999999999971e+00,4.733437737179586158e+00,-1.255737450702917535e+01,1.578663704589441830e+00,1.899692687601373109e-07
-4.469999999999999668e-02,6.326451537179586637e+00,1.565023000000000053e+00,4.761428537179586584e+00,-1.252938471507405183e+01,1.578635649213373293e+00,6.948914066384759280e-08
-4.465000000000000219e-02,6.354410297179586387e+00,1.565021999999999913e+00,4.789388297179586473e+00,-1.250142596614190538e+01,1.578607497434010520e+00,-4.671638986764037327e-08
-4.460000000000000075e-02,6.382338017179586487e+00,1.565020999999999995e+00,4.817317017179586713e+00,-1.247349826105866200e+01,1.578579250987371285e+00,-1.578213542074990983e-07
-4.454999999999999932e-02,6.410234707179585989e+00,1.565019999999999856e+00,4.845214707179586355e+00,-1.244560160064885679e+01,1.578550911598593398e+00,-2.530011888879357684e-07
-4.449999999999999789e-02,6.438100307179586146e+00,1.565018999999999938e+00,4.873081307179585764e+00,-1.241773598573701953e+01,1.578522480981901621e+00,-3.914313309039130218e-07
-4.445000000000000340e-02,6.465934907179586411e+00,1.565017799999999903e+00,4.900917107179586729e+00,-1.238990141714489290e+01,1.578493960840571919e+00,-2.822900055932109353e-07
-4.440000000000000197e-02,6.493738407179586503e+00,1.565016599999999869e+00,4.928721807179586634e+00,-1.236209789569421957e+01,1.578465352866898597e+00,-2.247554338197232937e-07
-4.435000000000000053e-02,6.521510907179585814e+00,1.565015400000000056e+00,4.956495507179585758e+00,-1.233432542220743677e+01,1.578436658742164544e+00,-1.180051469873433234e-07
-4.429999999999999910e-02,6.549252407179586122e+00,1.565014200000000022e+00,4.984238207179585878e+00,-1.230658399750349652e+01,1.578407880136610375e+00,3.877984067202078222e-08
-4.424999999999999767e-02,6.576962707179585976e+00,1.565012999999999987e+00,5.011949707179585545e+00,-1.227887362240344515e+01,1.578379018709409998e+00,4.642060336124131936e-08
-4.420000000000000318e-02,6.604642107179586219e+00,1.565012000000000070e+00,5.039630107179585927e+00,-1.225119429772274415e+01,1.578350076108641309e+00,5.732645469436192798e-09
-4.415000000000000174e-02,6.632290407179586289e+00,1.565010999999999930e+00,5.067279407179586137e+00,-1.222354602428174175e+01,1.578321053971263765e+00,-8.246365812425437980e-08
-4.410000000000000031e-02,6.659907607179586186e+00,1.565010000000000012e+00,5.094897607179586174e+00,-1.219592880289590120e+01,1.578291953923096402e+00,-2.173528104165711738e-07
-4.404999999999999888e-02,6.687493807179586192e+00,1.565008999999999872e+00,5.122484807179586319e+00,-1.216834263438138208e+01,1.578262777578795406e+00,-2.981186231210131155e-07
-4.399999999999999745e-02,6.715048907179586024e+00,1.565007999999999955e+00,5.150040907179586291e+00,-1.214078751955225499e+01,1.578233526541834575e+00,-4.239469841849086151e-07
-4.395000000000000295e-02,6.742573007179585964e+00,1.565006799999999920e+00,5.177566207179586044e+00,-1.211326345922328507e+01,1.578204202404489775e+00,-2.940231000891913027e-07
-4.390000000000000152e-02,6.770066007179586620e+00,1.565005599999999886e+00,5.205060407179586512e+00,-1.208577045420784302e+01,1.578174806747818737e+00,-2.075335663320743151e-07
-4.385000000000000009e-02,6.797528007179586496e+00,1.565004400000000073e+00,5.232523607179586200e+00,-1.205830850531651066e+01,1.578145341141649727e+00,-6.366777061117545600e-08
-4.379999999999999866e-02,6.824958907179586198e+00,1.565003200000000039e+00,5.259955707179585715e+00,-1.203087761336265693e+01,1.578115807144565785e+00,3.838768591890584503e-08
-4.374999999999999722e-02,6.852358707179586617e+00,1.565002000000000004e+00,5.287356707179586834e+00,-1.200347777915546921e+01,1.578086206303893846e+00,9.944203327449940844e-08
-4.370000000000000273e-02,6.879727507179586254e+00,1.565001000000000086e+00,5.314726507179585724e+00,-1.197610900350482943e+01,1.578056540155693188e+00,2.030517798345954361e-08
-4.365000000000000130e-02,6.907065207179586608e+00,1.564999999999999947e+00,5.342065207179587105e+00,-1.194877128721922688e+01,1.578026810224747445e+00,-9.821435309476100883e-08
-4.359999999999999987e-02,6.934371907179586181e+00,1.564999000000000029e+00,5.369372907179585930e+00,-1.192146463110644916e+01,1.577997018024555942e+00,-1.553087489725157866e-07
-4.354999999999999843e-02,6.961647507179586469e+00,1.564997999999999889e+00,5.396649507179586358e+00,-1.189418903597359289e+01,1.577967165057327481e+00,-2.501708689095494265e-07
-4.349999999999999700e-02,6.988892007179586585e+00,1.564996999999999971e+00,5.423895007179586614e+00,-1.186694450262635314e+01,1.577937252813975899e+00,-3.819949903061115037e-07
-4.345000000000000251e-02,7.016105507179585921e+00,1.564995799999999937e+00,5.451109707179585762e+00,-1.183973103186973042e+01,1.577907282774115849e+00,-2.499760816121465723e-07
-4.340000000000000108e-02,7.043288007179586252e+00,1.564994599999999902e+00,5.478293407179586794e+00,-1.181254862450872345e+01,1.577877256406059470e+00,-5.330911267975579904e-08
-4.334999999999999964e-02,7.070439307179586130e+00,1.564993400000000090e+00,5.505445907179586484e+00,-1.178539728134554565e+01,1.577847175166816829e+00,8.808167528684407444e-09
-4.329999999999999821e-02,7.097559607179586116e+00,1.564992200000000055e+00,5.532567407179586283e+00,-1.175827700318379776e+01,1.577817040502095702e+00,1.371793887372518839e-07
-4.324999999999999678e-02,7.124648807179585930e+00,1.564991000000000021e+00,5.559657807179585909e+00,-1.173118779082359886e+01,1.577786853846301574e+00,2.326047026102173731e-07
-4.320000000000000229e-02,7.151707007179585851e+00,1.564990000000000103e+00,5.586717007179585970e+00,-1.170412964506646247e+01,1.577756616622543184e+00,1.958856525874352883e-07
-4.315000000000000085e-02,7.178734107179586488e+00,1.564988999999999963e+00,5.613745107179586746e+00,-1.167710256671250235e+01,1.577726330242632757e+00,1.278223908940390174e-07
-4.309999999999999942e-02,7.205730107179586064e+00,1.564988000000000046e+00,5.640742107179585574e+00,-1.165010655655974503e+01,1.577695996107093324e+00,2.921297070912487470e-08
-4.304999999999999799e-02,7.232695007179586355e+00,1.564986999999999906e+00,5.667708007179586005e+00,-1.162314161540621527e+01,1.577665615605165383e+00,-9.914454768278346819e-08
-4.299999999999999656e-02,7.259628907179585866e+00,1.564985999999999988e+00,5.694642907179585656e+00,-1.159620774404923793e+01,1.577635190114812680e+00,-1.564528133712883573e-07
-4.295000000000000207e-02,7.286531307179586747e+00,1.564984799999999954e+00,5.721546507179587238e+00,-1.156930494328544334e+01,1.577604721002731081e+00,-4.419151533596732406e-07
-4.290000000000000063e-02,7.313403307179585866e+00,1.564983599999999919e+00,5.748419707179586169e+00,-1.154243321390936750e+01,1.577574209624359458e+00,-5.473700870339825997e-08
-4.284999999999999920e-02,7.340244307179585981e+00,1.564982400000000107e+00,5.775261907179586096e+00,-1.151559255671554816e+01,1.577543657323888793e+00,4.058761948755318372e-07
-4.279999999999999777e-02,7.367053307179586064e+00,1.564981200000000072e+00,5.802072107179585991e+00,-1.148878297249851954e+01,1.577513065434275275e+00,-5.928097746021876446e-08
-4.275000000000000328e-02,7.393832307179586394e+00,1.564980000000000038e+00,5.828852307179586134e+00,-1.146200446204933243e+01,1.577482435277252293e+00,5.505825528828722781e-07
-4.270000000000000184e-02,7.420579307179586692e+00,1.564979000000000120e+00,5.855600307179586572e+00,-1.143525702616042850e+01,1.577451768163345980e+00,3.625926670025592102e-08
-4.265000000000000041e-02,7.447296307179586350e+00,1.564977999999999980e+00,5.882318307179586370e+00,-1.140854066562285674e+01,1.577421065391887423e+00,5.985402413699603130e-07
-4.259999999999999898e-02,7.473981307179585976e+00,1.564977000000000062e+00,5.909004307179586135e+00,-1.138185538122627349e+01,1.577390328251031537e+00,2.382151649271690985e-07
-4.254999999999999755e-02,7.500635307179585709e+00,1.564975999999999923e+00,5.935659307179586008e+00,-1.135520117375962990e+01,1.577359558017772834e+00,-4.392698205180067816e-08
-4.250000000000000305e-02,7.527258307179586438e+00,1.564975000000000005e+00,5.962283307179585989e+00,-1.132857804401188595e+01,1.577328755957963402e+00,-2.470972022550199654e-07
-4.245000000000000162e-02,7.553851307179586527e+00,1.564974000000000087e+00,5.988877307179586218e+00,-1.130198599276920390e+01,1.577297923326331341e+00,6.294906960135904228e-07
-4.240000000000000019e-02,7.580411307179586444e+00,1.564972999999999947e+00,6.015438307179586275e+00,-1.127542502081775311e+01,1.577267061366502965e+00,-4.133770872272179986e-07
-4.234999999999999876e-02,7.606941307179585721e+00,1.564972000000000030e+00,6.041969307179585691e+00,-1.124889512894439214e+01,1.577236171311020563e+00,-3.749136654462859042e-07
-4.229999999999999732e-02,7.633440307179585993e+00,1.564970999999999890e+00,6.068469307179586103e+00,-1.122239631793319781e+01,1.577205254381366828e+00,-2.543349211237000418e-07
-4.225000000000000283e-02,7.659908307179586373e+00,1.564969999999999972e+00,6.094938307179586623e+00,-1.119592858856754347e+01,1.577174311787985950e+00,-5.085745424793230995e-08
-4.220000000000000140e-02,7.686345307179585973e+00,1.564968799999999938e+00,6.121376507179586035e+00,-1.116949194163010617e+01,1.577143344730308483e+00,4.363014420860622522e-07
-4.214999999999999997e-02,7.712750307179586429e+00,1.564967599999999903e+00,6.147782707179586303e+00,-1.114308637790286660e+01,1.577112354396773997e+00,7.923779854479562346e-09
-4.209999999999999853e-02,7.739125307179586244e+00,1.564966400000000091e+00,6.174158907179585931e+00,-1.111671189816710914e+01,1.577081341964858829e+00,6.647908792345447182e-07
-4.204999999999999710e-02,7.765468307179586027e+00,1.564965200000000056e+00,6.200503107179585527e+00,-1.109036850320271839e+01,1.577050308601099848e+00,4.076826547461109840e-07
-4.200000000000000261e-02,7.791780307179585918e+00,1.564964000000000022e+00,6.226816307179586119e+00,-1.106405619378958427e+01,1.577019255461123537e+00,2.373790275456144627e-07
-4.195000000000000118e-02,7.818062307179586057e+00,1.564963000000000104e+00,6.253099307179585509e+00,-1.103777497070480251e+01,1.576988183689672196e+00,9.546571186902497175e-07
-4.189999999999999974e-02,7.844312307179586163e+00,1.564961999999999964e+00,6.279350307179585755e+00,-1.101152483472686505e+01,1.576957094420633920e+00,7.602954621432900240e-07
-4.184999999999999831e-02,7.870531307179586378e+00,1.564961000000000046e+00,6.305570307179586109e+00,-1.098530578663217128e+01,1.576925988777070797e+00,6.550704831909115455e-07
-4.179999999999999688e-02,7.896719307179585812e+00,1.564959999999999907e+00,6.331759307179585683e+00,-1.095911782719572614e+01,1.576894867871249994e+00,6.397572178684640676e-07
-4.175000000000000239e-02,7.922876307179586242e+00,1.564958999999999989e+00,6.357917307179586253e+00,-1.093296095719323269e+01,1.576863732804673957e+00,7.151314012077136795e-07
-4.170000000000000095e-02,7.949001307179585751e+00,1.564958000000000071e+00,6.384043307179585902e+00,-1.090683517739759978e+01,1.576832584668112824e+00,-1.180340314377303912e-07
-4.164999999999999952e-02,7.975096307179586397e+00,1.564956999999999931e+00,6.410139307179586687e+00,-1.088074048858243970e+01,1.576801424541636631e+00,1.410345724650596821e-07
-4.159999999999999809e-02,8.001160307179585374e+00,1.564956000000000014e+00,6.436204307179584916e+00,-1.085467689151926862e+01,1.576770253494648166e+00,4.931087529413957782e-07
-4.154999999999999666e-02,8.027192307179586095e+00,1.564954999999999874e+00,6.462237307179586665e+00,-1.082864438698029730e+01,1.576739072585916057e+00,-6.103924210520972338e-08
-4.150000000000000216e-02,8.053194307179586175e+00,1.564953999999999956e+00,6.488240307179585997e+00,-1.080264297573495291e+01,1.576707882863612298e+00,4.793600361097105633e-07
-4.145000000000000073e-02,8.079164307179585336e+00,1.564953000000000038e+00,6.514211307179585297e+00,-1.077667265855265910e+01,1.576676685365342445e+00,1.150760509105452911e-07
-4.139999999999999930e-02,8.105103307179586380e+00,1.564951999999999899e+00,6.540151307179586482e+00,-1.075073343620214139e+01,1.576645481118186920e+00,-1.531224409490050675e-07
-4.134999999999999787e-02,8.131011307179585756e+00,1.564950999999999981e+00,6.566060307179585998e+00,-1.072482530945072909e+01,1.576614271138732981e+00,-3.244680844005642939e-07
-4.130000000000000338e-02,8.156888307179585240e+00,1.564949999999999841e+00,6.591938307179585621e+00,-1.069894827906505697e+01,1.576583056433114249e+00,-3.981942153785666960e-07
-4.125000000000000194e-02,8.182734307179586608e+00,1.564948999999999923e+00,6.617785307179586241e+00,-1.067310234581175976e+01,1.576551837997048455e+00,-3.735341591593055455e-07
-4.120000000000000051e-02,8.208549307179586307e+00,1.564947799999999889e+00,6.643601507179586640e+00,-1.064728751045537791e+01,1.576520616815874520e+00,-4.972335077013667615e-08
-4.114999999999999908e-02,8.234333307179586114e+00,1.564946599999999854e+00,6.669386707179586260e+00,-1.062150377375975374e+01,1.576489393864592747e+00,3.740020844134051003e-07
-4.109999999999999765e-02,8.260086307179586029e+00,1.564945400000000042e+00,6.695140907179585987e+00,-1.059575113648733513e+01,1.576458170107903234e+00,8.984046200311013308e-07
-4.105000000000000315e-02,8.285807307179586800e+00,1.564944200000000007e+00,6.720863107179586571e+00,-1.057002959940196440e+01,1.576426946500246951e+00,5.242481382339292395e-07
-4.100000000000000172e-02,8.311498307179586931e+00,1.564942999999999973e+00,6.746555307179587402e+00,-1.054433916326330234e+01,1.576395723985845709e+00,1.252292325837345288e-06
-4.095000000000000029e-02,8.337157307179586141e+00,1.564942000000000055e+00,6.772215307179585864e+00,-1.051867982883309693e+01,1.576364503498743908e+00,8.832989601970098192e-07
-4.089999999999999886e-02,8.362785307179585459e+00,1.564940999999999915e+00,6.797844307179585321e+00,-1.049305159687030908e+01,1.576333285962849162e+00,6.180270304412260884e-07
-4.084999999999999742e-02,8.388382307179586661e+00,1.564939999999999998e+00,6.823442307179586663e+00,-1.046745446813320335e+01,1.576302072291976275e+00,4.572348419884519899e-07
-4.080000000000000293e-02,8.413948307179586195e+00,1.564938999999999858e+00,6.849009307179586337e+00,-1.044188844338003896e+01,1.576270863389888532e+00,4.016806762763280858e-07
-4.075000000000000150e-02,8.439483307179585836e+00,1.564937999999999940e+00,6.874545307179586118e+00,-1.041635352336768428e+01,1.576239660150341004e+00,4.521214336250523047e-07
-4.070000000000000007e-02,8.464987307179585585e+00,1.564937000000000022e+00,6.900050307179585118e+00,-1.039084970885230952e+01,1.576208463457125397e+00,6.093133144702278514e-07
-4.064999999999999863e-02,8.490460307179585442e+00,1.564935999999999883e+00,6.925524307179586003e+00,-1.036537700058799416e+01,1.576177274184113131e+00,8.740104284754579567e-07
-4.059999999999999720e-02,8.515901307179586155e+00,1.564934999999999965e+00,6.950966307179585968e+00,-1.033993539933020678e+01,1.576146093195300857e+00,2.469682769401515543e-07
-4.055000000000000271e-02,8.541312307179586227e+00,1.564933999999999825e+00,6.976378307179586180e+00,-1.031452490583093429e+01,1.576114921344854425e+00,7.289388772591109955e-07
-4.050000000000000128e-02,8.566691307179585380e+00,1.564932999999999907e+00,7.001758307179585472e+00,-1.028914552084355449e+01,1.576083759477155288e+00,3.206756344908967549e-07
-4.044999999999999984e-02,8.592040307179585668e+00,1.564931999999999990e+00,7.027108307179585900e+00,-1.026379724511935621e+01,1.576052608426846913e+00,1.022929867033894880e-06
-4.039999999999999841e-02,8.617357307179586812e+00,1.564931000000000072e+00,7.052426307179587184e+00,-1.023848007940892835e+01,1.576021469018879850e+00,8.364522008363906025e-07
-4.034999999999999698e-02,8.642643307179586287e+00,1.564929999999999932e+00,7.077713307179585911e+00,-1.021319402446146363e+01,1.575990342068559924e+00,7.619918509504941539e-07
-4.030000000000000249e-02,8.667898307179585871e+00,1.564929000000000014e+00,7.102969307179585634e+00,-1.018793908102615653e+01,1.575959228381593746e+00,8.002980473875709322e-07
-4.025000000000000105e-02,8.693122307179585562e+00,1.564928000000000097e+00,7.128194307179585465e+00,-1.016271524985080710e+01,1.575928128754138680e+00,9.521186150607263698e-07
-4.019999999999999962e-02,8.718314307179586109e+00,1.564927000000000179e+00,7.153387307179586152e+00,-1.013752253168181916e+01,1.575897043972848355e+00,2.181999949613100398e-07
-4.014999999999999819e-02,8.743476307179586016e+00,1.564926000000000039e+00,7.178550307179586198e+00,-1.011236092726629465e+01,1.575865974814921744e+00,5.992893159501022637e-07
-4.009999999999999676e-02,8.768607307179586030e+00,1.564925000000000122e+00,7.203682307179585464e+00,-1.008723043734923941e+01,1.575834922048154230e+00,1.096131611255657390e-06
-4.005000000000000226e-02,8.793706307179586901e+00,1.564923999999999982e+00,7.228782307179587363e+00,-1.006213106267427015e+01,1.575803886430981793e+00,7.094705294363734538e-07
-4.000000000000000083e-02,8.818774307179586103e+00,1.564923000000000064e+00,7.253851307179585817e+00,-1.003706280398569639e+01,1.575772868712534969e+00,4.400504103330149519e-07
-3.994999999999999940e-02,8.843811307179585413e+00,1.564922000000000146e+00,7.278889307179585266e+00,-1.001202566202503874e+01,1.575741869632686143e+00,2.886128056545089748e-07
-3.989999999999999797e-02,8.868817307179586606e+00,1.564921000000000006e+00,7.303896307179586600e+00,-9.987019637534517713e+00,1.575710889922099955e+00,2.558999669943773370e-07
-3.984999999999999654e-02,8.893792307179586132e+00,1.564920000000000089e+00,7.328872307179586265e+00,-9.962044731254954044e+00,1.575679930302283926e+00,3.426527364069897885e-07
-3.980000000000000204e-02,8.918736307179585765e+00,1.564918999999999949e+00,7.353817307179586038e+00,-9.937100943925777585e+00,1.575648991485638195e+00,5.496105837110576431e-07
-3.975000000000000061e-02,8.943649307179587282e+00,1.564918000000000031e+00,7.378731307179586807e+00,-9.912188276286416411e+00,1.575618074175507921e+00,8.775129636262590793e-07
-3.969999999999999918e-02,8.968530307179586103e+00,1.564917000000000114e+00,7.403613307179585767e+00,-9.887306729074204270e+00,1.575587179066232801e+00,3.270972372959590757e-07
-3.964999999999999775e-02,8.993381307179586059e+00,1.564915999999999974e+00,7.428465307179585864e+00,-9.862456303026476689e+00,1.575556306843199916e+00,8.991007716119270299e-07
-3.960000000000000325e-02,9.018200307179586872e+00,1.564915000000000056e+00,7.453285307179586816e+00,-9.837636998879874639e+00,1.575525458182893690e+00,5.942602356867610069e-07
-3.955000000000000182e-02,9.042988307179586016e+00,1.564913999999999916e+00,7.478074307179586100e+00,-9.812848817368939436e+00,1.575494633752949625e+00,4.133102029513224807e-07
-3.950000000000000039e-02,9.067745307179585268e+00,1.564912999999999998e+00,7.502832307179585491e+00,-9.788091759228915834e+00,1.575463834212205150e+00,3.569859474694681012e-07
-3.944999999999999896e-02,9.092471307179586404e+00,1.564912000000000081e+00,7.527559307179586767e+00,-9.763365825192254377e+00,1.575433060210753355e+00,4.260199499839245618e-07
-3.939999999999999752e-02,9.117166307179585871e+00,1.564910999999999941e+00,7.552255307179585486e+00,-9.738671015992805380e+00,1.575402312389994064e+00,6.211460830130022259e-07
-3.935000000000000303e-02,9.141830307179585446e+00,1.564910000000000023e+00,7.576920307179585201e+00,-9.714007332361624947e+00,1.575371591382687120e+00,9.430954426292714743e-07
-3.930000000000000160e-02,9.166462307179585878e+00,1.564908999999999883e+00,7.601553307179585772e+00,-9.689374775029769182e+00,1.575340897813006569e+00,3.925991114428484252e-07
-3.925000000000000017e-02,9.191064307179585668e+00,1.564907999999999966e+00,7.626156307179585703e+00,-9.664773344726901527e+00,1.575310232296592394e+00,9.703867789312425884e-07
-3.919999999999999873e-02,9.215634307179586315e+00,1.564907000000000048e+00,7.650727307179586489e+00,-9.640203042181985538e+00,1.575279595440604252e+00,6.771874376809705609e-07
-3.914999999999999730e-02,9.240173307179585294e+00,1.564905999999999908e+00,7.675267307179585607e+00,-9.615663868123288438e+00,1.575248987843775650e+00,5.137293888068938941e-07
-3.910000000000000281e-02,9.264681307179586156e+00,1.564904999999999990e+00,7.699776307179586610e+00,-9.591155823278381121e+00,1.575218410096468347e+00,4.807402316231446093e-07
-3.905000000000000138e-02,9.289158307179587126e+00,1.564903999999999851e+00,7.724254307179586831e+00,-9.566678908372736601e+00,1.575187862780723869e+00,5.789454666782489767e-07
-3.899999999999999994e-02,9.313604307179586428e+00,1.564902999999999933e+00,7.748701307179586273e+00,-9.542233124132533106e+00,1.575157346470319464e+00,8.090712970698632489e-07
-3.894999999999999851e-02,9.338019307179585837e+00,1.564902000000000015e+00,7.773117307179585822e+00,-9.517818471281849213e+00,1.575126861730822725e+00,1.171841838676357384e-06
-3.889999999999999708e-02,9.362402307179586103e+00,1.564900999999999875e+00,7.797501307179586227e+00,-9.493434950544768824e+00,1.575096409119644436e+00,6.679812027954312725e-07
-3.885000000000000259e-02,9.386755307179585728e+00,1.564899999999999958e+00,7.821855307179585992e+00,-9.469082562643976075e+00,1.575065989186094084e+00,1.298212099598572422e-06
-3.880000000000000115e-02,9.411076307179586209e+00,1.564898999999999818e+00,7.846177307179586613e+00,-9.444761308300764213e+00,1.575035602471434037e+00,1.063255850475286479e-06
-3.874999999999999972e-02,9.435366614359171678e+00,1.564897999999999900e+00,7.870468614359172221e+00,-9.420471188236421156e+00,1.575005249508934835e+00,1.271013363890460823e-06
-3.869999999999999829e-02,9.459625614359172374e+00,1.564896999999999982e+00,7.894728614359172170e+00,-9.396212203170847488e+00,1.574974930823930030e+00,1.307845394649120863e-06
-3.864999999999999686e-02,9.483853614359173179e+00,1.564896000000000065e+00,7.918957614359173114e+00,-9.371984353823238578e+00,1.574944646933870374e+00,1.481650753198948678e-06
-3.860000000000000236e-02,9.508049614359173063e+00,1.564894999999999925e+00,7.943154614359173138e+00,-9.347787640911398910e+00,1.574914398348378874e+00,7.931472723043953010e-07
-3.855000000000000093e-02,9.532215614359172307e+00,1.564894000000000007e+00,7.967321614359172521e+00,-9.323622065153131189e+00,1.574884185569307427e+00,1.243052779820175147e-06
-3.849999999999999950e-02,9.556349614359172406e+00,1.564893000000000089e+00,7.991456614359172761e+00,-9.299487627264843681e+00,1.574854009090790763e+00,8.320837210362697078e-07
-3.844999999999999807e-02,9.580453614359171866e+00,1.564892200000000066e+00,8.015561414359172687e+00,-9.275384327961550213e+00,1.574823869399301524e+00,1.360955135254471315e-06
-3.839999999999999664e-02,9.604525614359172181e+00,1.564891400000000043e+00,8.039634214359171693e+00,-9.251312167958960941e+00,1.574793766973706655e+00,1.030382758671066767e-06
-3.835000000000000214e-02,9.628566614359172604e+00,1.564890600000000020e+00,8.063676014359172584e+00,-9.227271147969995368e+00,1.574763702285322253e+00,8.410795402369330986e-07
-3.830000000000000071e-02,9.652576614359173135e+00,1.564889799999999997e+00,8.087686814359173582e+00,-9.203261268706876663e+00,1.574733675797969523e+00,7.937577386485372699e-07
-3.824999999999999928e-02,9.676554614359172746e+00,1.564888999999999974e+00,8.111665614359171883e+00,-9.179282530882526103e+00,1.574703687968028953e+00,-1.108697063045838149e-07
-3.819999999999999785e-02,9.700502614359173492e+00,1.564888000000000057e+00,8.135614614359173657e+00,-9.155334935207770641e+00,1.574673739244497606e+00,3.279080704743364549e-07
-3.815000000000000335e-02,9.724419614359172570e+00,1.564886999999999917e+00,8.159532614359171987e+00,-9.131418482392739122e+00,1.574643830069043959e+00,9.108012157810208009e-07
-3.810000000000000192e-02,9.748304614359172504e+00,1.564885999999999999e+00,8.183418614359172949e+00,-9.107533173146169503e+00,1.574613960876063867e+00,6.385185074009314121e-07
-3.805000000000000049e-02,9.772158614359172546e+00,1.564884999999999859e+00,8.207273614359172242e+00,-9.083679008176096303e+00,1.574584132092734956e+00,5.117680004218527756e-07
-3.799999999999999906e-02,9.795981614359172696e+00,1.564883999999999942e+00,8.231097614359173420e+00,-9.059855988191255705e+00,1.574554344139074358e+00,5.312584665517761096e-07
-3.794999999999999762e-02,9.819773614359172953e+00,1.564883000000000024e+00,8.254890614359172929e+00,-9.036064113896893346e+00,1.574524597427992667e+00,6.976951691939348166e-07
-3.790000000000000313e-02,9.843534614359171542e+00,1.564881999999999884e+00,8.278652614359170769e+00,-9.012303385998954752e+00,1.574494892365351006e+00,1.011784091176082256e-06
-3.785000000000000170e-02,9.867263614359172763e+00,1.564880999999999966e+00,8.302382614359173019e+00,-8.988573805201991007e+00,1.574465229350015205e+00,4.742298145288259548e-07
-3.780000000000000027e-02,9.890962614359171567e+00,1.564879999999999827e+00,8.326082614359171075e+00,-8.964875372210547866e+00,1.574435608773912865e+00,1.085736903050360525e-06
-3.774999999999999883e-02,9.914629614359173004e+00,1.564878999999999909e+00,8.349750614359173539e+00,-8.941208087727085640e+00,1.574406031022088648e+00,8.470078558531213275e-07
-3.769999999999999740e-02,9.938265614359172773e+00,1.564877999999999991e+00,8.373387614359172559e+00,-8.917571952453361206e+00,1.574376496472759124e+00,7.587444468271087317e-07
-3.765000000000000291e-02,9.961870614359172649e+00,1.564877000000000073e+00,8.396993614359171687e+00,-8.893966967089738773e+00,1.574347005497369834e+00,8.216470774868867011e-07
-3.760000000000000148e-02,9.985444614359172633e+00,1.564875999999999934e+00,8.420568614359172699e+00,-8.870393132337978770e+00,1.574317558460649469e+00,1.036417536681710772e-06
-3.755000000000000004e-02,1.000898761435917272e+01,1.564875000000000016e+00,8.444112614359172042e+00,-8.846850448897049191e+00,1.574288155720666049e+00,1.403754815498814423e-06
-3.749999999999999861e-02,1.003249861435917190e+01,1.564874000000000098e+00,8.467624614359172242e+00,-8.823338917463827258e+00,1.574258797628883100e+00,9.243558185545452943e-07
-3.744999999999999718e-02,1.005597961435917220e+01,1.564873200000000075e+00,8.491106414359173016e+00,-8.799858538737279190e+00,1.574229484530214496e+00,1.398919547312971190e-06
-3.740000000000000269e-02,1.007942861435917337e+01,1.564872400000000052e+00,8.514556214359172870e+00,-8.776409313413585878e+00,1.574200216763078863e+00,1.028142206038751283e-06
-3.735000000000000125e-02,1.010284661435917286e+01,1.564871600000000029e+00,8.537975014359172832e+00,-8.752991242188226551e+00,1.574170994659456868e+00,8.127193034113133763e-07
-3.729999999999999982e-02,1.012623361435917246e+01,1.564870800000000006e+00,8.561362814359172901e+00,-8.729604325755985883e+00,1.574141818544946059e+00,7.533456471975341628e-07
-3.724999999999999839e-02,1.014958961435917217e+01,1.564869999999999983e+00,8.584719614359173079e+00,-8.706248564810950441e+00,1.574112688738814381e+00,8.507153594905503269e-07
-3.719999999999999696e-02,1.017291361435917274e+01,1.564869000000000065e+00,8.608044614359172897e+00,-8.682923960045808798e+00,1.574083605554058352e+00,3.055211532654311668e-07
-3.715000000000000246e-02,1.019620761435917267e+01,1.564867999999999926e+00,8.631339614359172074e+00,-8.659630512153253079e+00,1.574054569297454798e+00,9.184557470121035294e-07
-3.710000000000000103e-02,1.021946961435917345e+01,1.564867000000000008e+00,8.654602614359173884e+00,-8.636368221823184754e+00,1.574025580269618807e+00,6.902090721183640198e-07
-3.704999999999999960e-02,1.024270061435917256e+01,1.564865999999999868e+00,8.677834614359172249e+00,-8.613137089746198072e+00,1.573996638765057021e+00,6.214717487296184117e-07
-3.699999999999999817e-02,1.026590061435917178e+01,1.564864999999999950e+00,8.701035614359172499e+00,-8.589937116612894386e+00,1.573967745072222701e+00,7.129344101741708073e-07
-3.694999999999999674e-02,1.028906961435917289e+01,1.564864000000000033e+00,8.724205614359172856e+00,-8.566768303110382732e+00,1.573938899473570574e+00,9.652841921337085296e-07
-3.690000000000000224e-02,1.031220761435917233e+01,1.564862999999999893e+00,8.747344614359171544e+00,-8.543630649926470255e+00,1.573910102245612119e+00,1.379208921292729428e-06
-3.685000000000000081e-02,1.033531361435917262e+01,1.564861999999999975e+00,8.770451614359172865e+00,-8.520524157747571437e+00,1.573881353658969084e+00,9.553950519602949498e-07
-3.679999999999999938e-02,1.035838861435917302e+01,1.564860999999999835e+00,8.793527614359172517e+00,-8.497448827260793536e+00,1.573852653978428995e+00,6.945297119642646066e-07
-3.674999999999999795e-02,1.038143361435917278e+01,1.564859999999999918e+00,8.816573614359173305e+00,-8.474404659148364161e+00,1.573824003462997556e+00,1.597295160138401116e-06
-3.670000000000000345e-02,1.040444661435917340e+01,1.564859199999999895e+00,8.839587414359172612e+00,-8.451391654096697792e+00,1.573795402365955942e+00,1.464377834992092176e-06
-3.665000000000000202e-02,1.042742761435917309e+01,1.564858399999999872e+00,8.862569214359172776e+00,-8.428409812788022037e+00,1.573766850934911643e+00,4.964599895629362436e-07
-3.660000000000000059e-02,1.045037861435917215e+01,1.564857600000000071e+00,8.885521014359172298e+00,-8.405459135903862844e+00,1.573738349411854864e+00,6.942231838280576994e-07
-3.654999999999999916e-02,1.047329861435917309e+01,1.564856800000000048e+00,8.908441814359173705e+00,-8.382539624125053379e+00,1.573709898033211152e+00,1.058348278348830718e-06
-3.649999999999999772e-02,1.049618661435917311e+01,1.564856000000000025e+00,8.931330614359172415e+00,-8.359651278133124919e+00,1.573681497029895127e+00,5.895168246894399999e-07
-3.645000000000000323e-02,1.051904361435917323e+01,1.564855000000000107e+00,8.954188614359173570e+00,-8.336794098607512637e+00,1.573653146627364663e+00,4.884082898115593707e-07
-3.640000000000000180e-02,1.054186961435917169e+01,1.564853999999999967e+00,8.977015614359171281e+00,-8.313968086224864606e+00,1.573624847045674180e+00,5.556993478705862799e-07
-3.635000000000000037e-02,1.056466461435917203e+01,1.564853000000000049e+00,8.999811614359172651e+00,-8.291173241665312332e+00,1.573596598499527266e+00,7.920701641239702440e-07
-3.629999999999999893e-02,1.058742861435917249e+01,1.564851999999999910e+00,9.022576614359172353e+00,-8.268409565603413114e+00,1.573568401198329747e+00,1.198195315410544026e-06
-3.624999999999999750e-02,1.061016061435917202e+01,1.564850999999999992e+00,9.045309614359172912e+00,-8.245677058715811469e+00,1.573540255346244976e+00,7.747514736422544956e-07
-3.620000000000000301e-02,1.063286261435917268e+01,1.564850199999999969e+00,9.068012414359172269e+00,-8.222975721677059369e+00,1.573512161142242460e+00,1.322413222482055062e-06
-3.615000000000000158e-02,1.065553261435917243e+01,1.564849399999999946e+00,9.090683214359172482e+00,-8.200305555161714111e+00,1.573484118780155150e+00,1.041855144379155718e-06
-3.610000000000000014e-02,1.067817161435917228e+01,1.564848600000000145e+00,9.113323014359172802e+00,-8.177666559841538785e+00,1.573456128448728730e+00,9.337490300964645940e-07
-3.604999999999999871e-02,1.070077961435917224e+01,1.564847800000000122e+00,9.135931814359171454e+00,-8.155058736390387253e+00,1.573428190331674914e+00,9.987687530355060517e-07
-3.599999999999999728e-02,1.072335561435917306e+01,1.564847000000000099e+00,9.158508614359172739e+00,-8.132482085477930056e+00,1.573400304607724065e+00,2.375840253421301895e-07
-3.595000000000000279e-02,1.074590161435917324e+01,1.564846000000000181e+00,9.181055614359173944e+00,-8.109936607775933837e+00,1.573372471450676935e+00,8.508666340389936522e-07
-3.590000000000000135e-02,1.076841561435917249e+01,1.564845000000000041e+00,9.203570614359172453e+00,-8.087422303951974811e+00,1.573344691029456399e+00,6.392841775948454597e-07
-3.584999999999999992e-02,1.079089861435917186e+01,1.564844000000000124e+00,9.226054614359171069e+00,-8.064939174676421629e+00,1.573316963508158972e+00,6.035070505561179743e-07
-3.579999999999999849e-02,1.081335061435917311e+01,1.564842999999999984e+00,9.248507614359173346e+00,-8.042487220616154175e+00,1.573289289046106543e+00,7.442021736636661444e-07
-3.574999999999999706e-02,1.083577161435917269e+01,1.564842000000000066e+00,9.270929614359172177e+00,-8.020066442437354226e+00,1.573261667797898111e+00,1.062035741128397603e-06
-3.570000000000000256e-02,1.085816161435917238e+01,1.564841200000000043e+00,9.293320414359172332e+00,-7.997676840806905219e+00,1.573234099913459083e+00,1.357674671353947815e-06
-3.565000000000000113e-02,1.088051961435917292e+01,1.564840400000000020e+00,9.315679214359173343e+00,-7.975318416388197384e+00,1.573206585538095226e+00,8.317823780856770099e-07
-3.559999999999999970e-02,1.090284661435917180e+01,1.564839599999999997e+00,9.338007014359170910e+00,-7.952991169846717057e+00,1.573179124812540186e+00,4.850243691123523604e-07
-3.554999999999999827e-02,1.092514261435917255e+01,1.564838799999999974e+00,9.360303814359172137e+00,-7.930695101845159023e+00,1.573151717873009003e+00,3.180633783017583482e-07
-3.549999999999999684e-02,1.094740761435917165e+01,1.564837999999999951e+00,9.382569614359171695e+00,-7.908430213044822743e+00,1.573124364851245405e+00,3.315607237652784534e-07
-3.545000000000000234e-02,1.096964161435917262e+01,1.564837000000000033e+00,9.404804614359171921e+00,-7.886196504107009453e+00,1.573097065874574652e+00,7.261777348332998372e-07
-3.540000000000000091e-02,1.099184361435917268e+01,1.564835999999999894e+00,9.427007614359173004e+00,-7.863993975693714944e+00,1.573069821065951945e+00,3.025764314656953502e-07
-3.534999999999999948e-02,1.101401561435917209e+01,1.564834999999999976e+00,9.449180614359171670e+00,-7.841822628462751688e+00,1.573042630544012832e+00,1.061414657499426539e-06
-3.529999999999999805e-02,1.103615561435917236e+01,1.564833999999999836e+00,9.471321614359172969e+00,-7.819682463072629375e+00,1.573015494423121607e+00,1.003350947215153610e-06
-3.524999999999999661e-02,1.105826461435917274e+01,1.564832999999999918e+00,9.493431614359172599e+00,-7.797573480182555805e+00,1.572988412813422388e+00,1.129044534309286973e-06
-3.520000000000000212e-02,1.108034261435917323e+01,1.564832199999999895e+00,9.515510414359173552e+00,-7.775495680447551905e+00,1.572961385820886848e+00,1.239150465792704381e-06
-3.515000000000000069e-02,1.110238861435917279e+01,1.564831399999999872e+00,9.537557214359173585e+00,-7.753449064524034817e+00,1.572934413547363741e+00,5.343251867628850960e-07
-3.509999999999999926e-02,1.112440461435917172e+01,1.564830600000000072e+00,9.559574014359171201e+00,-7.731433633067025468e+00,1.572907496090627300e+00,1.015223741518411771e-06
-3.504999999999999782e-02,1.114638861435917150e+01,1.564829800000000048e+00,9.581558814359171450e+00,-7.709449386730849341e+00,1.572880633544425866e+00,6.825004863486583417e-07
-3.500000000000000333e-02,1.116834161435917316e+01,1.564829000000000025e+00,9.603512614359173583e+00,-7.687496326167737593e+00,1.572853825998529187e+00,5.368076738676563764e-07
-3.495000000000000190e-02,1.119026361435917316e+01,1.564828000000000108e+00,9.625435614359172831e+00,-7.665574452030617714e+00,1.572827073538778819e+00,7.787982632123657822e-07
-3.490000000000000047e-02,1.121215461435917149e+01,1.564826999999999968e+00,9.647327614359172188e+00,-7.643683764969630090e+00,1.572800376247132759e+00,1.209122418188712800e-06
-3.484999999999999903e-02,1.123401361435917245e+01,1.564826000000000050e+00,9.669187614359172400e+00,-7.621824265636307771e+00,1.572773734201715623e+00,8.284316983520056965e-07
-3.479999999999999760e-02,1.125584261435917277e+01,1.564824999999999910e+00,9.691017614359171972e+00,-7.599995954680092147e+00,1.572747147476864393e+00,1.637375566687637729e-06
-3.475000000000000311e-02,1.127763961435917217e+01,1.564823999999999993e+00,9.712815614359172400e+00,-7.578198832749029279e+00,1.572720616143175709e+00,1.636602103616269233e-06
-3.470000000000000168e-02,1.129940561435917346e+01,1.564823199999999970e+00,9.734582414359174152e+00,-7.556432900490467119e+00,1.572694140267554275e+00,1.626758681538831297e-06
-3.465000000000000024e-02,1.132113961435917204e+01,1.564822399999999947e+00,9.756317214359171430e+00,-7.534698158552451730e+00,1.572667719913256823e+00,8.084933664775917350e-07
-3.459999999999999881e-02,1.134284361435917177e+01,1.564821600000000146e+00,9.778022014359171621e+00,-7.512994607578844075e+00,1.572641355139940300e+00,1.182450052539252283e-06
-3.454999999999999738e-02,1.136451561435917235e+01,1.564820800000000123e+00,9.799694814359172668e+00,-7.491322248216294888e+00,1.572615046003708050e+00,7.492754097171427929e-07
-3.450000000000000289e-02,1.138615661435917303e+01,1.564820000000000100e+00,9.821336614359172046e+00,-7.469681081107966136e+00,1.572588792557155113e+00,5.096126312054138907e-07
-3.445000000000000145e-02,1.140776661435917205e+01,1.564819200000000077e+00,9.842947414359171532e+00,-7.448071106896324345e+00,1.572562594849413520e+00,4.641042092856650925e-07
-3.440000000000000002e-02,1.142934561435917296e+01,1.564818400000000054e+00,9.864527214359172902e+00,-7.426492326225229590e+00,1.572536452926199146e+00,6.133940289032580040e-07
-3.434999999999999859e-02,1.145089361435917219e+01,1.564817600000000031e+00,9.886076014359172603e+00,-7.404944739735054959e+00,1.572510366829855011e+00,9.581224844623648096e-07
-3.429999999999999716e-02,1.147240961435917228e+01,1.564816800000000008e+00,9.907592814359173161e+00,-7.383428348065474545e+00,1.572484336599397459e+00,4.989292836654612984e-07
-3.425000000000000266e-02,1.149389461435917248e+01,1.564815999999999985e+00,9.929078614359172050e+00,-7.361943151856862322e+00,1.572458362270560572e+00,2.364548219446760413e-07
-3.420000000000000123e-02,1.151534861435917279e+01,1.564815000000000067e+00,9.950533614359173384e+00,-7.340489151748195162e+00,1.572432443875840802e+00,3.713381033776386175e-07
-3.414999999999999980e-02,1.153677161435917320e+01,1.564813999999999927e+00,9.971957614359173050e+00,-7.319066348375659281e+00,1.572406581444540707e+00,7.042153349345880997e-07
-3.409999999999999837e-02,1.155816361435917194e+01,1.564813000000000009e+00,9.993350614359172823e+00,-7.297674742376838886e+00,1.572380775002812259e+00,1.235724132797599850e-06
-3.404999999999999694e-02,1.157952391435917328e+01,1.564811999999999870e+00,1.001471191435917341e+01,-7.276314334387222083e+00,1.572355024573702797e+00,1.266500010643767382e-06
-3.400000000000000244e-02,1.160085311435917177e+01,1.564810999999999952e+00,1.003604211435917115e+01,-7.254985125042299643e+00,1.572329330177195672e+00,1.397178479578542465e-06
-3.395000000000000101e-02,1.162215111435917336e+01,1.564810199999999929e+00,1.005734091435917321e+01,-7.233687114975468013e+00,1.572303691830254868e+00,1.328392965405100767e-06
-3.389999999999999958e-02,1.164341791435917273e+01,1.564809399999999906e+00,1.007860851435917304e+01,-7.212420304820123640e+00,1.572278109546867864e+00,1.260776892664239313e-06
-3.384999999999999815e-02,1.166465351435917164e+01,1.564808600000000105e+00,1.009984491435917064e+01,-7.191184695208269417e+00,1.572252583338088039e+00,1.194962282013989352e-06
-3.379999999999999671e-02,1.168585791435917187e+01,1.564807800000000082e+00,1.012105011435917135e+01,-7.169980286771208355e+00,1.572227113212077088e+00,1.131580470214998968e-06
-3.375000000000000222e-02,1.170703111435917165e+01,1.564807000000000059e+00,1.014222411435917159e+01,-7.148807080139547132e+00,1.572201699174146761e+00,1.071262081708823644e-06
-3.370000000000000079e-02,1.172817321435917215e+01,1.564806200000000036e+00,1.016336701435917256e+01,-7.127665075942498873e+00,1.572176341226801721e+00,1.114636361876364390e-06
-3.364999999999999936e-02,1.174928401435917280e+01,1.564805400000000013e+00,1.018447861435917190e+01,-7.106554274808575045e+00,1.572151039369779513e+00,1.062331843826314071e-06
-3.359999999999999792e-02,1.177036361435917300e+01,1.564804599999999990e+00,1.020555901435917256e+01,-7.085474677364897111e+00,1.572125793600094079e+00,1.014975676838503205e-06
-3.355000000000000343e-02,1.179141201435917274e+01,1.564803799999999967e+00,1.022660821435917278e+01,-7.064426284238581211e+00,1.572100603912073957e+00,9.731950001423683716e-07
-3.350000000000000200e-02,1.181242921435917204e+01,1.564802999999999944e+00,1.024762621435917254e+01,-7.043409096056049812e+00,1.572075470297406463e+00,9.376162566354651062e-07
-3.345000000000000057e-02,1.183341511435917326e+01,1.564802199999999921e+00,1.026861291435917423e+01,-7.022423113441631948e+00,1.572050392745174996e+00,8.088638114855939421e-07
-3.339999999999999913e-02,1.185436991435917164e+01,1.564801399999999898e+00,1.028956851435917130e+01,-7.001468337019654875e+00,1.572025371241901004e+00,7.875620067210320485e-07
-3.334999999999999770e-02,1.187529351435917313e+01,1.564800600000000097e+00,1.031049291435917326e+01,-6.980544767411656970e+00,1.572000405771584619e+00,7.743324168529852614e-07
-3.330000000000000321e-02,1.189618591435917239e+01,1.564799800000000074e+00,1.033138611435917298e+01,-6.959652405241967266e+00,1.571975496315742404e+00,7.697993815725112654e-07
-3.325000000000000178e-02,1.191704701435917180e+01,1.564799000000000051e+00,1.035224801435917108e+01,-6.938791251130728810e+00,1.571950642853447988e+00,6.745830791743401278e-07
-3.320000000000000034e-02,1.193787701435917192e+01,1.564798200000000028e+00,1.037307881435917167e+01,-6.917961305698083763e+00,1.571925845361371588e+00,6.893036790245332668e-07
-3.314999999999999891e-02,1.195867571435917220e+01,1.564797400000000005e+00,1.039387831435917242e+01,-6.897162569564176060e+00,1.571901103813817757e+00,6.145813440383562920e-07
-3.309999999999999748e-02,1.197944331435917320e+01,1.564796599999999982e+00,1.041464671435917388e+01,-6.876395043347055314e+00,1.571876418182764912e+00,6.510341474808001294e-07
-3.305000000000000299e-02,1.200017961435917258e+01,1.564795799999999959e+00,1.043538381435917195e+01,-6.855658727663377583e+00,1.571851788437903519e+00,5.992787741604388430e-07
-3.300000000000000155e-02,1.202088471435917327e+01,1.564794999999999936e+00,1.045608971435917312e+01,-6.834953623131889699e+00,1.571827214546674512e+00,5.599339978346051794e-07
-3.295000000000000012e-02,1.204155861435917174e+01,1.564794199999999913e+00,1.047676441435917205e+01,-6.814279730366457066e+00,1.571802696474305483e+00,5.336137043343569530e-07
-3.289999999999999869e-02,1.206220131435917153e+01,1.564793399999999890e+00,1.049740791435917231e+01,-6.793637049983037635e+00,1.571778234183850875e+00,5.209338738154656312e-07
-3.284999999999999726e-02,1.208281271435917326e+01,1.564792600000000089e+00,1.051802011435917272e+01,-6.773025582595495031e+00,1.571753827636226619e+00,4.225084033748771617e-07
-3.280000000000000276e-02,1.210339301435917214e+01,1.564791800000000066e+00,1.053860121435917208e+01,-6.752445328816300218e+00,1.571729476790248770e+00,4.389497814116793961e-07
-3.275000000000000133e-02,1.212394201435917296e+01,1.564791000000000043e+00,1.055915101435917336e+01,-6.731896289257922383e+00,1.571705181602669699e+00,3.708705076377327714e-07
-3.269999999999999990e-02,1.214445991435917271e+01,1.564790000000000125e+00,1.057966991435917237e+01,-6.711378464532133492e+00,1.571680942028214734e+00,6.188823693520362212e-07
-3.264999999999999847e-02,1.216494651435917262e+01,1.564788999999999985e+00,1.060015751435917331e+01,-6.690891855247915743e+00,1.571656758019617905e+00,7.835943858225391523e-07
-3.259999999999999704e-02,1.218540191435917208e+01,1.564788000000000068e+00,1.062061391435917201e+01,-6.670436462015645773e+00,1.571632629527658143e+00,9.656169481786491815e-07
-3.255000000000000254e-02,1.220582611435917286e+01,1.564786999999999928e+00,1.064103911435917382e+01,-6.650012285443608562e+00,1.571608556501195242e+00,1.165558373372732603e-06
-3.250000000000000111e-02,1.222621901435917202e+01,1.564786000000000010e+00,1.066143301435917223e+01,-6.629619326139389202e+00,1.571584538887203619e+00,1.284026263093096532e-06
-3.244999999999999968e-02,1.224658081435917190e+01,1.564785199999999987e+00,1.068179561435917257e+01,-6.609257584709181010e+00,1.571560576630810058e+00,1.321626838191036768e-06
-3.239999999999999825e-02,1.226691131435917193e+01,1.564784399999999964e+00,1.070212691435917129e+01,-6.588927061759872750e+00,1.571536669675325681e+00,1.278967014073373321e-06
-3.234999999999999681e-02,1.228721061435917328e+01,1.564783599999999941e+00,1.072242701435917311e+01,-6.568627757894167196e+00,1.571512817962282593e+00,1.256649520442465473e-06
-3.230000000000000232e-02,1.230747871435917240e+01,1.564782799999999918e+00,1.074269591435917270e+01,-6.548359673718256779e+00,1.571489021431466737e+00,1.255280567491467991e-06
-3.225000000000000089e-02,1.232771561435917285e+01,1.564781999999999895e+00,1.076293361435917362e+01,-6.528122809833449836e+00,1.571465280020952093e+00,1.275461487537654648e-06
-3.219999999999999946e-02,1.234792121435917167e+01,1.564781199999999872e+00,1.078314001435917113e+01,-6.507917166843147250e+00,1.571441593667135317e+00,1.217795711383473645e-06
-3.214999999999999802e-02,1.236809571435917299e+01,1.564780399999999849e+00,1.080331531435917292e+01,-6.487742745347960138e+00,1.571417962304768157e+00,1.282883875575180355e-06
-3.209999999999999659e-02,1.238823891435917268e+01,1.564779600000000048e+00,1.082345931435917308e+01,-6.467599545947801509e+00,1.571394385866989873e+00,1.271325910323639619e-06
-3.205000000000000210e-02,1.240835081435917253e+01,1.564778800000000025e+00,1.084357201435917162e+01,-6.447487569241888039e+00,1.571370864285362545e+00,1.183721055397768396e-06
-3.200000000000000067e-02,1.242843161435917310e+01,1.564778000000000002e+00,1.086365361435917265e+01,-6.427406815829435516e+00,1.571347397489901265e+00,1.220668561785487327e-06
-3.194999999999999923e-02,1.244848111435917204e+01,1.564777199999999979e+00,1.088370391435917206e+01,-6.407357286307566291e+00,1.571323985409107005e+00,1.182765567264709716e-06
-3.189999999999999780e-02,1.246849945435917206e+01,1.564776399999999956e+00,1.090372305435917255e+01,-6.387338981272706384e+00,1.571300627969999475e+00,1.210608525425982407e-06
-3.185000000000000331e-02,1.248848654435917283e+01,1.564775600000000155e+00,1.092371094435917200e+01,-6.367351901320582819e+00,1.571277325098147548e+00,1.214793181603113226e-06
-3.180000000000000188e-02,1.250844240435917243e+01,1.564774800000000132e+00,1.094366760435917207e+01,-6.347396047046925283e+00,1.571254076717702119e+00,1.215915295560421328e-06
-3.175000000000000044e-02,1.252836703435917265e+01,1.564774000000000109e+00,1.096359303435917276e+01,-6.327471419043972034e+00,1.571230882751425861e+00,1.214567129537158507e-06
-3.169999999999999901e-02,1.254826043435917171e+01,1.564773200000000086e+00,1.098348723435917229e+01,-6.307578017905359324e+00,1.571207743120725864e+00,1.211342341989052329e-06
-3.164999999999999758e-02,1.256812261735917247e+01,1.564772400000000063e+00,1.100335021735917174e+01,-6.287715844223327188e+00,1.571184657745681390e+00,1.219833190901908893e-06
-3.160000000000000309e-02,1.258795356435917334e+01,1.564771600000000040e+00,1.102318196435917308e+01,-6.267884898588720333e+00,1.571161626545078072e+00,1.221630556713648730e-06
-3.155000000000000165e-02,1.260775328435917331e+01,1.564770800000000017e+00,1.104298248435917351e+01,-6.248085181592384352e+00,1.571138649436434997e+00,1.226325300862640688e-06
-3.150000000000000022e-02,1.262752178435917294e+01,1.564769999999999994e+00,1.106275178435917361e+01,-6.228316693822372407e+00,1.571115726336035134e+00,1.241505502846962372e-06
-3.144999999999999879e-02,1.264725904435917236e+01,1.564769199999999971e+00,1.108248984435917173e+01,-6.208579435868134766e+00,1.571092857158955747e+00,1.247760632594463459e-06
-3.139999999999999736e-02,1.266696511435917216e+01,1.564768399999999948e+00,1.110219671435917199e+01,-6.188873408316331926e+00,1.571070041819096819e+00,1.295677376944581738e-06
-3.135000000000000286e-02,1.268663991435917282e+01,1.564767600000000147e+00,1.112187231435917312e+01,-6.169198611754319828e+00,1.571047280229210363e+00,1.305843120746885688e-06
-3.130000000000000143e-02,1.270628341435917186e+01,1.564766800000000124e+00,1.114151661435917262e+01,-6.149555046767363642e+00,1.571024572300929067e+00,1.248843146228750811e-06
-3.125000000000000000e-02,1.272589581435917161e+01,1.564766000000000101e+00,1.116112981435917106e+01,-6.129942713940029542e+00,1.571001917944794712e+00,1.325262044105102177e-06
-3.119999999999999857e-02,1.274547691435917329e+01,1.564765399999999973e+00,1.118071151435917265e+01,-6.110361613856187368e+00,1.570979317070285486e+00,1.135683707076395876e-06
-3.115000000000000061e-02,1.276502671435917335e+01,1.564764800000000067e+00,1.120026191435917262e+01,-6.090811747098309858e+00,1.570956769585845958e+00,8.806906350855570054e-07
-3.109999999999999917e-02,1.278454541435917236e+01,1.564764199999999938e+00,1.121978121435917330e+01,-6.071293114248872413e+00,1.570934275398913060e+00,7.608653262991538213e-07
-3.105000000000000121e-02,1.280403281435917329e+01,1.564763600000000032e+00,1.123926921435917237e+01,-6.051805715889650550e+00,1.570911834415942954e+00,5.767895761010777278e-07
-3.099999999999999978e-02,1.282348901435917199e+01,1.564762999999999904e+00,1.125872601435917275e+01,-6.032349552598933684e+00,1.570889446542439227e+00,4.290416981689304521e-07
-3.094999999999999835e-02,1.284291391435917262e+01,1.564762199999999881e+00,1.127815171435917208e+01,-6.012924624957800113e+00,1.570867111682980655e+00,4.182027968369084192e-07
-3.090000000000000038e-02,1.286230761435917280e+01,1.564761399999999858e+00,1.129754621435917272e+01,-5.993530933543143924e+00,1.570844829741244286e+00,4.448497890052749426e-07
-3.084999999999999895e-02,1.288167001435917314e+01,1.564760600000000057e+00,1.131690941435917352e+01,-5.974168478933252757e+00,1.570822600620035203e+00,4.095609860144122649e-07
-3.080000000000000099e-02,1.290100131435917241e+01,1.564759800000000034e+00,1.133624151435917327e+01,-5.954837261704322593e+00,1.570800424221311165e+00,5.129126012803908452e-07
-3.074999999999999956e-02,1.292030121435917245e+01,1.564759000000000011e+00,1.135554221435917199e+01,-5.935537282431154971e+00,1.570778300446207698e+00,4.554794656996818958e-07
-3.070000000000000159e-02,1.293957001435917320e+01,1.564758199999999988e+00,1.137481181435917321e+01,-5.916268541689945870e+00,1.570756229195064524e+00,5.378377991860361362e-07
-3.065000000000000016e-02,1.295880751435917233e+01,1.564757399999999965e+00,1.139405011435917281e+01,-5.897031040052704398e+00,1.570734210367450423e+00,5.605596289370851082e-07
-3.059999999999999873e-02,1.297801381435917278e+01,1.564756599999999942e+00,1.141325721435917373e+01,-5.877824778093534874e+00,1.570712243862187885e+00,6.242190870864305907e-07
-3.055000000000000077e-02,1.299718881435917162e+01,1.564755799999999919e+00,1.143243301435917125e+01,-5.858649756383750073e+00,1.570690329577377975e+00,6.293875003393623047e-07
-3.049999999999999933e-02,1.301633261435917177e+01,1.564754999999999896e+00,1.145157761435917187e+01,-5.839505975494662771e+00,1.570668467410424540e+00,6.766362190546715283e-07
-3.045000000000000137e-02,1.303544511435917208e+01,1.564754199999999873e+00,1.147069091435917265e+01,-5.820393435996189524e+00,1.570646657258059964e+00,6.665351737211722138e-07
-3.039999999999999994e-02,1.305452641435917194e+01,1.564753399999999850e+00,1.148977301435917298e+01,-5.801312138456855116e+00,1.570624899016365372e+00,6.996529151592767448e-07
-3.034999999999999851e-02,1.307357651435917312e+01,1.564752600000000049e+00,1.150882391435917285e+01,-5.782262083445877110e+00,1.570603192580797947e+00,7.765586769181709315e-07
-3.030000000000000054e-02,1.309259531435917268e+01,1.564751800000000026e+00,1.152784351435917287e+01,-5.763243271529687739e+00,1.570581537846212461e+00,7.978189220381182167e-07
-3.024999999999999911e-02,1.311158291435917178e+01,1.564751000000000003e+00,1.154683191435917244e+01,-5.744255703275412905e+00,1.570559934706884597e+00,8.640007980176278579e-07
-3.020000000000000115e-02,1.313053921435917282e+01,1.564750199999999980e+00,1.156578901435917217e+01,-5.725299379248087739e+00,1.570538383056533593e+00,8.756693610223464930e-07
-3.014999999999999972e-02,1.314946431435917162e+01,1.564749399999999957e+00,1.158471491435917144e+01,-5.706374300012747369e+00,1.570516882788345114e+00,9.333896642260697263e-07
-3.009999999999999828e-02,1.316835811435917236e+01,1.564748600000000156e+00,1.160360951435917265e+01,-5.687480466132333490e+00,1.570495433794994122e+00,9.377246836805852581e-07
-3.005000000000000032e-02,1.318722071435917265e+01,1.564747800000000133e+00,1.162247291435917163e+01,-5.668617878169786906e+00,1.570474035968665749e+00,9.892373746822613612e-07
-2.999999999999999889e-02,1.320605211435917248e+01,1.564747000000000110e+00,1.164130511435917192e+01,-5.649786536686656646e+00,1.570452689201077057e+00,1.088489311129592352e-06
-2.995000000000000093e-02,1.322485221435917246e+01,1.564746200000000087e+00,1.166010601435917238e+01,-5.630986442245185408e+00,1.570431393383500351e+00,1.136042753202559652e-06
-2.989999999999999949e-02,1.324362101435917261e+01,1.564745400000000064e+00,1.167887561435917299e+01,-5.612217595403432568e+00,1.570410148406782280e+00,1.132455793140252354e-06
-2.985000000000000153e-02,1.326235861435917229e+01,1.564744600000000041e+00,1.169761401435917136e+01,-5.593479996721550052e+00,1.570388954161366257e+00,1.178288595582444032e-06
-2.980000000000000010e-02,1.328106501435917153e+01,1.564743800000000018e+00,1.171632121435917107e+01,-5.574773646757597234e+00,1.570367810537312447e+00,1.274099249215510099e-06
-2.974999999999999867e-02,1.329974011435917269e+01,1.564742999999999995e+00,1.173499711435917270e+01,-5.556098546068934496e+00,1.570346717424319305e+00,1.320445132790837306e-06
-2.970000000000000070e-02,1.331838391435917224e+01,1.564742400000000089e+00,1.175364151435917215e+01,-5.537454695211528666e+00,1.570325674711742447e+00,1.117882236556511089e-06
-2.964999999999999927e-02,1.333699651435917310e+01,1.564741799999999960e+00,1.177225471435917292e+01,-5.518842094740647575e+00,1.570304682288615306e+00,9.669658531663571921e-07
-2.960000000000000131e-02,1.335557791435917174e+01,1.564741200000000054e+00,1.179083671435917147e+01,-5.500260745211561719e+00,1.570283740043669773e+00,8.682512717683721348e-07
-2.954999999999999988e-02,1.337412801435917231e+01,1.564740599999999926e+00,1.180938741435917194e+01,-5.481710647176747386e+00,1.570262847865354194e+00,7.222909950144185132e-07
-2.949999999999999845e-02,1.339264681435917304e+01,1.564740000000000020e+00,1.182790681435917257e+01,-5.463191801189382524e+00,1.570242005641853789e+00,5.296382159514223531e-07
-2.945000000000000048e-02,1.341113441435917153e+01,1.564739199999999997e+00,1.184639521435917153e+01,-5.444704207800548978e+00,1.570221213261109083e+00,5.908440474655662911e-07
-2.939999999999999905e-02,1.342959081435917312e+01,1.564738399999999974e+00,1.186485241435917359e+01,-5.426247867562724814e+00,1.570200470610834786e+00,7.064609874873895023e-07
-2.935000000000000109e-02,1.344801591435917310e+01,1.564737599999999951e+00,1.188327831435917403e+01,-5.407822781023506664e+00,1.570179777578538438e+00,7.770366519110893933e-07
-2.929999999999999966e-02,1.346640971435917322e+01,1.564736799999999928e+00,1.190167291435917285e+01,-5.389428948733279157e+00,1.570159134051538841e+00,8.031214431269972920e-07
-2.925000000000000169e-02,1.348477231435917290e+01,1.564735999999999905e+00,1.192003631435917299e+01,-5.371066371240336146e+00,1.570138539916984044e+00,8.852636881329090102e-07
-2.920000000000000026e-02,1.350310361435917272e+01,1.564735199999999882e+00,1.193836841435917329e+01,-5.352735049090877162e+00,1.570117995061868887e+00,9.240096030538325067e-07
-2.914999999999999883e-02,1.352140371435917210e+01,1.564734399999999859e+00,1.195666931435917135e+01,-5.334434982831799843e+00,1.570097499373052763e+00,1.019906104460233109e-06
-2.910000000000000087e-02,1.353967251435917163e+01,1.564733600000000058e+00,1.197493891435917135e+01,-5.316166173007212059e+00,1.570077052737276935e+00,1.073497324810546161e-06
-2.904999999999999943e-02,1.355791001435917309e+01,1.564732800000000035e+00,1.199317721435917328e+01,-5.297928620163314228e+00,1.570056655041181415e+00,1.085329492056530398e-06
-2.900000000000000147e-02,1.357611661435917227e+01,1.564732000000000012e+00,1.201138461435917293e+01,-5.279722324842120784e+00,1.570036306171322948e+00,1.455944635964101508e-06
-2.895000000000000004e-02,1.359429161435917166e+01,1.564731400000000106e+00,1.202956021435917222e+01,-5.261547287587041488e+00,1.570016006014189891e+00,1.285886188640006367e-06
-2.889999999999999861e-02,1.361243561435917293e+01,1.564730799999999977e+00,1.204770481435917340e+01,-5.243403508938695445e+00,1.569995754456219750e+00,1.375694790084480701e-06
-2.885000000000000064e-02,1.363054761435917328e+01,1.564730200000000071e+00,1.206581741435917365e+01,-5.225290989438401645e+00,1.569975551383814949e+00,7.259117857927321893e-07
-2.879999999999999921e-02,1.364862861435917196e+01,1.564729599999999943e+00,1.208389901435917224e+01,-5.207209729626080197e+00,1.569955396683359261e+00,3.370771146649076400e-07
-2.875000000000000125e-02,1.366667861435917253e+01,1.564729000000000037e+00,1.210194961435917271e+01,-5.189159730040259433e+00,1.569935290241232684e+00,2.097293272385059026e-07
-2.869999999999999982e-02,1.368469761435917320e+01,1.564728200000000014e+00,1.211996941435917385e+01,-5.171140991218767802e+00,1.569915231943828093e+00,5.444062711745800698e-07
-2.864999999999999838e-02,1.370268561435917221e+01,1.564727399999999990e+00,1.213795821435917155e+01,-5.153153513699434640e+00,1.569895221677564789e+00,1.141645800117885301e-06
-2.860000000000000042e-02,1.372064161435917207e+01,1.564726599999999967e+00,1.215591501435917188e+01,-5.135197298017299516e+00,1.569875259328904926e+00,1.001982976589488317e-06
-2.854999999999999899e-02,1.373856661435917204e+01,1.564725799999999944e+00,1.217384081435917231e+01,-5.117272344708098331e+00,1.569855344784367945e+00,1.125953557945535977e-06
-2.850000000000000103e-02,1.375645961435917286e+01,1.564724999999999921e+00,1.219173461435917361e+01,-5.099378654306173431e+00,1.569835477930545231e+00,5.140919068225002775e-07
-2.844999999999999959e-02,1.377432261435917304e+01,1.564724400000000015e+00,1.220959821435917370e+01,-5.081516227343772840e+00,1.569815658654113433e+00,9.669302869497187203e-07
-2.840000000000000163e-02,1.379215361435917231e+01,1.564723799999999887e+00,1.222742981435917287e+01,-5.063685064355238907e+00,1.569795886841851118e+00,6.850030711547105966e-07
-2.835000000000000020e-02,1.380995361435917346e+01,1.564723199999999981e+00,1.224523041435917392e+01,-5.045885165870028999e+00,1.569776162380648543e+00,6.688397355958386470e-07
-2.829999999999999877e-02,1.382772261435917294e+01,1.564722599999999852e+00,1.226300001435917331e+01,-5.028116532420392026e+00,1.569756485157526305e+00,9.189725478364607625e-07
-2.825000000000000080e-02,1.384545961435917150e+01,1.564721999999999946e+00,1.228073761435917177e+01,-5.010379164535089025e+00,1.569736855059644665e+00,4.359302874235027048e-07
-2.819999999999999937e-02,1.386316561435917194e+01,1.564721199999999923e+00,1.229844441435917268e+01,-4.992673062742881029e+00,1.569717271974318873e+00,4.202417489551635299e-07
-2.815000000000000141e-02,1.388084061435917249e+01,1.564720399999999900e+00,1.231612021435917192e+01,-4.974998227571830967e+00,1.569697735789031823e+00,6.724350072317974991e-07
-2.809999999999999998e-02,1.389848361435917212e+01,1.564719600000000099e+00,1.233376401435917202e+01,-4.957354659548607323e+00,1.569678246391447152e+00,1.930367528046872394e-07
-2.804999999999999855e-02,1.391609661435917289e+01,1.564718800000000076e+00,1.235137781435917326e+01,-4.939742359199878585e+00,1.569658803669420344e+00,9.825736757562708590e-07
-2.800000000000000058e-02,1.393367761435917274e+01,1.564718000000000053e+00,1.236895961435917357e+01,-4.922161327049521695e+00,1.569639407511013829e+00,1.041569676729636740e-06
-2.794999999999999915e-02,1.395122761435917269e+01,1.564717400000000147e+00,1.238651021435917343e+01,-4.904611563622809811e+00,1.569620057804506530e+00,1.170550048001928189e-06
-2.790000000000000119e-02,1.396874561435917173e+01,1.564716800000000019e+00,1.240402881435917237e+01,-4.887093069442226323e+00,1.569600754438407186e+00,5.700372920358631745e-07
-2.784999999999999976e-02,1.398623261435917264e+01,1.564716200000000113e+00,1.242151641435917320e+01,-4.869605845030253732e+00,1.569581497301466122e+00,2.405539127892097895e-07
-2.779999999999999832e-02,1.400368861435917189e+01,1.564715599999999984e+00,1.243897301435917235e+01,-4.852149890907979213e+00,1.569562286282685903e+00,1.826210240807313312e-07
-2.775000000000000036e-02,1.402111361435917303e+01,1.564715000000000078e+00,1.245639861435917339e+01,-4.834725207596490826e+00,1.569543121271333996e+00,3.967597308474068996e-07
-2.769999999999999893e-02,1.403850661435917146e+01,1.564714200000000055e+00,1.247379241435917052e+01,-4.817331795614782308e+00,1.569524002156953202e+00,8.348904501076503948e-08
-2.765000000000000097e-02,1.405586961435917281e+01,1.564713400000000032e+00,1.249115621435917234e+01,-4.799969655481850062e+00,1.569504928829371870e+00,1.043327987559905523e-06
-2.759999999999999953e-02,1.407319961435917222e+01,1.564712600000000009e+00,1.250848701435917221e+01,-4.782638787715292494e+00,1.569485901178717002e+00,2.767941804648899051e-07
-2.755000000000000157e-02,1.409049961435917275e+01,1.564711799999999986e+00,1.252578781435917321e+01,-4.765339192832012571e+00,1.569466919095421353e+00,7.844045430971391397e-07
-2.750000000000000014e-02,1.410776761435917237e+01,1.564710999999999963e+00,1.254305661435917330e+01,-4.748070871347516153e+00,1.569447982470237202e+00,5.666746023536006760e-07
-2.744999999999999871e-02,1.412500461435917209e+01,1.564710400000000057e+00,1.256029421435917115e+01,-4.730833823776614544e+00,1.569429091194244119e+00,4.241191895459905936e-07
-2.740000000000000074e-02,1.414221061435917193e+01,1.564709799999999928e+00,1.257750081435917267e+01,-4.713628050633417388e+00,1.569410245158859851e+00,5.572524379715559917e-07
-2.734999999999999931e-02,1.415938561435917187e+01,1.564709200000000022e+00,1.259467641435917251e+01,-4.696453552430642553e+00,1.569391444255850976e+00,9.665870841502055555e-07
-2.730000000000000135e-02,1.417652861435917266e+01,1.564708599999999894e+00,1.261182001435917321e+01,-4.679310329681704239e+00,1.569372688377340008e+00,6.526365652348431468e-07
-2.724999999999999992e-02,1.419364061435917179e+01,1.564707999999999988e+00,1.262893261435917225e+01,-4.662198382896528770e+00,1.569353977415816948e+00,6.159108263403823003e-07
-2.719999999999999848e-02,1.421072061435917178e+01,1.564707199999999965e+00,1.264601341435917092e+01,-4.645117712586437797e+00,1.569335311264148602e+00,5.692120375044851244e-08
-2.715000000000000052e-02,1.422777061435917290e+01,1.564706399999999942e+00,1.266306421435917251e+01,-4.628068319260659536e+00,1.569316689815585253e+00,7.761769609260227298e-07
-2.709999999999999909e-02,1.424478861435917310e+01,1.564705600000000141e+00,1.268008301435917318e+01,-4.611050203427027760e+00,1.569298112963772418e+00,7.741859402443651561e-07
-2.705000000000000113e-02,1.426177561435917340e+01,1.564704800000000118e+00,1.269707081435917395e+01,-4.594063365592679027e+00,1.569279580602757296e+00,1.051455303269221986e-06
-2.699999999999999969e-02,1.427873061435917279e+01,1.564704000000000095e+00,1.271402661435917203e+01,-4.577107806265446222e+00,1.569261092626997867e+00,6.084928969585234881e-07
-2.695000000000000173e-02,1.429565561435917331e+01,1.564703399999999966e+00,1.273095221435917423e+01,-4.560183525951071459e+00,1.569242648931372219e+00,1.245804494232061188e-06
-2.690000000000000030e-02,1.431254861435917292e+01,1.564702800000000060e+00,1.274784581435917374e+01,-4.543290525153202530e+00,1.569224249411184546e+00,1.163893756483957986e-06
-2.684999999999999887e-02,1.432940961435917160e+01,1.564702199999999932e+00,1.276470741435917233e+01,-4.526428804376881665e+00,1.569205893962174247e+00,3.632657481489331985e-07
-2.680000000000000090e-02,1.434624061435917319e+01,1.564701600000000026e+00,1.278153901435917383e+01,-4.509598364124363101e+00,1.569187582480525034e+00,8.444227415083105370e-07
-2.674999999999999947e-02,1.436303961435917209e+01,1.564700999999999897e+00,1.279833861435917264e+01,-4.492799204897900189e+00,1.569169314862869147e+00,6.078670118370155251e-07
-2.670000000000000151e-02,1.437980761435917287e+01,1.564700399999999991e+00,1.281510721435917333e+01,-4.476031327198350063e+00,1.569151091006297571e+00,6.540994395010102380e-07
-2.665000000000000008e-02,1.439654361435917274e+01,1.564699799999999863e+00,1.283184381435917309e+01,-4.459294731526569855e+00,1.569132910808366033e+00,-1.637910251872654044e-08
-2.659999999999999865e-02,1.441324961435917196e+01,1.564699199999999957e+00,1.284855041435917222e+01,-4.442589418380629596e+00,1.569114774167102544e+00,5.969294729624152751e-07
-2.655000000000000068e-02,1.442992361435917203e+01,1.564698599999999828e+00,1.286522501435917221e+01,-4.425915388259292094e+00,1.569096680981013181e+00,4.945239577835991440e-07
-2.649999999999999925e-02,1.444656661435917222e+01,1.564697999999999922e+00,1.288186861435917230e+01,-4.409272641660626491e+00,1.569078631149090297e+00,6.769024381014787650e-07
-2.645000000000000129e-02,1.446317761435917149e+01,1.564697199999999899e+00,1.289848041435917203e+01,-4.392661179080606715e+00,1.569060624570817408e+00,3.445609042529440558e-07
-2.639999999999999986e-02,1.447975761435917263e+01,1.564696399999999876e+00,1.291506121435917365e+01,-4.376081001015207583e+00,1.569042661146177187e+00,2.979953546144997745e-07
-2.634999999999999842e-02,1.449630661435917212e+01,1.564695600000000075e+00,1.293161101435917182e+01,-4.359532107958313141e+00,1.569024740775656346e+00,5.376996856654159274e-07
-2.630000000000000046e-02,1.451282461435917170e+01,1.564694800000000052e+00,1.294812981435917187e+01,-4.343014500404501099e+00,1.569006863360252080e+00,1.064168507980411960e-06
-2.624999999999999903e-02,1.452931061435917215e+01,1.564694000000000029e+00,1.296461661435917279e+01,-4.326528178845561179e+00,1.568989028801478502e+00,8.778936226860878378e-07
-2.620000000000000107e-02,1.454576561435917270e+01,1.564693400000000123e+00,1.298107221435917324e+01,-4.310073143773981208e+00,1.568971237001370422e+00,7.793675393941157381e-07
-2.614999999999999963e-02,1.456218961435917336e+01,1.564692799999999995e+00,1.299749681435917381e+01,-4.293649395680852798e+00,1.568953487862491336e+00,9.690813644880336142e-07
-2.610000000000000167e-02,1.457858161435917310e+01,1.564692200000000089e+00,1.301388941435917346e+01,-4.277256935055872233e+00,1.568935781287937425e+00,4.475248225332961738e-07
-2.605000000000000024e-02,1.459494261435917295e+01,1.564691599999999960e+00,1.303025101435917321e+01,-4.260895762388736685e+00,1.568918117181342886e+00,2.151876259404161829e-07
-2.599999999999999881e-02,1.461127261435917291e+01,1.564691000000000054e+00,1.304658161435917307e+01,-4.244565878166352668e+00,1.568900495446884813e+00,2.725567025407826804e-07
-2.595000000000000084e-02,1.462757161435917297e+01,1.564690400000000148e+00,1.306288121435917304e+01,-4.228267282877021138e+00,1.568882915989288529e+00,6.201203675004762772e-07
-2.589999999999999941e-02,1.464383861435917211e+01,1.564689800000000020e+00,1.307914881435917209e+01,-4.211999977007649498e+00,1.568865378713832248e+00,2.583655547283569831e-07
-2.585000000000000145e-02,1.466007461435917136e+01,1.564689200000000113e+00,1.309538541435917125e+01,-4.195763961041656387e+00,1.568847883526351072e+00,1.877757007662239630e-07
-2.580000000000000002e-02,1.467627961435917250e+01,1.564688599999999985e+00,1.311159101435917229e+01,-4.179559235465249323e+00,1.568830430333242543e+00,4.088370335608715322e-07
-2.574999999999999858e-02,1.469245261435917271e+01,1.564688000000000079e+00,1.312776461435917241e+01,-4.163385800761149724e+00,1.568813019041469969e+00,-7.796771228640864138e-08
-2.570000000000000062e-02,1.470859561435917229e+01,1.564687400000000173e+00,1.314390821435917189e+01,-4.147243657412777118e+00,1.568795649558566430e+00,7.278449096759231907e-07
-2.564999999999999919e-02,1.472470561435917347e+01,1.564686800000000044e+00,1.316001881435917298e+01,-4.131132805900759486e+00,1.568778321792639652e+00,-1.732444552260403725e-07
-2.560000000000000123e-02,1.474078561435917223e+01,1.564686200000000138e+00,1.317609941435917165e+01,-4.115053246706422030e+00,1.568761035652375346e+00,2.192455337279852756e-07
-2.554999999999999979e-02,1.475683361435917185e+01,1.564685600000000010e+00,1.319214801435917117e+01,-4.099004980309695512e+00,1.568743791047041425e+00,-9.420517166347508464e-08
-2.549999999999999836e-02,1.477285061435917157e+01,1.564685000000000104e+00,1.320816561435917080e+01,-4.082988007189814361e+00,1.568726587886489554e+00,-1.131173128499085578e-07
-2.545000000000000040e-02,1.478883661435917318e+01,1.564684200000000081e+00,1.322415241435917288e+01,-4.067002327824615016e+00,1.568709426081161595e+00,3.629869649302008838e-07
-2.539999999999999897e-02,1.480479061435917210e+01,1.564683400000000058e+00,1.324010721435917226e+01,-4.051047942690540360e+00,1.568692305542090937e+00,1.345841180722118224e-07
-2.535000000000000100e-02,1.482071361435917289e+01,1.564682600000000035e+00,1.325603101435917353e+01,-4.035124852264732276e+00,1.568675226180905824e+00,2.021513125782803399e-07
-2.529999999999999957e-02,1.483660561435917202e+01,1.564681800000000012e+00,1.327192381435917135e+01,-4.019233057020841215e+00,1.568658187909832913e+00,5.661622104469188344e-07
-2.525000000000000161e-02,1.485246661435917304e+01,1.564680999999999989e+00,1.328778561435917283e+01,-4.003372557435311840e+00,1.568641190641699712e+00,1.227093287425873314e-06
-2.520000000000000018e-02,1.486829561435917313e+01,1.564680400000000082e+00,1.330361521435917282e+01,-3.987543353980401051e+00,1.568624234289937469e+00,9.854168130374318935e-07
-2.514999999999999875e-02,1.488409361435917333e+01,1.564679799999999954e+00,1.331941381435917293e+01,-3.971745447128365747e+00,1.568607318768583614e+00,1.041605061757877593e-06
-2.510000000000000078e-02,1.489985961435917261e+01,1.564679200000000048e+00,1.333518041435917212e+01,-3.955978837351463717e+00,1.568590443992284644e+00,3.961303089994316906e-07
-2.504999999999999935e-02,1.491559561435917303e+01,1.564678599999999919e+00,1.335091701435917244e+01,-3.940243525119859314e+00,1.568573609876297903e+00,1.049462746038898331e-06
-2.500000000000000139e-02,1.493129961435917252e+01,1.564678000000000013e+00,1.336662161435917184e+01,-3.924539510903020112e+00,1.568556816336494242e+00,1.002071854827590869e-06
-2.494999999999999996e-02,1.494697261435917213e+01,1.564677400000000107e+00,1.338229521435917135e+01,-3.908866795169715580e+00,1.568540063289359576e+00,1.254426422292453935e-06
-2.489999999999999852e-02,1.496261361435917259e+01,1.564676799999999979e+00,1.339793681435917350e+01,-3.893225378388714741e+00,1.568523350651997772e+00,8.069952368572330670e-07
-2.485000000000000056e-02,1.497822361435917315e+01,1.564676200000000073e+00,1.341354741435917219e+01,-3.877615261025996851e+00,1.568506678342131089e+00,6.602442965686350362e-07
-2.479999999999999913e-02,1.499380261435917205e+01,1.564675599999999944e+00,1.342912701435917278e+01,-3.862036443548239273e+00,1.568490046278103511e+00,8.146403018827186315e-07
-2.475000000000000117e-02,1.500934961435917181e+01,1.564675000000000038e+00,1.344467461435917244e+01,-3.846488926420025933e+00,1.568473454378880971e+00,2.706478507974452441e-07
-2.469999999999999973e-02,1.502486661435917270e+01,1.564674400000000132e+00,1.346019221435917324e+01,-3.830972710105243095e+00,1.568456902564053568e+00,1.028730846286407541e-06
-2.464999999999999830e-02,1.504035161435917267e+01,1.564673800000000004e+00,1.347567781435917311e+01,-3.815487795067080246e+00,1.568440390753836677e+00,1.089352503313989473e-06
-2.460000000000000034e-02,1.505580461435917172e+01,1.564673200000000097e+00,1.349113141435917207e+01,-3.800034181768725539e+00,1.568423918869072065e+00,4.529760229132762106e-07
-2.454999999999999891e-02,1.507122661435917266e+01,1.564672599999999969e+00,1.350655401435917291e+01,-3.784611870671275469e+00,1.568407486831229658e+00,1.200625252550935329e-07
-2.450000000000000094e-02,1.508661761435917192e+01,1.564672000000000063e+00,1.352194561435917208e+01,-3.769220862234431202e+00,1.568391094562407551e+00,9.107172438405086723e-08
-2.444999999999999951e-02,1.510197761435917307e+01,1.564671400000000157e+00,1.353730621435917314e+01,-3.753861156918591568e+00,1.568374741985333110e+00,3.664640395584228827e-07
-2.440000000000000155e-02,1.511730661435917256e+01,1.564670800000000028e+00,1.355263581435917253e+01,-3.738532755182061962e+00,1.568358429023364975e+00,9.466977974881274349e-07
-2.435000000000000012e-02,1.513260361435917289e+01,1.564670200000000122e+00,1.356793341435917277e+01,-3.723235657481753780e+00,1.568342155600492394e+00,8.322299258622933849e-07
-2.429999999999999868e-02,1.514786861435917231e+01,1.564669599999999994e+00,1.358319901435917210e+01,-3.707969864275972416e+00,1.568325921641335219e+00,2.351874961448174872e-08
-2.425000000000000072e-02,1.516310361435917287e+01,1.564669000000000088e+00,1.359843461435917256e+01,-3.692735376018839055e+00,1.568309727071146575e+00,5.210184035320253315e-07
-2.419999999999999929e-02,1.517830661435917250e+01,1.564668399999999959e+00,1.361363821435917210e+01,-3.677532193166566099e+00,1.568293571815811527e+00,3.251851250496429202e-07
-2.415000000000000133e-02,1.519347861435917224e+01,1.564667800000000053e+00,1.362881081435917174e+01,-3.662360316172576624e+00,1.568277455801847298e+00,4.364723533711867276e-07
-2.409999999999999989e-02,1.520861961435917209e+01,1.564667199999999925e+00,1.364395241435917150e+01,-3.647219745489596043e+00,1.568261378956404384e+00,8.553328303406715349e-07
-2.404999999999999846e-02,1.522372861435917279e+01,1.564666600000000019e+00,1.365906201435917211e+01,-3.632110481570350213e+00,1.568245341207265886e+00,5.822193003268694156e-07
-2.400000000000000050e-02,1.523880661435917183e+01,1.564665999999999890e+00,1.367414061435917105e+01,-3.617032524865470666e+00,1.568229342482846844e+00,6.175824136533947240e-07
-2.394999999999999907e-02,1.525385261435917172e+01,1.564665399999999984e+00,1.368918721435917263e+01,-3.601985875824893490e+00,1.568213382712196013e+00,-3.812787063850464619e-08
-2.390000000000000110e-02,1.526886861435917275e+01,1.564664799999999856e+00,1.370420381435917356e+01,-3.586970534899251106e+00,1.568197461824993422e+00,6.155390916973146886e-07
-2.384999999999999967e-02,1.528385261435917286e+01,1.564664199999999949e+00,1.371918841435917358e+01,-3.571986502536385277e+00,1.568181579751551258e+00,5.790311572440032251e-07
-2.380000000000000171e-02,1.529880561435917308e+01,1.564663599999999821e+00,1.373414201435917370e+01,-3.557033779183440991e+00,1.568165736422813650e+00,8.527954982184837718e-07
-2.375000000000000028e-02,1.531372661435917237e+01,1.564662999999999915e+00,1.374906361435917290e+01,-3.542112365286865572e+00,1.568149931770354444e+00,4.372785760153874435e-07
-2.369999999999999885e-02,1.532861661435917355e+01,1.564662400000000009e+00,1.376395421435917399e+01,-3.527222261292408234e+00,1.568134165726378759e+00,3.329261577533770833e-07
-2.365000000000000088e-02,1.534347561435917306e+01,1.564661799999999880e+00,1.377881381435917341e+01,-3.512363467645819082e+00,1.568118438223720101e+00,5.401840077468023082e-07
-2.359999999999999945e-02,1.535830261435917166e+01,1.564661199999999974e+00,1.379364141435917190e+01,-3.497535984788662233e+00,1.568102749195842138e+00,5.949371306712691876e-08
-2.355000000000000149e-02,1.537309961435917316e+01,1.564660599999999846e+00,1.380843901435917331e+01,-3.482739813165989240e+00,1.568087098576834482e+00,8.913003455290890997e-07
-2.350000000000000006e-02,1.538786361435917271e+01,1.564659999999999940e+00,1.382320361435917278e+01,-3.467974953218667000e+00,1.568071486301414241e+00,3.604478315821779688e-08
-2.344999999999999862e-02,1.540259761435917341e+01,1.564659400000000034e+00,1.383793821435917337e+01,-3.453241405387561969e+00,1.568055912304924693e+00,4.941679137004939548e-07
-2.340000000000000066e-02,1.541729961435917318e+01,1.564658799999999905e+00,1.385264081435917305e+01,-3.438539170113541044e+00,1.568040376523332391e+00,2.661106162094029060e-07
-2.334999999999999923e-02,1.543197061435917306e+01,1.564658199999999999e+00,1.386731241435917283e+01,-3.423868247834680023e+00,1.568024878893227836e+00,3.523109946002023207e-07
-2.330000000000000127e-02,1.544661061435917304e+01,1.564657599999999871e+00,1.388195301435917273e+01,-3.409228638989753257e+00,1.568009419351823031e+00,7.532078338812198126e-07
-2.324999999999999983e-02,1.546121861435917211e+01,1.564656999999999965e+00,1.389656161435917170e+01,-3.394620344016139324e+00,1.567993997836950149e+00,4.692385306981350368e-07
-2.319999999999999840e-02,1.547579561435917306e+01,1.564656400000000058e+00,1.391113921435917256e+01,-3.380043363350518693e+00,1.567978614287060868e+00,5.008397838679456981e-07
-2.315000000000000044e-02,1.549034161435917234e+01,1.564655799999999930e+00,1.392568581435917174e+01,-3.365497697426783397e+00,1.567963268641223040e+00,8.484455040758120958e-07
-2.309999999999999901e-02,1.550485561435917248e+01,1.564655200000000024e+00,1.394020041435917179e+01,-3.350983346681613462e+00,1.567947960839121135e+00,5.124923880828191614e-07
-2.305000000000000104e-02,1.551933861435917272e+01,1.564654599999999895e+00,1.395468401435917372e+01,-3.336500311546807485e+00,1.567932690821053132e+00,4.934122550537267671e-07
-2.299999999999999961e-02,1.553379061435917308e+01,1.564653999999999989e+00,1.396913661435917220e+01,-3.322048592455558946e+00,1.567917458527928742e+00,7.916383051309594521e-07
-2.295000000000000165e-02,1.554821061435917251e+01,1.564653400000000083e+00,1.398355721435917332e+01,-3.307628189840363220e+00,1.567902263901267856e+00,4.076030659661000755e-07
-2.290000000000000022e-02,1.556259961435917205e+01,1.564652799999999955e+00,1.399794681435917276e+01,-3.293239104130925909e+00,1.567887106883199433e+00,3.417362499646969809e-07
-2.284999999999999878e-02,1.557695761435917348e+01,1.564652200000000049e+00,1.401230541435917409e+01,-3.278881335757649840e+00,1.567871987416456836e+00,5.944682843761484037e-07
-2.280000000000000082e-02,1.559128461435917146e+01,1.564651599999999920e+00,1.402663301435917198e+01,-3.264554885149542951e+00,1.567856905444378945e+00,1.166228182469808416e-06
-2.274999999999999939e-02,1.560557961435917207e+01,1.564651000000000014e+00,1.404092861435917250e+01,-3.250259752734217411e+00,1.567841860910905716e+00,1.057443588692308367e-06
-2.270000000000000143e-02,1.561984261435917176e+01,1.564650400000000108e+00,1.405519221435917210e+01,-3.235995938938589500e+00,1.567826853760577066e+00,2.685414273173591937e-07
-2.264999999999999999e-02,1.563407561435917259e+01,1.564649799999999980e+00,1.406942581435917283e+01,-3.221763444189572834e+00,1.567811883938529549e+00,7.999486335563688044e-07
-2.259999999999999856e-02,1.564827661435917250e+01,1.564649200000000073e+00,1.408362741435917265e+01,-3.207562268911991143e+00,1.567796951390495463e+00,6.520900424078490687e-07
-2.255000000000000060e-02,1.566244661435917251e+01,1.564648599999999945e+00,1.409779801435917257e+01,-3.193392413530665941e+00,1.567782056062798857e+00,8.253905008359652129e-07
-2.249999999999999917e-02,1.567658561435917264e+01,1.564648000000000039e+00,1.411193761435917260e+01,-3.179253878467629413e+00,1.567767197902354193e+00,1.320272051685833503e-06
-2.245000000000000120e-02,1.569069261435917184e+01,1.564647600000000027e+00,1.412604501435917115e+01,-3.165146664146309075e+00,1.567752376856662355e+00,9.371581413120111392e-07
-2.239999999999999977e-02,1.570476861435917293e+01,1.564647200000000016e+00,1.414012141435917336e+01,-3.151070770988737113e+00,1.567737592873810204e+00,8.764708212538607768e-07
-2.234999999999999834e-02,1.571881292153875975e+01,1.564646800000000004e+00,1.415416612153875953e+01,-3.137026199414155059e+00,1.567722845902465911e+00,4.458089293279954290e-07
-2.230000000000000038e-02,1.573282592153875825e+01,1.564646399999999993e+00,1.416817952153875737e+01,-3.123012949843199770e+00,1.567708135891877186e+00,3.123395231341419276e-08
-2.224999999999999895e-02,1.574680792153875863e+01,1.564645999999999981e+00,1.418216192153875888e+01,-3.109031022693718338e+00,1.567693462791867942e+00,-5.965665650364826433e-08
-2.220000000000000098e-02,1.576075892153875913e+01,1.564645400000000075e+00,1.419611352153875927e+01,-3.095080418384951848e+00,1.567678826552835192e+00,3.735563574025491107e-07
-2.214999999999999955e-02,1.577467792153875870e+01,1.564644799999999947e+00,1.421003312153875875e+01,-3.081161137331957178e+00,1.567664227125747933e+00,1.312880613113520667e-07
-2.210000000000000159e-02,1.578856592153875837e+01,1.564644200000000041e+00,1.422392172153875833e+01,-3.067273179952580975e+00,1.567649664462141823e+00,2.139563282099743446e-07
-2.205000000000000016e-02,1.580242292153875816e+01,1.564643599999999912e+00,1.423777932153875803e+01,-3.053416546660484343e+00,1.567635138514118065e+00,6.219748325264617961e-07
-2.199999999999999872e-02,1.581624792153875880e+01,1.564643000000000006e+00,1.425160492153875857e+01,-3.039591237870025608e+00,1.567620649234338304e+00,3.557579493218554489e-07
-2.195000000000000076e-02,1.583004192153875778e+01,1.564642400000000100e+00,1.426539952153875745e+01,-3.025797253994169544e+00,1.567606196576023070e+00,4.157186559439196571e-07
-2.189999999999999933e-02,1.584380492153875863e+01,1.564641799999999972e+00,1.427916312153875822e+01,-3.012034595445878260e+00,1.567591780492949116e+00,8.022699393706034243e-07
-2.185000000000000137e-02,1.585753592153875857e+01,1.564641200000000065e+00,1.429289472153875806e+01,-2.998303262636023980e+00,1.567577400939443866e+00,5.158226823454015175e-07
-2.179999999999999993e-02,1.587123592153875862e+01,1.564640599999999937e+00,1.430659532153875801e+01,-2.984603255974081826e+00,1.567563057870384524e+00,5.567863787803162268e-07
-2.174999999999999850e-02,1.588490492153875877e+01,1.564640000000000031e+00,1.432026492153875807e+01,-2.970934575871620797e+00,1.567548751241192972e+00,9.255726105550365901e-07
-2.170000000000000054e-02,1.589854192153875800e+01,1.564639400000000125e+00,1.433390252153875721e+01,-2.957297222735325359e+00,1.567534481007833769e+00,6.225880841981279445e-07
-2.164999999999999911e-02,1.591214792153875912e+01,1.564638799999999996e+00,1.434750912153876001e+01,-2.943691196973277080e+00,1.567520247126809485e+00,6.482408991814736510e-07
-2.160000000000000114e-02,1.592572292153875857e+01,1.564638200000000090e+00,1.436108472153875937e+01,-2.930116498992160867e+00,1.567506049555158931e+00,1.002937748850740718e-06
-2.154999999999999971e-02,1.593926592153875887e+01,1.564637599999999962e+00,1.437462832153875958e+01,-2.916573129197965297e+00,1.567491888250451604e+00,6.870846398498997587e-07
-2.149999999999999828e-02,1.595277792153875929e+01,1.564637000000000056e+00,1.438814092153875990e+01,-2.903061087994584621e+00,1.567477763170785687e+00,7.010854883304773466e-07
-2.145000000000000032e-02,1.596625892153875803e+01,1.564636600000000044e+00,1.440162232153875799e+01,-2.889580375787309752e+00,1.567463674274783836e+00,8.453455961898725946e-07
-2.139999999999999888e-02,1.597970792153875763e+01,1.564636200000000033e+00,1.441507172153875693e+01,-2.876130992977942835e+00,1.567449621521589398e+00,3.202667837598482947e-07
-2.135000000000000092e-02,1.599312592153875912e+01,1.564635800000000021e+00,1.442849012153875954e+01,-2.862712939968984571e+00,1.567435604870863752e+00,1.262515727518120912e-07
-2.129999999999999949e-02,1.600651292153875715e+01,1.564635400000000010e+00,1.444187752153875692e+01,-2.849326217161538999e+00,1.567421624282781201e+00,2.637010680928142392e-07
-2.125000000000000153e-02,1.601986792153875783e+01,1.564634999999999998e+00,1.445523292153875872e+01,-2.835970824955316161e+00,1.567407679718026303e+00,-2.669849834546766942e-07
-2.120000000000000009e-02,1.603319192153875861e+01,1.564634400000000092e+00,1.446855752153875940e+01,-2.822646763750025656e+00,1.567393771137789438e+00,-2.654068698149103511e-07
-2.114999999999999866e-02,1.604648492153875949e+01,1.564633799999999964e+00,1.448185112153876020e+01,-2.809354033943284978e+00,1.567379898503763247e+00,6.883304770610720880e-08
-2.110000000000000070e-02,1.605974692153876049e+01,1.564633200000000057e+00,1.449511372153876110e+01,-2.796092635932710735e+00,1.567366061778139530e+00,7.361323959287346952e-07
-2.104999999999999927e-02,1.607297692153876056e+01,1.564632599999999929e+00,1.450834432153876108e+01,-2.782862570115919976e+00,1.567352260923604135e+00,7.368888166325859856e-07
-2.100000000000000130e-02,1.608617492153875972e+01,1.564632000000000023e+00,1.452154292153876014e+01,-2.769663836887041430e+00,1.567338495903333850e+00,7.149644609683036833e-08
-2.094999999999999987e-02,1.609934292153876001e+01,1.564631400000000117e+00,1.453471152153876034e+01,-2.756496436640205161e+00,1.567324766680991965e+00,7.403494368674046200e-07
-2.089999999999999844e-02,1.611247892153875938e+01,1.564630799999999988e+00,1.454784812153875961e+01,-2.743360369770934781e+00,1.567311073220724493e+00,7.438433211603978634e-07
-2.085000000000000048e-02,1.612558392153875886e+01,1.564630200000000082e+00,1.456095372153875900e+01,-2.730255636669872032e+00,1.567297415487157064e+00,1.082368765281671585e-06
-2.079999999999999905e-02,1.613865692153875742e+01,1.564629599999999954e+00,1.457402732153875746e+01,-2.717182237730447980e+00,1.567283793445389817e+00,7.563192099269144819e-07
-2.075000000000000108e-02,1.615169892153875963e+01,1.564629000000000048e+00,1.458706992153875959e+01,-2.704140173342606701e+00,1.567270207060993625e+00,7.660846197410364766e-07
-2.069999999999999965e-02,1.616470992153875841e+01,1.564628600000000036e+00,1.460008132153875771e+01,-2.691129443896291384e+00,1.567256656300005879e+00,9.120549453456305855e-07
-2.065000000000000169e-02,1.617768892153875981e+01,1.564628200000000025e+00,1.461306072153876023e+01,-2.678150049780748887e+00,1.567243141128926931e+00,3.946194606641029168e-07
-2.060000000000000026e-02,1.619063692153875778e+01,1.564627800000000013e+00,1.462600912153875754e+01,-2.665201991383829405e+00,1.567229661514715877e+00,2.141660218057950260e-07
-2.054999999999999882e-02,1.620355392153875940e+01,1.564627400000000002e+00,1.463892652153876028e+01,-2.652285269093384468e+00,1.567216217424785896e+00,3.710825051683741549e-07
-2.050000000000000086e-02,1.621643892153876010e+01,1.564626999999999990e+00,1.465181192153876033e+01,-2.639399883294474947e+00,1.567202808827000249e+00,-1.342460258513256122e-07
-2.044999999999999943e-02,1.622929292153875735e+01,1.564626400000000084e+00,1.466466652153875749e+01,-2.626545834372858490e+00,1.567189435689668953e+00,-1.014337893678884939e-07
-2.040000000000000147e-02,1.624211592153875827e+01,1.564625799999999956e+00,1.467749012153875832e+01,-2.613723122712898306e+00,1.567176097981543448e+00,2.699035963615870060e-07
-2.035000000000000003e-02,1.625490692153875827e+01,1.564625200000000049e+00,1.469028172153875822e+01,-2.600931748698260382e+00,1.567162795671813269e+00,-1.985019260075659986e-08
-2.029999999999999860e-02,1.626766692153875837e+01,1.564624599999999921e+00,1.470304232153875823e+01,-2.588171712711214489e+00,1.567149528730100938e+00,2.968712919937388506e-08
-2.025000000000000064e-02,1.628039592153875859e+01,1.564624000000000015e+00,1.471577192153875835e+01,-2.575443015132636404e+00,1.567136297126458189e+00,4.188964517481963412e-07
-2.019999999999999921e-02,1.629309392153875891e+01,1.564623600000000003e+00,1.472847032153875801e+01,-2.562745656344796341e+00,1.567123100831362636e+00,9.481600660166122907e-07
-2.015000000000000124e-02,1.630575992153875831e+01,1.564623199999999992e+00,1.474113672153875854e+01,-2.550079636725779419e+00,1.567109939815711339e+00,8.178560690907943354e-07
-2.009999999999999981e-02,1.631839392153875679e+01,1.564622799999999980e+00,1.475377112153875636e+01,-2.537444956654367534e+00,1.567096814050818354e+00,2.836325663224670279e-08
-2.004999999999999838e-02,1.633099792153875995e+01,1.564622399999999969e+00,1.476637552153876065e+01,-2.524841616509343911e+00,1.567083723508409854e+00,5.800604299111000728e-07
-2.000000000000000042e-02,1.634356992153875865e+01,1.564621999999999957e+00,1.477894792153875869e+01,-2.512269616667397898e+00,1.567070668160619906e+00,4.733242899845890861e-07
-1.994999999999999898e-02,1.635610992153875998e+01,1.564621400000000051e+00,1.479148852153875993e+01,-2.499728957503126736e+00,1.567057647979985147e+00,-9.147054491620565386e-08
-1.990000000000000102e-02,1.636861992153875889e+01,1.564620799999999923e+00,1.480399912153875874e+01,-2.487219639393917880e+00,1.567044662939442556e+00,6.860533225960807613e-07
-1.984999999999999959e-02,1.638109792153876043e+01,1.564620200000000017e+00,1.481647772153876019e+01,-2.474741662711577916e+00,1.567031713012323024e+00,8.062677139264451398e-07
-1.980000000000000163e-02,1.639354392153875750e+01,1.564619599999999888e+00,1.482892432153875717e+01,-2.462295027830704086e+00,1.567018798172347571e+00,2.695472414160349217e-07
-1.975000000000000019e-02,1.640595892153875823e+01,1.564618999999999982e+00,1.484133992153875781e+01,-2.449879735123102975e+00,1.567005918393624242e+00,7.626373310642975412e-08
-1.969999999999999876e-02,1.641834292153875907e+01,1.564618599999999971e+00,1.485372432153875977e+01,-2.437495784959884393e+00,1.566993073650641444e+00,2.678831023672501033e-08
-1.965000000000000080e-02,1.643069592153876002e+01,1.564618199999999959e+00,1.486607772153876006e+01,-2.425143177711459153e+00,1.566980263918266170e+00,3.214913935067897910e-07
-1.959999999999999937e-02,1.644301692153876004e+01,1.564617799999999948e+00,1.487839912153875943e+01,-2.412821913748239400e+00,1.566967489171737116e+00,-3.925658553782795934e-08
-1.955000000000000140e-02,1.645530692153876018e+01,1.564617399999999936e+00,1.489068952153876069e+01,-2.400531993437148515e+00,1.566954749386661572e+00,-5.508868561321378365e-08
-1.949999999999999997e-02,1.646756592153875687e+01,1.564616999999999924e+00,1.490294892153875672e+01,-2.388273417146505651e+00,1.566942044539011647e+00,2.743634173185682812e-07
-1.944999999999999854e-02,1.647979292153875974e+01,1.564616400000000018e+00,1.491517652153875950e+01,-2.376046185242536968e+00,1.566929374605118275e+00,1.494659738199288768e-07
-1.940000000000000058e-02,1.649198892153875917e+01,1.564615799999999890e+00,1.492737312153875884e+01,-2.363850298092166291e+00,1.566916739561667882e+00,3.705859192848492967e-07
-1.934999999999999915e-02,1.650415292153875768e+01,1.564615199999999984e+00,1.493953772153875725e+01,-2.351685756058829568e+00,1.566904139385697725e+00,-6.191329759985819692e-08
-1.930000000000000118e-02,1.651628692153875733e+01,1.564614599999999855e+00,1.495167232153875680e+01,-2.339552559506660412e+00,1.566891574054591230e+00,8.523324765974393813e-07
-1.924999999999999975e-02,1.652838792153875858e+01,1.564613999999999949e+00,1.496377392153875796e+01,-2.327450708799094325e+00,1.566879043546074213e+00,1.136866885076415201e-07
-1.919999999999999832e-02,1.654045892153875741e+01,1.564613599999999938e+00,1.497584532153875791e+01,-2.315380204298171929e+00,1.566866547838209556e+00,5.225113888229770964e-07
-1.915000000000000036e-02,1.655249792153875887e+01,1.564613199999999926e+00,1.498788472153875873e+01,-2.303341046364539402e+00,1.566854086909393873e+00,2.791672493174246483e-07
-1.909999999999999892e-02,1.656450592153876045e+01,1.564612799999999915e+00,1.499989312153876142e+01,-2.291333235357447151e+00,1.566841660738351516e+00,3.840135285315682268e-07
-1.905000000000000096e-02,1.657648192153875755e+01,1.564612399999999903e+00,1.501186952153875787e+01,-2.279356771637540024e+00,1.566829269304132577e+00,-1.625891208334451221e-07
-1.899999999999999953e-02,1.658842792153875934e+01,1.564611999999999892e+00,1.502381592153875900e+01,-2.267411655562674433e+00,1.566816912586105781e+00,6.397171823380176647e-07
-1.895000000000000157e-02,1.660034092153875918e+01,1.564611599999999880e+00,1.503572932153875996e+01,-2.255497887489309239e+00,1.566804590563955824e+00,-2.087110910764522487e-07
-1.890000000000000013e-02,1.661222392153876015e+01,1.564611199999999869e+00,1.504761272153876028e+01,-2.243615467775301298e+00,1.566792303217678262e+00,2.924839286322367116e-07
-1.884999999999999870e-02,1.662407492153876021e+01,1.564610800000000079e+00,1.505946412153875968e+01,-2.231764396774318815e+00,1.566780050527575519e+00,1.436559244893942378e-07
-1.880000000000000074e-02,1.663589492153875682e+01,1.564610400000000068e+00,1.507128452153875742e+01,-2.219944674842823318e+00,1.566767832474252442e+00,3.451613661553665224e-07
-1.874999999999999931e-02,1.664768292153875962e+01,1.564610000000000056e+00,1.508307292153875956e+01,-2.208156302333089016e+00,1.566755649038611864e+00,-1.026474443222014088e-07
-1.870000000000000134e-02,1.665943992153875897e+01,1.564609400000000150e+00,1.509483052153875882e+01,-2.196399279598785448e+00,1.566743500201849937e+00,5.831672922340658261e-10
-1.864999999999999991e-02,1.667116592153875843e+01,1.564608800000000022e+00,1.510655712153875818e+01,-2.184673606990095163e+00,1.566731385945451249e+00,4.552034003069138635e-07
-1.859999999999999848e-02,1.668285992153875696e+01,1.564608200000000116e+00,1.511825172153875663e+01,-2.172979284858594706e+00,1.566719306251186383e+00,2.615648391213198920e-07
-1.855000000000000052e-02,1.669452292153875916e+01,1.564607599999999987e+00,1.512991532153875873e+01,-2.161316313555164292e+00,1.566707261101105475e+00,4.200183916225341818e-07
-1.849999999999999908e-02,1.670615492153875792e+01,1.564607000000000081e+00,1.514154792153875739e+01,-2.149684693427195370e+00,1.566695250477535328e+00,9.309114510358540429e-07
-1.845000000000000112e-02,1.671775492153875931e+01,1.564606600000000070e+00,1.515314832153875990e+01,-2.138084424823474716e+00,1.566683274363073641e+00,5.945928265305155946e-07
-1.839999999999999969e-02,1.672932392153875725e+01,1.564606200000000058e+00,1.516471772153875719e+01,-2.126515508090696560e+00,1.566671332740586564e+00,6.114092148123972947e-07
-1.835000000000000173e-02,1.674086092153875782e+01,1.564605800000000047e+00,1.517625512153875711e+01,-2.114977943575554686e+00,1.566659425593202259e+00,-1.829266338404522685e-08
-1.830000000000000029e-02,1.675236692153875850e+01,1.564605400000000035e+00,1.518776152153875891e+01,-2.103471731621953555e+00,1.566647552904308460e+00,-2.941688936886066585e-07
-1.824999999999999886e-02,1.676384192153875929e+01,1.564605000000000024e+00,1.519923692153875905e+01,-2.091996872575888844e+00,1.566635714657546696e+00,-2.158734702106812620e-07
-1.820000000000000090e-02,1.677528592153876019e+01,1.564604600000000012e+00,1.521068132153876107e+01,-2.080553366779870128e+00,1.566623910836809408e+00,2.169361348336451556e-07
-1.814999999999999947e-02,1.678669792153876017e+01,1.564604200000000001e+00,1.522209372153876039e+01,-2.069141214576405652e+00,1.566612141426234617e+00,4.602435765832524339e-09
-1.810000000000000150e-02,1.679807892153876026e+01,1.564603799999999989e+00,1.523347512153875982e+01,-2.057760416306609219e+00,1.566600406410201263e+00,1.474665705103461733e-07
-1.805000000000000007e-02,1.680942792153875942e+01,1.564603399999999978e+00,1.524482452153876011e+01,-2.046410972311594190e+00,1.566588705773326762e+00,-3.541303392751160573e-07
-1.799999999999999864e-02,1.682074592153875869e+01,1.564602999999999966e+00,1.525614292153875873e+01,-2.035092882929683711e+00,1.566577039500461010e+00,-4.998499569808245724e-07
-1.795000000000000068e-02,1.683203292153875807e+01,1.564602400000000060e+00,1.526743052153875801e+01,-2.023806148500595814e+00,1.566565407576683278e+00,-8.935255380038142903e-08
-1.789999999999999925e-02,1.684328792153876009e+01,1.564601799999999932e+00,1.527868612153875993e+01,-2.012550769362654979e+00,1.566553809987297097e+00,-3.222997815299777358e-07
-1.785000000000000128e-02,1.685451192153875866e+01,1.564601200000000025e+00,1.528991072153875841e+01,-2.001326745851392808e+00,1.566542246717827602e+00,-1.983561048746196320e-07
-1.779999999999999985e-02,1.686570492153875733e+01,1.564600599999999897e+00,1.530110432153875699e+01,-1.990134078303738230e+00,1.566530717754015090e+00,2.828154226364176793e-07
-1.774999999999999842e-02,1.687686592153875864e+01,1.564599999999999991e+00,1.531226592153875821e+01,-1.978972767053828630e+00,1.566519223081812573e+00,1.215489504602373927e-07
-1.770000000000000046e-02,1.688799592153876006e+01,1.564599599999999979e+00,1.532339632153876074e+01,-1.967842812435802058e+00,1.566507762687381344e+00,1.181786366544201883e-07
-1.764999999999999902e-02,1.689909492153875803e+01,1.564599199999999968e+00,1.533449572153875806e+01,-1.956744214782401015e+00,1.566496336557086755e+00,4.730372253902714874e-07
-1.760000000000000106e-02,1.691016192153875863e+01,1.564598799999999956e+00,1.534556312153875801e+01,-1.945676974427065664e+00,1.566484944677493774e+00,1.864581804511544760e-07
-1.754999999999999963e-02,1.692119792153875935e+01,1.564598399999999945e+00,1.535659952153875984e+01,-1.934641091699748738e+00,1.566473587035363213e+00,2.587714611479441373e-07
-1.750000000000000167e-02,1.693220292153876017e+01,1.564597999999999933e+00,1.536760492153876001e+01,-1.923636566931099745e+00,1.566462263617648620e+00,6.903077345299379886e-07
-1.745000000000000023e-02,1.694317592153876006e+01,1.564597599999999922e+00,1.537857832153876103e+01,-1.912663400450373752e+00,1.566450974411489394e+00,4.813962686256445522e-07
-1.739999999999999880e-02,1.695411792153876007e+01,1.564597199999999910e+00,1.538952072153876038e+01,-1.901721592585430054e+00,1.566439719404210784e+00,6.323649337502956769e-07
-1.735000000000000084e-02,1.696502792153875916e+01,1.564596800000000121e+00,1.540043112153875882e+01,-1.890811143664826277e+00,1.566428498583316342e+00,1.435422998241620007e-07
-1.729999999999999941e-02,1.697590692153875835e+01,1.564596400000000109e+00,1.541131052153875913e+01,-1.879932054014329168e+00,1.566417311936485923e+00,1.525414816683223762e-08
-1.725000000000000144e-02,1.698675492153875766e+01,1.564596000000000098e+00,1.542215892153875778e+01,-1.869084323960403360e+00,1.566406159451571245e+00,2.478269589545334384e-07
-1.720000000000000001e-02,1.699757092153875959e+01,1.564595600000000086e+00,1.543297532153875906e+01,-1.858267953826722607e+00,1.566395041116591669e+00,-1.584155810974152701e-07
-1.714999999999999858e-02,1.700835592153875808e+01,1.564595200000000075e+00,1.544376072153875867e+01,-1.847482943936961552e+00,1.566383956919731091e+00,-2.031497867704956661e-07
-1.710000000000000062e-02,1.701910992153876023e+01,1.564594800000000063e+00,1.545451512153876017e+01,-1.836729294614794172e+00,1.566372906849332614e+00,1.139480261258540850e-07
-1.704999999999999918e-02,1.702983192153875791e+01,1.564594400000000052e+00,1.546523752153875719e+01,-1.826007006181104675e+00,1.566361890893896547e+00,-2.068012410205710694e-07
-1.700000000000000122e-02,1.704052292153875925e+01,1.564594000000000040e+00,1.547592892153875965e+01,-1.815316078957474044e+00,1.566350909042074635e+00,-1.650759884341823636e-07
-1.694999999999999979e-02,1.705118292153875714e+01,1.564593600000000029e+00,1.548658932153875689e+01,-1.804656513263391382e+00,1.566339961282668503e+00,2.394432723207273739e-07
-1.689999999999999836e-02,1.706181092153875767e+01,1.564593200000000017e+00,1.549721772153875676e+01,-1.794028309419042788e+00,1.566329047604623881e+00,7.076746300072045415e-09
-1.685000000000000039e-02,1.707240792153875830e+01,1.564592800000000006e+00,1.550781512153875852e+01,-1.783431467741126930e+00,1.566318167997027055e+00,1.381411518508457448e-07
-1.679999999999999896e-02,1.708297292153875802e+01,1.564592399999999994e+00,1.551838052153875758e+01,-1.772865988547737359e+00,1.566307322449102424e+00,-3.670454127302491543e-07
-1.675000000000000100e-02,1.709350692153875784e+01,1.564591999999999983e+00,1.552891492153875852e+01,-1.762331872154875079e+00,1.566296510950208054e+00,-5.081669307571701211e-07
-1.669999999999999957e-02,1.710400992153875777e+01,1.564591599999999971e+00,1.553941832153875779e+01,-1.751829118877145541e+00,1.566285733489831689e+00,-2.849087881173772985e-07
-1.665000000000000160e-02,1.711448092153876033e+01,1.564591199999999960e+00,1.554988972153875970e+01,-1.741357729029852086e+00,1.566274990057586747e+00,-6.969556611835514559e-07
-1.660000000000000017e-02,1.712492192153875692e+01,1.564590799999999948e+00,1.556033112153875742e+01,-1.730917702926205726e+00,1.566264280643210549e+00,2.560056664435705898e-07
-1.654999999999999874e-02,1.713532992153875867e+01,1.564590399999999937e+00,1.557073952153875851e+01,-1.720509040878718920e+00,1.566253605236558766e+00,-4.257122743211994020e-07
-1.650000000000000078e-02,1.714570692153876053e+01,1.564589999999999925e+00,1.558111692153876149e+01,-1.710131743198509913e+00,1.566242963827602530e+00,-7.417983578505982223e-07
-1.644999999999999934e-02,1.715605292153875894e+01,1.564589599999999914e+00,1.559146332153875925e+01,-1.699785810196696501e+00,1.566232356406424886e+00,-6.919414534678480777e-07
-1.640000000000000138e-02,1.716636792153875746e+01,1.564589199999999902e+00,1.560177872153875711e+01,-1.689471242183698818e+00,1.566221782963217679e+00,-2.758311250516953805e-07
-1.634999999999999995e-02,1.717665092153875861e+01,1.564588800000000113e+00,1.561206212153875938e+01,-1.679188039466449567e+00,1.566211243488277116e+00,-4.931604262736755118e-07
-1.629999999999999852e-02,1.718690292153875987e+01,1.564588400000000101e+00,1.562231452153875999e+01,-1.668936202354671217e+00,1.566200737972001766e+00,-3.436196269746005783e-07
-1.625000000000000056e-02,1.719712392153875768e+01,1.564588000000000090e+00,1.563253592153875715e+01,-1.658715731153901141e+00,1.566190266404887454e+00,1.730968186564041389e-07
-1.619999999999999912e-02,1.720731292153875813e+01,1.564587600000000078e+00,1.564272532153875872e+01,-1.648526626170374154e+00,1.566179828777524818e+00,5.729517127406325017e-08
-1.615000000000000116e-02,1.721746992153875766e+01,1.564587200000000067e+00,1.565288272153875759e+01,-1.638368887710325295e+00,1.566169425080595978e+00,-6.907183305315811594e-07
-1.609999999999999973e-02,1.722759692153875832e+01,1.564586800000000055e+00,1.566301012153875760e+01,-1.628242516075803836e+00,1.566159055304870540e+00,-7.064162588221734040e-08
-1.604999999999999830e-02,1.723769192153875807e+01,1.564586400000000044e+00,1.567310552153875847e+01,-1.618147511571649266e+00,1.566148719441203596e+00,-8.216986202569387387e-08
-1.600000000000000033e-02,1.724775492153875689e+01,1.564586000000000032e+00,1.568316892153875663e+01,-1.608083874499213861e+00,1.566138417480530620e+00,-7.250016729187791498e-07
-1.594999999999999890e-02,1.725778792153875685e+01,1.564585600000000021e+00,1.569320232153875594e+01,-1.598051605160546673e+00,1.566128149413865689e+00,1.165002316838581464e-09
-1.590000000000000094e-02,1.726778892153875944e+01,1.564585200000000009e+00,1.570320372153875965e+01,-1.588050703854907209e+00,1.566117915232297708e+00,9.662943867283502186e-08
-1.584999999999999951e-02,1.727775792153875756e+01,1.564584799999999998e+00,1.571317312153875712e+01,-1.578081170882949191e+00,1.566107714926987304e+00,-4.383077119030076574e-07
-1.580000000000000154e-02,1.728769592153875934e+01,1.564584399999999986e+00,1.572311152153876002e+01,-1.568143006542537021e+00,1.566097548489163271e+00,-6.033485533407656476e-07
-1.575000000000000011e-02,1.729760292153875767e+01,1.564583999999999975e+00,1.573301892153875770e+01,-1.558236211130836990e+00,1.566087415910120129e+00,-3.981959206811325203e-07
-1.569999999999999868e-02,1.730747792153875864e+01,1.564583599999999963e+00,1.574289432153875801e+01,-1.548360784944317725e+00,1.566077317181214790e+00,-8.225533303374277239e-07
-1.565000000000000072e-02,1.731732292153875719e+01,1.564583199999999952e+00,1.575273972153875768e+01,-1.538516728280145962e+00,1.566067252293863232e+00,1.238763953637089799e-07
-1.559999999999999928e-02,1.732713492153875734e+01,1.564582799999999940e+00,1.576255212153875718e+01,-1.528704041431999894e+00,1.566057221239537611e+00,-5.586130491508356499e-07
-1.554999999999999959e-02,1.733691692153875863e+01,1.564582399999999929e+00,1.577233452153875959e+01,-1.518922724693558379e+00,1.566047224009763372e+00,1.302720260554224296e-07
-1.549999999999999989e-02,1.734666592153875797e+01,1.564581999999999917e+00,1.578208392153875828e+01,-1.509172778357801947e+00,1.566037260596116365e+00,-8.091753915806521036e-07
-1.545000000000000019e-02,1.735638492153875845e+01,1.564581599999999906e+00,1.579180332153875810e+01,-1.499454202717014573e+00,1.566027330990219069e+00,-3.766630065626941359e-07
-1.540000000000000049e-02,1.736607192153875800e+01,1.564581199999999894e+00,1.580149072153875878e+01,-1.489766998061386349e+00,1.566017435183740147e+00,-5.719006086479794249e-07
-1.535000000000000080e-02,1.737572792153875767e+01,1.564580800000000105e+00,1.581114712153875779e+01,-1.480111164681805702e+00,1.566007573168387790e+00,-3.945973041652450775e-07
-1.529999999999999936e-02,1.738535292153875744e+01,1.564580400000000093e+00,1.582077252153875691e+01,-1.470486702867765727e+00,1.565997744935909708e+00,1.555364121941238409e-07
-1.524999999999999967e-02,1.739494592153875985e+01,1.564580000000000082e+00,1.583036592153876043e+01,-1.460893612905969308e+00,1.565987950478090029e+00,7.878725938326169853e-08
-1.519999999999999997e-02,1.740450692153875778e+01,1.564579600000000070e+00,1.583992732153875771e+01,-1.451331895085211876e+00,1.565978189786745300e+00,-6.245559678319523300e-07
-1.515000000000000027e-02,1.741403792153875685e+01,1.564579200000000059e+00,1.584945872153875612e+01,-1.441801549691498652e+00,1.565968462853723597e+00,4.579275980631791754e-08
-1.510000000000000057e-02,1.742353692153875855e+01,1.564578800000000047e+00,1.585895812153875895e+01,-1.432302577008742306e+00,1.565958769670899420e+00,9.011736779029888567e-08
-1.504999999999999914e-02,1.743300392153875933e+01,1.564578400000000036e+00,1.586842552153875907e+01,-1.422834977322947614e+00,1.565949110230173469e+00,-4.912961379943681095e-07
-1.499999999999999944e-02,1.744243992153876022e+01,1.564578000000000024e+00,1.587786192153875930e+01,-1.413398750917329805e+00,1.565939484523467984e+00,-6.981645270798253478e-07
-1.494999999999999975e-02,1.745184492153875766e+01,1.564577600000000013e+00,1.588726732153875787e+01,-1.403993898074406443e+00,1.565929892542725854e+00,-5.302052681344093799e-07
-1.490000000000000005e-02,1.746121892153875876e+01,1.564577200000000001e+00,1.589664172153875832e+01,-1.394620419075996764e+00,1.565920334279906845e+00,1.286347028894851974e-08
-1.485000000000000035e-02,1.747056092153875895e+01,1.564576799999999990e+00,1.590598412153875962e+01,-1.385278314201828120e+00,1.565910809726986042e+00,-6.867857571535296302e-08
-1.480000000000000066e-02,1.747987192153875924e+01,1.564576399999999978e+00,1.591529552153875926e+01,-1.375967583733022748e+00,1.565901318875950521e+00,2.254497246667597210e-07
-1.474999999999999922e-02,1.748915092153875861e+01,1.564575999999999967e+00,1.592457492153875798e+01,-1.366688227947215006e+00,1.565891861718796907e+00,-1.044739779132441981e-07
-1.469999999999999953e-02,1.749839892153875809e+01,1.564575599999999955e+00,1.593382332153875858e+01,-1.357440247123434363e+00,1.565882438247529596e+00,-5.817064341329114541e-08
-1.464999999999999983e-02,1.750761592153875768e+01,1.564575199999999944e+00,1.594304072153875751e+01,-1.348223641537919848e+00,1.565873048454158756e+00,3.646359765241413697e-07
-1.460000000000000013e-02,1.751680092153875989e+01,1.564574799999999932e+00,1.595222612153876085e+01,-1.339038411466910494e+00,1.565863692330695445e+00,1.642221327813331300e-07
-1.455000000000000043e-02,1.752595492153875867e+01,1.564574399999999921e+00,1.596138052153875897e+01,-1.329884557185250893e+00,1.565854369869153162e+00,3.408626803036440833e-07
-1.450000000000000074e-02,1.753507692153876008e+01,1.564573999999999909e+00,1.597050292153875972e+01,-1.320762078967087083e+00,1.565845081061542077e+00,-1.051682207986459616e-07
-1.444999999999999930e-02,1.754416792153875804e+01,1.564573599999999898e+00,1.597959432153875881e+01,-1.311670977085868106e+00,1.565835825899869471e+00,-1.735971153493665042e-07
-1.439999999999999961e-02,1.755322792153875966e+01,1.564573199999999886e+00,1.598865472153875977e+01,-1.302611251814345117e+00,1.565826604376135522e+00,1.358487615732428822e-07
-1.434999999999999991e-02,1.756225592153875681e+01,1.564572800000000097e+00,1.599768312153875627e+01,-1.293582903423176944e+00,1.565817416482331748e+00,-1.765599240144410942e-07
-1.430000000000000021e-02,1.757125292153875762e+01,1.564572400000000085e+00,1.600668052153875820e+01,-1.284585932182324530e+00,1.565808262210439450e+00,-1.105531879375121207e-07
-1.425000000000000051e-02,1.758021892153875854e+01,1.564572000000000074e+00,1.601564692153876024e+01,-1.275620338362446482e+00,1.565799141552427720e+00,3.341396279665787006e-07
-1.420000000000000082e-02,1.758915292153875853e+01,1.564571799999999957e+00,1.602458112153875902e+01,-1.266686122230713307e+00,1.565790054500250106e+00,-4.221429605877347058e-08
-1.414999999999999938e-02,1.759805592153875864e+01,1.564571600000000062e+00,1.603348432153875791e+01,-1.257783284056388728e+00,1.565781001045843723e+00,-3.934568582053543651e-08
-1.409999999999999969e-02,1.760692692153875782e+01,1.564571399999999946e+00,1.604235552153875943e+01,-1.248911824104550705e+00,1.565771981181126815e+00,-6.569894388519514905e-07
-1.404999999999999999e-02,1.761576792153875815e+01,1.564571200000000051e+00,1.605119672153875854e+01,-1.240071742642369967e+00,1.565762994897996752e+00,1.051216109715369385e-07
-1.400000000000000029e-02,1.762457592153876007e+01,1.564570999999999934e+00,1.606000492153875925e+01,-1.231263039932831482e+00,1.565754042188328921e+00,-7.527495320402977086e-07
-1.395000000000000059e-02,1.763335392153875958e+01,1.564570599999999923e+00,1.606878332153875988e+01,-1.222485716241013654e+00,1.565745123043973397e+00,-3.033778739336412400e-08
-1.389999999999999916e-02,1.764209892153875714e+01,1.564570199999999911e+00,1.607752872153875856e+01,-1.213739771830599334e+00,1.565736237456753832e+00,-9.273794532305146276e-07
-1.384999999999999946e-02,1.765081392153875939e+01,1.564569800000000122e+00,1.608624412153875838e+01,-1.205025206961783280e+00,1.565727385418467010e+00,-4.436143292707583896e-07
-1.379999999999999977e-02,1.765949692153875716e+01,1.564569400000000110e+00,1.609492752153875728e+01,-1.196342021896155794e+00,1.565718566920877963e+00,-5.787808099455560296e-07
-1.375000000000000007e-02,1.766814892153875860e+01,1.564569000000000099e+00,1.610357992153875983e+01,-1.187690216894609296e+00,1.565709781955721525e+00,-3.326179971452347672e-07
-1.370000000000000037e-02,1.767676892153875912e+01,1.564568600000000087e+00,1.611220032153875792e+01,-1.179069792215246215e+00,1.565701030514698111e+00,-7.048677765908450965e-07
-1.365000000000000067e-02,1.768535892153875722e+01,1.564568200000000076e+00,1.612079072153875714e+01,-1.170480748116866199e+00,1.565692312589473500e+00,3.047286654123126937e-07
-1.359999999999999924e-02,1.769391592153876047e+01,1.564567800000000064e+00,1.612934812153876152e+01,-1.161923084856874233e+00,1.565683628171677277e+00,-3.035712552446057089e-07
-1.354999999999999954e-02,1.770244192153876028e+01,1.564567400000000053e+00,1.613787452153875890e+01,-1.153396802691279532e+00,1.565674977252899724e+00,-5.295115315107068454e-07
-1.349999999999999985e-02,1.771093692153876020e+01,1.564567000000000041e+00,1.614636992153875994e+01,-1.144901901876091754e+00,1.565666359824692266e+00,-3.728361299693006004e-07
-1.345000000000000015e-02,1.771940092153876023e+01,1.564566799999999924e+00,1.615483412153875875e+01,-1.136438382665228009e+00,1.565657775878563918e+00,-3.329112630012787122e-08
-1.340000000000000045e-02,1.772783292153875934e+01,1.564566600000000030e+00,1.616326632153876020e+01,-1.128006245311907074e+00,1.565649225405982392e+00,-3.106232924210416968e-07
-1.335000000000000075e-02,1.773623392153875855e+01,1.564566399999999913e+00,1.617166752153875819e+01,-1.119605490068651177e+00,1.565640708398369219e+00,-2.045801039685102296e-07
-1.329999999999999932e-02,1.774460292153875685e+01,1.564566200000000018e+00,1.618003672153875527e+01,-1.111236117188679096e+00,1.565632224847101961e+00,-7.149083209867512778e-07
-1.324999999999999963e-02,1.775294092153875880e+01,1.564565999999999901e+00,1.618837492153875957e+01,-1.102898126921024735e+00,1.565623774743510443e+00,-8.413588972189245396e-07
-1.319999999999999993e-02,1.776124792153875731e+01,1.564565599999999890e+00,1.619668232153875920e+01,-1.094591519516117106e+00,1.565615358078874975e+00,-3.836814030933055619e-07
-1.315000000000000023e-02,1.776952292153875845e+01,1.564565199999999878e+00,1.620495772153875791e+01,-1.086316295222990114e+00,1.565606974844428345e+00,-5.416267931934726221e-07
-1.310000000000000053e-02,1.777776692153875970e+01,1.564564800000000089e+00,1.621320212153876028e+01,-1.078072454289282334e+00,1.565598625031350721e+00,-3.149474139263475081e-07
-1.305000000000000084e-02,1.778597892153876003e+01,1.564564400000000077e+00,1.622141452153876173e+01,-1.069859996962632565e+00,1.565590308630770311e+00,-7.033956173074784601e-07
-1.299999999999999940e-02,1.779415992153875692e+01,1.564564000000000066e+00,1.622959592153875619e+01,-1.061678923487191506e+00,1.565582025633762031e+00,-7.067272527194745635e-07
-1.294999999999999971e-02,1.780230992153875746e+01,1.564563600000000054e+00,1.623774632153875785e+01,-1.053529234110597512e+00,1.565573776031346398e+00,-3.246946569390729564e-07
-1.290000000000000001e-02,1.781042792153875709e+01,1.564563200000000043e+00,1.624586472153875860e+01,-1.045410929075606843e+00,1.565565559814487973e+00,-5.570550740685575875e-07
-1.285000000000000031e-02,1.781851492153875682e+01,1.564562800000000031e+00,1.625395212153875590e+01,-1.037324008624974647e+00,1.565557376974094472e+00,-4.035657354961585952e-07
-1.280000000000000061e-02,1.782657092153876022e+01,1.564562400000000020e+00,1.626200852153876042e+01,-1.029268473002154405e+00,1.565549227501016327e+00,1.360168262465322186e-07
-1.274999999999999918e-02,1.783459492153875914e+01,1.564562000000000008e+00,1.627003292153876046e+01,-1.021244322447808717e+00,1.565541111386044015e+00,6.193327806158777094e-08
-1.269999999999999948e-02,1.784258792153875817e+01,1.564561800000000114e+00,1.627802612153875828e+01,-1.013251557201903408e+00,1.565533028619908507e+00,1.744235866851795436e-07
-1.264999999999999979e-02,1.785054902153875744e+01,1.564561599999999997e+00,1.628598742153875634e+01,-1.005290177505101079e+00,1.565524979193280153e+00,-2.262715597112219257e-07
-1.260000000000000009e-02,1.785847902153875921e+01,1.564561400000000102e+00,1.629391762153876044e+01,-9.973601835952745631e-01,1.565516963096768022e+00,-3.399142798343746108e-07
-1.255000000000000039e-02,1.786637762153875997e+01,1.564561199999999985e+00,1.630181642153875998e+01,-9.894615757102962483e-01,1.565508980320917232e+00,-4.662667016930299724e-07
-1.250000000000000069e-02,1.787424482153875971e+01,1.564561000000000091e+00,1.630968382153875851e+01,-9.815943540866438610e-01,1.565501030856210729e+00,-6.050923353484449763e-07
-1.244999999999999926e-02,1.788208062153875844e+01,1.564560600000000079e+00,1.631752002153875836e+01,-9.737585189593995771e-01,1.565493114693066401e+00,-5.561560847411328723e-07
-1.239999999999999956e-02,1.788988512153875732e+01,1.564560200000000068e+00,1.632532492153875836e+01,-9.659540705643433478e-01,1.565485231821837075e+00,-4.192221609855550923e-07
-1.234999999999999987e-02,1.789765822153875874e+01,1.564559800000000056e+00,1.633309842153875735e+01,-9.581810091344648006e-01,1.565477382232809633e+00,-2.940575676291246054e-07
-1.230000000000000017e-02,1.790539982153875798e+01,1.564559400000000045e+00,1.634084042153875771e+01,-9.504393349041486694e-01,1.565469565916205008e+00,-2.804279155554922909e-07
-1.225000000000000047e-02,1.791311012153875737e+01,1.564559000000000033e+00,1.634855112153875822e+01,-9.427290481035943692e-01,1.565461782862176188e+00,-1.781029830283387128e-07
-1.220000000000000077e-02,1.792078902153875930e+01,1.564558799999999916e+00,1.635623022153875894e+01,-9.350501489643963104e-01,1.565454033060808214e+00,-2.868511721487720934e-07
-1.214999999999999934e-02,1.792843652153876022e+01,1.564558600000000022e+00,1.636387792153875864e+01,-9.274026377174513502e-01,1.565446316502118629e+00,-4.064415826121603459e-07
-1.209999999999999964e-02,1.793605272153875774e+01,1.564558399999999905e+00,1.637149432153875850e+01,-9.197865145908661333e-01,1.565438633176055028e+00,-4.366460899518642691e-07
-1.204999999999999995e-02,1.794363742153876018e+01,1.564558200000000010e+00,1.637907922153875973e+01,-9.122017798141424105e-01,1.565430983072495508e+00,-5.772351912014528352e-07
-1.200000000000000025e-02,1.795119072153875805e+01,1.564557999999999893e+00,1.638663272153875994e+01,-9.046484336125963921e-01,1.565423366181247999e+00,-7.279835543272383802e-07
-1.195000000000000055e-02,1.795871272153875964e+01,1.564557599999999882e+00,1.639415512153875909e+01,-8.971264762143348337e-01,1.565415782492050267e+00,-5.886630702889306122e-07
-1.190000000000000085e-02,1.796620332153876021e+01,1.564557199999999870e+00,1.640164612153876078e+01,-8.896359078439762813e-01,1.565408231994568355e+00,-4.590491009537345235e-07
-1.184999999999999942e-02,1.797366242153875859e+01,1.564556800000000081e+00,1.640910562153875674e+01,-8.821767287261397250e-01,1.565400714678396588e+00,-4.389170342733450525e-07
-1.179999999999999973e-02,1.798109022153875713e+01,1.564556400000000069e+00,1.641653382153875640e+01,-8.747489390840484935e-01,1.565393230533058899e+00,-3.280436224883942486e-07
-1.175000000000000003e-02,1.798848662153875821e+01,1.564556000000000058e+00,1.642393062153875860e+01,-8.673525391409262486e-01,1.565385779548005729e+00,-2.262056355561981036e-07
-1.170000000000000033e-02,1.799585162153875828e+01,1.564555799999999941e+00,1.643129582153875745e+01,-8.599875291179039927e-01,1.565378361712614907e+00,-3.331819371510391647e-07
-1.165000000000000063e-02,1.800318532153875850e+01,1.564555600000000046e+00,1.643862972153876001e+01,-8.526539092354148419e-01,1.565370977016192100e+00,-3.487520885414596705e-07
-1.159999999999999920e-02,1.801048752153876009e+01,1.564555399999999930e+00,1.644593212153876038e+01,-8.453516797145896877e-01,1.565363625447969920e+00,-4.726949427436011320e-07
-1.154999999999999950e-02,1.801775832153875712e+01,1.564555200000000035e+00,1.645320312153875619e+01,-8.380808407723739917e-01,1.565356306997106595e+00,-6.047935556807715329e-07
-1.149999999999999981e-02,1.802499782153875785e+01,1.564554999999999918e+00,1.646044282153875926e+01,-8.308413926278058748e-01,1.565349021652688632e+00,-6.448288658589262923e-07
-1.145000000000000011e-02,1.803220582153875995e+01,1.564554599999999907e+00,1.646765122153875893e+01,-8.236333354978307986e-01,1.565341769403727490e+00,-5.925839339226968150e-07
-1.140000000000000041e-02,1.803938252153875865e+01,1.564554199999999895e+00,1.647482832153875876e+01,-8.164566695979990074e-01,1.565334550239160905e+00,-4.478431883114808443e-07
-1.135000000000000071e-02,1.804652782153875989e+01,1.564553800000000106e+00,1.648197402153876112e+01,-8.093113951445582988e-01,1.565327364147853340e+00,-3.103903765122595360e-07
-1.129999999999999928e-02,1.805364172153876012e+01,1.564553400000000094e+00,1.648908832153875892e+01,-8.021975123495711513e-01,1.565320211118595317e+00,-1.800134334928316093e-07
-1.124999999999999958e-02,1.806072422153875934e+01,1.564553000000000083e+00,1.649617122153875926e+01,-7.951150214278902562e-01,1.565313091140103197e+00,-5.649749468261688889e-08
-1.119999999999999989e-02,1.806777522153875992e+01,1.564552799999999966e+00,1.650322242153875862e+01,-7.880639225915778701e-01,1.565306004201018508e+00,-2.396304878971022845e-07
-1.115000000000000019e-02,1.807479502153875828e+01,1.564552600000000071e+00,1.651024242153875932e+01,-7.810442160513015875e-01,1.565298950289910396e+00,-2.292017349247998936e-07
-1.110000000000000049e-02,1.808178332153875800e+01,1.564552399999999954e+00,1.651723092153875783e+01,-7.740559020177283367e-01,1.565291929395272952e+00,-3.250005633503860736e-07
-1.105000000000000079e-02,1.808874022153876027e+01,1.564552200000000060e+00,1.652418802153875887e+01,-7.670989807008279371e-01,1.565284941505526550e+00,-4.268169924159792572e-07
-1.099999999999999936e-02,1.809566572153875796e+01,1.564551999999999943e+00,1.653111372153875891e+01,-7.601734523077797734e-01,1.565277986609018290e+00,-5.344438385179728357e-07
-1.094999999999999966e-02,1.810255992153875937e+01,1.564551800000000048e+00,1.653800812153875910e+01,-7.532793170478558897e-01,1.565271064694021552e+00,-5.476718172303662868e-07
-1.089999999999999997e-02,1.810942262153875859e+01,1.564551599999999931e+00,1.654487102153875711e+01,-7.464165751268405646e-01,1.565264175748735553e+00,-6.662951399505345762e-07
-1.085000000000000027e-02,1.811625392153876035e+01,1.564551400000000037e+00,1.655170252153876120e+01,-7.395852267498206345e-01,1.565257319761287569e+00,-7.901087037964771298e-07
-1.080000000000000057e-02,1.812305392153875871e+01,1.564551199999999920e+00,1.655850272153875835e+01,-7.327852721225800448e-01,1.565250496719731377e+00,-8.189067344233080803e-07
-1.074999999999999914e-02,1.812982252153875962e+01,1.564551000000000025e+00,1.656527152153875804e+01,-7.260167114481129724e-01,1.565243706612047259e+00,-8.524862060710347578e-07
-1.069999999999999944e-02,1.813655962153875834e+01,1.564550600000000014e+00,1.657200902153875788e+01,-7.192795449301108146e-01,1.565236949426143775e+00,-7.906434333904144296e-07
-1.064999999999999974e-02,1.814326542153875721e+01,1.564550200000000002e+00,1.657871522153875787e+01,-7.125737727701724200e-01,1.565230225149857324e+00,-6.331768034328888461e-07
-1.060000000000000005e-02,1.814993982153875862e+01,1.564549799999999991e+00,1.658539002153875686e+01,-7.058993951685014201e-01,1.565223533770952802e+00,-4.798861148458399839e-07
-1.055000000000000035e-02,1.815658282153875902e+01,1.564549399999999979e+00,1.659203342153875838e+01,-6.992564123259989994e-01,1.565216875277122721e+00,-3.305704403544496017e-07
-1.050000000000000065e-02,1.816319442153875841e+01,1.564548999999999968e+00,1.659864542153875888e+01,-6.926448244414737943e-01,1.565210249655989205e+00,-1.850309772066793812e-07
-1.044999999999999922e-02,1.816977452153875916e+01,1.564548800000000073e+00,1.660522572153875842e+01,-6.860646317144317718e-01,1.565203656895103990e+00,-3.430682085081571131e-07
-1.039999999999999952e-02,1.817632332153876007e+01,1.564548599999999956e+00,1.661177472153876167e+01,-6.795158343394959166e-01,1.565197096981947755e+00,-4.044875048236917792e-07
-1.034999999999999983e-02,1.818284072153875996e+01,1.564548400000000061e+00,1.661829232153876035e+01,-6.729984325147774227e-01,1.565190569903932127e+00,-4.690907431381674542e-07
-1.030000000000000013e-02,1.818932672153875885e+01,1.564548199999999945e+00,1.662477852153875801e+01,-6.665124264355967165e-01,1.565184075648399453e+00,-5.366825988062373654e-07
-1.025000000000000043e-02,1.819578142153875788e+01,1.564548000000000050e+00,1.663123342153875939e+01,-6.600578162951816763e-01,1.565177614202623024e+00,-5.070698279041607748e-07
-1.020000000000000073e-02,1.820220462153875829e+01,1.564547799999999933e+00,1.663765682153875858e+01,-6.536346022888531726e-01,1.565171185553808630e+00,-5.800571116765240731e-07
-1.014999999999999930e-02,1.820859642153875768e+01,1.564547600000000038e+00,1.664404882153875675e+01,-6.472427846070485380e-01,1.565164789689093894e+00,-6.554540092906790960e-07
-1.009999999999999960e-02,1.821495682153875961e+01,1.564547399999999922e+00,1.665040942153876102e+01,-6.408823634429959837e-01,1.565158426595549601e+00,-7.330672637806401326e-07
-1.004999999999999991e-02,1.822128582153875698e+01,1.564547200000000027e+00,1.665673862153875717e+01,-6.345533389871328422e-01,1.565152096260180592e+00,-8.127064532459371549e-07
-1.000000000000000021e-02,1.822758352153875805e+01,1.564546999999999910e+00,1.666303652153875703e+01,-6.282557114278042310e-01,1.565145798669925536e+00,-7.941832080859967391e-07
-9.950000000000000511e-03,1.823384972153876049e+01,1.564546599999999899e+00,1.666930312153876059e+01,-6.219894809554475934e-01,1.565139533811657602e+00,-6.773070921894941421e-07
-9.900000000000000813e-03,1.824008452153875837e+01,1.564546199999999887e+00,1.667553832153875959e+01,-6.157546477570128296e-01,1.565133301672186894e+00,-5.618911487204059085e-07
-9.849999999999999381e-03,1.824628802153875995e+01,1.564545800000000098e+00,1.668174222153875874e+01,-6.095512120201471706e-01,1.565127102238259349e+00,-3.477477150681806961e-07
-9.799999999999999684e-03,1.825246002153875935e+01,1.564545400000000086e+00,1.668791462153875926e+01,-6.033791739304052992e-01,1.565120935496557397e+00,-2.346912388873079180e-07
-9.749999999999999986e-03,1.825860062153875774e+01,1.564545000000000075e+00,1.669405562153875877e+01,-5.972385336719466808e-01,1.565114801433702185e+00,-1.225375498847824929e-07
-9.700000000000000289e-03,1.826470992153875983e+01,1.564544799999999958e+00,1.670016512153875965e+01,-5.911292914296282230e-01,1.565108700036253131e+00,-1.111017766675104212e-07
-9.650000000000000591e-03,1.827078772153875974e+01,1.564544600000000063e+00,1.670624312153875834e+01,-5.850514473869118381e-01,1.565102631290709256e+00,-2.002004571011184453e-07
-9.599999999999999159e-03,1.827683422153875981e+01,1.564544399999999946e+00,1.671228982153876075e+01,-5.790050017258643322e-01,1.565096595183509631e+00,-1.896515158250622335e-07
-9.549999999999999462e-03,1.828284922153875769e+01,1.564544200000000052e+00,1.671830502153875742e+01,-5.729899546271572941e-01,1.565090591701035372e+00,-2.792742783697121922e-07
-9.499999999999999764e-03,1.828883292153875928e+01,1.564543999999999935e+00,1.672428892153875779e+01,-5.670063062714622015e-01,1.565084620829608753e+00,-2.688880584855724010e-07
-9.450000000000000067e-03,1.829478512153875869e+01,1.564543800000000040e+00,1.673024132153875954e+01,-5.610540568380556481e-01,1.565078682555494982e+00,-3.583135708140616771e-07
-9.400000000000000369e-03,1.830070602153875825e+01,1.564543599999999923e+00,1.673616242153875788e+01,-5.551332065055164522e-01,1.565072776864903759e+00,-3.473722394176093076e-07
-9.350000000000000672e-03,1.830659542153875918e+01,1.564543400000000029e+00,1.674205202153875760e+01,-5.492437554517258791e-01,1.565066903743989268e+00,-4.358861680486825207e-07
-9.299999999999999239e-03,1.831245352153876027e+01,1.564543199999999912e+00,1.674791032153876102e+01,-5.433857038524724237e-01,1.565061063178851297e+00,-4.236795589918074256e-07
-9.249999999999999542e-03,1.831828012153875918e+01,1.564543000000000017e+00,1.675373712153875871e+01,-5.375590518842423560e-01,1.565055255155537228e+00,-5.105759299794954131e-07
-9.199999999999999845e-03,1.832407542153875823e+01,1.564542800000000122e+00,1.675953262153875656e+01,-5.317637997207315115e-01,1.565049479660040932e+00,-4.964015687392020482e-07
-9.150000000000000147e-03,1.832983922153875866e+01,1.564542600000000006e+00,1.676529662153875933e+01,-5.259999475363332788e-01,1.565043736678305875e+00,-5.809820748936544987e-07
-9.100000000000000450e-03,1.833557172153875925e+01,1.564542400000000111e+00,1.677102932153875869e+01,-5.202674955033483872e-01,1.565038026196225118e+00,-5.641451501503524923e-07
-9.050000000000000752e-03,1.834127272153875765e+01,1.564542199999999994e+00,1.677673052153875943e+01,-5.145664437940775660e-01,1.565032348199642875e+00,-6.457184724695252953e-07
-8.999999999999999320e-03,1.834694242153875976e+01,1.564542000000000099e+00,1.678240042153876033e+01,-5.088967925794262159e-01,1.565026702674354731e+00,-6.255311362224347249e-07
-8.949999999999999623e-03,1.835258062153875969e+01,1.564541799999999983e+00,1.678803882153875904e+01,-5.032585420296025180e-01,1.565021089606109861e+00,-7.034129332339489338e-07
-8.899999999999999925e-03,1.835818752153875977e+01,1.564541600000000088e+00,1.679364592153876146e+01,-4.976516923127216052e-01,1.565015508980611036e+00,-6.791957325447128824e-07
-8.850000000000000228e-03,1.836376292153875767e+01,1.564541399999999971e+00,1.679922152153875814e+01,-4.920762435982939387e-01,1.565009960783517506e+00,-7.527100223114757682e-07
-8.800000000000000530e-03,1.836930702153875927e+01,1.564541200000000076e+00,1.680476582153875853e+01,-4.865321960516444944e-01,1.565004445000443445e+00,-7.237904675605477678e-07
-8.750000000000000833e-03,1.837481962153875870e+01,1.564540999999999960e+00,1.681027862153876029e+01,-4.810195498408885162e-01,1.564998961616961726e+00,-7.922689420070128108e-07
-8.699999999999999400e-03,1.838030092153875827e+01,1.564540800000000065e+00,1.681576012153875865e+01,-4.755383051299558184e-01,1.564993510618603478e+00,-7.579815246572252363e-07
-8.649999999999999703e-03,1.838575072153875922e+01,1.564540599999999948e+00,1.682121012153875839e+01,-4.700884620841713768e-01,1.564988091990859642e+00,-8.207628638956521172e-07
-8.600000000000000006e-03,1.839116922153876033e+01,1.564540400000000053e+00,1.682662882153876183e+01,-4.646700208653722908e-01,1.564982705719183409e+00,-7.804511277242909273e-07
-8.550000000000000308e-03,1.839655622153875925e+01,1.564540199999999937e+00,1.683201602153875953e+01,-4.592829816374883745e-01,1.564977351788989557e+00,-8.368823785076529020e-07
-8.500000000000000611e-03,1.840191182153875715e+01,1.564540000000000042e+00,1.683737182153875622e+01,-4.539273445623567271e-01,1.564972030185656449e+00,-8.898947783109178999e-07
-8.449999999999999178e-03,1.840723612153875877e+01,1.564539799999999925e+00,1.684269632153876017e+01,-4.486031097990241245e-01,1.564966740894527808e+00,-8.393292567632215651e-07
-8.399999999999999481e-03,1.841252892153875820e+01,1.564539600000000030e+00,1.684798932153875839e+01,-4.433102775079326152e-01,1.564961483900913830e+00,-8.850253827574761090e-07
-8.349999999999999784e-03,1.841779032153876017e+01,1.564539399999999914e+00,1.685325092153875914e+01,-4.380488478481288639e-01,1.564956259190091181e+00,-9.268240930282445333e-07
-8.300000000000000086e-03,1.842302042153875874e+01,1.564539200000000019e+00,1.685848122153876005e+01,-4.328188209765670424e-01,1.564951066747306774e+00,-8.645684346220150474e-07
-8.250000000000000389e-03,1.842821902153875868e+01,1.564538999999999902e+00,1.686368002153875878e+01,-4.276201970508988204e-01,1.564945906557776434e+00,-8.981007439956556482e-07
-8.200000000000000691e-03,1.843338622153875761e+01,1.564538800000000007e+00,1.686884742153875649e+01,-4.224529762266830968e-01,1.564940778606688232e+00,-9.272654608594166348e-07
-8.149999999999999259e-03,1.843852202153875908e+01,1.564538599999999890e+00,1.687398342153876030e+01,-4.173171586580836090e-01,1.564935682879203149e+00,-9.519084009923517442e-07
-8.099999999999999561e-03,1.844362642153875953e+01,1.564538399999999996e+00,1.687908802153875953e+01,-4.122127444999618140e-01,1.564930619360456188e+00,-9.718747158160567778e-07
-8.049999999999999864e-03,1.844869942153875897e+01,1.564538199999999879e+00,1.688416122153875776e+01,-4.071397339057838960e-01,1.564925588035557480e+00,-9.870109280996075540e-07
-8.000000000000000167e-03,1.845374112153875856e+01,1.564537999999999984e+00,1.688920312153875969e+01,-4.020981270262257157e-01,1.564920588889594733e+00,-8.971663447709943284e-07
-7.950000000000000469e-03,1.845875132153875953e+01,1.564537800000000090e+00,1.689421352153875944e+01,-3.970879240133584065e-01,1.564915621907633669e+00,-9.021888978111292090e-07
-7.900000000000000772e-03,1.846373012153875948e+01,1.564537599999999973e+00,1.689919252153875817e+01,-3.921091250178578846e-01,1.564910687074720252e+00,-9.019279083588571666e-07
-7.849999999999999339e-03,1.846867752153875841e+01,1.564537400000000078e+00,1.690414012153875944e+01,-3.871617301883072959e-01,1.564905784375881126e+00,-8.962347806118486915e-07
-7.799999999999999642e-03,1.847359342153875872e+01,1.564537199999999961e+00,1.690905622153875854e+01,-3.822457396725923440e-01,1.564900913796126058e+00,-9.849616233736924187e-07
-7.749999999999999944e-03,1.847847802153875918e+01,1.564537000000000067e+00,1.691394102153875778e+01,-3.773611536192961191e-01,1.564896075320448610e+00,-9.679598491629803902e-07
-7.700000000000000247e-03,1.848333122153875863e+01,1.564536799999999950e+00,1.691879442153875956e+01,-3.725079721742116101e-01,1.564891268933827684e+00,-9.450836593316580547e-07
-7.649999999999999682e-03,1.848815302153875706e+01,1.564536600000000055e+00,1.692361642153875678e+01,-3.676861954831317503e-01,1.564886494621230195e+00,-9.161872611684884760e-07
-7.599999999999999985e-03,1.849294342153875803e+01,1.564536399999999938e+00,1.692840702153875654e+01,-3.628958236904542001e-01,1.564881752367610179e+00,-8.811262368624284136e-07
-7.550000000000000287e-03,1.849770232153876037e+01,1.564536200000000044e+00,1.693316612153876122e+01,-3.581368569398791779e-01,1.564877042157912790e+00,-9.397568838664938085e-07
-7.499999999999999722e-03,1.850242992153875932e+01,1.564535999999999927e+00,1.693789392153875895e+01,-3.534092953737116849e-01,1.564872363977073855e+00,-8.919369065552018583e-07
-7.450000000000000025e-03,1.850712602153875963e+01,1.564535800000000032e+00,1.694259022153875804e+01,-3.487131391349544418e-01,1.564867717810022762e+00,-9.375232856712045759e-07
-7.400000000000000328e-03,1.851179082153876010e+01,1.564535599999999915e+00,1.694725522153876085e+01,-3.440483883631220707e-01,1.564863103641683573e+00,-8.763764931529749447e-07
-7.349999999999999763e-03,1.851642412153875838e+01,1.564535400000000021e+00,1.695188872153875792e+01,-3.394150431984269689e-01,1.564858521456975682e+00,-9.083563270451122662e-07
-7.300000000000000065e-03,1.852102612153876038e+01,1.564535199999999904e+00,1.695649092153875870e+01,-3.348131037796862053e-01,1.564853971240816488e+00,-8.333239485125432111e-07
-7.250000000000000368e-03,1.852559662153876019e+01,1.564535000000000009e+00,1.696106162153876085e+01,-3.302425702457170709e-01,1.564849452978122279e+00,-8.511405482636291708e-07
-7.199999999999999803e-03,1.853013572153875899e+01,1.564534800000000114e+00,1.696560092153875843e+01,-3.257034427332439197e-01,1.564844966653810676e+00,-8.616693918384044082e-07
-7.150000000000000105e-03,1.853464352153875794e+01,1.564534599999999998e+00,1.697010892153875972e+01,-3.211957213775960551e-01,1.564840512252800409e+00,-7.647751374406652758e-07
-7.100000000000000408e-03,1.853911982153875826e+01,1.564534400000000103e+00,1.697458542153875882e+01,-3.167194063141027804e-01,1.564836089760015092e+00,-7.603224609908920684e-07
-7.049999999999999843e-03,1.854356472153875757e+01,1.564534199999999986e+00,1.697903052153875691e+01,-3.122744976780934545e-01,1.564831699160382339e+00,-7.481760242455948173e-07
-7.000000000000000146e-03,1.854797822153875941e+01,1.564534000000000091e+00,1.698344422153876110e+01,-3.078609956021070015e-01,1.564827340438838199e+00,-7.282032790101311548e-07
-6.949999999999999581e-03,1.855236032153876025e+01,1.564533799999999975e+00,1.698782652153876072e+01,-3.034789002186824569e-01,1.564823013580326494e+00,-7.002716841952860705e-07
-6.899999999999999883e-03,1.855671102153876006e+01,1.564533600000000080e+00,1.699217742153875932e+01,-2.991282116582661410e-01,1.564818718569800815e+00,-6.642507877074876887e-07
-6.850000000000000186e-03,1.856103032153875887e+01,1.564533399999999963e+00,1.699649692153876046e+01,-2.948089300533969781e-01,1.564814455392226522e+00,-6.200080449048073206e-07
-6.799999999999999621e-03,1.856531812153875904e+01,1.564533200000000068e+00,1.700078492153875942e+01,-2.905210555310334120e-01,1.564810224032583630e+00,-6.674164971798290935e-07
-6.749999999999999924e-03,1.856957462153875937e+01,1.564532999999999952e+00,1.700504162153875853e+01,-2.862645882223193161e-01,1.564806024475864810e+00,-6.063449866644532449e-07
-6.700000000000000226e-03,1.857379972153875869e+01,1.564532800000000057e+00,1.700926692153876019e+01,-2.820395282535155257e-01,1.564801856707080940e+00,-5.366672510831449472e-07
-6.649999999999999661e-03,1.857799332153875937e+01,1.564532599999999940e+00,1.701346072153875966e+01,-2.778458757508828758e-01,1.564797720711260220e+00,-5.582570246076556941e-07
-6.599999999999999964e-03,1.858215562153876022e+01,1.564532400000000045e+00,1.701762322153875928e+01,-2.736836308413797547e-01,1.564793616473450166e+00,-4.709873486774540652e-07
-6.550000000000000266e-03,1.858628642153875887e+01,1.564532199999999929e+00,1.702175422153876028e+01,-2.695527936484767850e-01,1.564789543978721165e+00,-4.747347368549981184e-07
-6.499999999999999702e-03,1.859038582153876007e+01,1.564532000000000034e+00,1.702585382153876026e+01,-2.654533642977371377e-01,1.564785503212164919e+00,-4.693736315175556228e-07
-6.450000000000000004e-03,1.859445382153876025e+01,1.564531799999999917e+00,1.702992202153875922e+01,-2.613853429105387205e-01,1.564781494158898667e+00,-4.547826435441493231e-07
-6.400000000000000307e-03,1.859849052153875704e+01,1.564531600000000022e+00,1.703395892153875835e+01,-2.573487296096543808e-01,1.564777516804065405e+00,-3.308390006395711680e-07
-6.349999999999999742e-03,1.860249572153875874e+01,1.564531399999999906e+00,1.703796432153875884e+01,-2.533435245164620819e-01,1.564773571132836327e+00,-2.974213124673497077e-07
-6.300000000000000044e-03,1.860646952153875944e+01,1.564531200000000011e+00,1.704193832153875832e+01,-2.493697277502468779e-01,1.564769657130411273e+00,-2.544102954971094732e-07
-6.250000000000000347e-03,1.861041182153875795e+01,1.564530999999999894e+00,1.704588082153875916e+01,-2.454273394309914036e-01,1.564765774782022278e+00,-3.016859579929587198e-07
-6.199999999999999782e-03,1.861432282153876017e+01,1.564530999999999894e+00,1.704979182153876138e+01,-2.415163596758881093e-01,1.564761924072933574e+00,-4.391311030360611767e-07
-6.150000000000000085e-03,1.861820242153875782e+01,1.564530999999999894e+00,1.705367142153875903e+01,-2.376367886035244403e-01,1.564758104988443810e+00,-5.666271469806360983e-07
-6.100000000000000387e-03,1.862205062153875801e+01,1.564530999999999894e+00,1.705751962153875922e+01,-2.337886263290001321e-01,1.564754317513888049e+00,-6.840589712453493121e-07
-6.049999999999999822e-03,1.862586732153875957e+01,1.564530999999999894e+00,1.706133632153876079e+01,-2.299718729688099705e-01,1.564750561634637771e+00,-8.913100835172826919e-07
-6.000000000000000125e-03,1.862965272153875773e+01,1.564530999999999894e+00,1.706512172153875895e+01,-2.261865286366584460e-01,1.564746837336105312e+00,-9.882667804106404219e-07
-5.950000000000000427e-03,1.863340662153875726e+01,1.564530799999999999e+00,1.706887582153875726e+01,-2.224325934462500765e-01,1.564743144603742753e+00,-9.748153466659914557e-07
-5.899999999999999863e-03,1.863712912153875934e+01,1.564530599999999882e+00,1.707259852153875812e+01,-2.187100675105918268e-01,1.564739483423045252e+00,-9.508427680771092128e-07
-5.850000000000000165e-03,1.864082022153876039e+01,1.564530399999999988e+00,1.707628982153876152e+01,-2.150189509405979194e-01,1.564735853779552377e+00,-9.162381253702278627e-07
-5.799999999999999600e-03,1.864447992153876044e+01,1.564530199999999871e+00,1.707994972153876034e+01,-2.113592438478801017e-01,1.564732255658848548e+00,-8.708898100451278879e-07
-5.749999999999999903e-03,1.864810822153875947e+01,1.564529999999999976e+00,1.708357822153875816e+01,-2.077309463412599089e-01,1.564728689046567256e+00,-8.146889989291139500e-07
-5.700000000000000205e-03,1.865170512153875748e+01,1.564529800000000082e+00,1.708717532153875851e+01,-2.041340585302564015e-01,1.564725153928389512e+00,-7.475261547540412721e-07
-5.649999999999999641e-03,1.865527062153875804e+01,1.564529599999999965e+00,1.709074102153875785e+01,-2.005685805222959250e-01,1.564721650290048061e+00,-6.692938541164039634e-07
-5.599999999999999943e-03,1.865880472153875758e+01,1.564529400000000070e+00,1.709427532153875617e+01,-1.970345124248048252e-01,1.564718178117327607e+00,-5.798846700599824544e-07
-5.550000000000000246e-03,1.866230732153875849e+01,1.564529199999999953e+00,1.709777812153875942e+01,-1.935318543431167326e-01,1.564714737396066591e+00,-5.791932586873826949e-07
-5.499999999999999681e-03,1.866577862153875955e+01,1.564529000000000059e+00,1.710124962153875927e+01,-1.900606063825652781e-01,1.564711328112159849e+00,-4.671142832535224443e-07
-5.449999999999999983e-03,1.866921842153875843e+01,1.564528799999999942e+00,1.710468962153875694e+01,-1.866207686477865391e-01,1.564707950251558843e+00,-4.435431044669257972e-07
-5.400000000000000286e-03,1.867262682153875986e+01,1.564528600000000047e+00,1.710809822153876070e+01,-1.832123412413238228e-01,1.564704603800273874e+00,-4.083771720786444348e-07
-5.349999999999999721e-03,1.867600392153875788e+01,1.564528399999999930e+00,1.711147552153875750e+01,-1.798353242657204643e-01,1.564701288744376084e+00,-2.615139500505847536e-07
-5.300000000000000024e-03,1.867934952153875727e+01,1.564528200000000036e+00,1.711482132153875568e+01,-1.764897178214270834e-01,1.564698005069998565e+00,-2.028529699771297601e-07
-5.250000000000000326e-03,1.868266372153875921e+01,1.564527999999999919e+00,1.711813572153875995e+01,-1.731755220102894344e-01,1.564694752763337471e+00,-1.322923814939258591e-07
-5.199999999999999761e-03,1.868594642153875895e+01,1.564527999999999919e+00,1.712141842153875970e+01,-1.698927369306654223e-01,1.564691531810655123e+00,-3.497338347813183645e-07
-5.150000000000000064e-03,1.868919782153875886e+01,1.564527999999999919e+00,1.712466982153875961e+01,-1.666413626816105054e-01,1.564688342198280457e+00,-4.550782648493623128e-07
-5.100000000000000366e-03,1.869241782153875775e+01,1.564527999999999919e+00,1.712788982153875850e+01,-1.634213993600874271e-01,1.564685183912610356e+00,-5.482287015468045865e-07
-5.049999999999999802e-03,1.869560632153875801e+01,1.564527999999999919e+00,1.713107832153875876e+01,-1.602328470623613221e-01,1.564682056940112753e+00,-7.290888781597004709e-07
-5.000000000000000104e-03,1.869876352153875843e+01,1.564527999999999919e+00,1.713423552153875917e+01,-1.570757058846974363e-01,1.564678961267326640e+00,-7.975625244682760240e-07
-4.950000000000000407e-03,1.870188922153876021e+01,1.564527800000000024e+00,1.713736142153875974e+01,-1.539499759226632958e-01,1.564675896880863837e+00,-7.535540724745715124e-07
-4.899999999999999842e-03,1.870498352153875743e+01,1.564527599999999907e+00,1.714045592153875930e+01,-1.508556572683386887e-01,1.564672863767411659e+00,-6.969714405613558483e-07
-4.850000000000000144e-03,1.870804642153875719e+01,1.564527400000000013e+00,1.714351902153875784e+01,-1.477927500145008732e-01,1.564669861913733806e+00,-6.277218425054797990e-07
-4.799999999999999580e-03,1.871107792153875948e+01,1.564527199999999896e+00,1.714655072153875892e+01,-1.447612542546247438e-01,1.564666891306670804e+00,-5.457117957519130869e-07
-4.749999999999999882e-03,1.871407802153875721e+01,1.564527000000000001e+00,1.714955102153875544e+01,-1.417611700786972906e-01,1.564663951933144226e+00,-4.508513207213127316e-07
-4.700000000000000185e-03,1.871704672153875748e+01,1.564527000000000001e+00,1.715251972153875926e+01,-1.387924975767055313e-01,1.564661043780155358e+00,-5.430504153025594860e-07
-4.649999999999999620e-03,1.871998392153875912e+01,1.564527000000000001e+00,1.715545692153875734e+01,-1.358552368379389030e-01,1.564658166834788977e+00,-7.222197986322953511e-07
-4.599999999999999922e-03,1.872288982153875736e+01,1.564527000000000001e+00,1.715836282153875914e+01,-1.329493879502917086e-01,1.564655321084212902e+00,-7.882715600260326028e-07
-4.550000000000000225e-03,1.872576422153875697e+01,1.564527000000000001e+00,1.716123722153875519e+01,-1.300749510009606424e-01,1.564652506515681551e+00,-9.411185111218856036e-07
-4.499999999999999660e-03,1.872860732153876029e+01,1.564527000000000001e+00,1.716408032153876206e+01,-1.272319260757472370e-01,1.564649723116536162e+00,-9.806748337837234430e-07
-4.449999999999999963e-03,1.873141892153875787e+01,1.564526800000000106e+00,1.716689212153875843e+01,-1.244203132611506890e-01,1.564646970874206122e+00,-9.068540407497494016e-07
-4.400000000000000265e-03,1.873419912153875799e+01,1.564526599999999990e+00,1.716967252153875734e+01,-1.216401126401822491e-01,1.564644249776211637e+00,-8.195731062698996539e-07
-4.349999999999999700e-03,1.873694792153875710e+01,1.564526400000000095e+00,1.717242152153875878e+01,-1.188913242965507350e-01,1.564641559810163729e+00,-7.187483213044743025e-07
-4.300000000000000003e-03,1.873966522153875758e+01,1.564526199999999978e+00,1.717513902153875804e+01,-1.161739483132674527e-01,1.564638900963767121e+00,-7.042966743142642372e-07
-4.250000000000000305e-03,1.874235122153875821e+01,1.564526000000000083e+00,1.717782522153875746e+01,-1.134879847712509243e-01,1.564636273224820906e+00,-5.761372392498742556e-07
-4.199999999999999740e-03,1.874500582153875783e+01,1.564526000000000083e+00,1.718047982153875708e+01,-1.108334337514197132e-01,1.564633676581220101e+00,-6.341890923522441881e-07
-4.150000000000000043e-03,1.874762892153875882e+01,1.564526000000000083e+00,1.718310292153875807e+01,-1.082102953332972212e-01,1.564631111020957199e+00,-7.783727120624917006e-07
-4.100000000000000346e-03,1.875022063153875962e+01,1.564526000000000083e+00,1.718569463153875887e+01,-1.056185695950117021e-01,1.564628576532123949e+00,-8.986099686580928392e-07
-4.049999999999999781e-03,1.875278095153876023e+01,1.564526000000000083e+00,1.718825495153875949e+01,-1.030582566160865438e-01,1.564626073102911574e+00,-9.948213275379202969e-07
-4.000000000000000083e-03,1.875530985153875818e+01,1.564526000000000083e+00,1.719078385153875743e+01,-1.005293564711621512e-01,1.564623600721613883e+00,-1.096932152222507284e-06
-3.950000000000000386e-03,1.875780733153875701e+01,1.564525799999999967e+00,1.719328153153875860e+01,-9.803186923697163047e-02,1.564621159376627269e+00,-1.004865701759172225e-06
-3.899999999999999821e-03,1.876027341153875838e+01,1.564525600000000072e+00,1.719574781153875875e+01,-9.556579498815535867e-02,1.564618749056453373e+00,-8.985473378686492651e-07
-3.850000000000000124e-03,1.876270807153875708e+01,1.564525399999999955e+00,1.719818267153875624e+01,-9.313113380005129394e-02,1.564616369749698865e+00,-7.979017198067595018e-07
-3.799999999999999992e-03,1.876511132153875749e+01,1.564525200000000060e+00,1.720058612153875899e+01,-9.072788574381195070e-02,1.564614021445078551e+00,-6.928576823383991723e-07
-3.749999999999999861e-03,1.876748315153875879e+01,1.564524999999999944e+00,1.720295815153875907e+01,-8.835605089268258605e-02,1.564611704131415149e+00,-5.933419870984835143e-07
-3.700000000000000164e-03,1.876982357153875824e+01,1.564524999999999944e+00,1.720529857153875852e+01,-8.601562931781568666e-02,1.564609417797642399e+00,-6.892834747418419283e-07
-3.650000000000000033e-03,1.877213258153875941e+01,1.564524999999999944e+00,1.720760758153875969e+01,-8.370662108827107983e-02,1.564607162432804177e+00,-7.806130852827664057e-07
-3.599999999999999901e-03,1.877441018153875874e+01,1.564524999999999944e+00,1.720988518153875901e+01,-8.142902627450369912e-02,1.564604938026058489e+00,-8.672603613035789749e-07
-3.550000000000000204e-03,1.877665636153875894e+01,1.564524999999999944e+00,1.721213136153875922e+01,-7.918284494487576319e-02,1.564602744566675474e+00,-9.591569316569348302e-07
-3.500000000000000073e-03,1.877887113153875731e+01,1.564524999999999944e+00,1.721434613153875759e+01,-7.696807716565677582e-02,1.564600582044042509e+00,-1.046236530299893275e-06
-3.449999999999999942e-03,1.878105448153876011e+01,1.564524800000000049e+00,1.721652968153875918e+01,-7.478472300381380777e-02,1.564598450447662659e+00,-9.384321870697931445e-07
-3.399999999999999811e-03,1.878320642153875752e+01,1.564524599999999932e+00,1.721868182153875892e+01,-7.263278252561636283e-02,1.564596349767156669e+00,-8.256776240500585118e-07
-3.350000000000000113e-03,1.878532695153876020e+01,1.564524400000000037e+00,1.722080255153876038e+01,-7.051225579524122988e-02,1.564594279992265191e+00,-7.079086685735092033e-07
-3.299999999999999982e-03,1.878741606153876020e+01,1.564524199999999921e+00,1.722289186153875917e+01,-6.842314287547002216e-02,1.564592241112847892e+00,-5.950625343587034877e-07
-3.249999999999999851e-03,1.878947376153875837e+01,1.564524000000000026e+00,1.722494976153875967e+01,-6.636544382908439454e-02,1.564590233118887674e+00,-4.770764370221058925e-07
-3.200000000000000153e-03,1.879150005153875824e+01,1.564524000000000026e+00,1.722697605153875955e+01,-6.433915871956354116e-02,1.564588256000489563e+00,-5.538868954602094163e-07
-3.150000000000000022e-03,1.879349492153875900e+01,1.564524000000000026e+00,1.722897092153876031e+01,-6.234428760550366627e-02,1.564586309747882265e+00,-6.354353061510664702e-07
-3.099999999999999891e-03,1.879545837153875709e+01,1.564524000000000026e+00,1.723093437153875840e+01,-6.038083054759366131e-02,1.564584394351420382e+00,-7.216609851923294627e-07
-3.050000000000000194e-03,1.879739042153875772e+01,1.564524000000000026e+00,1.723286642153875903e+01,-5.844878760512729754e-02,1.564582509801584642e+00,-7.925046325851781148e-07
-3.000000000000000062e-03,1.879929105153875923e+01,1.564524000000000026e+00,1.723476705153876054e+01,-5.654815883530562443e-02,1.564580656088983446e+00,-8.679090477414774796e-07
-2.949999999999999931e-03,1.880116026153875808e+01,1.564523800000000131e+00,1.723663646153875817e+01,-5.467894429672483236e-02,1.564578833204353758e+00,-7.478156298645899369e-07
-2.899999999999999800e-03,1.880299806153875863e+01,1.564523600000000014e+00,1.723847446153875751e+01,-5.284114404309809415e-02,1.564577041138562663e+00,-6.221706598807941191e-07
-2.850000000000000103e-03,1.880480445153875735e+01,1.564523400000000120e+00,1.724028105153875856e+01,-5.103475813092887836e-02,1.564575279882608250e+00,-4.909176354317423829e-07
-2.799999999999999972e-03,1.880657942153875695e+01,1.564523200000000003e+00,1.724205622153875694e+01,-4.925978661462793173e-02,1.564573549427620724e+00,-3.640021510875612876e-07
-2.749999999999999840e-03,1.880832297153875743e+01,1.564523000000000108e+00,1.724379997153875621e+01,-4.751622954651328612e-02,1.564571849764862854e+00,-2.413718753757621016e-07
-2.700000000000000143e-03,1.881003512153876045e+01,1.564523000000000108e+00,1.724551212153875923e+01,-4.580408697960054037e-02,1.564570180885732853e+00,-3.029737882798144710e-07
-2.650000000000000012e-03,1.881171585153875725e+01,1.564523000000000108e+00,1.724719285153875603e+01,-4.412335896551014547e-02,1.564568542781763494e+00,-3.687562823984080751e-07
-2.599999999999999881e-03,1.881336516153875849e+01,1.564523000000000108e+00,1.724884216153875727e+01,-4.247404555376984442e-02,1.564566935444623441e+00,-4.386698186920057196e-07
-2.550000000000000183e-03,1.881498306153875788e+01,1.564523000000000108e+00,1.725046006153875666e+01,-4.085614679460492643e-02,1.564565358866119693e+00,-5.026641680672128132e-07
-2.500000000000000052e-03,1.881656954153875816e+01,1.564523000000000108e+00,1.725204654153875694e+01,-3.926966273614799358e-02,1.564563813038197582e+00,-5.706911956337989977e-07
-2.449999999999999921e-03,1.881812461153876015e+01,1.564523000000000108e+00,1.725360161153875893e+01,-3.771459342583405316e-02,1.564562297952940995e+00,-6.327034682840348978e-07
-2.399999999999999790e-03,1.881964827153876030e+01,1.564523000000000108e+00,1.725512527153875908e+01,-3.619093891109811251e-02,1.564560813602575040e+00,-6.886535501848811691e-07
-2.350000000000000092e-03,1.882114050153875695e+01,1.564523000000000108e+00,1.725661750153875573e+01,-3.469869923658488314e-02,1.564559359979465603e+00,-7.584967960383437457e-07
-2.299999999999999961e-03,1.882260133153875969e+01,1.564523000000000108e+00,1.725807833153875848e+01,-3.323787444763667137e-02,1.564557937076121563e+00,-8.121878494193879305e-07
-2.249999999999999830e-03,1.882403074153875977e+01,1.564523000000000108e+00,1.725950774153875855e+01,-3.180846458820060785e-02,1.564556544885194134e+00,-8.696827755727554177e-07
-2.200000000000000133e-03,1.882542873153875718e+01,1.564523000000000108e+00,1.726090573153875596e+01,-3.041046970082868922e-02,1.564555183399478855e+00,-9.309390200940015347e-07
-2.150000000000000001e-03,1.882679531153875985e+01,1.564523000000000108e+00,1.726227231153875863e+01,-2.904388982737534167e-02,1.564553852611916263e+00,-9.859147169777315867e-07
-2.099999999999999870e-03,1.882813048153875712e+01,1.564523000000000108e+00,1.726360748153875591e+01,-2.770872500969498789e-02,1.564552552515593442e+00,-1.034568018809522982e-06
-2.050000000000000173e-03,1.882943423153875884e+01,1.564523000000000108e+00,1.726491123153875762e+01,-2.640497528685175135e-02,1.564551283103743362e+00,-1.086859850119026305e-06
-2.000000000000000042e-03,1.883070656153875788e+01,1.564523000000000108e+00,1.726618356153875666e+01,-2.513264069860733294e-02,1.564550044369746651e+00,-1.142750459592889456e-06
-1.949999999999999910e-03,1.883194748153875864e+01,1.564522799999999991e+00,1.726742468153875976e+01,-2.389172128263071515e-02,1.564548836307132706e+00,-9.922021675379255612e-07
-1.899999999999999996e-03,1.883315699153875755e+01,1.564522600000000097e+00,1.726863439153875746e+01,-2.268221707659087705e-02,1.564547658909579697e+00,-8.351773104209314624e-07
-1.850000000000000082e-03,1.883433508153875735e+01,1.564522399999999980e+00,1.726981268153875604e+01,-2.150412811606407584e-02,1.564546512170915893e+00,-6.816403086418176827e-07
-1.799999999999999951e-03,1.883548175153875803e+01,1.564522200000000085e+00,1.727095955153875906e+01,-2.035745443732414617e-02,1.564545396085120332e+00,-5.315548783357826323e-07
-1.750000000000000036e-03,1.883659701153876043e+01,1.564521999999999968e+00,1.727207501153876024e+01,-1.924219607385462341e-02,1.564544310646323710e+00,-3.748875485598546220e-07
-1.699999999999999905e-03,1.883768085153876015e+01,1.564521999999999968e+00,1.727315885153875996e+01,-1.815835305983661691e-02,1.564543255848808156e+00,-4.216041276094983914e-07
-1.649999999999999991e-03,1.883873328153875804e+01,1.564521999999999968e+00,1.727421128153875785e+01,-1.710592542805609503e-02,1.564542231687009455e+00,-4.616718314309764537e-07
-1.600000000000000077e-03,1.883975429253876044e+01,1.564521999999999968e+00,1.727523229253876025e+01,-1.608491320920630088e-02,1.564541238155517489e+00,-5.040599617700536328e-07
-1.549999999999999946e-03,1.884074388953875712e+01,1.564521999999999968e+00,1.727622188953875693e+01,-1.509531643398047233e-02,1.564540275249074464e+00,-5.437378334249842737e-07
-1.500000000000000031e-03,1.884170207053875856e+01,1.564521999999999968e+00,1.727718007053875837e+01,-1.413713513237428374e-02,1.564539342962579793e+00,-5.826754367888042907e-07
-1.449999999999999900e-03,1.884262883653875775e+01,1.564521999999999968e+00,1.727810683653875756e+01,-1.321036933368582682e-02,1.564538441291086768e+00,-6.198434832072052814e-07
-1.399999999999999986e-03,1.884352418653875816e+01,1.564521999999999968e+00,1.727900218653875797e+01,-1.231501906512047669e-02,1.564537570229805663e+00,-6.562147589761480049e-07
-1.350000000000000071e-03,1.884438812153875986e+01,1.564521999999999968e+00,1.727986612153875967e+01,-1.145108435318603450e-02,1.564536729774103074e+00,-6.907627607688482385e-07
-1.299999999999999940e-03,1.884522064053875923e+01,1.564521999999999968e+00,1.728069864053875904e+01,-1.061856522369272748e-02,1.564535919919503471e+00,-7.244616746504561888e-07
-1.250000000000000026e-03,1.884602174353875981e+01,1.564521999999999968e+00,1.728149974353875962e+01,-9.817461702450781119e-03,1.564535140661688750e+00,-7.572856866033816914e-07
-1.199999999999999895e-03,1.884679143153875813e+01,1.564521999999999968e+00,1.728226943153875794e+01,-9.047773813875276475e-03,1.564534391996499352e+00,-7.882103858491973369e-07
-1.149999999999999981e-03,1.884752970453875776e+01,1.564521999999999968e+00,1.728300770453875757e+01,-8.309501579590997111e-03,1.564533673919934698e+00,-8.172141470197402668e-07
-1.100000000000000066e-03,1.884823656053875851e+01,1.564521999999999968e+00,1.728371456053875832e+01,-7.602645022617876211e-03,1.564532986428153860e+00,-8.462739415904252382e-07
-1.049999999999999935e-03,1.884891200153875701e+01,1.564521999999999968e+00,1.728439000153875682e+01,-6.927204163883123392e-03,1.564532329517475562e+00,-8.733688510176307318e-07
-1.000000000000000021e-03,1.884955602667335839e+01,1.564521999999999968e+00,1.728503402667335820e+01,-6.283179023616376931e-03,1.564531703184378619e+00,-8.993440339111202775e-07
-9.499999999999999981e-04,1.885016863603875947e+01,1.564521999999999968e+00,1.728564663603875928e+01,-5.670569622047274237e-03,1.564531107425503720e+00,-9.240830678436395829e-07
-8.999999999999999754e-04,1.885074982953875988e+01,1.564521999999999968e+00,1.728622782953875969e+01,-5.089375976615156949e-03,1.564530542237651423e+00,-9.476647164774476551e-07
-8.499999999999999526e-04,1.885129960753875977e+01,1.564521999999999968e+00,1.728677760753875958e+01,-4.539598104759367571e-03,1.564530007617785046e+00,-9.697061322810895945e-07
-8.000000000000000383e-04,1.885181796953875732e+01,1.564521999999999968e+00,1.728729596953875713e+01,-4.021236023221675532e-03,1.564529503563029111e+00,-9.906905731327242393e-07
-7.500000000000000156e-04,1.885230491553875964e+01,1.564521999999999968e+00,1.728778291553875945e+01,-3.534289747348702375e-03,1.564529030070671345e+00,-1.010602694861972850e-06
-6.999999999999999929e-04,1.885276044653875971e+01,1.564521999999999968e+00,1.728823844653875952e+01,-3.078759291789495266e-03,1.564528587138161564e+00,-1.028427845994883683e-06
-6.499999999999999702e-04,1.885318456053875735e+01,1.564521999999999968e+00,1.728866256053875716e+01,-2.654644670495528297e-03,1.564528174763112123e+00,-1.046152078743034508e-06
-5.999999999999999474e-04,1.885357725953875985e+01,1.564521999999999968e+00,1.728905525953875966e+01,-2.261945896023128105e-03,1.564527792943300355e+00,-1.061762826992662667e-06
-5.500000000000000331e-04,1.885393854253876000e+01,1.564521999999999968e+00,1.728941654253875981e+01,-1.900662980231047818e-03,1.564527441676665465e+00,-1.076248238973676052e-06
-5.000000000000000104e-04,1.885426840953875782e+01,1.564521999999999968e+00,1.728974640953875763e+01,-1.570795934280466407e-03,1.564527120961311635e+00,-1.089597155612409551e-06
-4.499999999999999877e-04,1.885456686053876041e+01,1.564521999999999968e+00,1.729004486053876022e+01,-1.272344767239841660e-03,1.564526830795506473e+00,-1.101800496172700150e-06
-4.000000000000000192e-04,1.885483389653875719e+01,1.564521999999999968e+00,1.729031189653875700e+01,-1.005309488177632236e-03,1.564526571177682346e+00,-1.111849208257353894e-06
-3.499999999999999964e-04,1.885506951553875865e+01,1.564521999999999968e+00,1.729054751553875846e+01,-7.696901054647221994e-04,1.564526342106435930e+00,-1.121734904074855876e-06
-2.999999999999999737e-04,1.885527371953875786e+01,1.564521999999999968e+00,1.729075171953875767e+01,-5.654866267744223206e-04,1.564526143580528439e+00,-1.129449923809033862e-06
-2.500000000000000052e-04,1.885544650653875820e+01,1.564521999999999968e+00,1.729092450653875801e+01,-3.926990569897484667e-04,1.564525975598886287e+00,-1.136989371985919206e-06
-2.000000000000000096e-04,1.885558787853875984e+01,1.564521999999999968e+00,1.729106587853875965e+01,-2.513274023888640110e-04,1.564525838160600424e+00,-1.142346977900388083e-06
-1.499999999999999869e-04,1.885569783353875906e+01,1.564521999999999968e+00,1.729117583353875887e+01,-1.413716657620636686e-04,1.564525731264927444e+00,-1.147519952837683377e-06
-1.000000000000000048e-04,1.885577637353875957e+01,1.564521999999999968e+00,1.729125437353875938e+01,-6.283185268993710007e-05,1.564525654911288477e+00,-1.150502711766421271e-06
-5.000000000000000240e-05,1.885582349753875775e+01,1.564521999999999968e+00,1.729130149753875756e+01,-1.570796317248427502e-05,1.564525609099270742e+00,-1.152295254769342137e-06
0.000000000000000000e+00,1.885583920553875714e+01,1.564521999999999968e+00,1.729131720553875695e+01,0.000000000000000000e+00,1.564525593828625549e+00,-1.152894792966208115e-06
5.000000000000000240e-05,1.885582349753875775e+01,1.564521999999999968e+00,1.729130149753875756e+01,-1.570796317248427502e-05,1.564525609099270742e+00,-1.152301322804305528e-06
1.000000000000000048e-04,1.885577637353875957e+01,1.564521999999999968e+00,1.729125437353875938e+01,-6.283185268993710007e-05,1.564525654911288477e+00,-1.150514847836348054e-06
1.499999999999999869e-04,1.885569783353875906e+01,1.564521999999999968e+00,1.729117583353875887e+01,-1.413716657620636686e-04,1.564525731264927444e+00,-1.147538164048000908e-06
2.000000000000000096e-04,1.885558787853875984e+01,1.564521999999999968e+00,1.729106587853875965e+01,-2.513274023888640110e-04,1.564525838160600424e+00,-1.142371257145669006e-06
2.500000000000000052e-04,1.885544650653875820e+01,1.564521999999999968e+00,1.729092450653875801e+01,-3.926990569897484667e-04,1.564525975598886287e+00,-1.137019719266163520e-06
2.999999999999999737e-04,1.885527371953875786e+01,1.564521999999999968e+00,1.729075171953875767e+01,-5.654866267744223206e-04,1.564526143580528439e+00,-1.129486339124241567e-06
3.499999999999999964e-04,1.885506951553875865e+01,1.564521999999999968e+00,1.729054751553875846e+01,-7.696901054647221994e-04,1.564526342106435930e+00,-1.121777394530454330e-06
4.000000000000000192e-04,1.885483389653875719e+01,1.564521999999999968e+00,1.729031189653875700e+01,-1.005309488177632236e-03,1.564526571177682346e+00,-1.111897766747915739e-06
4.499999999999999877e-04,1.885456686053876041e+01,1.564521999999999968e+00,1.729004486053876022e+01,-1.272344767239841660e-03,1.564526830795506473e+00,-1.101855122698225387e-06
5.000000000000000104e-04,1.885426840953875782e+01,1.564521999999999968e+00,1.728974640953875763e+01,-1.570795934280466407e-03,1.564527120961311635e+00,-1.089657850172898179e-06
5.500000000000000331e-04,1.885393854253876000e+01,1.564521999999999968e+00,1.728941654253875981e+01,-1.900662980231047818e-03,1.564527441676665465e+00,-1.076315008674555429e-06
5.999999999999999474e-04,1.885357725953875985e+01,1.564521999999999968e+00,1.728905525953875966e+01,-2.261945896023128105e-03,1.564527792943300355e+00,-1.061835664728505435e-06
6.499999999999999702e-04,1.885318456053875735e+01,1.564521999999999968e+00,1.728866256053875716e+01,-2.654644670495528297e-03,1.564528174763112123e+00,-1.046230984513840667e-06
6.999999999999999929e-04,1.885276044653875971e+01,1.564521999999999968e+00,1.728823844653875952e+01,-3.078759291789495266e-03,1.564528587138161564e+00,-1.028512819800653233e-06
7.500000000000000156e-04,1.885230491553875964e+01,1.564521999999999968e+00,1.728778291553875945e+01,-3.534289747348702375e-03,1.564529030070671345e+00,-1.010693743808133149e-06
8.000000000000000383e-04,1.885181796953875732e+01,1.564521999999999968e+00,1.728729596953875713e+01,-4.021236023221675532e-03,1.564529503563029111e+00,-9.907876901138479298e-07
8.499999999999999526e-04,1.885129960753875977e+01,1.564521999999999968e+00,1.728677760753875958e+01,-4.539598104759367571e-03,1.564530007617785046e+00,-9.698093172971766762e-07
8.999999999999999754e-04,1.885074982953875988e+01,1.564521999999999968e+00,1.728622782953875969e+01,-5.089375976615156949e-03,1.564530542237651423e+00,-9.477739695284981281e-07
9.499999999999999981e-04,1.885016863603875947e+01,1.564521999999999968e+00,1.728564663603875928e+01,-5.670569622047274237e-03,1.564531107425503720e+00,-9.241983960350808047e-07
1.000000000000000021e-03,1.884955602667335839e+01,1.564521999999999968e+00,1.728503402667335820e+01,-6.283179023616376931e-03,1.564531703184378619e+00,-8.994654301375248906e-07
1.049999999999999935e-03,1.884891200153875701e+01,1.564521999999999968e+00,1.728439000153875682e+01,-6.927204163883123392e-03,1.564532329517475562e+00,-8.734963152789987362e-07
1.100000000000000066e-03,1.884823656053875851e+01,1.564521999999999968e+00,1.728371456053875832e+01,-7.602645022617876211e-03,1.564532986428153860e+00,-8.464074738867566339e-07
1.149999999999999981e-03,1.884752970453875776e+01,1.564521999999999968e+00,1.728300770453875757e+01,-8.309501579590997111e-03,1.564533673919934698e+00,-8.173537473510350537e-07
1.199999999999999895e-03,1.884679143153875813e+01,1.564521999999999968e+00,1.728226943153875794e+01,-9.047773813875276475e-03,1.564534391996499352e+00,-7.883560613208828727e-07
1.250000000000000026e-03,1.884602174353875981e+01,1.564521999999999968e+00,1.728149974353875962e+01,-9.817461702450781119e-03,1.564535140661688750e+00,-7.574374301100306184e-07
1.299999999999999940e-03,1.884522064053875923e+01,1.564521999999999968e+00,1.728069864053875904e+01,-1.061856522369272748e-02,1.564535919919503471e+00,-7.246194861920685071e-07
1.350000000000000071e-03,1.884438812153875986e+01,1.564521999999999968e+00,1.727986612153875967e+01,-1.145108435318603450e-02,1.564536729774103074e+00,-6.909266403454239480e-07
1.399999999999999986e-03,1.884352418653875816e+01,1.564521999999999968e+00,1.727900218653875797e+01,-1.231501906512047669e-02,1.564537570229805663e+00,-6.563847136931144632e-07
1.449999999999999900e-03,1.884262883653875775e+01,1.564521999999999968e+00,1.727810683653875756e+01,-1.321036933368582682e-02,1.564538441291086768e+00,-6.200195059591351310e-07
1.500000000000000031e-03,1.884170207053875856e+01,1.564521999999999968e+00,1.727718007053875837e+01,-1.413713513237428374e-02,1.564539342962579793e+00,-5.828575275756975316e-07
1.549999999999999946e-03,1.884074388953875712e+01,1.564521999999999968e+00,1.727622188953875693e+01,-1.509531643398047233e-02,1.564540275249074464e+00,-5.439259922468409059e-07
1.600000000000000077e-03,1.883975429253876044e+01,1.564521999999999968e+00,1.727523229253876025e+01,-1.608491320920630088e-02,1.564541238155517489e+00,-5.042541957323010138e-07
1.649999999999999991e-03,1.883873328153875804e+01,1.564521999999999968e+00,1.727421128153875785e+01,-1.710592542805609503e-02,1.564542231687009455e+00,-4.618721334281872259e-07
1.699999999999999905e-03,1.883768085153876015e+01,1.564521999999999968e+00,1.727315885153875996e+01,-1.815835305983661691e-02,1.564543255848808156e+00,-4.218104976416725549e-07
1.750000000000000036e-03,1.883659701153876043e+01,1.564521999999999968e+00,1.727207501153876024e+01,-1.924219607385462341e-02,1.564544310646323710e+00,-3.750999866269921768e-07
1.799999999999999951e-03,1.883548175153875803e+01,1.564522200000000085e+00,1.727095955153875906e+01,-2.035745443732414617e-02,1.564545396085120332e+00,-5.317733915433109360e-07
1.850000000000000082e-03,1.883433508153875735e+01,1.564522399999999980e+00,1.726981268153875604e+01,-2.150412811606407584e-02,1.564546512170915893e+00,-6.818648898843093775e-07
1.899999999999999996e-03,1.883315699153875755e+01,1.564522600000000097e+00,1.726863439153875746e+01,-2.268221707659087705e-02,1.564547658909579697e+00,-8.354079596983865486e-07
1.949999999999999910e-03,1.883194748153875864e+01,1.564522799999999991e+00,1.726742468153875976e+01,-2.389172128263071515e-02,1.564548836307132706e+00,-9.924388848503440386e-07
2.000000000000000042e-03,1.883070656153875788e+01,1.564523000000000108e+00,1.726618356153875666e+01,-2.513264069860733294e-02,1.564550044369746651e+00,-1.142993252045698682e-06
2.050000000000000173e-03,1.882943423153875884e+01,1.564523000000000108e+00,1.726491123153875762e+01,-2.640497528685175135e-02,1.564551283103743362e+00,-1.087108710606798923e-06
2.099999999999999870e-03,1.882813048153875712e+01,1.564523000000000108e+00,1.726360748153875591e+01,-2.770872500969498789e-02,1.564552552515593442e+00,-1.034822947332258991e-06
2.150000000000000001e-03,1.882679531153875985e+01,1.564523000000000108e+00,1.726227231153875863e+01,-2.904388982737534167e-02,1.564553852611916263e+00,-9.861757135354309867e-07
2.200000000000000133e-03,1.882542873153875718e+01,1.564523000000000108e+00,1.726090573153875596e+01,-3.041046970082868922e-02,1.564555183399478855e+00,-9.312060846866643260e-07
2.249999999999999830e-03,1.882403074153875977e+01,1.564523000000000108e+00,1.725950774153875855e+01,-3.180846458820060785e-02,1.564556544885194134e+00,-8.699559153058089578e-07
2.299999999999999961e-03,1.882260133153875969e+01,1.564523000000000108e+00,1.725807833153875848e+01,-3.323787444763667137e-02,1.564557937076121563e+00,-8.124670571874048619e-07
2.350000000000000092e-03,1.882114050153875695e+01,1.564523000000000108e+00,1.725661750153875573e+01,-3.469869923658488314e-02,1.564559359979465603e+00,-7.587820718413240684e-07
2.399999999999999790e-03,1.881964827153876030e+01,1.564523000000000108e+00,1.725512527153875908e+01,-3.619093891109811251e-02,1.564560813602575040e+00,-6.889448940228248830e-07
2.449999999999999921e-03,1.881812461153876015e+01,1.564523000000000108e+00,1.725360161153875893e+01,-3.771459342583405316e-02,1.564562297952940995e+00,-6.330008872623693605e-07
2.500000000000000052e-03,1.881656954153875816e+01,1.564523000000000108e+00,1.725204654153875694e+01,-3.926966273614799358e-02,1.564563813038197582e+00,-5.709946826470968517e-07
2.550000000000000183e-03,1.881498306153875788e+01,1.564523000000000108e+00,1.725046006153875666e+01,-4.085614679460492643e-02,1.564565358866119693e+00,-5.029737231154740584e-07
2.599999999999999881e-03,1.881336516153875849e+01,1.564523000000000108e+00,1.724884216153875727e+01,-4.247404555376984442e-02,1.564566935444623441e+00,-4.389854417752303561e-07
2.650000000000000012e-03,1.881171585153875725e+01,1.564523000000000108e+00,1.724719285153875603e+01,-4.412335896551014547e-02,1.564568542781763494e+00,-3.690779806220234605e-07
2.700000000000000143e-03,1.881003512153876045e+01,1.564523000000000108e+00,1.724551212153875923e+01,-4.580408697960054037e-02,1.564570180885732853e+00,-3.033015545383932476e-07
2.749999999999999840e-03,1.880832297153875743e+01,1.564523000000000108e+00,1.724379997153875621e+01,-4.751622954651328612e-02,1.564571849764862854e+00,-2.417057096693042695e-07
2.799999999999999972e-03,1.880657942153875695e+01,1.564523200000000003e+00,1.724205622153875694e+01,-4.925978661462793173e-02,1.564573549427620724e+00,-3.643420534160668467e-07
2.850000000000000103e-03,1.880480445153875735e+01,1.564523400000000120e+00,1.724028105153875856e+01,-5.103475813092887836e-02,1.564575279882608250e+00,-4.912636129006386909e-07
2.899999999999999800e-03,1.880299806153875863e+01,1.564523600000000014e+00,1.723847446153875751e+01,-5.284114404309809415e-02,1.564577041138562663e+00,-6.225227053846538183e-07
2.949999999999999931e-03,1.880116026153875808e+01,1.564523800000000131e+00,1.723663646153875817e+01,-5.467894429672483236e-02,1.564578833204353758e+00,-7.481737434034130274e-07
3.000000000000000062e-03,1.879929105153875923e+01,1.564524000000000026e+00,1.723476705153876054e+01,-5.654815883530562443e-02,1.564580656088983446e+00,-8.682732293152639613e-07
3.050000000000000194e-03,1.879739042153875772e+01,1.564524000000000026e+00,1.723286642153875903e+01,-5.844878760512729754e-02,1.564582509801584642e+00,-7.928748892993553454e-07
3.099999999999999891e-03,1.879545837153875709e+01,1.564524000000000026e+00,1.723093437153875840e+01,-6.038083054759366131e-02,1.564584394351420382e+00,-7.220373099414700846e-07
3.150000000000000022e-03,1.879349492153875900e+01,1.564524000000000026e+00,1.722897092153876031e+01,-6.234428760550366627e-02,1.564586309747882265e+00,-6.358176989351704833e-07
3.200000000000000153e-03,1.879150005153875824e+01,1.564524000000000026e+00,1.722697605153875955e+01,-6.433915871956354116e-02,1.564588256000489563e+00,-5.542753562792768207e-07
3.249999999999999851e-03,1.878947376153875837e+01,1.564524000000000026e+00,1.722494976153875967e+01,-6.636544382908439454e-02,1.564590233118887674e+00,-4.774709658761366882e-07
3.299999999999999982e-03,1.878741606153876020e+01,1.564524199999999921e+00,1.722289186153875917e+01,-6.842314287547002216e-02,1.564592241112847892e+00,-5.954631383531250322e-07
3.350000000000000113e-03,1.878532695153876020e+01,1.564524400000000037e+00,1.722080255153876038e+01,-7.051225579524122988e-02,1.564594279992265191e+00,-7.083153406028941390e-07
3.399999999999999811e-03,1.878320642153875752e+01,1.564524599999999932e+00,1.721868182153875892e+01,-7.263278252561636283e-02,1.564596349767156669e+00,-8.260903641144068388e-07
3.449999999999999942e-03,1.878105448153876011e+01,1.564524800000000049e+00,1.721652968153875918e+01,-7.478472300381380777e-02,1.564598450447662659e+00,-9.388509951691048627e-07
3.500000000000000073e-03,1.877887113153875731e+01,1.564524999999999944e+00,1.721434613153875759e+01,-7.696807716565677582e-02,1.564600582044042509e+00,-1.046661413539595742e-06
3.550000000000000204e-03,1.877665636153875894e+01,1.564524999999999944e+00,1.721213136153875922e+01,-7.918284494487576319e-02,1.564602744566675474e+00,-9.595878829316006886e-07
3.599999999999999901e-03,1.877441018153875874e+01,1.564524999999999944e+00,1.720988518153875901e+01,-8.142902627450369912e-02,1.564604938026058489e+00,-8.676973806132082245e-07
3.650000000000000033e-03,1.877213258153875941e+01,1.564524999999999944e+00,1.720760758153875969e+01,-8.370662108827107983e-02,1.564607162432804177e+00,-7.810561726273590466e-07
3.700000000000000164e-03,1.876982357153875824e+01,1.564524999999999944e+00,1.720529857153875852e+01,-8.601562931781568666e-02,1.564609417797642399e+00,-6.897326372268253181e-07
3.749999999999999861e-03,1.876748315153875879e+01,1.564524999999999944e+00,1.720295815153875907e+01,-8.835605089268258605e-02,1.564611704131415149e+00,-5.937972176184302953e-07
3.799999999999999992e-03,1.876511132153875749e+01,1.564525200000000060e+00,1.720058612153875899e+01,-9.072788574381195070e-02,1.564614021445078551e+00,-6.933189808933093445e-07
3.850000000000000124e-03,1.876270807153875708e+01,1.564525399999999955e+00,1.719818267153875624e+01,-9.313113380005129394e-02,1.564616369749698865e+00,-7.983690863966330653e-07
3.899999999999999821e-03,1.876027341153875838e+01,1.564525600000000072e+00,1.719574781153875875e+01,-9.556579498815535867e-02,1.564618749056453373e+00,-8.990207795989135775e-07
3.950000000000000386e-03,1.875780733153875701e+01,1.564525799999999967e+00,1.719328153153875860e+01,-9.803186923697163047e-02,1.564621159376627269e+00,-1.005345211524399929e-06
4.000000000000000083e-03,1.875530985153875818e+01,1.564526000000000083e+00,1.719078385153875743e+01,-1.005293564711621512e-01,1.564623600721613883e+00,-1.097417730022698379e-06
4.049999999999999781e-03,1.875278095153876023e+01,1.564526000000000083e+00,1.718825495153875949e+01,-1.030582566160865438e-01,1.564626073102911574e+00,-9.953129733730747830e-07
4.100000000000000346e-03,1.875022063153875962e+01,1.564526000000000083e+00,1.718569463153875887e+01,-1.056185695950117021e-01,1.564628576532123949e+00,-8.991076825282107166e-07
4.150000000000000043e-03,1.874762892153875882e+01,1.564526000000000083e+00,1.718310292153875807e+01,-1.082102953332972212e-01,1.564631111020957199e+00,-7.788765010730003269e-07
4.199999999999999740e-03,1.874500582153875783e+01,1.564526000000000083e+00,1.718047982153875708e+01,-1.108334337514197132e-01,1.564633676581220101e+00,-6.346989493977162056e-07
4.250000000000000305e-03,1.874235122153875821e+01,1.564526000000000083e+00,1.717782522153875746e+01,-1.134879847712509243e-01,1.564636273224820906e+00,-5.766531643303096644e-07
4.300000000000000003e-03,1.873966522153875758e+01,1.564526199999999978e+00,1.717513902153875804e+01,-1.161739483132674527e-01,1.564638900963767121e+00,-7.048186674296630372e-07
4.349999999999999700e-03,1.873694792153875710e+01,1.564526400000000095e+00,1.717242152153875878e+01,-1.188913242965507350e-01,1.564641559810163729e+00,-7.192763895602638513e-07
4.400000000000000265e-03,1.873419912153875799e+01,1.564526599999999990e+00,1.716967252153875734e+01,-1.216401126401822491e-01,1.564644249776211637e+00,-8.201072425606525940e-07
4.449999999999999963e-03,1.873141892153875787e+01,1.564526800000000106e+00,1.716689212153875843e+01,-1.244203132611506890e-01,1.564646970874206122e+00,-9.073942450754657330e-07
4.499999999999999660e-03,1.872860732153876029e+01,1.564527000000000001e+00,1.716408032153876206e+01,-1.272319260757472370e-01,1.564649723116536162e+00,-9.812211061444031657e-07
4.550000000000000225e-03,1.872576422153875697e+01,1.564527000000000001e+00,1.716123722153875519e+01,-1.300749510009606424e-01,1.564652506515681551e+00,-9.416708586229560751e-07
4.599999999999999922e-03,1.872288982153875736e+01,1.564527000000000001e+00,1.715836282153875914e+01,-1.329493879502917086e-01,1.564655321084212902e+00,-7.888299755620664655e-07
4.649999999999999620e-03,1.871998392153875912e+01,1.564527000000000001e+00,1.715545692153875734e+01,-1.358552368379389030e-01,1.564658166834788977e+00,-7.227842822032926051e-07
4.700000000000000185e-03,1.871704672153875748e+01,1.564527000000000001e+00,1.715251972153875926e+01,-1.387924975767055313e-01,1.564661043780155358e+00,-5.436209669085201313e-07
4.749999999999999882e-03,1.871407802153875721e+01,1.564527000000000001e+00,1.714955102153875544e+01,-1.417611700786972906e-01,1.564663951933144226e+00,-4.514279474676641257e-07
4.799999999999999580e-03,1.871107792153875948e+01,1.564527199999999896e+00,1.714655072153875892e+01,-1.447612542546247438e-01,1.564666891306670804e+00,-5.462944905332278722e-07
4.850000000000000144e-03,1.870804642153875719e+01,1.564527400000000013e+00,1.714351902153875784e+01,-1.477927500145008732e-01,1.564669861913733806e+00,-6.283106053217579756e-07
4.899999999999999842e-03,1.870498352153875743e+01,1.564527599999999907e+00,1.714045592153875930e+01,-1.508556572683386887e-01,1.564672863767411659e+00,-6.975662714125974162e-07
4.950000000000000407e-03,1.870188922153876021e+01,1.564527800000000024e+00,1.713736142153875974e+01,-1.539499759226632958e-01,1.564675896880863837e+00,-7.541549784662038292e-07
5.000000000000000104e-03,1.869876352153875843e+01,1.564527999999999919e+00,1.713423552153875917e+01,-1.570757058846974363e-01,1.564678961267326640e+00,-7.981694984948717320e-07
5.049999999999999802e-03,1.869560632153875801e+01,1.564527999999999919e+00,1.713107832153875876e+01,-1.602328470623613221e-01,1.564682056940112753e+00,-7.297019202212595701e-07
5.100000000000000366e-03,1.869241782153875775e+01,1.564527999999999919e+00,1.712788982153875850e+01,-1.634213993600874271e-01,1.564685183912610356e+00,-5.488478116433270770e-07
5.150000000000000064e-03,1.868919782153875886e+01,1.564527999999999919e+00,1.712466982153875961e+01,-1.666413626816105054e-01,1.564688342198280457e+00,-4.557034429808481946e-07
5.199999999999999761e-03,1.868594642153875895e+01,1.564527999999999919e+00,1.712141842153875970e+01,-1.698927369306654223e-01,1.564691531810655123e+00,-3.503650880531949952e-07
5.250000000000000326e-03,1.868266372153875921e+01,1.564527999999999919e+00,1.711813572153875995e+01,-1.731755220102894344e-01,1.564694752763337471e+00,-1.329297028007658810e-07
5.300000000000000024e-03,1.867934952153875727e+01,1.564528200000000036e+00,1.711482132153875568e+01,-1.764897178214270834e-01,1.564698005069998565e+00,-2.034963593189331732e-07
5.349999999999999721e-03,1.867600392153875788e+01,1.564528399999999930e+00,1.711147552153875750e+01,-1.798353242657204643e-01,1.564701288744376084e+00,-2.621634074273515580e-07
5.400000000000000286e-03,1.867262682153875986e+01,1.564528600000000047e+00,1.710809822153876070e+01,-1.832123412413238228e-01,1.564704603800273874e+00,-4.090327045958019880e-07
5.449999999999999983e-03,1.866921842153875843e+01,1.564528799999999942e+00,1.710468962153875694e+01,-1.866207686477865391e-01,1.564707950251558843e+00,-4.442047050190467417e-07
5.499999999999999681e-03,1.866577862153875955e+01,1.564529000000000059e+00,1.710124962153875927e+01,-1.900606063825652781e-01,1.564711328112159849e+00,-4.677819518406067800e-07
5.550000000000000246e-03,1.866230732153875849e+01,1.564529199999999953e+00,1.709777812153875942e+01,-1.935318543431167326e-01,1.564714737396066591e+00,-5.798669953094304219e-07
5.599999999999999943e-03,1.865880472153875758e+01,1.564529400000000070e+00,1.709427532153875617e+01,-1.970345124248048252e-01,1.564718178117327607e+00,-5.805644818224209303e-07
5.649999999999999641e-03,1.865527062153875804e+01,1.564529599999999965e+00,1.709074102153875785e+01,-2.005685805222959250e-01,1.564721650290048061e+00,-6.699797339138058305e-07
5.700000000000000205e-03,1.865170512153875748e+01,1.564529800000000082e+00,1.708717532153875851e+01,-2.041340585302564015e-01,1.564725153928389512e+00,-7.482181025864065305e-07
5.749999999999999903e-03,1.864810822153875947e+01,1.564529999999999976e+00,1.708357822153875816e+01,-2.077309463412599089e-01,1.564728689046567256e+00,-8.153870147964425996e-07
5.799999999999999600e-03,1.864447992153876044e+01,1.564530199999999871e+00,1.707994972153876034e+01,-2.113592438478801017e-01,1.564732255658848548e+00,-8.715939010528472863e-07
5.850000000000000165e-03,1.864082022153876039e+01,1.564530399999999988e+00,1.707628982153876152e+01,-2.150189509405979194e-01,1.564735853779552377e+00,-9.169482844129106525e-07
5.899999999999999863e-03,1.863712912153875934e+01,1.564530599999999882e+00,1.707259852153875812e+01,-2.187100675105918268e-01,1.564739483423045252e+00,-9.515589951547553937e-07
5.950000000000000427e-03,1.863340662153875726e+01,1.564530799999999999e+00,1.706887582153875726e+01,-2.224325934462500765e-01,1.564743144603742753e+00,-9.755376417786010279e-07
6.000000000000000125e-03,1.862965272153875773e+01,1.564530999999999894e+00,1.706512172153875895e+01,-2.261865286366584460e-01,1.564746837336105312e+00,-9.889951506636407430e-07
6.049999999999999822e-03,1.862586732153875957e+01,1.564530999999999894e+00,1.706133632153876079e+01,-2.299718729688099705e-01,1.564750561634637771e+00,-8.920445218052464043e-07
6.100000000000000387e-03,1.862205062153875801e+01,1.564530999999999894e+00,1.705751962153875922e+01,-2.337886263290001321e-01,1.564754317513888049e+00,-6.847994775682764157e-07
6.150000000000000085e-03,1.861820242153875782e+01,1.564530999999999894e+00,1.705367142153875903e+01,-2.376367886035244403e-01,1.564758104988443810e+00,-5.673737213385265932e-07
6.199999999999999782e-03,1.861432282153876017e+01,1.564530999999999894e+00,1.704979182153876138e+01,-2.415163596758881093e-01,1.564761924072933574e+00,-4.398837454289150628e-07
6.250000000000000347e-03,1.861041182153875795e+01,1.564530999999999894e+00,1.704588082153875916e+01,-2.454273394309914036e-01,1.564765774782022278e+00,-3.024446755262033548e-07
6.300000000000000044e-03,1.860646952153875944e+01,1.564531200000000011e+00,1.704193832153875832e+01,-2.493697277502468779e-01,1.564769657130411273e+00,-2.551750810653174995e-07
6.349999999999999742e-03,1.860249572153875874e+01,1.564531399999999906e+00,1.703796432153875884e+01,-2.533435245164620819e-01,1.564773571132836327e+00,-2.981921660705211252e-07
6.400000000000000307e-03,1.859849052153875704e+01,1.564531600000000022e+00,1.703395892153875835e+01,-2.573487296096543808e-01,1.564777516804065405e+00,-3.316159222777059767e-07
6.450000000000000004e-03,1.859445382153876025e+01,1.564531799999999917e+00,1.702992202153875922e+01,-2.613853429105387205e-01,1.564781494158898667e+00,-4.555656403226748807e-07
6.499999999999999702e-03,1.859038582153876007e+01,1.564532000000000034e+00,1.702585382153876026e+01,-2.654533642977371377e-01,1.564785503212164919e+00,-4.701626963310445717e-07
6.550000000000000266e-03,1.858628642153875887e+01,1.564532199999999929e+00,1.702175422153876028e+01,-2.695527936484767850e-01,1.564789543978721165e+00,-4.755298697034504585e-07
6.599999999999999964e-03,1.858215562153876022e+01,1.564532400000000045e+00,1.701762322153875928e+01,-2.736836308413797547e-01,1.564793616473450166e+00,-4.717885495608697966e-07
6.649999999999999661e-03,1.857799332153875937e+01,1.564532599999999940e+00,1.701346072153875966e+01,-2.778458757508828758e-01,1.564797720711260220e+00,-5.590643006314621744e-07
6.700000000000000226e-03,1.857379972153875869e+01,1.564532800000000057e+00,1.700926692153876019e+01,-2.820395282535155257e-01,1.564801856707080940e+00,-5.374805951419148187e-07
6.749999999999999924e-03,1.856957462153875937e+01,1.564532999999999952e+00,1.700504162153875853e+01,-2.862645882223193161e-01,1.564806024475864810e+00,-6.071643987581865076e-07
6.799999999999999621e-03,1.856531812153875904e+01,1.564533200000000068e+00,1.700078492153875942e+01,-2.905210555310334120e-01,1.564810224032583630e+00,-6.682419773085257475e-07
6.850000000000000186e-03,1.856103032153875887e+01,1.564533399999999963e+00,1.699649692153876046e+01,-2.948089300533969781e-01,1.564814455392226522e+00,-6.208396001738947234e-07
6.899999999999999883e-03,1.855671102153876006e+01,1.564533600000000080e+00,1.699217742153875932e+01,-2.991282116582661410e-01,1.564818718569800815e+00,-6.650884110115384829e-07
6.949999999999999581e-03,1.855236032153876025e+01,1.564533799999999975e+00,1.698782652153876072e+01,-3.034789002186824569e-01,1.564823013580326494e+00,-7.011153755343002558e-07
7.000000000000000146e-03,1.854797822153875941e+01,1.564534000000000091e+00,1.698344422153876110e+01,-3.078609956021070015e-01,1.564827340438838199e+00,-7.290530383841087314e-07
7.049999999999999843e-03,1.854356472153875757e+01,1.564534199999999986e+00,1.697903052153875691e+01,-3.122744976780934545e-01,1.564831699160382339e+00,-7.490318587599631428e-07
7.100000000000000408e-03,1.853911982153875826e+01,1.564534400000000103e+00,1.697458542153875882e+01,-3.167194063141027804e-01,1.564836089760015092e+00,-7.611843635402237851e-07
7.150000000000000105e-03,1.853464352153875794e+01,1.564534599999999998e+00,1.697010892153875972e+01,-3.211957213775960551e-01,1.564840512252800409e+00,-7.656431080249603838e-07
7.199999999999999803e-03,1.853013572153875899e+01,1.564534800000000114e+00,1.696560092153875843e+01,-3.257034427332439197e-01,1.564844966653810676e+00,-8.625434304576629074e-07
7.250000000000000368e-03,1.852559662153876019e+01,1.564535000000000009e+00,1.696106162153876085e+01,-3.302425702457170709e-01,1.564849452978122279e+00,-8.520206549178510613e-07
7.300000000000000065e-03,1.852102612153876038e+01,1.564535199999999904e+00,1.695649092153875870e+01,-3.348131037796862053e-01,1.564853971240816488e+00,-8.342101303071558505e-07
7.349999999999999763e-03,1.851642412153875838e+01,1.564535400000000021e+00,1.695188872153875792e+01,-3.394150431984269689e-01,1.564858521456975682e+00,-9.092485768746882968e-07
7.400000000000000328e-03,1.851179082153876010e+01,1.564535599999999915e+00,1.694725522153876085e+01,-3.440483883631220707e-01,1.564863103641683573e+00,-8.772748110175143665e-07
7.450000000000000025e-03,1.850712602153875963e+01,1.564535800000000032e+00,1.694259022153875804e+01,-3.487131391349544418e-01,1.564867717810022762e+00,-9.384276715707073890e-07
7.499999999999999722e-03,1.850242992153875932e+01,1.564535999999999927e+00,1.693789392153875895e+01,-3.534092953737116849e-01,1.564872363977073855e+00,-8.928473675950954203e-07
7.550000000000000287e-03,1.849770232153876037e+01,1.564536200000000044e+00,1.693316612153876122e+01,-3.581368569398791779e-01,1.564877042157912790e+00,-9.406734129413507617e-07
7.599999999999999985e-03,1.849294342153875803e+01,1.564536399999999938e+00,1.692840702153875654e+01,-3.628958236904542001e-01,1.564881752367610179e+00,-8.820488339722487581e-07
7.649999999999999682e-03,1.848815302153875706e+01,1.564536600000000055e+00,1.692361642153875678e+01,-3.676861954831317503e-01,1.564886494621230195e+00,-9.171159263132722117e-07
7.700000000000000247e-03,1.848333122153875863e+01,1.564536799999999950e+00,1.691879442153875956e+01,-3.725079721742116101e-01,1.564891268933827684e+00,-9.460183996168325393e-07
7.749999999999999944e-03,1.847847802153875918e+01,1.564537000000000067e+00,1.691394102153875778e+01,-3.773611536192961191e-01,1.564896075320448610e+00,-9.689006574831182661e-07
7.799999999999999642e-03,1.847359342153875872e+01,1.564537199999999961e+00,1.690905622153875854e+01,-3.822457396725923440e-01,1.564900913796126058e+00,-9.859084997287936858e-07
7.849999999999999339e-03,1.846867752153875841e+01,1.564537400000000078e+00,1.690414012153875944e+01,-3.871617301883072959e-01,1.564905784375881126e+00,-8.971877250019133498e-07
7.900000000000000772e-03,1.846373012153875948e+01,1.564537599999999973e+00,1.689919252153875817e+01,-3.921091250178578846e-01,1.564910687074720252e+00,-9.028869278893125738e-07
7.950000000000000469e-03,1.845875132153875953e+01,1.564537800000000090e+00,1.689421352153875944e+01,-3.970879240133584065e-01,1.564915621907633669e+00,-9.031539853765480075e-07
8.000000000000000167e-03,1.845374112153875856e+01,1.564537999999999984e+00,1.688920312153875969e+01,-4.020981270262257157e-01,1.564920588889594733e+00,-8.981375003713765182e-07
8.049999999999999864e-03,1.844869942153875897e+01,1.564538199999999879e+00,1.688416122153875776e+01,-4.071397339057838960e-01,1.564925588035557480e+00,-9.879881517349531350e-07
8.099999999999999561e-03,1.844362642153875953e+01,1.564538399999999996e+00,1.687908802153875953e+01,-4.122127444999618140e-01,1.564930619360456188e+00,-9.728580145917931077e-07
8.149999999999999259e-03,1.843852202153875908e+01,1.564538599999999890e+00,1.687398342153876030e+01,-4.173171586580836090e-01,1.564935682879203149e+00,-9.528977678030514653e-07
8.200000000000000691e-03,1.843338622153875761e+01,1.564538800000000007e+00,1.686884742153875649e+01,-4.224529762266830968e-01,1.564940778606688232e+00,-9.282608957050797471e-07
8.250000000000000389e-03,1.842821902153875868e+01,1.564538999999999902e+00,1.686368002153875878e+01,-4.276201970508988204e-01,1.564945906557776434e+00,-8.991022468762821518e-07
8.300000000000000086e-03,1.842302042153875874e+01,1.564539200000000019e+00,1.685848122153876005e+01,-4.328188209765670424e-01,1.564951066747306774e+00,-8.655760055376049422e-07
8.349999999999999784e-03,1.841779032153876017e+01,1.564539399999999914e+00,1.685325092153875914e+01,-4.380488478481288639e-01,1.564956259190091181e+00,-9.278377390842251771e-07
8.399999999999999481e-03,1.841252892153875820e+01,1.564539600000000030e+00,1.684798932153875839e+01,-4.433102775079326152e-01,1.564961483900913830e+00,-8.860450968484201439e-07
8.449999999999999178e-03,1.840723612153875877e+01,1.564539799999999925e+00,1.684269632153876017e+01,-4.486031097990241245e-01,1.564966740894527808e+00,-8.403550388891289913e-07
8.500000000000000611e-03,1.840191182153875715e+01,1.564540000000000042e+00,1.683737182153875622e+01,-4.539273445623567271e-01,1.564972030185656449e+00,-8.909266284717887174e-07
8.550000000000000308e-03,1.839655622153875925e+01,1.564540199999999937e+00,1.683201602153875953e+01,-4.592829816374883745e-01,1.564977351788989557e+00,-8.379203038089144684e-07
8.600000000000000006e-03,1.839116922153876033e+01,1.564540400000000053e+00,1.682662882153876183e+01,-4.646700208653722908e-01,1.564982705719183409e+00,-7.814951210605158849e-07
8.649999999999999703e-03,1.838575072153875922e+01,1.564540599999999948e+00,1.682121012153875839e+01,-4.700884620841713768e-01,1.564988091990859642e+00,-8.218129252668404661e-07
8.699999999999999400e-03,1.838030092153875827e+01,1.564540800000000065e+00,1.681576012153875865e+01,-4.755383051299558184e-01,1.564993510618603478e+00,-7.590376540633769764e-07
8.750000000000000833e-03,1.837481962153875870e+01,1.564540999999999960e+00,1.681027862153876029e+01,-4.810195498408885162e-01,1.564998961616961726e+00,-7.933311465535552998e-07
8.800000000000000530e-03,1.836930702153875927e+01,1.564541200000000076e+00,1.680476582153875853e+01,-4.865321960516444944e-01,1.565004445000443445e+00,-7.248587401420536480e-07
8.850000000000000228e-03,1.836376292153875767e+01,1.564541399999999971e+00,1.679922152153875814e+01,-4.920762435982939387e-01,1.565009960783517506e+00,-7.537843629279450397e-07
8.899999999999999925e-03,1.835818752153875977e+01,1.564541600000000088e+00,1.679364592153876146e+01,-4.976516923127216052e-01,1.565015508980611036e+00,-6.802761411961455451e-07
8.949999999999999623e-03,1.835258062153875969e+01,1.564541799999999983e+00,1.678803882153875904e+01,-5.032585420296025180e-01,1.565021089606109861e+00,-7.044994170257723454e-07
8.999999999999999320e-03,1.834694242153875976e+01,1.564542000000000099e+00,1.678240042153876033e+01,-5.088967925794262159e-01,1.565026702674354731e+00,-6.266236880492215278e-07
9.050000000000000752e-03,1.834127272153875765e+01,1.564542199999999994e+00,1.677673052153875943e+01,-5.145664437940775660e-01,1.565032348199642875e+00,-6.468170923312754894e-07
9.100000000000000450e-03,1.833557172153875925e+01,1.564542400000000111e+00,1.677102932153875869e+01,-5.202674955033483872e-01,1.565038026196225118e+00,-5.652498380470660777e-07
9.150000000000000147e-03,1.832983922153875866e+01,1.564542600000000006e+00,1.676529662153875933e+01,-5.259999475363332788e-01,1.565043736678305875e+00,-5.820928379307588330e-07
9.199999999999999845e-03,1.832407542153875823e+01,1.564542800000000122e+00,1.675953262153875656e+01,-5.317637997207315115e-01,1.565049479660040932e+00,-4.975183998112697736e-07
9.249999999999999542e-03,1.831828012153875918e+01,1.564543000000000017e+00,1.675373712153875871e+01,-5.375590518842423560e-01,1.565055255155537228e+00,-5.116988290865265299e-07
9.299999999999999239e-03,1.831245352153876027e+01,1.564543199999999912e+00,1.674791032153876102e+01,-5.433857038524724237e-01,1.565061063178851297e+00,-4.248085261338019336e-07
9.350000000000000672e-03,1.830659542153875918e+01,1.564543400000000029e+00,1.674205202153875760e+01,-5.492437554517258791e-01,1.565066903743989268e+00,-4.370212032256404200e-07
9.400000000000000369e-03,1.830070602153875825e+01,1.564543599999999923e+00,1.673616242153875788e+01,-5.551332065055164522e-01,1.565072776864903759e+00,-3.485133497349579557e-07
9.450000000000000067e-03,1.829478512153875869e+01,1.564543800000000040e+00,1.673024132153875954e+01,-5.610540568380556481e-01,1.565078682555494982e+00,-3.594607491663737164e-07
9.499999999999999764e-03,1.828883292153875928e+01,1.564543999999999935e+00,1.672428892153875779e+01,-5.670063062714622015e-01,1.565084620829608753e+00,-2.700413048728478316e-07
9.549999999999999462e-03,1.828284922153875769e+01,1.564544200000000052e+00,1.671830502153875742e+01,-5.729899546271572941e-01,1.565090591701035372e+00,-2.804335927919510141e-07
9.599999999999999159e-03,1.827683422153875981e+01,1.564544399999999946e+00,1.671228982153876075e+01,-5.790050017258643322e-01,1.565096595183509631e+00,-1.908169053876918042e-07
9.650000000000000591e-03,1.827078772153875974e+01,1.564544600000000063e+00,1.670624312153875834e+01,-5.850514473869118381e-01,1.565102631290709256e+00,-2.013719146987114073e-07
9.700000000000000289e-03,1.826470992153875983e+01,1.564544799999999958e+00,1.670016512153875965e+01,-5.911292914296282230e-01,1.565108700036253131e+00,-1.122793023000667745e-07
9.749999999999999986e-03,1.825860062153875774e+01,1.564545000000000075e+00,1.669405562153875877e+01,-5.972385336719466808e-01,1.565114801433702185e+00,-1.237211435523022374e-07
9.799999999999999684e-03,1.825246002153875935e+01,1.564545400000000086e+00,1.668791462153875926e+01,-6.033791739304052992e-01,1.565120935496557397e+00,-2.358809076952184114e-07
9.849999999999999381e-03,1.824628802153875995e+01,1.564545800000000098e+00,1.668174222153875874e+01,-6.095512120201471706e-01,1.565127102238259349e+00,-3.489434519110545807e-07
9.900000000000000813e-03,1.824008452153875837e+01,1.564546199999999887e+00,1.667553832153875959e+01,-6.157546477570128296e-01,1.565133301672186894e+00,-5.630929535982431844e-07
9.950000000000000511e-03,1.823384972153876049e+01,1.564546599999999899e+00,1.666930312153876059e+01,-6.219894809554475934e-01,1.565139533811657602e+00,-6.785149651022948092e-07
1.000000000000000021e-02,1.822758352153875805e+01,1.564546999999999910e+00,1.666303652153875703e+01,-6.282557114278042310e-01,1.565145798669925536e+00,-7.953971561391881551e-07
1.004999999999999991e-02,1.822128582153875698e+01,1.564547200000000027e+00,1.665673862153875717e+01,-6.345533389871328422e-01,1.565152096260180592e+00,-8.139264693340919621e-07
1.009999999999999960e-02,1.821495682153875961e+01,1.564547399999999922e+00,1.665040942153876102e+01,-6.408823634429959837e-01,1.565158426595549601e+00,-7.342933479037583311e-07
1.014999999999999930e-02,1.820859642153875768e+01,1.564547600000000038e+00,1.664404882153875675e+01,-6.472427846070485380e-01,1.565164789689093894e+00,-6.566861614487606857e-07
1.020000000000000073e-02,1.820220462153875829e+01,1.564547799999999933e+00,1.663765682153875858e+01,-6.536346022888531726e-01,1.565171185553808630e+00,-5.812953389749964117e-07
1.025000000000000043e-02,1.819578142153875788e+01,1.564548000000000050e+00,1.663123342153875939e+01,-6.600578162951816763e-01,1.565177614202623024e+00,-5.083141232375965046e-07
1.030000000000000013e-02,1.818932672153875885e+01,1.564548199999999945e+00,1.662477852153875801e+01,-6.665124264355967165e-01,1.565184075648399453e+00,-5.379329621746364865e-07
1.034999999999999983e-02,1.818284072153875996e+01,1.564548400000000061e+00,1.661829232153876035e+01,-6.729984325147774227e-01,1.565190569903932127e+00,-4.703471745415299665e-07
1.039999999999999952e-02,1.817632332153876007e+01,1.564548599999999956e+00,1.661177472153876167e+01,-6.795158343394959166e-01,1.565197096981947755e+00,-4.057500042620176828e-07
1.044999999999999922e-02,1.816977452153875916e+01,1.564548800000000073e+00,1.660522572153875842e+01,-6.860646317144317718e-01,1.565203656895103990e+00,-3.443367830868737656e-07
1.050000000000000065e-02,1.816319442153875841e+01,1.564548999999999968e+00,1.659864542153875888e+01,-6.926448244414737943e-01,1.565210249655989205e+00,-1.863056198203594249e-07
1.055000000000000035e-02,1.815658282153875902e+01,1.564549399999999979e+00,1.659203342153875838e+01,-6.992564123259989994e-01,1.565216875277122721e+00,-3.318511510030930367e-07
1.060000000000000005e-02,1.814993982153875862e+01,1.564549799999999991e+00,1.658539002153875686e+01,-7.058993951685014201e-01,1.565223533770952802e+00,-4.811728935294468101e-07
1.064999999999999974e-02,1.814326542153875721e+01,1.564550200000000002e+00,1.657871522153875787e+01,-7.125737727701724200e-01,1.565230225149857324e+00,-6.344696572568864212e-07
1.069999999999999944e-02,1.813655962153875834e+01,1.564550600000000014e+00,1.657200902153875788e+01,-7.192795449301108146e-01,1.565236949426143775e+00,-7.919423552493753959e-07
1.074999999999999914e-02,1.812982252153875962e+01,1.564551000000000025e+00,1.656527152153875804e+01,-7.260167114481129724e-01,1.565243706612047259e+00,-8.537911959649591154e-07
1.080000000000000057e-02,1.812305392153875871e+01,1.564551199999999920e+00,1.655850272153875835e+01,-7.327852721225800448e-01,1.565250496719731377e+00,-8.202177923521958292e-07
1.085000000000000027e-02,1.811625392153876035e+01,1.564551400000000037e+00,1.655170252153876120e+01,-7.395852267498206345e-01,1.565257319761287569e+00,-7.914258368657556275e-07
1.089999999999999997e-02,1.810942262153875859e+01,1.564551599999999931e+00,1.654487102153875711e+01,-7.464165751268405646e-01,1.565264175748735553e+00,-6.676183410547764652e-07
1.094999999999999966e-02,1.810255992153875937e+01,1.564551800000000048e+00,1.653800812153875910e+01,-7.532793170478558897e-01,1.565271064694021552e+00,-5.490010863695715670e-07
1.099999999999999936e-02,1.809566572153875796e+01,1.564551999999999943e+00,1.653111372153875891e+01,-7.601734523077797734e-01,1.565277986609018290e+00,-5.357791756921415072e-07
1.105000000000000079e-02,1.808874022153876027e+01,1.564552200000000060e+00,1.652418802153875887e+01,-7.670989807008279371e-01,1.565284941505526550e+00,-4.281584047305386775e-07
1.110000000000000049e-02,1.808178332153875800e+01,1.564552399999999954e+00,1.651723092153875783e+01,-7.740559020177283367e-01,1.565291929395272952e+00,-3.263480436999088852e-07
1.115000000000000019e-02,1.807479502153875828e+01,1.564552600000000071e+00,1.651024242153875932e+01,-7.810442160513015875e-01,1.565298950289910396e+00,-2.305552833092860965e-07
1.119999999999999989e-02,1.806777522153875992e+01,1.564552799999999966e+00,1.650322242153875862e+01,-7.880639225915778701e-01,1.565306004201018508e+00,-2.409901043165518786e-07
1.124999999999999958e-02,1.806072422153875934e+01,1.564553000000000083e+00,1.649617122153875926e+01,-7.951150214278902562e-01,1.565313091140103197e+00,-5.786317913702987425e-08
1.129999999999999928e-02,1.805364172153876012e+01,1.564553400000000094e+00,1.648908832153875892e+01,-8.021975123495711513e-01,1.565320211118595317e+00,-1.813851930876353435e-07
1.135000000000000071e-02,1.804652782153875989e+01,1.564553800000000106e+00,1.648197402153876112e+01,-8.093113951445582988e-01,1.565327364147853340e+00,-3.117682041420266614e-07
1.140000000000000041e-02,1.803938252153875865e+01,1.564554199999999895e+00,1.647482832153875876e+01,-8.164566695979990074e-01,1.565334550239160905e+00,-4.492270839762113610e-07
1.145000000000000011e-02,1.803220582153875995e+01,1.564554599999999907e+00,1.646765122153875893e+01,-8.236333354978307986e-01,1.565341769403727490e+00,-5.939738976223907230e-07
1.149999999999999981e-02,1.802499782153875785e+01,1.564554999999999918e+00,1.646044282153875926e+01,-8.308413926278058748e-01,1.565349021652688632e+00,-6.462249046990109491e-07
1.154999999999999950e-02,1.801775832153875712e+01,1.564555200000000035e+00,1.645320312153875619e+01,-8.380808407723739917e-01,1.565356306997106595e+00,-6.061956625558195810e-07
1.159999999999999920e-02,1.801048752153876009e+01,1.564555399999999930e+00,1.644593212153876038e+01,-8.453516797145896877e-01,1.565363625447969920e+00,-4.741031176536125713e-07
1.165000000000000063e-02,1.800318532153875850e+01,1.564555600000000046e+00,1.643862972153876001e+01,-8.526539092354148419e-01,1.565370977016192100e+00,-3.501663314864345011e-07
1.170000000000000033e-02,1.799585162153875828e+01,1.564555799999999941e+00,1.643129582153875745e+01,-8.599875291179039927e-01,1.565378361712614907e+00,-3.346022552364047442e-07
1.175000000000000003e-02,1.798848662153875821e+01,1.564556000000000058e+00,1.642393062153875860e+01,-8.673525391409262486e-01,1.565385779548005729e+00,-2.276320216765270743e-07
1.179999999999999973e-02,1.798109022153875713e+01,1.564556400000000069e+00,1.641653382153875640e+01,-8.747489390840484935e-01,1.565393230533058899e+00,-3.294760766436866106e-07
1.184999999999999942e-02,1.797366242153875859e+01,1.564556800000000081e+00,1.640910562153875674e+01,-8.821767287261397250e-01,1.565400714678396588e+00,-4.403555564636008057e-07
1.190000000000000085e-02,1.796620332153876021e+01,1.564557199999999870e+00,1.640164612153876078e+01,-8.896359078439762813e-01,1.565408231994568355e+00,-4.604936982843810256e-07
1.195000000000000055e-02,1.795871272153875964e+01,1.564557599999999882e+00,1.639415512153875909e+01,-8.971264762143348337e-01,1.565415782492050267e+00,-5.901137356545405055e-07
1.200000000000000025e-02,1.795119072153875805e+01,1.564557999999999893e+00,1.638663272153875994e+01,-9.046484336125963921e-01,1.565423366181247999e+00,-7.294402877278116648e-07
1.204999999999999995e-02,1.794363742153876018e+01,1.564558200000000010e+00,1.637907922153875973e+01,-9.122017798141424105e-01,1.565430983072495508e+00,-5.786979926369895111e-07
1.209999999999999964e-02,1.793605272153875774e+01,1.564558399999999905e+00,1.637149432153875850e+01,-9.197865145908661333e-01,1.565438633176055028e+00,-4.381149665277916938e-07
1.214999999999999934e-02,1.792843652153876022e+01,1.564558600000000022e+00,1.636387792153875864e+01,-9.274026377174513502e-01,1.565446316502118629e+00,-4.079165272230511619e-07
1.220000000000000077e-02,1.792078902153875930e+01,1.564558799999999916e+00,1.635623022153875894e+01,-9.350501489643963104e-01,1.565454033060808214e+00,-2.883321847946263006e-07
1.225000000000000047e-02,1.791311012153875737e+01,1.564559000000000033e+00,1.634855112153875822e+01,-9.427290481035943692e-01,1.565461782862176188e+00,-1.795900637091563112e-07
1.230000000000000017e-02,1.790539982153875798e+01,1.564559400000000045e+00,1.634084042153875771e+01,-9.504393349041486694e-01,1.565469565916205008e+00,-2.819210642712732806e-07
1.234999999999999987e-02,1.789765822153875874e+01,1.564559800000000056e+00,1.633309842153875735e+01,-9.581810091344648006e-01,1.565477382232809633e+00,-2.955567914852963440e-07
1.239999999999999956e-02,1.788988512153875732e+01,1.564560200000000068e+00,1.632532492153875836e+01,-9.659540705643433478e-01,1.565485231821837075e+00,-4.207274528766902222e-07
1.244999999999999926e-02,1.788208062153875844e+01,1.564560600000000079e+00,1.631752002153875836e+01,-9.737585189593995771e-01,1.565493114693066401e+00,-5.576674446672313934e-07
1.250000000000000069e-02,1.787424482153875971e+01,1.564561000000000091e+00,1.630968382153875851e+01,-9.815943540866438610e-01,1.565501030856210729e+00,-6.066097633095068886e-07
1.255000000000000039e-02,1.786637762153875997e+01,1.564561199999999985e+00,1.630181642153875998e+01,-9.894615757102962483e-01,1.565508980320917232e+00,-4.677902047944826336e-07
1.260000000000000009e-02,1.785847902153875921e+01,1.564561400000000102e+00,1.629391762153876044e+01,-9.973601835952745631e-01,1.565516963096768022e+00,-3.414438509707906633e-07
1.264999999999999979e-02,1.785054902153875744e+01,1.564561599999999997e+00,1.628598742153875634e+01,-1.005290177505101079e+00,1.565524979193280153e+00,-2.278071988826013694e-07
1.269999999999999948e-02,1.784258792153875817e+01,1.564561800000000114e+00,1.627802612153875828e+01,-1.013251557201903408e+00,1.565533028619908507e+00,1.728818794788367086e-07
1.274999999999999918e-02,1.783459492153875914e+01,1.564562000000000008e+00,1.627003292153876046e+01,-1.021244322447808717e+00,1.565541111386044015e+00,6.038549571485418710e-08
1.280000000000000061e-02,1.782657092153876022e+01,1.564562400000000020e+00,1.626200852153876042e+01,-1.029268473002154405e+00,1.565549227501016327e+00,1.344629758648352436e-07
1.285000000000000031e-02,1.781851492153875682e+01,1.564562800000000031e+00,1.625395212153875590e+01,-1.037324008624974647e+00,1.565557376974094472e+00,-4.051256539128189615e-07
1.290000000000000001e-02,1.781042792153875709e+01,1.564563200000000043e+00,1.624586472153875860e+01,-1.045410929075606843e+00,1.565565559814487973e+00,-5.586210605201813451e-07
1.294999999999999971e-02,1.780230992153875746e+01,1.564563600000000054e+00,1.623774632153875785e+01,-1.053529234110597512e+00,1.565573776031346398e+00,-3.262667185310874629e-07
1.299999999999999940e-02,1.779415992153875692e+01,1.564564000000000066e+00,1.622959592153875619e+01,-1.061678923487191506e+00,1.565582025633762031e+00,-7.083053823464524612e-07
1.305000000000000084e-02,1.778597892153876003e+01,1.564564400000000077e+00,1.622141452153876173e+01,-1.069859996962632565e+00,1.565590308630770311e+00,-7.049798149694197491e-07
1.310000000000000053e-02,1.777776692153875970e+01,1.564564800000000089e+00,1.621320212153876028e+01,-1.078072454289282334e+00,1.565598625031350721e+00,-3.165376796232521883e-07
1.315000000000000023e-02,1.776952292153875845e+01,1.564565199999999878e+00,1.620495772153875791e+01,-1.086316295222990114e+00,1.565606974844428345e+00,-5.432231340307680512e-07
1.319999999999999993e-02,1.776124792153875731e+01,1.564565599999999890e+00,1.619668232153875920e+01,-1.094591519516117106e+00,1.565615358078874975e+00,-3.852838119655643823e-07
1.324999999999999963e-02,1.775294092153875880e+01,1.564565999999999901e+00,1.618837492153875957e+01,-1.102898126921024735e+00,1.565623774743510443e+00,-8.429673741261467512e-07
1.329999999999999932e-02,1.774460292153875685e+01,1.564566200000000018e+00,1.618003672153875527e+01,-1.111236117188679096e+00,1.565632224847101961e+00,-7.165228659289368807e-07
1.335000000000000075e-02,1.773623392153875855e+01,1.564566399999999913e+00,1.617166752153875819e+01,-1.119605490068651177e+00,1.565640708398369219e+00,-2.062007169456592237e-07
1.340000000000000045e-02,1.772783292153875934e+01,1.564566600000000030e+00,1.616326632153876020e+01,-1.128006245311907074e+00,1.565649225405982392e+00,-3.122499805385814398e-07
1.345000000000000015e-02,1.771940092153876023e+01,1.564566799999999924e+00,1.615483412153875875e+01,-1.136438382665228009e+00,1.565657775878563918e+00,-3.492388245263100544e-08
1.349999999999999985e-02,1.771093692153876020e+01,1.564567000000000041e+00,1.614636992153875994e+01,-1.144901901876091754e+00,1.565666359824692266e+00,-3.744749541567671258e-07
1.354999999999999954e-02,1.770244192153876028e+01,1.564567400000000053e+00,1.613787452153875890e+01,-1.153396802691279532e+00,1.565674977252899724e+00,-5.311564237331367622e-07
1.359999999999999924e-02,1.769391592153876047e+01,1.564567800000000064e+00,1.612934812153876152e+01,-1.161923084856874233e+00,1.565683628171677277e+00,-3.052222226074263745e-07
1.365000000000000067e-02,1.768535892153875722e+01,1.564568200000000076e+00,1.612079072153875714e+01,-1.170480748116866199e+00,1.565692312589473500e+00,3.030716300145286368e-07
1.370000000000000037e-02,1.767676892153875912e+01,1.564568600000000087e+00,1.611220032153875792e+01,-1.179069792215246215e+00,1.565701030514698111e+00,-7.065308800235925446e-07
1.375000000000000007e-02,1.766814892153875860e+01,1.564569000000000099e+00,1.610357992153875983e+01,-1.187690216894609296e+00,1.565709781955721525e+00,-3.342871686129456066e-07
1.379999999999999977e-02,1.765949692153875716e+01,1.564569400000000110e+00,1.609492752153875728e+01,-1.196342021896155794e+00,1.565718566920877963e+00,-5.804560565536576178e-07
1.384999999999999946e-02,1.765081392153875939e+01,1.564569800000000122e+00,1.608624412153875838e+01,-1.205025206961783280e+00,1.565727385418467010e+00,-4.452956439138233691e-07
1.389999999999999916e-02,1.764209892153875714e+01,1.564570199999999911e+00,1.607752872153875856e+01,-1.213739771830599334e+00,1.565736237456753832e+00,-9.290668359085429984e-07
1.395000000000000059e-02,1.763335392153875958e+01,1.564570599999999923e+00,1.606878332153875988e+01,-1.222485716241013654e+00,1.565745123043973397e+00,-3.203123810635588598e-08
1.400000000000000029e-02,1.762457592153876007e+01,1.564570999999999934e+00,1.606000492153875925e+01,-1.231263039932831482e+00,1.565754042188328921e+00,-7.544490578936802194e-07
1.404999999999999999e-02,1.761576792153875815e+01,1.564571200000000051e+00,1.605119672153875854e+01,-1.240071742642369967e+00,1.565762994897996752e+00,1.034160170831910364e-07
1.409999999999999969e-02,1.760692692153875782e+01,1.564571399999999946e+00,1.604235552153875943e+01,-1.248911824104550705e+00,1.565771981181126815e+00,-6.587011007752607838e-07
1.414999999999999938e-02,1.759805592153875864e+01,1.564571600000000062e+00,1.603348432153875791e+01,-1.257783284056388728e+00,1.565781001045843723e+00,-4.106341577880812110e-08
1.420000000000000082e-02,1.758915292153875853e+01,1.564571799999999957e+00,1.602458112153875902e+01,-1.266686122230713307e+00,1.565790054500250106e+00,-4.393810115743690403e-08
1.425000000000000051e-02,1.758021892153875854e+01,1.564572000000000074e+00,1.601564692153876024e+01,-1.275620338362446482e+00,1.565799141552427720e+00,3.324097548329518759e-07
1.430000000000000021e-02,1.757125292153875762e+01,1.564572400000000085e+00,1.600668052153875820e+01,-1.284585932182324530e+00,1.565808262210439450e+00,-1.122891291061023367e-07
1.434999999999999991e-02,1.756225592153875681e+01,1.564572800000000097e+00,1.599768312153875627e+01,-1.293582903423176944e+00,1.565817416482331748e+00,-1.783019332179947014e-07
1.439999999999999961e-02,1.755322792153875966e+01,1.564573199999999886e+00,1.598865472153875977e+01,-1.302611251814345117e+00,1.565826604376135522e+00,1.341006843347258837e-07
1.444999999999999930e-02,1.754416792153875804e+01,1.564573599999999898e+00,1.597959432153875881e+01,-1.311670977085868106e+00,1.565835825899869471e+00,-1.753512677282742516e-07
1.450000000000000074e-02,1.753507692153876008e+01,1.564573999999999909e+00,1.597050292153875972e+01,-1.320762078967087083e+00,1.565845081061542077e+00,-1.069284412125171002e-07
1.455000000000000043e-02,1.752595492153875867e+01,1.564574399999999921e+00,1.596138052153875897e+01,-1.329884557185250893e+00,1.565854369869153162e+00,3.390963918548095535e-07
1.460000000000000013e-02,1.751680092153875989e+01,1.564574799999999932e+00,1.595222612153876085e+01,-1.339038411466910494e+00,1.565863692330695445e+00,1.624497762975352089e-07
1.464999999999999983e-02,1.750761592153875768e+01,1.564575199999999944e+00,1.594304072153875751e+01,-1.348223641537919848e+00,1.565873048454158756e+00,3.628575448999526998e-07
1.469999999999999953e-02,1.749839892153875809e+01,1.564575599999999955e+00,1.593382332153875858e+01,-1.357440247123434363e+00,1.565882438247529596e+00,-5.995514307244320662e-08
1.474999999999999922e-02,1.748915092153875861e+01,1.564575999999999967e+00,1.592457492153875798e+01,-1.366688227947215006e+00,1.565891861718796907e+00,-1.062645456073596506e-07
1.480000000000000066e-02,1.747987192153875924e+01,1.564576399999999978e+00,1.591529552153875926e+01,-1.375967583733022748e+00,1.565901318875950521e+00,2.236530889376808773e-07
1.485000000000000035e-02,1.747056092153875895e+01,1.564576799999999990e+00,1.590598412153875962e+01,-1.385278314201828120e+00,1.565910809726986042e+00,-7.048128658482255560e-08
1.490000000000000005e-02,1.746121892153875876e+01,1.564577200000000001e+00,1.589664172153875832e+01,-1.394620419075996764e+00,1.565920334279906845e+00,1.105469138451553590e-08
1.494999999999999975e-02,1.745184492153875766e+01,1.564577600000000013e+00,1.588726732153875787e+01,-1.403993898074406443e+00,1.565929892542725854e+00,-5.320201150738057549e-07
1.499999999999999944e-02,1.744243992153876022e+01,1.564578000000000024e+00,1.587786192153875930e+01,-1.413398750917329805e+00,1.565939484523467984e+00,-6.999854420541851141e-07
1.504999999999999914e-02,1.743300392153875933e+01,1.564578400000000036e+00,1.586842552153875907e+01,-1.422834977322947614e+00,1.565949110230173469e+00,-4.931231281091186247e-07
1.510000000000000057e-02,1.742353692153875855e+01,1.564578800000000047e+00,1.585895812153875895e+01,-1.432302577008742306e+00,1.565958769670899420e+00,8.828430964058497921e-08
1.515000000000000027e-02,1.741403792153875685e+01,1.564579200000000059e+00,1.584945872153875612e+01,-1.441801549691498652e+00,1.565968462853723597e+00,4.395363362164061982e-08
1.519999999999999997e-02,1.740450692153875778e+01,1.564579600000000070e+00,1.583992732153875771e+01,-1.451331895085211876e+00,1.565978189786745300e+00,-6.264011620515930190e-07
1.524999999999999967e-02,1.739494592153875985e+01,1.564580000000000082e+00,1.583036592153876043e+01,-1.460893612905969308e+00,1.565987950478090029e+00,7.693599002323026070e-08
1.529999999999999936e-02,1.738535292153875744e+01,1.564580400000000093e+00,1.582077252153875691e+01,-1.470486702867765727e+00,1.565997744935909708e+00,1.536790747991290118e-07
1.535000000000000080e-02,1.737572792153875767e+01,1.564580800000000105e+00,1.581114712153875779e+01,-1.480111164681805702e+00,1.566007573168387790e+00,-3.964607095952032978e-07
1.540000000000000049e-02,1.736607192153875800e+01,1.564581199999999894e+00,1.580149072153875878e+01,-1.489766998061386349e+00,1.566017435183740147e+00,-5.737700821129010365e-07
1.545000000000000019e-02,1.735638492153875845e+01,1.564581599999999906e+00,1.579180332153875810e+01,-1.499454202717014573e+00,1.566027330990219069e+00,-3.785385480625791388e-07
1.549999999999999989e-02,1.734666592153875797e+01,1.564581999999999917e+00,1.578208392153875828e+01,-1.509172778357801947e+00,1.566037260596116365e+00,-8.110570082209278553e-07
1.554999999999999959e-02,1.733691692153875863e+01,1.564582399999999929e+00,1.577233452153875959e+01,-1.518922724693558379e+00,1.566047224009763372e+00,1.283843413801832867e-07
1.559999999999999928e-02,1.732713492153875734e+01,1.564582799999999940e+00,1.576255212153875718e+01,-1.528704041431999894e+00,1.566057221239537611e+00,-5.605068018610381841e-07
1.565000000000000072e-02,1.731732292153875719e+01,1.564583199999999952e+00,1.575273972153875768e+01,-1.538516728280145962e+00,1.566067252293863232e+00,1.219765746185430544e-07
1.569999999999999868e-02,1.730747792153875864e+01,1.564583599999999963e+00,1.574289432153875801e+01,-1.548360784944317725e+00,1.566077317181214790e+00,-8.244592262229843982e-07
1.575000000000000011e-02,1.729760292153875767e+01,1.564583999999999975e+00,1.573301892153875770e+01,-1.558236211130836990e+00,1.566087415910120129e+00,-4.001078846016525858e-07
1.580000000000000154e-02,1.728769592153875934e+01,1.564584399999999986e+00,1.572311152153876002e+01,-1.568143006542537021e+00,1.566097548489163271e+00,-6.052665852962491044e-07
1.584999999999999951e-02,1.727775792153875756e+01,1.564584799999999998e+00,1.571317312153875712e+01,-1.578081170882949191e+00,1.566107714926987304e+00,-4.402318118934545055e-07
1.590000000000000094e-02,1.726778892153875944e+01,1.564585200000000009e+00,1.570320372153875965e+01,-1.588050703854907209e+00,1.566117915232297708e+00,9.469926354199742491e-08
1.594999999999999890e-02,1.725778792153875685e+01,1.564585600000000021e+00,1.569320232153875594e+01,-1.598051605160546673e+00,1.566128149413865689e+00,-7.712408489624067442e-10
1.600000000000000033e-02,1.724775492153875689e+01,1.564586000000000032e+00,1.568316892153875663e+01,-1.608083874499213861e+00,1.566138417480530620e+00,-7.269439841195435292e-07
1.604999999999999830e-02,1.723769192153875807e+01,1.564586400000000044e+00,1.567310552153875847e+01,-1.618147511571649266e+00,1.566148719441203596e+00,-8.411824126142164459e-08
1.609999999999999973e-02,1.722759692153875832e+01,1.564586800000000055e+00,1.566301012153875760e+01,-1.628242516075803836e+00,1.566159055304870540e+00,-7.259608025833585998e-08
1.615000000000000116e-02,1.721746992153875766e+01,1.564587200000000067e+00,1.565288272153875759e+01,-1.638368887710325295e+00,1.566169425080595978e+00,-6.926788529426630703e-07
1.619999999999999912e-02,1.720731292153875813e+01,1.564587600000000078e+00,1.564272532153875872e+01,-1.648526626170374154e+00,1.566179828777524818e+00,5.532858082801794808e-08
1.625000000000000056e-02,1.719712392153875768e+01,1.564588000000000090e+00,1.563253592153875715e+01,-1.658715731153901141e+00,1.566190266404887454e+00,1.711241601753954455e-07
1.629999999999999852e-02,1.718690292153875987e+01,1.564588400000000101e+00,1.562231452153875999e+01,-1.668936202354671217e+00,1.566200737972001766e+00,-3.455983605960000205e-07
1.634999999999999995e-02,1.717665092153875861e+01,1.564588800000000113e+00,1.561206212153875938e+01,-1.679188039466449567e+00,1.566211243488277116e+00,-4.951452279300383452e-07
1.640000000000000138e-02,1.716636792153875746e+01,1.564589199999999902e+00,1.560177872153875711e+01,-1.689471242183698818e+00,1.566221782963217679e+00,-2.778219947430216052e-07
1.644999999999999934e-02,1.715605292153875894e+01,1.564589599999999914e+00,1.559146332153875925e+01,-1.699785810196696501e+00,1.566232356406424886e+00,-6.939383911941376937e-07
1.650000000000000078e-02,1.714570692153876053e+01,1.564589999999999925e+00,1.558111692153876149e+01,-1.710131743198509913e+00,1.566242963827602530e+00,-7.438013636118512295e-07
1.654999999999999874e-02,1.713532992153875867e+01,1.564590399999999937e+00,1.557073952153875851e+01,-1.720509040878718920e+00,1.566253605236558766e+00,-4.277213552228431581e-07
1.660000000000000017e-02,1.712492192153875692e+01,1.564590799999999948e+00,1.556033112153875742e+01,-1.730917702926205726e+00,1.566264280643210549e+00,2.539905175069634424e-07
1.665000000000000160e-02,1.711448092153876033e+01,1.564591199999999960e+00,1.554988972153875970e+01,-1.741357729029852086e+00,1.566274990057586747e+00,-6.989768781551219945e-07
1.669999999999999957e-02,1.710400992153875777e+01,1.564591599999999971e+00,1.553941832153875779e+01,-1.751829118877145541e+00,1.566285733489831689e+00,-2.869360731239112283e-07
1.675000000000000100e-02,1.709350692153875784e+01,1.564591999999999983e+00,1.552891492153875852e+01,-1.762331872154875079e+00,1.566296510950208054e+00,-5.102002909040947998e-07
1.679999999999999896e-02,1.708297292153875802e+01,1.564592399999999994e+00,1.551838052153875758e+01,-1.772865988547737359e+00,1.566307322449102424e+00,-3.690848409121372242e-07
1.685000000000000039e-02,1.707240792153875830e+01,1.564592800000000006e+00,1.550781512153875852e+01,-1.783431467741126930e+00,1.566318167997027055e+00,1.360956556339942836e-07
1.689999999999999836e-02,1.706181092153875767e+01,1.564593200000000017e+00,1.549721772153875676e+01,-1.794028309419042788e+00,1.566329047604623881e+00,5.025182048257192946e-09
1.694999999999999979e-02,1.705118292153875714e+01,1.564593600000000029e+00,1.548658932153875689e+01,-1.804656513263391382e+00,1.566339961282668503e+00,2.373856329285217726e-07
1.700000000000000122e-02,1.704052292153875925e+01,1.564594000000000040e+00,1.547592892153875965e+01,-1.815316078957474044e+00,1.566350909042074635e+00,-1.671396958613513561e-07
1.704999999999999918e-02,1.702983192153875791e+01,1.564594400000000052e+00,1.546523752153875719e+01,-1.826007006181104675e+00,1.566361890893896547e+00,-2.088710164827034532e-07
1.710000000000000062e-02,1.701910992153876023e+01,1.564594800000000063e+00,1.545451512153876017e+01,-1.836729294614794172e+00,1.566372906849332614e+00,1.118721826287583099e-07
1.714999999999999858e-02,1.700835592153875808e+01,1.564595200000000075e+00,1.544376072153875867e+01,-1.847482943936961552e+00,1.566383956919731091e+00,-2.052317054079821901e-07
1.720000000000000001e-02,1.699757092153875959e+01,1.564595600000000086e+00,1.543297532153875906e+01,-1.858267953826722607e+00,1.566395041116591669e+00,-1.605035677698651853e-07
1.725000000000000144e-02,1.698675492153875766e+01,1.564596000000000098e+00,1.542215892153875778e+01,-1.869084323960403360e+00,1.566406159451571245e+00,2.457329042471201319e-07
1.729999999999999941e-02,1.697590692153875835e+01,1.564596400000000109e+00,1.541131052153875913e+01,-1.879932054014329168e+00,1.566417311936485923e+00,1.315402542445553991e-08
1.735000000000000084e-02,1.696502792153875916e+01,1.564596800000000121e+00,1.540043112153875882e+01,-1.890811143664826277e+00,1.566428498583316342e+00,1.414361019413945542e-07
1.739999999999999880e-02,1.695411792153876007e+01,1.564597199999999910e+00,1.538952072153876038e+01,-1.901721592585430054e+00,1.566439719404210784e+00,6.302526678325648390e-07
1.745000000000000023e-02,1.694317592153876006e+01,1.564597599999999922e+00,1.537857832153876103e+01,-1.912663400450373752e+00,1.566450974411489394e+00,4.792779346729503231e-07
1.750000000000000167e-02,1.693220292153876017e+01,1.564597999999999933e+00,1.536760492153876001e+01,-1.923636566931099745e+00,1.566462263617648620e+00,6.881833325422803682e-07
1.754999999999999963e-02,1.692119792153875935e+01,1.564598399999999945e+00,1.535659952153875984e+01,-1.934641091699748738e+00,1.566473587035363213e+00,2.566409911253231257e-07
1.760000000000000106e-02,1.691016192153875863e+01,1.564598799999999956e+00,1.534556312153875801e+01,-1.945676974427065664e+00,1.566484944677493774e+00,1.843216352881427156e-07
1.764999999999999902e-02,1.689909492153875803e+01,1.564599199999999968e+00,1.533449572153875806e+01,-1.956744214782401015e+00,1.566496336557086755e+00,4.708946121922963357e-07
1.770000000000000046e-02,1.688799592153876006e+01,1.564599599999999979e+00,1.532339632153876074e+01,-1.967842812435802058e+00,1.566507762687381344e+00,1.160299554214816453e-07
1.774999999999999842e-02,1.687686592153875864e+01,1.564599999999999991e+00,1.531226592153875821e+01,-1.978972767053828630e+00,1.566519223081812573e+00,1.193942011923354585e-07
1.779999999999999985e-02,1.686570492153875733e+01,1.564600599999999897e+00,1.530110432153875699e+01,-1.990134078303738230e+00,1.566530717754015090e+00,2.806545982281249962e-07
1.785000000000000128e-02,1.685451192153875866e+01,1.564601200000000025e+00,1.528991072153875841e+01,-2.001326745851392808e+00,1.566542246717827602e+00,-2.005229973178757064e-07
1.789999999999999925e-02,1.684328792153876009e+01,1.564601799999999932e+00,1.527868612153875993e+01,-2.012550769362654979e+00,1.566553809987297097e+00,-3.244727420081972014e-07
1.795000000000000068e-02,1.683203292153875807e+01,1.564602400000000060e+00,1.526743052153875801e+01,-2.023806148500595814e+00,1.566565407576683278e+00,-9.153158231356428587e-08
1.799999999999999864e-02,1.682074592153875869e+01,1.564602999999999966e+00,1.525614292153875873e+01,-2.035092882929683711e+00,1.566577039500461010e+00,-5.020350606343981781e-07
1.805000000000000007e-02,1.680942792153875942e+01,1.564603399999999978e+00,1.524482452153876011e+01,-2.046410972311594190e+00,1.566588705773326762e+00,-3.563215109636530542e-07
1.810000000000000150e-02,1.679807892153876026e+01,1.564603799999999989e+00,1.523347512153875982e+01,-2.057760416306609219e+00,1.566600406410201263e+00,1.452693307868457850e-07
1.814999999999999947e-02,1.678669792153876017e+01,1.564604200000000001e+00,1.522209372153876039e+01,-2.069141214576405652e+00,1.566612141426234617e+00,2.399128007368744875e-09
1.820000000000000090e-02,1.677528592153876019e+01,1.564604600000000012e+00,1.521068132153876107e+01,-2.080553366779870128e+00,1.566623910836809408e+00,2.147267519347906273e-07
1.824999999999999886e-02,1.676384192153875929e+01,1.564605000000000024e+00,1.519923692153875905e+01,-2.091996872575888844e+00,1.566635714657546696e+00,-2.180889211444991815e-07
1.830000000000000029e-02,1.675236692153875850e+01,1.564605400000000035e+00,1.518776152153875891e+01,-2.103471731621953555e+00,1.566647552904308460e+00,-2.963904126573879694e-07
1.835000000000000173e-02,1.674086092153875782e+01,1.564605800000000047e+00,1.517625512153875711e+01,-2.114977943575554686e+00,1.566659425593202259e+00,-2.052025038778992894e-08
1.839999999999999969e-02,1.672932392153875725e+01,1.564606200000000058e+00,1.516471772153875719e+01,-2.126515508090696560e+00,1.566671332740586564e+00,6.091755597736892014e-07
1.845000000000000112e-02,1.671775492153875931e+01,1.564606600000000070e+00,1.515314832153875990e+01,-2.138084424823474716e+00,1.566683274363073641e+00,5.923530963514167524e-07
1.849999999999999908e-02,1.670615492153875792e+01,1.564607000000000081e+00,1.514154792153875739e+01,-2.149684693427195370e+00,1.566695250477535328e+00,9.286656528217918094e-07
1.855000000000000052e-02,1.669452292153875916e+01,1.564607599999999987e+00,1.512991532153875873e+01,-2.161316313555164292e+00,1.566707261101105475e+00,4.177665253735085571e-07
1.859999999999999848e-02,1.668285992153875696e+01,1.564608200000000116e+00,1.511825172153875663e+01,-2.172979284858594706e+00,1.566719306251186383e+00,2.593069048373308760e-07
1.864999999999999991e-02,1.667116592153875843e+01,1.564608800000000022e+00,1.510655712153875818e+01,-2.184673606990095163e+00,1.566731385945451249e+00,4.529393908825340986e-07
1.870000000000000134e-02,1.665943992153875897e+01,1.564609400000000150e+00,1.509483052153875882e+01,-2.196399279598785448e+00,1.566743500201849937e+00,-1.686910167109090253e-09
1.874999999999999931e-02,1.664768292153875962e+01,1.564610000000000056e+00,1.508307292153875956e+01,-2.208156302333089016e+00,1.566755649038611864e+00,-1.049235898165079561e-07
1.880000000000000074e-02,1.663589492153875682e+01,1.564610400000000068e+00,1.507128452153875742e+01,-2.219944674842823318e+00,1.566767832474252442e+00,3.428791526260965838e-07
1.884999999999999870e-02,1.662407492153876021e+01,1.564610800000000079e+00,1.505946412153875968e+01,-2.231764396774318815e+00,1.566780050527575519e+00,1.413676358197335503e-07
1.890000000000000013e-02,1.661222392153876015e+01,1.564611199999999869e+00,1.504761272153876028e+01,-2.243615467775301298e+00,1.566792303217678262e+00,2.901895719276126329e-07
1.895000000000000157e-02,1.660034092153875918e+01,1.564611599999999880e+00,1.503572932153875996e+01,-2.255497887489309239e+00,1.566804590563955824e+00,-2.110115158160397186e-07
1.899999999999999953e-02,1.658842792153875934e+01,1.564611999999999892e+00,1.502381592153875900e+01,-2.267411655562674433e+00,1.566816912586105781e+00,6.374106895634668035e-07
1.905000000000000096e-02,1.657648192153875755e+01,1.564612399999999903e+00,1.501186952153875787e+01,-2.279356771637540024e+00,1.566829269304132577e+00,-1.649016887483867322e-07
1.909999999999999892e-02,1.656450592153876045e+01,1.564612799999999915e+00,1.499989312153876142e+01,-2.291333235357447151e+00,1.566841660738351516e+00,3.816948925816632254e-07
1.915000000000000036e-02,1.655249792153875887e+01,1.564613199999999926e+00,1.498788472153875873e+01,-2.303341046364539402e+00,1.566854086909393873e+00,2.768425453325562557e-07
1.919999999999999832e-02,1.654045892153875741e+01,1.564613599999999938e+00,1.497584532153875791e+01,-2.315380204298171929e+00,1.566866547838209556e+00,5.201806168031453126e-07
1.924999999999999975e-02,1.652838792153875858e+01,1.564613999999999949e+00,1.496377392153875796e+01,-2.327450708799094325e+00,1.566879043546074213e+00,1.113498413474189874e-07
1.930000000000000118e-02,1.651628692153875733e+01,1.564614599999999855e+00,1.495167232153875680e+01,-2.339552559506660412e+00,1.566891574054591230e+00,8.499895614022534573e-07
1.934999999999999915e-02,1.650415292153875768e+01,1.564615199999999984e+00,1.493953772153875725e+01,-2.351685756058829568e+00,1.566904139385697725e+00,-6.426228083000751212e-08
1.940000000000000058e-02,1.649198892153875917e+01,1.564615799999999890e+00,1.492737312153875884e+01,-2.363850298092166291e+00,1.566916739561667882e+00,3.682308680197365902e-07
1.944999999999999854e-02,1.647979292153875974e+01,1.564616400000000018e+00,1.491517652153875950e+01,-2.376046185242536968e+00,1.566929374605118275e+00,1.471048545198527790e-07
1.949999999999999997e-02,1.646756592153875687e+01,1.564616999999999924e+00,1.490294892153875672e+01,-2.388273417146505651e+00,1.566942044539011647e+00,2.719962228781014346e-07
1.955000000000000140e-02,1.645530692153876018e+01,1.564617399999999936e+00,1.489068952153876069e+01,-2.400531993437148515e+00,1.566954749386661572e+00,-5.746194808864402148e-08
1.959999999999999937e-02,1.644301692153876004e+01,1.564617799999999948e+00,1.487839912153875943e+01,-2.412821913748239400e+00,1.566967489171737116e+00,-4.163591604822158843e-08
1.965000000000000080e-02,1.643069592153876002e+01,1.564618199999999959e+00,1.486607772153876006e+01,-2.425143177711459153e+00,1.566980263918266170e+00,3.191059949614327707e-07
1.969999999999999876e-02,1.641834292153875907e+01,1.564618599999999971e+00,1.485372432153875977e+01,-2.437495784959884393e+00,1.566993073650641444e+00,2.439683655097724113e-08
1.975000000000000019e-02,1.640595892153875823e+01,1.564618999999999982e+00,1.484133992153875781e+01,-2.449879735123102975e+00,1.567005918393624242e+00,7.386619138571859366e-08
1.980000000000000163e-02,1.639354392153875750e+01,1.564619599999999888e+00,1.482892432153875717e+01,-2.462295027830704086e+00,1.567018798172347571e+00,2.671436316603603700e-07
1.984999999999999959e-02,1.638109792153876043e+01,1.564620200000000017e+00,1.481647772153876019e+01,-2.474741662711577916e+00,1.567031713012323024e+00,8.038580361358071968e-07
1.990000000000000102e-02,1.636861992153875889e+01,1.564620799999999923e+00,1.480399912153875874e+01,-2.487219639393917880e+00,1.567044662939442556e+00,6.836375696650520695e-07
1.994999999999999898e-02,1.635610992153875998e+01,1.564621400000000051e+00,1.479148852153875993e+01,-2.499728957503126736e+00,1.567057647979985147e+00,-9.389236588219773694e-08
2.000000000000000042e-02,1.634356992153875865e+01,1.564621999999999957e+00,1.477894792153875869e+01,-2.512269616667397898e+00,1.567070668160619906e+00,4.708964009836336118e-07
2.004999999999999838e-02,1.633099792153875995e+01,1.564622399999999969e+00,1.476637552153876065e+01,-2.524841616509343911e+00,1.567083723508409854e+00,5.776264728751812072e-07
2.009999999999999981e-02,1.631839392153875679e+01,1.564622799999999980e+00,1.475377112153875636e+01,-2.537444956654367534e+00,1.567096814050818354e+00,2.592322445593708835e-08
2.015000000000000124e-02,1.630575992153875831e+01,1.564623199999999992e+00,1.474113672153875854e+01,-2.550079636725779419e+00,1.567109939815711339e+00,8.154099688795213297e-07
2.019999999999999921e-02,1.629309392153875891e+01,1.564623600000000003e+00,1.472847032153875801e+01,-2.562745656344796341e+00,1.567123100831362636e+00,9.457078977703758937e-07
2.025000000000000064e-02,1.628039592153875859e+01,1.564624000000000015e+00,1.471577192153875835e+01,-2.575443015132636404e+00,1.567136297126458189e+00,4.164382154669965530e-07
2.029999999999999860e-02,1.626766692153875837e+01,1.564624599999999921e+00,1.470304232153875823e+01,-2.588171712711214489e+00,1.567149528730100938e+00,2.722281777778334799e-08
2.035000000000000003e-02,1.625490692153875827e+01,1.564625200000000049e+00,1.469028172153875822e+01,-2.600931748698260382e+00,1.567162795671813269e+00,-2.232057205731052818e-08
2.040000000000000147e-02,1.624211592153875827e+01,1.564625799999999956e+00,1.467749012153875832e+01,-2.613723122712898306e+00,1.567176097981543448e+00,2.674271488700696864e-07
2.044999999999999943e-02,1.622929292153875735e+01,1.564626400000000084e+00,1.466466652153875749e+01,-2.626545834372858490e+00,1.567189435689668953e+00,-1.039163048943692047e-07
2.050000000000000086e-02,1.621643892153876010e+01,1.564626999999999990e+00,1.465181192153876033e+01,-2.639399883294474947e+00,1.567202808827000249e+00,-1.367346094127697143e-07
2.054999999999999882e-02,1.620355392153875940e+01,1.564627400000000002e+00,1.463892652153876028e+01,-2.652285269093384468e+00,1.567216217424785896e+00,3.685878464665393039e-07
2.060000000000000026e-02,1.619063692153875778e+01,1.564627800000000013e+00,1.462600912153875754e+01,-2.665201991383829405e+00,1.567229661514715877e+00,2.116652950689967838e-07
2.065000000000000169e-02,1.617768892153875981e+01,1.564628200000000025e+00,1.461306072153876023e+01,-2.678150049780748887e+00,1.567243141128926931e+00,3.921126658923412833e-07
2.069999999999999965e-02,1.616470992153875841e+01,1.564628600000000036e+00,1.460008132153875771e+01,-2.691129443896291384e+00,1.567256656300005879e+00,9.095420825389055608e-07
2.075000000000000108e-02,1.615169892153875963e+01,1.564629000000000048e+00,1.458706992153875959e+01,-2.704140173342606701e+00,1.567270207060993625e+00,7.635656817939207031e-07
2.079999999999999905e-02,1.613865692153875742e+01,1.564629599999999954e+00,1.457402732153875746e+01,-2.717182237730447980e+00,1.567283793445389817e+00,7.537942039448353171e-07
2.085000000000000048e-02,1.612558392153875886e+01,1.564630200000000082e+00,1.456095372153875900e+01,-2.730255636669872032e+00,1.567297415487157064e+00,1.079837691264629029e-06
2.089999999999999844e-02,1.611247892153875938e+01,1.564630799999999988e+00,1.454784812153875961e+01,-2.743360369770934781e+00,1.567311073220724493e+00,7.413061791083919161e-07
2.094999999999999987e-02,1.609934292153876001e+01,1.564631400000000117e+00,1.453471152153876034e+01,-2.756496436640205161e+00,1.567324766680991965e+00,7.378062196750079238e-07
2.100000000000000130e-02,1.608617492153875972e+01,1.564632000000000023e+00,1.452154292153876014e+01,-2.769663836887041430e+00,1.567338495903333850e+00,6.894716086947028089e-08
2.104999999999999927e-02,1.607297692153876056e+01,1.564632599999999929e+00,1.450834432153876108e+01,-2.782862570115919976e+00,1.567352260923604135e+00,7.343334633702625069e-07
2.110000000000000070e-02,1.605974692153876049e+01,1.564633200000000057e+00,1.449511372153876110e+01,-2.796092635932710735e+00,1.567366061778139530e+00,7.335709746314478252e-07
2.114999999999999866e-02,1.604648492153875949e+01,1.564633799999999964e+00,1.448185112153876020e+01,-2.809354033943284978e+00,1.567379898503763247e+00,6.626555126842958998e-08
2.120000000000000009e-02,1.603319192153875861e+01,1.564634400000000092e+00,1.446855752153875940e+01,-2.822646763750025656e+00,1.567393771137789438e+00,-2.679804342875513612e-07
2.125000000000000153e-02,1.601986792153875783e+01,1.564634999999999998e+00,1.445523292153875872e+01,-2.835970824955316161e+00,1.567407679718026303e+00,-2.695646159622810956e-07
2.129999999999999949e-02,1.600651292153875715e+01,1.564635400000000010e+00,1.444187752153875692e+01,-2.849326217161538999e+00,1.567421624282781201e+00,2.611153675502464466e-07
2.135000000000000092e-02,1.599312592153875912e+01,1.564635800000000021e+00,1.442849012153875954e+01,-2.862712939968984571e+00,1.567435604870863752e+00,1.236597970688535497e-07
2.139999999999999888e-02,1.597970792153875763e+01,1.564636200000000033e+00,1.441507172153875693e+01,-2.876130992977942835e+00,1.567449621521589398e+00,3.176689400419263620e-07
2.145000000000000032e-02,1.596625892153875803e+01,1.564636600000000044e+00,1.440162232153875799e+01,-2.889580375787309752e+00,1.567463674274783836e+00,8.427416844369872706e-07
2.149999999999999828e-02,1.595277792153875929e+01,1.564637000000000056e+00,1.438814092153875990e+01,-2.903061087994584621e+00,1.567477763170785687e+00,6.984755085426286314e-07
2.154999999999999971e-02,1.593926592153875887e+01,1.564637599999999962e+00,1.437462832153875958e+01,-2.916573129197965297e+00,1.567491888250451604e+00,6.844685920270876522e-07
2.160000000000000114e-02,1.592572292153875857e+01,1.564638200000000090e+00,1.436108472153875937e+01,-2.930116498992160867e+00,1.567506049555158931e+00,1.000315625887537863e-06
2.164999999999999911e-02,1.591214792153875912e+01,1.564638799999999996e+00,1.434750912153876001e+01,-2.943691196973277080e+00,1.567520247126809485e+00,6.456127081833074044e-07
2.170000000000000054e-02,1.589854192153875800e+01,1.564639400000000125e+00,1.433390252153875721e+01,-2.957297222735325359e+00,1.567534481007833769e+00,6.199538251649983067e-07
2.174999999999999850e-02,1.588490492153875877e+01,1.564640000000000031e+00,1.432026492153875807e+01,-2.970934575871620797e+00,1.567548751241192972e+00,9.229322834869435610e-07
2.179999999999999993e-02,1.587123592153875862e+01,1.564640599999999937e+00,1.430659532153875801e+01,-2.984603255974081826e+00,1.567563057870384524e+00,5.541399765718324488e-07
2.185000000000000137e-02,1.585753592153875857e+01,1.564641200000000065e+00,1.429289472153875806e+01,-2.998303262636023980e+00,1.567577400939443866e+00,5.131702121019543483e-07
2.189999999999999933e-02,1.584380492153875863e+01,1.564641799999999972e+00,1.427916312153875822e+01,-3.012034595445878260e+00,1.567591780492949116e+00,7.996114010921928639e-07
2.195000000000000076e-02,1.583004192153875778e+01,1.564642400000000100e+00,1.426539952153875745e+01,-3.025797253994169544e+00,1.567606196576023070e+00,4.130540496305457054e-07
2.199999999999999872e-02,1.581624792153875880e+01,1.564643000000000006e+00,1.425160492153875857e+01,-3.039591237870025608e+00,1.567620649234338304e+00,3.530872678680907484e-07
2.205000000000000016e-02,1.580242292153875816e+01,1.564643599999999912e+00,1.423777932153875803e+01,-3.053416546660484343e+00,1.567635138514118065e+00,6.192980830377337043e-07
2.210000000000000159e-02,1.578856592153875837e+01,1.564644200000000041e+00,1.422392172153875833e+01,-3.067273179952580975e+00,1.567649664462141823e+00,2.112735106862828616e-07
2.214999999999999955e-02,1.577467792153875870e+01,1.564644799999999947e+00,1.421003312153875875e+01,-3.081161137331957178e+00,1.567664227125747933e+00,1.285991757526971924e-07
2.220000000000000098e-02,1.576075892153875913e+01,1.564645400000000075e+00,1.419611352153875927e+01,-3.095080418384951848e+00,1.567678826552835192e+00,3.708613967035034875e-07
2.224999999999999895e-02,1.574680792153875863e+01,1.564645999999999981e+00,1.418216192153875888e+01,-3.109031022693718338e+00,1.567693462791867942e+00,-6.235768523765727878e-08
2.230000000000000038e-02,1.573282592153875825e+01,1.564646399999999993e+00,1.416817952153875737e+01,-3.123012949843199770e+00,1.567708135891877186e+00,2.852685554444178706e-08
2.234999999999999834e-02,1.571881292153875975e+01,1.564646800000000004e+00,1.415416612153875953e+01,-3.137026199414155059e+00,1.567722845902465911e+00,4.430957645240596321e-07
2.239999999999999977e-02,1.570476861435917293e+01,1.564647200000000016e+00,1.414012141435917336e+01,-3.151070770988737113e+00,1.567737592873810204e+00,8.737515813095342310e-07
2.245000000000000120e-02,1.569069261435917184e+01,1.564647600000000027e+00,1.412604501435917115e+01,-3.165146664146309075e+00,1.567752376856662355e+00,9.344328333327212022e-07
2.249999999999999917e-02,1.567658561435917264e+01,1.564648000000000039e+00,1.411193761435917260e+01,-3.179253878467629413e+00,1.567767197902354193e+00,1.317540675671580175e-06
2.255000000000000060e-02,1.566244661435917251e+01,1.564648599999999945e+00,1.409779801435917257e+01,-3.193392413530665941e+00,1.567782056062798857e+00,8.226530567867484933e-07
2.259999999999999856e-02,1.564827661435917250e+01,1.564649200000000073e+00,1.408362741435917265e+01,-3.207562268911991143e+00,1.567796951390495463e+00,6.493465303236689579e-07
2.264999999999999999e-02,1.563407561435917259e+01,1.564649799999999980e+00,1.406942581435917283e+01,-3.221763444189572834e+00,1.567811883938529549e+00,7.971990463317979447e-07
2.270000000000000143e-02,1.561984261435917176e+01,1.564650400000000108e+00,1.405519221435917210e+01,-3.235995938938589500e+00,1.567826853760577066e+00,2.657857720578249427e-07
2.274999999999999939e-02,1.560557961435917207e+01,1.564651000000000014e+00,1.404092861435917250e+01,-3.250259752734217411e+00,1.567841860910905716e+00,1.054681865397810725e-06
2.280000000000000082e-02,1.559128461435917146e+01,1.564651599999999920e+00,1.402663301435917198e+01,-3.264554885149542951e+00,1.567856905444378945e+00,1.163460391140347383e-06
2.284999999999999878e-02,1.557695761435917348e+01,1.564652200000000049e+00,1.401230541435917409e+01,-3.278881335757649840e+00,1.567871987416456836e+00,5.916944179062966214e-07
2.290000000000000022e-02,1.556259961435917205e+01,1.564652799999999955e+00,1.399794681435917276e+01,-3.293239104130925909e+00,1.567887106883199433e+00,3.389563154598818073e-07
2.295000000000000165e-02,1.554821061435917251e+01,1.564653400000000083e+00,1.398355721435917332e+01,-3.307628189840363220e+00,1.567902263901267856e+00,4.048170634263215106e-07
2.299999999999999961e-02,1.553379061435917308e+01,1.564653999999999989e+00,1.396913661435917220e+01,-3.322048592455558946e+00,1.567917458527928742e+00,7.888462345562174960e-07
2.305000000000000104e-02,1.551933861435917272e+01,1.564654599999999895e+00,1.395468401435917372e+01,-3.336500311546807485e+00,1.567932690821053132e+00,4.906141093385940621e-07
2.309999999999999901e-02,1.550485561435917248e+01,1.564655200000000024e+00,1.394020041435917179e+01,-3.350983346681613462e+00,1.567947960839121135e+00,5.096881743327230652e-07
2.315000000000000044e-02,1.549034161435917234e+01,1.564655799999999930e+00,1.392568581435917174e+01,-3.365497697426783397e+00,1.567963268641223040e+00,8.456352222907526084e-07
2.319999999999999840e-02,1.547579561435917306e+01,1.564656400000000058e+00,1.391113921435917256e+01,-3.380043363350518693e+00,1.567978614287060868e+00,4.980234340479228194e-07
2.324999999999999983e-02,1.546121861435917211e+01,1.564656999999999965e+00,1.389656161435917170e+01,-3.394620344016139324e+00,1.567993997836950149e+00,4.664161057377214092e-07
2.330000000000000127e-02,1.544661061435917304e+01,1.564657599999999871e+00,1.388195301435917273e+01,-3.409228638989753257e+00,1.568009419351823031e+00,7.503793408858427938e-07
2.334999999999999923e-02,1.543197061435917306e+01,1.564658199999999999e+00,1.386731241435917283e+01,-3.423868247834680023e+00,1.568024878893227836e+00,3.494764335698619107e-07
2.340000000000000066e-02,1.541729961435917318e+01,1.564658799999999905e+00,1.385264081435917305e+01,-3.438539170113541044e+00,1.568040376523332391e+00,2.632699871440991046e-07
2.344999999999999862e-02,1.540259761435917341e+01,1.564659400000000034e+00,1.383793821435917337e+01,-3.453241405387561969e+00,1.568055912304924693e+00,4.913212094947994046e-07
2.350000000000000006e-02,1.538786361435917271e+01,1.564659999999999940e+00,1.382320361435917278e+01,-3.467974953218667000e+00,1.568071486301414241e+00,3.319201091755985544e-08
2.355000000000000149e-02,1.537309961435917316e+01,1.564660599999999846e+00,1.380843901435917331e+01,-3.482739813165989240e+00,1.568087098576834482e+00,8.884415052534677670e-07
2.359999999999999945e-02,1.535830261435917166e+01,1.564661199999999974e+00,1.379364141435917190e+01,-3.497535984788662233e+00,1.568102749195842138e+00,5.662880475654219481e-08
2.365000000000000088e-02,1.534347561435917306e+01,1.564661799999999880e+00,1.377881381435917341e+01,-3.512363467645819082e+00,1.568118438223720101e+00,5.373130314012541930e-07
2.369999999999999885e-02,1.532861661435917355e+01,1.564662400000000009e+00,1.376395421435917399e+01,-3.527222261292408234e+00,1.568134165726378759e+00,3.300491062674382192e-07
2.375000000000000028e-02,1.531372661435917237e+01,1.564662999999999915e+00,1.374906361435917290e+01,-3.542112365286865572e+00,1.568149931770354444e+00,4.343954564944851882e-07
2.380000000000000171e-02,1.529880561435917308e+01,1.564663599999999821e+00,1.373414201435917370e+01,-3.557033779183440991e+00,1.568165736422813650e+00,8.499063106626181252e-07
2.384999999999999967e-02,1.528385261435917286e+01,1.564664199999999949e+00,1.371918841435917358e+01,-3.571986502536385277e+00,1.568181579751551258e+00,5.761359016531741872e-07
2.390000000000000110e-02,1.526886861435917275e+01,1.564664799999999856e+00,1.370420381435917356e+01,-3.586970534899251106e+00,1.568197461824993422e+00,6.126377609660949020e-07
2.394999999999999907e-02,1.525385261435917172e+01,1.564665399999999984e+00,1.368918721435917263e+01,-3.601985875824893490e+00,1.568213382712196013e+00,-4.103526940468782414e-08
2.400000000000000050e-02,1.523880661435917183e+01,1.564665999999999890e+00,1.367414061435917105e+01,-3.617032524865470666e+00,1.568229342482846844e+00,6.146689468522481548e-07
2.404999999999999846e-02,1.522372861435917279e+01,1.564666600000000019e+00,1.365906201435917211e+01,-3.632110481570350213e+00,1.568245341207265886e+00,5.792997654907594551e-07
2.409999999999999989e-02,1.520861961435917209e+01,1.564667199999999925e+00,1.364395241435917150e+01,-3.647219745489596043e+00,1.568261378956404384e+00,8.524072203641708256e-07
2.415000000000000133e-02,1.519347861435917224e+01,1.564667800000000053e+00,1.362881081435917174e+01,-3.662360316172576624e+00,1.568277455801847298e+00,4.335406753597226270e-07
2.419999999999999929e-02,1.517830661435917250e+01,1.564668399999999959e+00,1.361363821435917210e+01,-3.677532193166566099e+00,1.568293571815811527e+00,3.222473790032154284e-07
2.425000000000000072e-02,1.516310361435917287e+01,1.564669000000000088e+00,1.359843461435917256e+01,-3.692735376018839055e+00,1.568309727071146575e+00,5.180745894506344484e-07
2.429999999999999868e-02,1.514786861435917231e+01,1.564669599999999994e+00,1.358319901435917210e+01,-3.707969864275972416e+00,1.568325921641335219e+00,2.056886039270011679e-08
2.435000000000000012e-02,1.513260361435917289e+01,1.564670200000000122e+00,1.356793341435917277e+01,-3.723235657481753780e+00,1.568342155600492394e+00,8.292739686055483617e-07
2.440000000000000155e-02,1.511730661435917256e+01,1.564670800000000028e+00,1.355263581435917253e+01,-3.738532755182061962e+00,1.568358429023364975e+00,9.437357721964190205e-07
2.444999999999999951e-02,1.510197761435917307e+01,1.564671400000000157e+00,1.353730621435917314e+01,-3.753861156918591568e+00,1.568374741985333110e+00,3.634959462317510770e-07
2.450000000000000094e-02,1.508661761435917192e+01,1.564672000000000063e+00,1.352194561435917208e+01,-3.769220862234431202e+00,1.568391094562407551e+00,8.809755591698831267e-08
2.454999999999999891e-02,1.507122661435917266e+01,1.564672599999999969e+00,1.350655401435917291e+01,-3.784611870671275469e+00,1.568407486831229658e+00,1.170822887530675871e-07
2.460000000000000034e-02,1.505580461435917172e+01,1.564673200000000097e+00,1.349113141435917207e+01,-3.800034181768725539e+00,1.568423918869072065e+00,4.499897183762868735e-07
2.464999999999999830e-02,1.504035161435917267e+01,1.564673800000000004e+00,1.347567781435917311e+01,-3.815487795067080246e+00,1.568440390753836677e+00,1.086360130742036745e-06
2.469999999999999973e-02,1.502486661435917270e+01,1.564674400000000132e+00,1.346019221435917324e+01,-3.830972710105243095e+00,1.568456902564053568e+00,1.025732405679491421e-06
2.475000000000000117e-02,1.500934961435917181e+01,1.564675000000000038e+00,1.344467461435917244e+01,-3.846488926420025933e+00,1.568473454378880971e+00,2.676433350501383757e-07
2.479999999999999913e-02,1.499380261435917205e+01,1.564675599999999944e+00,1.342912701435917278e+01,-3.862036443548239273e+00,1.568490046278103511e+00,8.116297181004483718e-07
2.485000000000000056e-02,1.497822361435917315e+01,1.564676200000000073e+00,1.341354741435917219e+01,-3.877615261025996851e+00,1.568506678342131089e+00,6.572276447514013853e-07
2.489999999999999852e-02,1.496261361435917259e+01,1.564676799999999979e+00,1.339793681435917350e+01,-3.893225378388714741e+00,1.568523350651997772e+00,8.039725170050360248e-07
2.494999999999999996e-02,1.494697261435917213e+01,1.564677400000000107e+00,1.338229521435917135e+01,-3.908866795169715580e+00,1.568540063289359576e+00,1.251397627299866144e-06
2.500000000000000139e-02,1.493129961435917252e+01,1.564678000000000013e+00,1.336662161435917184e+01,-3.924539510903020112e+00,1.568556816336494242e+00,9.990369918000396865e-07
2.504999999999999935e-02,1.491559561435917303e+01,1.564678599999999919e+00,1.335091701435917244e+01,-3.940243525119859314e+00,1.568573609876297903e+00,1.046421814976383757e-06
2.510000000000000078e-02,1.489985961435917261e+01,1.564679200000000048e+00,1.333518041435917212e+01,-3.955978837351463717e+00,1.568590443992284644e+00,3.930833099019537258e-07
2.514999999999999875e-02,1.488409361435917333e+01,1.564679799999999954e+00,1.331941381435917293e+01,-3.971745447128365747e+00,1.568607318768583614e+00,1.038551987520008879e-06
2.520000000000000018e-02,1.486829561435917313e+01,1.564680400000000082e+00,1.330361521435917282e+01,-3.987543353980401051e+00,1.568624234289937469e+00,9.823576707645997885e-07
2.525000000000000161e-02,1.485246661435917304e+01,1.564680999999999989e+00,1.328778561435917283e+01,-4.003372557435311840e+00,1.568641190641699712e+00,1.224028077118077817e-06
2.529999999999999957e-02,1.483660561435917202e+01,1.564681800000000012e+00,1.327192381435917135e+01,-4.019233057020841215e+00,1.568658187909832913e+00,5.630909321041599469e-07
2.535000000000000100e-02,1.482071361435917289e+01,1.564682600000000035e+00,1.325603101435917353e+01,-4.035124852264732276e+00,1.568675226180905824e+00,1.990739590951307036e-07
2.539999999999999897e-02,1.480479061435917210e+01,1.564683400000000058e+00,1.324010721435917226e+01,-4.051047942690540360e+00,1.568692305542090937e+00,1.315006965540987949e-07
2.545000000000000040e-02,1.478883661435917318e+01,1.564684200000000081e+00,1.322415241435917288e+01,-4.067002327824615016e+00,1.568709426081161595e+00,3.598974753771244650e-07
2.549999999999999836e-02,1.477285061435917157e+01,1.564685000000000104e+00,1.320816561435917080e+01,-4.082988007189814361e+00,1.568726587886489554e+00,-1.162128704379483679e-07
2.554999999999999979e-02,1.475683361435917185e+01,1.564685600000000010e+00,1.319214801435917117e+01,-4.099004980309695512e+00,1.568743791047041425e+00,-9.730679728647828597e-08
2.560000000000000123e-02,1.474078561435917223e+01,1.564686200000000138e+00,1.317609941435917165e+01,-4.115053246706422030e+00,1.568761035652375346e+00,2.161378329645913254e-07
2.564999999999999919e-02,1.472470561435917347e+01,1.564686800000000044e+00,1.316001881435917298e+01,-4.131132805900759486e+00,1.568778321792639652e+00,-1.763582240243977139e-07
2.570000000000000062e-02,1.470859561435917229e+01,1.564687400000000173e+00,1.314390821435917189e+01,-4.147243657412777118e+00,1.568795649558566430e+00,7.247250728426024580e-07
2.574999999999999858e-02,1.469245261435917271e+01,1.564688000000000079e+00,1.312776461435917241e+01,-4.163385800761149724e+00,1.568813019041469969e+00,-8.109361715469276533e-08
2.580000000000000002e-02,1.467627961435917250e+01,1.564688599999999985e+00,1.311159101435917229e+01,-4.179559235465249323e+00,1.568830430333242543e+00,4.057050535521966594e-07
2.585000000000000145e-02,1.466007461435917136e+01,1.564689200000000113e+00,1.309538541435917125e+01,-4.195763961041656387e+00,1.568847883526351072e+00,1.846376527225856989e-07
2.589999999999999941e-02,1.464383861435917211e+01,1.564689800000000020e+00,1.307914881435917209e+01,-4.211999977007649498e+00,1.568865378713832248e+00,2.552214386497553278e-07
2.595000000000000084e-02,1.462757161435917297e+01,1.564690400000000148e+00,1.306288121435917304e+01,-4.228267282877021138e+00,1.568882915989288529e+00,6.169701833869112306e-07
2.599999999999999881e-02,1.461127261435917291e+01,1.564691000000000054e+00,1.304658161435917307e+01,-4.244565878166352668e+00,1.568900495446884813e+00,2.694004432868268850e-07
2.605000000000000024e-02,1.459494261435917295e+01,1.564691599999999960e+00,1.303025101435917321e+01,-4.260895762388736685e+00,1.568918117181342886e+00,2.120252986514969962e-07
2.610000000000000167e-02,1.457858161435917310e+01,1.564692200000000089e+00,1.301388941435917346e+01,-4.277256935055872233e+00,1.568935781287937425e+00,4.443564272094135958e-07
2.614999999999999963e-02,1.456218961435917336e+01,1.564692799999999995e+00,1.299749681435917381e+01,-4.293649395680852798e+00,1.568953487862491336e+00,9.659069011291876450e-07
2.620000000000000107e-02,1.454576561435917270e+01,1.564693400000000123e+00,1.298107221435917324e+01,-4.310073143773981208e+00,1.568971237001370422e+00,7.761870008948790201e-07
2.624999999999999903e-02,1.452931061435917215e+01,1.564694000000000029e+00,1.296461661435917279e+01,-4.326528178845561179e+00,1.568989028801478502e+00,8.747070161518877285e-07
2.630000000000000046e-02,1.451282461435917170e+01,1.564694800000000052e+00,1.294812981435917187e+01,-4.343014500404501099e+00,1.569006863360252080e+00,1.060975833411248459e-06
2.634999999999999842e-02,1.449630661435917212e+01,1.564695600000000075e+00,1.293161101435917182e+01,-4.359532107958313141e+00,1.569024740775656346e+00,5.345009430612890355e-07
2.639999999999999986e-02,1.447975761435917263e+01,1.564696399999999876e+00,1.291506121435917365e+01,-4.376081001015207583e+00,1.569042661146177187e+00,2.947905368699821338e-07
2.645000000000000129e-02,1.446317761435917149e+01,1.564697199999999899e+00,1.289848041435917203e+01,-4.392661179080606715e+00,1.569060624570817408e+00,3.413500184734630238e-07
2.649999999999999925e-02,1.444656661435917222e+01,1.564697999999999922e+00,1.288186861435917230e+01,-4.409272641660626491e+00,1.569078631149090297e+00,6.736854842870343418e-07
2.655000000000000068e-02,1.442992361435917203e+01,1.564698599999999828e+00,1.286522501435917221e+01,-4.425915388259292094e+00,1.569096680981013181e+00,4.913009359341913296e-07
2.659999999999999865e-02,1.441324961435917196e+01,1.564699199999999957e+00,1.284855041435917222e+01,-4.442589418380629596e+00,1.569114774167102544e+00,5.937003830780440694e-07
2.665000000000000008e-02,1.439654361435917274e+01,1.564699799999999863e+00,1.283184381435917309e+01,-4.459294731526569855e+00,1.569132910808366033e+00,-1.961426754348849499e-08
2.670000000000000151e-02,1.437980761435917287e+01,1.564700399999999991e+00,1.281510721435917333e+01,-4.476031327198350063e+00,1.569151091006297571e+00,6.508582064412848922e-07
2.674999999999999947e-02,1.436303961435917209e+01,1.564700999999999897e+00,1.279833861435917264e+01,-4.492799204897900189e+00,1.569169314862869147e+00,6.046197107423267880e-07
2.680000000000000090e-02,1.434624061435917319e+01,1.564701600000000026e+00,1.278153901435917383e+01,-4.509598364124363101e+00,1.569187582480525034e+00,8.411693723786584087e-07
2.684999999999999887e-02,1.432940961435917160e+01,1.564702199999999932e+00,1.276470741435917233e+01,-4.526428804376881665e+00,1.569205893962174247e+00,3.600063038788903214e-07
2.690000000000000030e-02,1.431254861435917292e+01,1.564702800000000060e+00,1.274784581435917374e+01,-4.543290525153202530e+00,1.569224249411184546e+00,1.160628244178951718e-06
2.695000000000000173e-02,1.429565561435917331e+01,1.564703399999999966e+00,1.273095221435917423e+01,-4.560183525951071459e+00,1.569242648931372219e+00,1.242532913892091528e-06
2.699999999999999969e-02,1.427873061435917279e+01,1.564704000000000095e+00,1.271402661435917203e+01,-4.577107806265446222e+00,1.569261092626997867e+00,6.052152485835904372e-07
2.705000000000000113e-02,1.426177561435917340e+01,1.564704800000000118e+00,1.269707081435917395e+01,-4.594063365592679027e+00,1.569279580602757296e+00,1.048171579753898186e-06
2.709999999999999909e-02,1.424478861435917310e+01,1.564705600000000141e+00,1.268008301435917318e+01,-4.611050203427027760e+00,1.569298112963772418e+00,7.708961486940779650e-07
2.715000000000000052e-02,1.422777061435917290e+01,1.564706399999999942e+00,1.266306421435917251e+01,-4.628068319260659536e+00,1.569316689815585253e+00,7.728811013407721475e-07
2.719999999999999848e-02,1.421072061435917178e+01,1.564707199999999965e+00,1.264601341435917092e+01,-4.645117712586437797e+00,1.569335311264148602e+00,5.361927613023453887e-08
2.724999999999999992e-02,1.419364061435917179e+01,1.564707999999999988e+00,1.262893261435917225e+01,-4.662198382896528770e+00,1.569353977415816948e+00,6.126028235797775778e-07
2.730000000000000135e-02,1.417652861435917266e+01,1.564708599999999894e+00,1.261182001435917321e+01,-4.679310329681704239e+00,1.569372688377340008e+00,6.493224944392750331e-07
2.734999999999999931e-02,1.415938561435917187e+01,1.564709200000000022e+00,1.259467641435917251e+01,-4.696453552430642553e+00,1.569391444255850976e+00,9.632669453196740506e-07
2.740000000000000074e-02,1.414221061435917193e+01,1.564709799999999928e+00,1.257750081435917267e+01,-4.713628050633417388e+00,1.569410245158859851e+00,5.539262311060610955e-07
2.744999999999999871e-02,1.412500461435917209e+01,1.564710400000000057e+00,1.256029421435917115e+01,-4.730833823776614544e+00,1.569429091194244119e+00,4.207869075401049486e-07
2.750000000000000014e-02,1.410776761435917237e+01,1.564710999999999963e+00,1.254305661435917330e+01,-4.748070871347516153e+00,1.569447982470237202e+00,5.633362523127516397e-07
2.755000000000000157e-02,1.409049961435917275e+01,1.564711799999999986e+00,1.252578781435917321e+01,-4.765339192832012571e+00,1.569466919095421353e+00,7.810601250213267122e-07
2.759999999999999953e-02,1.407319961435917222e+01,1.564712600000000009e+00,1.250848701435917221e+01,-4.782638787715292494e+00,1.569485901178717002e+00,2.734436943541140863e-07
2.765000000000000097e-02,1.405586961435917281e+01,1.564713400000000032e+00,1.249115621435917234e+01,-4.799969655481850062e+00,1.569504928829371870e+00,1.039971433414166313e-06
2.769999999999999893e-02,1.403850661435917146e+01,1.564714200000000055e+00,1.247379241435917052e+01,-4.817331795614782308e+00,1.569524002156953202e+00,8.012641572463508055e-08
2.775000000000000036e-02,1.402111361435917303e+01,1.564715000000000078e+00,1.245639861435917339e+01,-4.834725207596490826e+00,1.569543121271333996e+00,3.933910335263135494e-07
2.779999999999999832e-02,1.400368861435917189e+01,1.564715599999999984e+00,1.243897301435917235e+01,-4.852149890907979213e+00,1.569562286282685903e+00,1.792462587246745898e-07
2.784999999999999976e-02,1.398623261435917264e+01,1.564716200000000113e+00,1.242151641435917320e+01,-4.869605845030253732e+00,1.569581497301466122e+00,2.371730793981896568e-07
2.790000000000000119e-02,1.396874561435917173e+01,1.564716800000000019e+00,1.240402881435917237e+01,-4.887093069442226323e+00,1.569600754438407186e+00,5.666503835044522930e-07
2.794999999999999915e-02,1.395122761435917269e+01,1.564717400000000147e+00,1.238651021435917343e+01,-4.904611563622809811e+00,1.569620057804506530e+00,1.167157071435553917e-06
2.800000000000000058e-02,1.393367761435917274e+01,1.564718000000000053e+00,1.236895961435917357e+01,-4.922161327049521695e+00,1.569639407511013829e+00,1.038170632128299076e-06
2.804999999999999855e-02,1.391609661435917289e+01,1.564718800000000076e+00,1.235137781435917326e+01,-4.939742359199878585e+00,1.569658803669420344e+00,9.791685631199698037e-07
2.809999999999999998e-02,1.389848361435917212e+01,1.564719600000000099e+00,1.233376401435917202e+01,-4.957354659548607323e+00,1.569678246391447152e+00,1.896255650279954352e-07
2.815000000000000141e-02,1.388084061435917249e+01,1.564720399999999900e+00,1.231612021435917192e+01,-4.974998227571830967e+00,1.569697735789031823e+00,6.690177514201423037e-07
2.819999999999999937e-02,1.386316561435917194e+01,1.564721199999999923e+00,1.229844441435917268e+01,-4.992673062742881029e+00,1.569717271974318873e+00,4.168184251085449432e-07
2.825000000000000080e-02,1.384545961435917150e+01,1.564721999999999946e+00,1.228073761435917177e+01,-5.010379164535089025e+00,1.569736855059644665e+00,4.325008955419207268e-07
2.829999999999999877e-02,1.382772261435917294e+01,1.564722599999999852e+00,1.226300001435917331e+01,-5.028116532420392026e+00,1.569756485157526305e+00,9.155370808144880357e-07
2.835000000000000020e-02,1.380995361435917346e+01,1.564723199999999981e+00,1.224523041435917392e+01,-5.045885165870028999e+00,1.569776162380648543e+00,6.653982005389025289e-07
2.840000000000000163e-02,1.379215361435917231e+01,1.564723799999999887e+00,1.222742981435917287e+01,-5.063685064355238907e+00,1.569795886841851118e+00,6.815554680628110873e-07
2.844999999999999959e-02,1.377432261435917304e+01,1.564724400000000015e+00,1.220959821435917370e+01,-5.081516227343772840e+00,1.569815658654113433e+00,9.634766158228558197e-07
2.850000000000000103e-02,1.375645961435917286e+01,1.564724999999999921e+00,1.219173461435917361e+01,-5.099378654306173431e+00,1.569835477930545231e+00,5.106321605552466281e-07
2.854999999999999899e-02,1.373856661435917204e+01,1.564725799999999944e+00,1.217384081435917231e+01,-5.117272344708098331e+00,1.569855344784367945e+00,1.122487743643318936e-06
2.860000000000000042e-02,1.372064161435917207e+01,1.564726599999999967e+00,1.215591501435917188e+01,-5.135197298017299516e+00,1.569875259328904926e+00,9.985110942523078847e-07
2.864999999999999838e-02,1.370268561435917221e+01,1.564727399999999990e+00,1.213795821435917155e+01,-5.153153513699434640e+00,1.569895221677564789e+00,1.138167849745741478e-06
2.869999999999999982e-02,1.368469761435917320e+01,1.564728200000000014e+00,1.211996941435917385e+01,-5.171140991218767802e+00,1.569915231943828093e+00,5.409222527674728553e-07
2.875000000000000125e-02,1.366667861435917253e+01,1.564729000000000037e+00,1.210194961435917271e+01,-5.189159730040259433e+00,1.569935290241232684e+00,2.062392336910079393e-07
2.879999999999999921e-02,1.364862861435917196e+01,1.564729599999999943e+00,1.208389901435917224e+01,-5.207209729626080197e+00,1.569955396683359261e+00,3.335809530824462854e-07
2.885000000000000064e-02,1.363054761435917328e+01,1.564730200000000071e+00,1.206581741435917365e+01,-5.225290989438401645e+00,1.569975551383814949e+00,7.224095561753074435e-07
2.889999999999999861e-02,1.361243561435917293e+01,1.564730799999999977e+00,1.204770481435917340e+01,-5.243403508938695445e+00,1.569995754456219750e+00,1.372186492432092564e-06
2.895000000000000004e-02,1.359429161435917166e+01,1.564731400000000106e+00,1.202956021435917222e+01,-5.261547287587041488e+00,1.570016006014189891e+00,1.282371815847227481e-06
2.900000000000000147e-02,1.357611661435917227e+01,1.564732000000000012e+00,1.201138461435917293e+01,-5.279722324842120784e+00,1.570036306171322948e+00,1.452424195136359231e-06
2.904999999999999943e-02,1.355791001435917309e+01,1.564732800000000035e+00,1.199317721435917328e+01,-5.297928620163314228e+00,1.570056655041181415e+00,1.081802983193824730e-06
2.910000000000000087e-02,1.353967251435917163e+01,1.564733600000000058e+00,1.197493891435917135e+01,-5.316166173007212059e+00,1.570077052737276935e+00,1.069964747912877101e-06
2.914999999999999883e-02,1.352140371435917210e+01,1.564734399999999859e+00,1.195666931435917135e+01,-5.334434982831799843e+00,1.570097499373052763e+00,1.016367452422173301e-06
2.920000000000000026e-02,1.350310361435917272e+01,1.564735199999999882e+00,1.193836841435917329e+01,-5.352735049090877162e+00,1.570117995061868887e+00,9.204648829808093069e-07
2.925000000000000169e-02,1.348477231435917290e+01,1.564735999999999905e+00,1.192003631435917299e+01,-5.371066371240336146e+00,1.570138539916984044e+00,8.817129000249224191e-07
2.929999999999999966e-02,1.346640971435917322e+01,1.564736799999999928e+00,1.190167291435917285e+01,-5.389428948733279157e+00,1.570159134051538841e+00,7.995645869840473097e-07
2.935000000000000109e-02,1.344801591435917310e+01,1.564737599999999951e+00,1.188327831435917403e+01,-5.407822781023506664e+00,1.570179777578538438e+00,7.734737206277486621e-07
2.939999999999999905e-02,1.342959081435917312e+01,1.564738399999999974e+00,1.186485241435917359e+01,-5.426247867562724814e+00,1.570200470610834786e+00,7.028919881690853799e-07
2.945000000000000048e-02,1.341113441435917153e+01,1.564739199999999997e+00,1.184639521435917153e+01,-5.444704207800548978e+00,1.570221213261109083e+00,5.872689801122987774e-07
2.949999999999999845e-02,1.339264681435917304e+01,1.564740000000000020e+00,1.182790681435917257e+01,-5.463191801189382524e+00,1.570242005641853789e+00,5.260570805631914482e-07
2.954999999999999988e-02,1.337412801435917231e+01,1.564740599999999926e+00,1.180938741435917194e+01,-5.481710647176747386e+00,1.570262847865354194e+00,7.187037844857968594e-07
2.960000000000000131e-02,1.335557791435917174e+01,1.564741200000000054e+00,1.179083671435917147e+01,-5.500260745211561719e+00,1.570283740043669773e+00,8.646579932047870898e-07
2.964999999999999927e-02,1.333699651435917310e+01,1.564741799999999960e+00,1.177225471435917292e+01,-5.518842094740647575e+00,1.570304682288615306e+00,9.633665065678087558e-07
2.970000000000000070e-02,1.331838391435917224e+01,1.564742400000000089e+00,1.175364151435917215e+01,-5.537454695211528666e+00,1.570325674711742447e+00,1.114276821922999261e-06
2.974999999999999867e-02,1.329974011435917269e+01,1.564742999999999995e+00,1.173499711435917270e+01,-5.556098546068934496e+00,1.570346717424319305e+00,1.316833650122362087e-06
2.980000000000000010e-02,1.328106501435917153e+01,1.564743800000000018e+00,1.171632121435917107e+01,-5.574773646757597234e+00,1.570367810537312447e+00,1.270481691406644131e-06
2.985000000000000153e-02,1.326235861435917229e+01,1.564744600000000041e+00,1.169761401435917136e+01,-5.593479996721550052e+00,1.570388954161366257e+00,1.174664969738614673e-06
2.989999999999999949e-02,1.324362101435917261e+01,1.564745400000000064e+00,1.167887561435917299e+01,-5.612217595403432568e+00,1.570410148406782280e+00,1.128826099261459603e-06
2.995000000000000093e-02,1.322485221435917246e+01,1.564746200000000087e+00,1.166010601435917238e+01,-5.630986442245185408e+00,1.570431393383500351e+00,1.132406991288803511e-06
2.999999999999999889e-02,1.320605211435917248e+01,1.564747000000000110e+00,1.164130511435917192e+01,-5.649786536686656646e+00,1.570452689201077057e+00,1.084847474075445461e-06
3.005000000000000032e-02,1.318722071435917265e+01,1.564747800000000133e+00,1.162247291435917163e+01,-5.668617878169786906e+00,1.570474035968665749e+00,9.855894695931510796e-07
3.009999999999999828e-02,1.316835811435917236e+01,1.564748600000000156e+00,1.160360951435917265e+01,-5.687480466132333490e+00,1.570495433794994122e+00,9.340707105565115853e-07
3.014999999999999972e-02,1.314946431435917162e+01,1.564749399999999957e+00,1.158471491435917144e+01,-5.706374300012747369e+00,1.570516882788345114e+00,9.297296230670326622e-07
3.020000000000000115e-02,1.313053921435917282e+01,1.564750199999999980e+00,1.156578901435917217e+01,-5.725299379248087739e+00,1.570538383056533593e+00,8.720032447229186801e-07
3.024999999999999911e-02,1.311158291435917178e+01,1.564751000000000003e+00,1.154683191435917244e+01,-5.744255703275412905e+00,1.570559934706884597e+00,8.603286136832366537e-07
3.030000000000000054e-02,1.309259531435917268e+01,1.564751800000000026e+00,1.152784351435917287e+01,-5.763243271529687739e+00,1.570581537846212461e+00,7.941406696687636213e-07
3.034999999999999851e-02,1.307357651435917312e+01,1.564752600000000049e+00,1.150882391435917285e+01,-5.782262083445877110e+00,1.570603192580797947e+00,7.728743565138529448e-07
3.039999999999999994e-02,1.305452641435917194e+01,1.564753399999999850e+00,1.148977301435917298e+01,-5.801312138456855116e+00,1.570624899016365372e+00,6.959625196145680093e-07
3.045000000000000137e-02,1.303544511435917208e+01,1.564754199999999873e+00,1.147069091435917265e+01,-5.820393435996189524e+00,1.570646657258059964e+00,6.628387101415000870e-07
3.049999999999999933e-02,1.301633261435917177e+01,1.564754999999999896e+00,1.145157761435917187e+01,-5.839505975494662771e+00,1.570668467410424540e+00,6.729336874400360102e-07
3.055000000000000077e-02,1.299718881435917162e+01,1.564755799999999919e+00,1.143243301435917125e+01,-5.858649756383750073e+00,1.570690329577377975e+00,6.256789006897633953e-07
3.059999999999999873e-02,1.297801381435917278e+01,1.564756599999999942e+00,1.141325721435917373e+01,-5.877824778093534874e+00,1.570712243862187885e+00,6.205044122964409326e-07
3.065000000000000016e-02,1.295880751435917233e+01,1.564757399999999965e+00,1.139405011435917281e+01,-5.897031040052704398e+00,1.570734210367450423e+00,5.568388861121320588e-07
3.070000000000000159e-02,1.293957001435917320e+01,1.564758199999999988e+00,1.137481181435917321e+01,-5.916268541689945870e+00,1.570756229195064524e+00,5.341109883261196956e-07
3.074999999999999956e-02,1.292030121435917245e+01,1.564759000000000011e+00,1.135554221435917199e+01,-5.935537282431154971e+00,1.570778300446207698e+00,4.517465868048020639e-07
3.080000000000000099e-02,1.290100131435917241e+01,1.564759800000000034e+00,1.133624151435917327e+01,-5.954837261704322593e+00,1.570800424221311165e+00,5.091736543505476220e-07
3.084999999999999895e-02,1.288167001435917314e+01,1.564760600000000057e+00,1.131690941435917352e+01,-5.974168478933252757e+00,1.570822600620035203e+00,4.058159639441782929e-07
3.090000000000000038e-02,1.286230761435917280e+01,1.564761399999999858e+00,1.129754621435917272e+01,-5.993530933543143924e+00,1.570844829741244286e+00,4.410986989000775793e-07
3.094999999999999835e-02,1.284291391435917262e+01,1.564762199999999881e+00,1.127815171435917208e+01,-6.012924624957800113e+00,1.570867111682980655e+00,4.144456386967476647e-07
3.099999999999999978e-02,1.282348901435917199e+01,1.564762999999999904e+00,1.125872601435917275e+01,-6.032349552598933684e+00,1.570889446542439227e+00,4.252784719938063063e-07
3.105000000000000121e-02,1.280403281435917329e+01,1.564763600000000032e+00,1.123926921435917237e+01,-6.051805715889650550e+00,1.570911834415942954e+00,5.730202747855628331e-07
3.109999999999999917e-02,1.278454541435917236e+01,1.564764199999999938e+00,1.121978121435917330e+01,-6.071293114248872413e+00,1.570934275398913060e+00,7.570899569486755354e-07
3.115000000000000061e-02,1.276502671435917335e+01,1.564764800000000067e+00,1.120026191435917262e+01,-6.090811747098309858e+00,1.570956769585845958e+00,8.769091977001153282e-07
3.119999999999999857e-02,1.274547691435917329e+01,1.564765399999999973e+00,1.118071151435917265e+01,-6.110361613856187368e+00,1.570979317070285486e+00,1.131896201655990808e-06
3.125000000000000000e-02,1.272589581435917161e+01,1.564766000000000101e+00,1.116112981435917106e+01,-6.129942713940029542e+00,1.571001917944794712e+00,1.321468463544306360e-06
3.130000000000000143e-02,1.270628341435917186e+01,1.564766800000000124e+00,1.114151661435917262e+01,-6.149555046767363642e+00,1.571024572300929067e+00,1.245043497632991603e-06
3.135000000000000286e-02,1.268663991435917282e+01,1.564767600000000147e+00,1.112187231435917312e+01,-6.169198611754319828e+00,1.571047280229210363e+00,1.302037404116163088e-06
3.139999999999999736e-02,1.266696511435917216e+01,1.564768399999999948e+00,1.110219671435917199e+01,-6.188873408316331926e+00,1.571070041819096819e+00,1.291865592278895747e-06
3.144999999999999879e-02,1.264725904435917236e+01,1.564769199999999971e+00,1.108248984435917173e+01,-6.208579435868134766e+00,1.571092857158955747e+00,1.243942772788386719e-06
3.150000000000000022e-02,1.262752178435917294e+01,1.564769999999999994e+00,1.106275178435917361e+01,-6.228316693822372407e+00,1.571115726336035134e+00,1.237681575005922241e-06
3.155000000000000165e-02,1.260775328435917331e+01,1.564770800000000017e+00,1.104298248435917351e+01,-6.248085181592384352e+00,1.571138649436434997e+00,1.222495304986637166e-06
3.160000000000000309e-02,1.258795356435917334e+01,1.564771600000000040e+00,1.102318196435917308e+01,-6.267884898588720333e+00,1.571161626545078072e+00,1.217794492802681816e-06
3.164999999999999758e-02,1.256812261735917247e+01,1.564772400000000063e+00,1.100335021735917174e+01,-6.287715844223327188e+00,1.571184657745681390e+00,1.215991058955978588e-06
3.169999999999999901e-02,1.254826043435917171e+01,1.564773200000000086e+00,1.098348723435917229e+01,-6.307578017905359324e+00,1.571207743120725864e+00,1.207494134902731275e-06
3.175000000000000044e-02,1.252836703435917265e+01,1.564774000000000109e+00,1.096359303435917276e+01,-6.327471419043972034e+00,1.571230882751425861e+00,1.210712854415874062e-06
3.180000000000000188e-02,1.250844240435917243e+01,1.564774800000000132e+00,1.094366760435917207e+01,-6.347396047046925283e+00,1.571254076717702119e+00,1.212054952404173491e-06
3.185000000000000331e-02,1.248848654435917283e+01,1.564775600000000155e+00,1.092371094435917200e+01,-6.367351901320582819e+00,1.571277325098147548e+00,1.210926770411901998e-06
3.189999999999999780e-02,1.246849945435917206e+01,1.564776399999999956e+00,1.090372305435917255e+01,-6.387338981272706384e+00,1.571300627969999475e+00,1.206736039094380430e-06
3.194999999999999923e-02,1.244848111435917204e+01,1.564777199999999979e+00,1.088370391435917206e+01,-6.407357286307566291e+00,1.571323985409107005e+00,1.178887012898144349e-06
3.200000000000000067e-02,1.242843161435917310e+01,1.564778000000000002e+00,1.086365361435917265e+01,-6.427406815829435516e+00,1.571347397489901265e+00,1.216783939383958568e-06
3.205000000000000210e-02,1.240835081435917253e+01,1.564778800000000025e+00,1.084357201435917162e+01,-6.447487569241888039e+00,1.571370864285362545e+00,1.179830364961276246e-06
3.209999999999999659e-02,1.238823891435917268e+01,1.564779600000000048e+00,1.082345931435917308e+01,-6.467599545947801509e+00,1.571394385866989873e+00,1.267429144746756720e-06
3.214999999999999802e-02,1.236809571435917299e+01,1.564780399999999849e+00,1.080331531435917292e+01,-6.487742745347960138e+00,1.571417962304768157e+00,1.278981041963334064e-06
3.219999999999999946e-02,1.234792121435917167e+01,1.564781199999999872e+00,1.078314001435917113e+01,-6.507917166843147250e+00,1.571441593667135317e+00,1.213886809736663963e-06
3.225000000000000089e-02,1.232771561435917285e+01,1.564781999999999895e+00,1.076293361435917362e+01,-6.528122809833449836e+00,1.571465280020952093e+00,1.271546517855881575e-06
3.230000000000000232e-02,1.230747871435917240e+01,1.564782799999999918e+00,1.074269591435917270e+01,-6.548359673718256779e+00,1.571489021431466737e+00,1.251359522669304170e-06
3.234999999999999681e-02,1.228721061435917328e+01,1.564783599999999941e+00,1.072242701435917311e+01,-6.568627757894167196e+00,1.571512817962282593e+00,1.252722407585338260e-06
3.239999999999999825e-02,1.226691131435917193e+01,1.564784399999999964e+00,1.070212691435917129e+01,-6.588927061759872750e+00,1.571536669675325681e+00,1.275033833181282716e-06
3.244999999999999968e-02,1.224658081435917190e+01,1.564785199999999987e+00,1.068179561435917257e+01,-6.609257584709181010e+00,1.571560576630810058e+00,1.317687589263982773e-06
3.250000000000000111e-02,1.222621901435917202e+01,1.564786000000000010e+00,1.066143301435917223e+01,-6.629619326139389202e+00,1.571584538887203619e+00,1.280080939025651787e-06
3.255000000000000254e-02,1.220582611435917286e+01,1.564786999999999928e+00,1.064103911435917382e+01,-6.650012285443608562e+00,1.571608556501195242e+00,1.161606981270324468e-06
3.259999999999999704e-02,1.218540191435917208e+01,1.564788000000000068e+00,1.062061391435917201e+01,-6.670436462015645773e+00,1.571632629527658143e+00,9.616594880412776547e-07
3.264999999999999847e-02,1.216494651435917262e+01,1.564788999999999985e+00,1.060015751435917331e+01,-6.690891855247915743e+00,1.571656758019617905e+00,7.796308576502042342e-07
3.269999999999999990e-02,1.214445991435917271e+01,1.564790000000000125e+00,1.057966991435917237e+01,-6.711378464532133492e+00,1.571680942028214734e+00,6.149127731447379119e-07
3.275000000000000133e-02,1.212394201435917296e+01,1.564791000000000043e+00,1.055915101435917336e+01,-6.731896289257922383e+00,1.571705181602669699e+00,3.668948362900437132e-07
3.280000000000000276e-02,1.210339301435917214e+01,1.564791800000000066e+00,1.053860121435917208e+01,-6.752445328816300218e+00,1.571729476790248770e+00,4.349680420290269467e-07
3.284999999999999726e-02,1.208281271435917326e+01,1.564792600000000089e+00,1.051802011435917272e+01,-6.773025582595495031e+00,1.571753827636226619e+00,4.185205959572613210e-07
3.289999999999999869e-02,1.206220131435917153e+01,1.564793399999999890e+00,1.049740791435917231e+01,-6.793637049983037635e+00,1.571778234183850875e+00,5.169399983628863993e-07
3.295000000000000012e-02,1.204155861435917174e+01,1.564794199999999913e+00,1.047676441435917205e+01,-6.814279730366457066e+00,1.571802696474305483e+00,5.296137537413869723e-07
3.300000000000000155e-02,1.202088471435917327e+01,1.564794999999999936e+00,1.045608971435917312e+01,-6.834953623131889699e+00,1.571827214546674512e+00,5.559279792066718073e-07
3.305000000000000299e-02,1.200017961435917258e+01,1.564795799999999959e+00,1.043538381435917195e+01,-6.855658727663377583e+00,1.571851788437903519e+00,5.952666874975420797e-07
3.309999999999999748e-02,1.197944331435917320e+01,1.564796599999999982e+00,1.041464671435917388e+01,-6.876395043347055314e+00,1.571876418182764912e+00,6.470159927829399749e-07
3.314999999999999891e-02,1.195867571435917220e+01,1.564797400000000005e+00,1.039387831435917242e+01,-6.897162569564176060e+00,1.571901103813817757e+00,6.105571142001053886e-07
3.320000000000000034e-02,1.193787701435917192e+01,1.564798200000000028e+00,1.037307881435917167e+01,-6.917961305698083763e+00,1.571925845361371588e+00,6.852733811513189721e-07
3.325000000000000178e-02,1.191704701435917180e+01,1.564799000000000051e+00,1.035224801435917108e+01,-6.938791251130728810e+00,1.571950642853447988e+00,6.705467132661624419e-07
3.330000000000000321e-02,1.189618591435917239e+01,1.564799800000000074e+00,1.033138611435917298e+01,-6.959652405241967266e+00,1.571975496315742404e+00,7.657569476293701882e-07
3.334999999999999770e-02,1.187529351435917313e+01,1.564800600000000097e+00,1.031049291435917326e+01,-6.980544767411656970e+00,1.572000405771584619e+00,7.702839077694534353e-07
3.339999999999999913e-02,1.185436991435917164e+01,1.564801399999999898e+00,1.028956851435917130e+01,-7.001468337019654875e+00,1.572025371241901004e+00,7.835074296025368312e-07
3.345000000000000057e-02,1.183341511435917326e+01,1.564802199999999921e+00,1.026861291435917423e+01,-7.022423113441631948e+00,1.572050392745174996e+00,8.048031663321353335e-07
3.350000000000000200e-02,1.181242921435917204e+01,1.564802999999999944e+00,1.024762621435917254e+01,-7.043409096056049812e+00,1.572075470297406463e+00,9.335495434470431064e-07
3.355000000000000343e-02,1.179141201435917274e+01,1.564803799999999967e+00,1.022660821435917278e+01,-7.064426284238581211e+00,1.572100603912073957e+00,9.691222118135556229e-07
3.359999999999999792e-02,1.177036361435917300e+01,1.564804599999999990e+00,1.020555901435917256e+01,-7.085474677364897111e+00,1.572125793600094079e+00,1.010896820474727065e-06
3.364999999999999936e-02,1.174928401435917280e+01,1.564805400000000013e+00,1.018447861435917190e+01,-7.106554274808575045e+00,1.572151039369779513e+00,1.058246919427574539e-06
3.370000000000000079e-02,1.172817321435917215e+01,1.564806200000000036e+00,1.016336701435917256e+01,-7.127665075942498873e+00,1.572176341226801721e+00,1.110545369442661467e-06
3.375000000000000222e-02,1.170703111435917165e+01,1.564807000000000059e+00,1.014222411435917159e+01,-7.148807080139547132e+00,1.572201699174146761e+00,1.067165021240157330e-06
3.379999999999999671e-02,1.168585791435917187e+01,1.564807800000000082e+00,1.012105011435917135e+01,-7.169980286771208355e+00,1.572227113212077088e+00,1.127477334605941905e-06
3.384999999999999815e-02,1.166465351435917164e+01,1.564808600000000105e+00,1.009984491435917064e+01,-7.191184695208269417e+00,1.572252583338088039e+00,1.190853078369968898e-06
3.389999999999999958e-02,1.164341791435917273e+01,1.564809399999999906e+00,1.007860851435917304e+01,-7.212420304820123640e+00,1.572278109546867864e+00,1.256661620985255468e-06
3.395000000000000101e-02,1.162215111435917336e+01,1.564810199999999929e+00,1.005734091435917321e+01,-7.233687114975468013e+00,1.572303691830254868e+00,1.324271625691153531e-06
3.400000000000000244e-02,1.160085311435917177e+01,1.564810999999999952e+00,1.003604211435917115e+01,-7.254985125042299643e+00,1.572329330177195672e+00,1.393051064724204480e-06
3.404999999999999694e-02,1.157952391435917328e+01,1.564811999999999870e+00,1.001471191435917341e+01,-7.276314334387222083e+00,1.572355024573702797e+00,1.262366527754466006e-06
3.409999999999999837e-02,1.155816361435917194e+01,1.564813000000000009e+00,9.993350614359172823e+00,-7.297674742376838886e+00,1.572380775002812259e+00,1.231584581873335082e-06
3.414999999999999980e-02,1.153677161435917320e+01,1.564813999999999927e+00,9.971957614359173050e+00,-7.319066348375659281e+00,1.572406581444540707e+00,7.000697159753599408e-07
3.420000000000000123e-02,1.151534861435917279e+01,1.564815000000000067e+00,9.950533614359173384e+00,-7.340489151748195162e+00,1.572432443875840802e+00,3.671864092780197097e-07
3.425000000000000266e-02,1.149389461435917248e+01,1.564815999999999985e+00,9.929078614359172050e+00,-7.361943151856862322e+00,1.572458362270560572e+00,2.322970598100937423e-07
3.429999999999999716e-02,1.147240961435917228e+01,1.564816800000000008e+00,9.907592814359173161e+00,-7.383428348065474545e+00,1.572484336599397459e+00,4.947654534959156081e-07
3.434999999999999859e-02,1.145089361435917219e+01,1.564817600000000031e+00,9.886076014359172603e+00,-7.404944739735054959e+00,1.572510366829855011e+00,9.539525862578557280e-07
3.440000000000000002e-02,1.142934561435917296e+01,1.564818400000000054e+00,9.864527214359172902e+00,-7.426492326225229590e+00,1.572536452926199146e+00,6.092180555583581736e-07
3.445000000000000145e-02,1.140776661435917205e+01,1.564819200000000077e+00,9.842947414359171532e+00,-7.448071106896324345e+00,1.572562594849413520e+00,4.599221679058018708e-07
3.450000000000000289e-02,1.138615661435917303e+01,1.564820000000000100e+00,9.821336614359172046e+00,-7.469681081107966136e+00,1.572588792557155113e+00,5.054245217905872778e-07
3.454999999999999738e-02,1.136451561435917235e+01,1.564820800000000123e+00,9.799694814359172668e+00,-7.491322248216294888e+00,1.572615046003708050e+00,7.450812322673527888e-07
3.459999999999999881e-02,1.134284361435917177e+01,1.564821600000000146e+00,9.778022014359171621e+00,-7.512994607578844075e+00,1.572641355139940300e+00,1.178249799949071530e-06
3.465000000000000024e-02,1.132113961435917204e+01,1.564822399999999947e+00,9.756317214359171430e+00,-7.534698158552451730e+00,1.572667719913256823e+00,8.042870458524475907e-07
3.470000000000000168e-02,1.129940561435917346e+01,1.564823199999999970e+00,9.734582414359174152e+00,-7.556432900490467119e+00,1.572694140267554275e+00,1.622546292878723762e-06
3.475000000000000311e-02,1.127763961435917217e+01,1.564823999999999993e+00,9.712815614359172400e+00,-7.578198832749029279e+00,1.572720616143175709e+00,1.632383646921198306e-06
3.479999999999999760e-02,1.125584261435917277e+01,1.564824999999999910e+00,9.691017614359171972e+00,-7.599995954680092147e+00,1.572747147476864393e+00,1.633151041957603411e-06
3.484999999999999903e-02,1.123401361435917245e+01,1.564826000000000050e+00,9.669187614359172400e+00,-7.621824265636307771e+00,1.572773734201715623e+00,8.242010984815806296e-07
3.490000000000000047e-02,1.121215461435917149e+01,1.564826999999999968e+00,9.647327614359172188e+00,-7.643683764969630090e+00,1.572800376247132759e+00,1.204885750283324342e-06
3.495000000000000190e-02,1.119026361435917316e+01,1.564828000000000108e+00,9.625435614359172831e+00,-7.665574452030617714e+00,1.572827073538778819e+00,7.745555272720139328e-07
3.500000000000000333e-02,1.116834161435917316e+01,1.564829000000000025e+00,9.603512614359173583e+00,-7.687496326167737593e+00,1.572853825998529187e+00,5.325588698923411357e-07
3.504999999999999782e-02,1.114638861435917150e+01,1.564829800000000048e+00,9.581558814359171450e+00,-7.709449386730849341e+00,1.572880633544425866e+00,6.782456072329523522e-07
3.509999999999999926e-02,1.112440461435917172e+01,1.564830600000000072e+00,9.559574014359171201e+00,-7.731433633067025468e+00,1.572907496090627300e+00,1.010962794367742390e-06
3.515000000000000069e-02,1.110238861435917279e+01,1.564831399999999872e+00,9.537557214359173585e+00,-7.753449064524034817e+00,1.572934413547363741e+00,5.300581715772523239e-07
3.520000000000000212e-02,1.108034261435917323e+01,1.564832199999999895e+00,9.515510414359173552e+00,-7.775495680447551905e+00,1.572961385820886848e+00,1.234877382572108218e-06
3.524999999999999661e-02,1.105826461435917274e+01,1.564832999999999918e+00,9.493431614359172599e+00,-7.797573480182555805e+00,1.572988412813422388e+00,1.124765375948300061e-06
3.529999999999999805e-02,1.103615561435917236e+01,1.564833999999999836e+00,9.471321614359172969e+00,-7.819682463072629375e+00,1.573015494423121607e+00,9.990657208192033067e-07
3.534999999999999948e-02,1.101401561435917209e+01,1.564834999999999976e+00,9.449180614359171670e+00,-7.841822628462751688e+00,1.573042630544012832e+00,1.057123363068512845e-06
3.540000000000000091e-02,1.099184361435917268e+01,1.564835999999999894e+00,9.427007614359173004e+00,-7.863993975693714944e+00,1.573069821065951945e+00,2.982790689998182643e-07
3.545000000000000234e-02,1.096964161435917262e+01,1.564837000000000033e+00,9.404804614359171921e+00,-7.886196504107009453e+00,1.573097065874574652e+00,7.218742972270320024e-07
3.549999999999999684e-02,1.094740761435917165e+01,1.564837999999999951e+00,9.382569614359171695e+00,-7.908430213044822743e+00,1.573124364851245405e+00,3.272512181240472273e-07
3.554999999999999827e-02,1.092514261435917255e+01,1.564838799999999974e+00,9.360303814359172137e+00,-7.930695101845159023e+00,1.573151717873009003e+00,3.137478046255637310e-07
3.559999999999999970e-02,1.090284661435917180e+01,1.564839599999999997e+00,9.338007014359170910e+00,-7.952991169846717057e+00,1.573179124812540186e+00,4.807027274011943518e-07
3.565000000000000113e-02,1.088051961435917292e+01,1.564840400000000020e+00,9.315679214359173343e+00,-7.975318416388197384e+00,1.573206585538095226e+00,8.274546612341282525e-07
3.570000000000000256e-02,1.085816161435917238e+01,1.564841200000000043e+00,9.293320414359172332e+00,-7.997676840806905219e+00,1.573234099913459083e+00,1.353340886467435666e-06
3.574999999999999706e-02,1.083577161435917269e+01,1.564842000000000066e+00,9.270929614359172177e+00,-8.020066442437354226e+00,1.573261667797898111e+00,1.057695888206922064e-06
3.579999999999999849e-02,1.081335061435917311e+01,1.564842999999999984e+00,9.248507614359173346e+00,-8.042487220616154175e+00,1.573289289046106543e+00,7.398562527072272133e-07
3.584999999999999992e-02,1.079089861435917186e+01,1.564844000000000124e+00,9.226054614359171069e+00,-8.064939174676421629e+00,1.573316963508158972e+00,5.991550615647156519e-07
3.590000000000000135e-02,1.076841561435917249e+01,1.564845000000000041e+00,9.203570614359172453e+00,-8.087422303951974811e+00,1.573344691029456399e+00,6.349261134630523884e-07
3.595000000000000279e-02,1.074590161435917324e+01,1.564846000000000181e+00,9.181055614359173944e+00,-8.109936607775933837e+00,1.573372471450676935e+00,8.465025018722371897e-07
3.599999999999999728e-02,1.072335561435917306e+01,1.564847000000000099e+00,9.158508614359172739e+00,-8.132482085477930056e+00,1.573400304607724065e+00,2.332138251404103357e-07
3.604999999999999871e-02,1.070077961435917224e+01,1.564847800000000122e+00,9.135931814359171454e+00,-8.155058736390387253e+00,1.573428190331674914e+00,9.943924847988228066e-07
3.610000000000000014e-02,1.067817161435917228e+01,1.564848600000000145e+00,9.113323014359172802e+00,-8.177666559841538785e+00,1.573456128448728730e+00,9.293666867193906000e-07
3.615000000000000158e-02,1.065553261435917243e+01,1.564849399999999946e+00,9.090683214359172482e+00,-8.200305555161714111e+00,1.573484118780155150e+00,1.037466732967118332e-06
3.620000000000000301e-02,1.063286261435917268e+01,1.564850199999999969e+00,9.068012414359172269e+00,-8.222975721677059369e+00,1.573512161142242460e+00,1.318018743035054285e-06
3.624999999999999750e-02,1.061016061435917202e+01,1.564850999999999992e+00,9.045309614359172912e+00,-8.245677058715811469e+00,1.573540255346244976e+00,7.703509261602903280e-07
3.629999999999999893e-02,1.058742861435917249e+01,1.564851999999999910e+00,9.022576614359172353e+00,-8.268409565603413114e+00,1.573568401198329747e+00,1.193788692788189110e-06
3.635000000000000037e-02,1.056466461435917203e+01,1.564853000000000049e+00,8.999811614359172651e+00,-8.291173241665312332e+00,1.573596598499527266e+00,7.876574734666519362e-07
3.640000000000000180e-02,1.054186961435917169e+01,1.564853999999999967e+00,8.977015614359171281e+00,-8.313968086224864606e+00,1.573624847045674180e+00,5.512805891783045809e-07
3.645000000000000323e-02,1.051904361435917323e+01,1.564855000000000107e+00,8.954188614359173570e+00,-8.336794098607512637e+00,1.573653146627364663e+00,4.839834630843142804e-07
3.649999999999999772e-02,1.049618661435917311e+01,1.564856000000000025e+00,8.931330614359172415e+00,-8.359651278133124919e+00,1.573681497029895127e+00,5.850859228218041608e-07
3.654999999999999916e-02,1.047329861435917309e+01,1.564856800000000048e+00,8.908441814359173705e+00,-8.382539624125053379e+00,1.573709898033211152e+00,1.053911308446231487e-06
3.660000000000000059e-02,1.045037861435917215e+01,1.564857600000000071e+00,8.885521014359172298e+00,-8.405459135903862844e+00,1.573738349411854864e+00,6.897801458904950778e-07
3.665000000000000202e-02,1.042742761435917309e+01,1.564858399999999872e+00,8.862569214359172776e+00,-8.428409812788022037e+00,1.573766850934911643e+00,4.920108835904102307e-07
3.670000000000000345e-02,1.040444661435917340e+01,1.564859199999999895e+00,8.839587414359172612e+00,-8.451391654096697792e+00,1.573795402365955942e+00,1.459922653879175414e-06
3.674999999999999795e-02,1.038143361435917278e+01,1.564859999999999918e+00,8.816573614359173305e+00,-8.474404659148364161e+00,1.573824003462997556e+00,1.592833910990520963e-06
3.679999999999999938e-02,1.035838861435917302e+01,1.564860999999999835e+00,8.793527614359172517e+00,-8.497448827260793536e+00,1.573852653978428995e+00,6.900623947814210624e-07
3.685000000000000081e-02,1.033531361435917262e+01,1.564861999999999975e+00,8.770451614359172865e+00,-8.520524157747571437e+00,1.573881353658969084e+00,9.509216667424880143e-07
3.690000000000000224e-02,1.031220761435917233e+01,1.564862999999999893e+00,8.747344614359171544e+00,-8.543630649926470255e+00,1.573910102245612119e+00,1.374729468039959102e-06
3.694999999999999674e-02,1.028906961435917289e+01,1.564864000000000033e+00,8.724205614359172856e+00,-8.566768303110382732e+00,1.573938899473570574e+00,9.607986637405474539e-07
3.699999999999999817e-02,1.026590061435917178e+01,1.564864999999999950e+00,8.701035614359172499e+00,-8.589937116612894386e+00,1.573967745072222701e+00,7.084428137460463404e-07
3.704999999999999960e-02,1.024270061435917256e+01,1.564865999999999868e+00,8.677834614359172249e+00,-8.613137089746198072e+00,1.573996638765057021e+00,6.169740842665305536e-07
3.710000000000000103e-02,1.021946961435917345e+01,1.564867000000000008e+00,8.654602614359173884e+00,-8.636368221823184754e+00,1.574025580269618807e+00,6.857053396203127704e-07
3.715000000000000246e-02,1.019620761435917267e+01,1.564867999999999926e+00,8.631339614359172074e+00,-8.659630512153253079e+00,1.574054569297454798e+00,9.139459393736615311e-07
3.719999999999999696e-02,1.017291361435917274e+01,1.564869000000000065e+00,8.608044614359172897e+00,-8.682923960045808798e+00,1.574083605554058352e+00,3.010052775920257773e-07
3.724999999999999839e-02,1.014958961435917217e+01,1.564869999999999983e+00,8.584719614359173079e+00,-8.706248564810950441e+00,1.574112688738814381e+00,8.461934157821815461e-07
3.729999999999999982e-02,1.012623361435917246e+01,1.564870800000000006e+00,8.561362814359172901e+00,-8.729604325755985883e+00,1.574141818544946059e+00,7.488176354542019908e-07
3.735000000000000125e-02,1.010284661435917286e+01,1.564871600000000029e+00,8.537975014359172832e+00,-8.752991242188226551e+00,1.574170994659456868e+00,8.081852165275904554e-07
3.740000000000000269e-02,1.007942861435917337e+01,1.564872400000000052e+00,8.514556214359172870e+00,-8.776409313413585878e+00,1.574200216763078863e+00,1.023602051120064971e-06
3.744999999999999718e-02,1.005597961435917220e+01,1.564873200000000075e+00,8.491106414359173016e+00,-8.799858538737279190e+00,1.574229484530214496e+00,1.394373324359321487e-06
3.749999999999999861e-02,1.003249861435917190e+01,1.564874000000000098e+00,8.467624614359172242e+00,-8.823338917463827258e+00,1.574258797628883100e+00,9.198035275659321996e-07
3.755000000000000004e-02,1.000898761435917272e+01,1.564875000000000016e+00,8.444112614359172042e+00,-8.846850448897049191e+00,1.574288155720666049e+00,1.399196449369810580e-06
3.760000000000000148e-02,9.985444614359172633e+00,1.564875999999999934e+00,8.420568614359172699e+00,-8.870393132337978770e+00,1.574317558460649469e+00,1.031853102517743537e-06
3.765000000000000291e-02,9.961870614359172649e+00,1.564877000000000073e+00,8.396993614359171687e+00,-8.893966967089738773e+00,1.574347005497369834e+00,8.170765752879560750e-07
3.769999999999999740e-02,9.938265614359172773e+00,1.564877999999999991e+00,8.373387614359172559e+00,-8.917571952453361206e+00,1.574376496472759124e+00,7.541678765932147144e-07
3.774999999999999883e-02,9.914629614359173004e+00,1.564878999999999909e+00,8.349750614359173539e+00,-8.941208087727085640e+00,1.574406031022088648e+00,8.424252104788365614e-07
3.780000000000000027e-02,9.890962614359171567e+00,1.564879999999999827e+00,8.326082614359171075e+00,-8.964875372210547866e+00,1.574435608773912865e+00,1.081148189641112367e-06
3.785000000000000170e-02,9.867263614359172763e+00,1.564880999999999966e+00,8.302382614359173019e+00,-8.988573805201991007e+00,1.574465229350015205e+00,4.696350330846144061e-07
3.790000000000000313e-02,9.843534614359171542e+00,1.564881999999999884e+00,8.278652614359170769e+00,-9.012303385998954752e+00,1.574494892365351006e+00,1.007183241696907317e-06
3.794999999999999762e-02,9.819773614359172953e+00,1.564883000000000024e+00,8.254890614359172929e+00,-9.036064113896893346e+00,1.574524597427992667e+00,6.930882516797964854e-07
3.799999999999999906e-02,9.795981614359172696e+00,1.564883999999999942e+00,8.231097614359173420e+00,-9.059855988191255705e+00,1.574554344139074358e+00,5.266454738972470295e-07
3.805000000000000049e-02,9.772158614359172546e+00,1.564884999999999859e+00,8.207273614359172242e+00,-9.083679008176096303e+00,1.574584132092734956e+00,5.071489397323603043e-07
3.810000000000000192e-02,9.748304614359172504e+00,1.564885999999999999e+00,8.183418614359172949e+00,-9.107533173146169503e+00,1.574613960876063867e+00,6.338933786764755496e-07
3.815000000000000335e-02,9.724419614359172570e+00,1.564886999999999917e+00,8.159532614359171987e+00,-9.131418482392739122e+00,1.574643830069043959e+00,9.061700190216015471e-07
3.819999999999999785e-02,9.700502614359173492e+00,1.564888000000000057e+00,8.135614614359173657e+00,-9.155334935207770641e+00,1.574673739244497606e+00,3.232707985745264523e-07
3.824999999999999928e-02,9.676554614359172746e+00,1.564888999999999974e+00,8.111665614359171883e+00,-9.179282530882526103e+00,1.574703687968028953e+00,-1.155130462393572088e-07
3.830000000000000071e-02,9.652576614359173135e+00,1.564889799999999997e+00,8.087686814359173582e+00,-9.203261268706876663e+00,1.574733675797969523e+00,7.891083306788004847e-07
3.835000000000000214e-02,9.628566614359172604e+00,1.564890600000000020e+00,8.063676014359172584e+00,-9.227271147969995368e+00,1.574763702285322253e+00,8.364240642322329222e-07
3.839999999999999664e-02,9.604525614359172181e+00,1.564891400000000043e+00,8.039634214359171693e+00,-9.251312167958960941e+00,1.574793766973706655e+00,1.025721207525975842e-06
3.844999999999999807e-02,9.580453614359171866e+00,1.564892200000000066e+00,8.015561414359172687e+00,-9.275384327961550213e+00,1.574823869399301524e+00,1.356287516074416999e-06
3.849999999999999950e-02,9.556349614359172406e+00,1.564893000000000089e+00,7.991456614359172761e+00,-9.299487627264843681e+00,1.574854009090790763e+00,8.274100338212520001e-07
3.855000000000000093e-02,9.532215614359172307e+00,1.564894000000000007e+00,7.967321614359172521e+00,-9.323622065153131189e+00,1.574884185569307427e+00,1.238373024570194048e-06
3.860000000000000236e-02,9.508049614359173063e+00,1.564894999999999925e+00,7.943154614359173138e+00,-9.347787640911398910e+00,1.574914398348378874e+00,7.884614419140234531e-07
3.864999999999999686e-02,9.483853614359173179e+00,1.564896000000000065e+00,7.918957614359173114e+00,-9.371984353823238578e+00,1.574944646933870374e+00,1.476958854773613439e-06
3.869999999999999829e-02,9.459625614359172374e+00,1.564896999999999982e+00,7.894728614359172170e+00,-9.396212203170847488e+00,1.574974930823930030e+00,1.303147428188822232e-06
3.874999999999999972e-02,9.435366614359171678e+00,1.564897999999999900e+00,7.870468614359172221e+00,-9.420471188236421156e+00,1.575005249508934835e+00,1.266309329395198802e-06
3.880000000000000115e-02,9.411076307179584433e+00,1.564898999999999818e+00,7.846177307179584837e+00,-9.444761308300764213e+00,1.575035602471434037e+00,1.058545746168704227e-06
3.885000000000000259e-02,9.386755307179585728e+00,1.564899999999999958e+00,7.821855307179585992e+00,-9.469082562643976075e+00,1.575065989186094084e+00,1.293495921927956260e-06
3.889999999999999708e-02,9.362402307179586103e+00,1.564900999999999875e+00,7.797501307179586227e+00,-9.493434950544768824e+00,1.575096409119644436e+00,6.632589570898517195e-07
3.894999999999999851e-02,9.338019307179585837e+00,1.564902000000000015e+00,7.773117307179585822e+00,-9.517818471281849213e+00,1.575126861730822725e+00,1.167113524935814439e-06
3.899999999999999994e-02,9.313604307179584652e+00,1.564902999999999933e+00,7.748701307179584497e+00,-9.542233124132533106e+00,1.575157346470319464e+00,8.043369135180000740e-07
3.905000000000000138e-02,9.289158307179585350e+00,1.564903999999999851e+00,7.724254307179585055e+00,-9.566678908372736601e+00,1.575187862780723869e+00,5.742050079859950529e-07
3.910000000000000281e-02,9.264681307179586156e+00,1.564904999999999990e+00,7.699776307179586610e+00,-9.591155823278381121e+00,1.575218410096468347e+00,4.759937066722841337e-07
3.914999999999999730e-02,9.240173307179585294e+00,1.564905999999999908e+00,7.675267307179585607e+00,-9.615663868123288438e+00,1.575248987843775650e+00,5.089767958210700272e-07
3.919999999999999873e-02,9.215634307179584539e+00,1.564907000000000048e+00,7.650727307179584713e+00,-9.640203042181985538e+00,1.575279595440604252e+00,6.724287748838264633e-07
3.925000000000000017e-02,9.191064307179585668e+00,1.564907999999999966e+00,7.626156307179585703e+00,-9.664773344726901527e+00,1.575310232296592394e+00,9.656220427700645814e-07
3.930000000000000160e-02,9.166462307179585878e+00,1.564908999999999883e+00,7.601553307179585772e+00,-9.689374775029769182e+00,1.575340897813006569e+00,3.878283072467070269e-07
3.935000000000000303e-02,9.141830307179585446e+00,1.564910000000000023e+00,7.576920307179585201e+00,-9.714007332361624947e+00,1.575371591382687120e+00,9.383185703981666848e-07
3.939999999999999752e-02,9.117166307179585871e+00,1.564910999999999941e+00,7.552255307179585486e+00,-9.738671015992805380e+00,1.575402312389994064e+00,6.163631427469340451e-07
3.944999999999999896e-02,9.092471307179586404e+00,1.564912000000000081e+00,7.527559307179586767e+00,-9.763365825192254377e+00,1.575433060210753355e+00,4.212309345774656322e-07
3.950000000000000039e-02,9.067745307179585268e+00,1.564912999999999998e+00,7.502832307179585491e+00,-9.788091759228915834e+00,1.575463834212205150e+00,3.521908640280457803e-07
3.955000000000000182e-02,9.042988307179584240e+00,1.564913999999999916e+00,7.478074307179584324e+00,-9.812848817368939436e+00,1.575494633752949625e+00,4.085090496985799291e-07
3.960000000000000325e-02,9.018200307179585096e+00,1.564915000000000056e+00,7.453285307179585040e+00,-9.837636998879874639e+00,1.575525458182893690e+00,5.894530143990550641e-07
3.964999999999999775e-02,8.993381307179586059e+00,1.564915999999999974e+00,7.428465307179585864e+00,-9.862456303026476689e+00,1.575556306843199916e+00,8.942874769601871776e-07
3.969999999999999918e-02,8.968530307179584327e+00,1.564917000000000114e+00,7.403613307179583991e+00,-9.887306729074204270e+00,1.575587179066232801e+00,3.222778728328989928e-07
3.975000000000000061e-02,8.943649307179585506e+00,1.564918000000000031e+00,7.378731307179585031e+00,-9.912188276286416411e+00,1.575618074175507921e+00,8.726875311282356051e-07
3.980000000000000204e-02,8.918736307179585765e+00,1.564918999999999949e+00,7.353817307179586038e+00,-9.937100943925777585e+00,1.575648991485638195e+00,5.447790849544276170e-07
3.984999999999999654e-02,8.893792307179584355e+00,1.564920000000000089e+00,7.328872307179584489e+00,-9.962044731254954044e+00,1.575679930302283926e+00,3.378151678390395318e-07
3.989999999999999797e-02,8.868817307179584830e+00,1.564921000000000006e+00,7.303896307179584824e+00,-9.987019637534517713e+00,1.575710889922099955e+00,2.510563232860363314e-07
3.994999999999999940e-02,8.843811307179585413e+00,1.564922000000000146e+00,7.278889307179585266e+00,-1.001202566202503874e+01,1.575741869632686143e+00,2.837630956875614174e-07
4.000000000000000083e-02,8.818774307179584326e+00,1.564923000000000064e+00,7.253851307179584040e+00,-1.003706280398569639e+01,1.575772868712534969e+00,4.351946305547471638e-07
4.005000000000000226e-02,8.793706307179585124e+00,1.564923999999999982e+00,7.228782307179585587e+00,-1.006213106267427015e+01,1.575803886430981793e+00,7.046086816231422745e-07
4.009999999999999676e-02,8.768607307179586030e+00,1.564925000000000122e+00,7.203682307179585464e+00,-1.008723043734923941e+01,1.575834922048154230e+00,1.091263690078392301e-06
4.014999999999999819e-02,8.743476307179584239e+00,1.564926000000000039e+00,7.178550307179584422e+00,-1.011236092726629465e+01,1.575865974814921744e+00,5.944153249615169443e-07
4.019999999999999962e-02,8.718314307179586109e+00,1.564927000000000179e+00,7.153387307179586152e+00,-1.013752253168181916e+01,1.575897043972848355e+00,2.133199377141181685e-07
4.025000000000000105e-02,8.693122307179585562e+00,1.564928000000000097e+00,7.128194307179585465e+00,-1.016271524985080710e+01,1.575928128754138680e+00,9.472324897785711073e-07
4.030000000000000249e-02,8.667898307179585871e+00,1.564929000000000014e+00,7.102969307179585634e+00,-1.018793908102615653e+01,1.575959228381593746e+00,7.954058469650249208e-07
4.034999999999999698e-02,8.642643307179586287e+00,1.564929999999999932e+00,7.077713307179585911e+00,-1.021319402446146363e+01,1.575990342068559924e+00,7.570935824929847513e-07
4.039999999999999841e-02,8.617357307179585035e+00,1.564931000000000072e+00,7.052426307179585407e+00,-1.023848007940892835e+01,1.576021469018879850e+00,8.315478625675609692e-07
4.044999999999999984e-02,8.592040307179585668e+00,1.564931999999999990e+00,7.027108307179585900e+00,-1.026379724511935621e+01,1.576052608426846913e+00,1.018019462506458694e-06
4.050000000000000128e-02,8.566691307179585380e+00,1.564932999999999907e+00,7.001758307179585472e+00,-1.028914552084355449e+01,1.576083759477155288e+00,3.157591548230698208e-07
4.055000000000000271e-02,8.541312307179584451e+00,1.564933999999999825e+00,6.976378307179584404e+00,-1.031452490583093429e+01,1.576114921344854425e+00,7.240163277799638308e-07
4.059999999999999720e-02,8.515901307179586155e+00,1.564934999999999965e+00,6.950966307179585968e+00,-1.033993539933020678e+01,1.576146093195300857e+00,2.420396612023978378e-07
4.064999999999999863e-02,8.490460307179585442e+00,1.564935999999999883e+00,6.925524307179586003e+00,-1.036537700058799416e+01,1.576177274184113131e+00,8.690757447027408489e-07
4.070000000000000007e-02,8.464987307179585585e+00,1.564937000000000022e+00,6.900050307179585118e+00,-1.039084970885230952e+01,1.576208463457125397e+00,6.043725555571199948e-07
4.075000000000000150e-02,8.439483307179585836e+00,1.564937999999999940e+00,6.874545307179586118e+00,-1.041635352336768428e+01,1.576239660150341004e+00,4.471746066769810568e-07
4.080000000000000293e-02,8.413948307179584418e+00,1.564938999999999858e+00,6.849009307179584560e+00,-1.044188844338003896e+01,1.576270863389888532e+00,3.967277795169366073e-07
4.084999999999999742e-02,8.388382307179584885e+00,1.564939999999999998e+00,6.823442307179584887e+00,-1.046745446813320335e+01,1.576302072291976275e+00,4.522758771940971201e-07
4.089999999999999886e-02,8.362785307179585459e+00,1.564940999999999915e+00,6.797844307179585321e+00,-1.049305159687030908e+01,1.576333285962849162e+00,6.130619993882646668e-07
4.095000000000000029e-02,8.337157307179584365e+00,1.564942000000000055e+00,6.772215307179584087e+00,-1.051867982883309693e+01,1.576364503498743908e+00,8.783278522273008093e-07
4.100000000000000172e-02,8.311498307179585154e+00,1.564942999999999973e+00,6.746555307179585625e+00,-1.054433916326330234e+01,1.576395723985845709e+00,1.247315149832672887e-06
4.105000000000000315e-02,8.285807307179585024e+00,1.564944200000000007e+00,6.720863107179584794e+00,-1.057002959940196440e+01,1.576426946500246951e+00,5.192648941942934471e-07
4.109999999999999765e-02,8.260086307179586029e+00,1.564945400000000042e+00,6.695140907179585987e+00,-1.059575113648733513e+01,1.576458170107903234e+00,8.934153097328589865e-07
4.114999999999999908e-02,8.234333307179586114e+00,1.564946599999999854e+00,6.669386707179586260e+00,-1.062150377375975374e+01,1.576489393864592747e+00,3.690066989747720072e-07
4.120000000000000051e-02,8.208549307179584531e+00,1.564947799999999889e+00,6.643601507179584864e+00,-1.064728751045537791e+01,1.576520616815874520e+00,-5.472480602008999995e-08
4.125000000000000194e-02,8.182734307179584832e+00,1.564948999999999923e+00,6.617785307179584464e+00,-1.067310234581175976e+01,1.576551837997048455e+00,-3.785416824442222605e-07
4.130000000000000338e-02,8.156888307179585240e+00,1.564949999999999841e+00,6.591938307179585621e+00,-1.069894827906505697e+01,1.576583056433114249e+00,-4.032078049220899629e-07
4.134999999999999787e-02,8.131011307179585756e+00,1.564950999999999981e+00,6.566060307179585998e+00,-1.072482530945072909e+01,1.576614271138732981e+00,-3.294877490844783097e-07
4.139999999999999930e-02,8.105103307179584604e+00,1.564951999999999899e+00,6.540151307179584705e+00,-1.075073343620214139e+01,1.576645481118186920e+00,-1.581481754442393139e-07
4.145000000000000073e-02,8.079164307179585336e+00,1.564953000000000038e+00,6.514211307179585297e+00,-1.077667265855265910e+01,1.576676685365342445e+00,1.100442501567044928e-07
4.150000000000000216e-02,8.053194307179584399e+00,1.564953999999999956e+00,6.488240307179584221e+00,-1.080264297573495291e+01,1.576707882863612298e+00,4.743221655445495344e-07
4.154999999999999666e-02,8.027192307179586095e+00,1.564954999999999874e+00,6.462237307179586665e+00,-1.082864438698029730e+01,1.576739072585916057e+00,-6.608318603440466177e-08
4.159999999999999809e-02,8.001160307179585374e+00,1.564956000000000014e+00,6.436204307179584916e+00,-1.085467689151926862e+01,1.576770253494648166e+00,4.880587409772374485e-07
4.164999999999999952e-02,7.975096307179585509e+00,1.564956999999999931e+00,6.410139307179585799e+00,-1.088074048858243970e+01,1.576801424541636631e+00,1.359784915777595415e-07
4.170000000000000095e-02,7.949001307179585751e+00,1.564958000000000071e+00,6.384043307179585902e+00,-1.090683517739759978e+01,1.576832584668112824e+00,-1.230961794718155033e-07
4.175000000000000239e-02,7.922876307179585353e+00,1.564958999999999989e+00,6.357917307179585364e+00,-1.093296095719323269e+01,1.576863732804673957e+00,7.100631771450593988e-07
4.179999999999999688e-02,7.896719307179585812e+00,1.564959999999999907e+00,6.331759307179585683e+00,-1.095911782719572614e+01,1.576894867871249994e+00,6.346829266590248153e-07
4.184999999999999831e-02,7.870531307179585490e+00,1.564961000000000046e+00,6.305570307179585221e+00,-1.098530578663217128e+01,1.576925988777070797e+00,6.499901230583304823e-07
4.189999999999999974e-02,7.844312307179585275e+00,1.564961999999999964e+00,6.279350307179585755e+00,-1.101152483472686505e+01,1.576957094420633920e+00,7.552090348639239892e-07
4.195000000000000118e-02,7.818062307179585169e+00,1.564963000000000104e+00,6.253099307179585509e+00,-1.103777497070480251e+01,1.576988183689672196e+00,9.495646233759202914e-07
4.200000000000000261e-02,7.791780307179585030e+00,1.564964000000000022e+00,6.226816307179585230e+00,-1.106405619378958427e+01,1.577019255461123537e+00,2.322804562027158681e-07
4.204999999999999710e-02,7.765468307179585139e+00,1.564965200000000056e+00,6.200503107179585527e+00,-1.109036850320271839e+01,1.577050308601099848e+00,4.025780162564274178e-07
4.209999999999999853e-02,7.739125307179585356e+00,1.564966400000000091e+00,6.174158907179585043e+00,-1.111671189816710914e+01,1.577081341964858829e+00,6.596801718217193411e-07
4.214999999999999997e-02,7.712750307179585540e+00,1.564967599999999903e+00,6.147782707179585415e+00,-1.114308637790286660e+01,1.577112354396773997e+00,2.807004406690793985e-09
4.220000000000000140e-02,7.686345307179585085e+00,1.564968799999999938e+00,6.121376507179585147e+00,-1.116949194163010617e+01,1.577143344730308483e+00,4.311785914978827350e-07
4.225000000000000283e-02,7.659908307179585485e+00,1.564969999999999972e+00,6.094938307179585735e+00,-1.119592858856754347e+01,1.577174311787985950e+00,-5.598637287107521843e-08
4.229999999999999732e-02,7.633440307179585105e+00,1.564970999999999890e+00,6.068469307179585215e+00,-1.122239631793319781e+01,1.577205254381366828e+00,-2.594699077818063415e-07
4.234999999999999876e-02,7.606941307179585721e+00,1.564972000000000030e+00,6.041969307179585691e+00,-1.124889512894439214e+01,1.577236171311020563e+00,-3.800547192511771755e-07
4.240000000000000019e-02,7.580411307179585556e+00,1.564972999999999947e+00,6.015438307179585387e+00,-1.127542502081775311e+01,1.577267061366502965e+00,-4.185242170606784384e-07
4.245000000000000162e-02,7.553851307179585639e+00,1.564974000000000087e+00,5.988877307179585330e+00,-1.130198599276920390e+01,1.577297923326331341e+00,6.243374981451665917e-07
4.250000000000000305e-02,7.527258307179585550e+00,1.564975000000000005e+00,5.962283307179585989e+00,-1.132857804401188595e+01,1.577328755957963402e+00,-2.522564672702287680e-07
4.254999999999999755e-02,7.500635307179585709e+00,1.564975999999999923e+00,5.935659307179586008e+00,-1.135520117375962990e+01,1.577359558017772834e+00,-4.909231510197287207e-08
4.259999999999999898e-02,7.473981307179585087e+00,1.564977000000000062e+00,5.909004307179585247e+00,-1.138185538122627349e+01,1.577390328251031537e+00,2.330437558484277361e-07
4.265000000000000041e-02,7.447296307179585462e+00,1.564977999999999980e+00,5.882318307179585481e+00,-1.140854066562285674e+01,1.577421065391887423e+00,5.933627642562555593e-07
4.270000000000000184e-02,7.420579307179584916e+00,1.564979000000000120e+00,5.855600307179584796e+00,-1.143525702616042850e+01,1.577451768163345980e+00,3.107572066340935635e-08
4.275000000000000328e-02,7.393832307179585506e+00,1.564980000000000038e+00,5.828852307179585246e+00,-1.146200446204933243e+01,1.577482435277252293e+00,5.453929396992407419e-07
4.279999999999999777e-02,7.367053307179585175e+00,1.564981200000000072e+00,5.802072107179585103e+00,-1.148878297249851954e+01,1.577513065434275275e+00,-6.447666578424104955e-08
4.284999999999999920e-02,7.340244307179585093e+00,1.564982400000000107e+00,5.775261907179585208e+00,-1.151559255671554816e+01,1.577543657323888793e+00,4.006744385165461608e-07
4.290000000000000063e-02,7.313403307179585866e+00,1.564983599999999919e+00,5.748419707179586169e+00,-1.154243321390936750e+01,1.577574209624359458e+00,-5.994483220916890787e-08
4.295000000000000207e-02,7.286531307179584971e+00,1.564984799999999954e+00,5.721546507179585461e+00,-1.156930494328544334e+01,1.577604721002731081e+00,-4.471290466767641192e-07
4.299999999999999656e-02,7.259628907179584978e+00,1.564985999999999988e+00,5.694642907179584768e+00,-1.159620774404923793e+01,1.577635190114812680e+00,-1.616727738351642074e-07
4.304999999999999799e-02,7.232695007179585467e+00,1.564986999999999906e+00,5.667708007179586005e+00,-1.162314161540621527e+01,1.577665615605165383e+00,-1.043705823988716475e-07
4.309999999999999942e-02,7.205730107179585175e+00,1.564988000000000046e+00,5.640742107179585574e+00,-1.165010655655974503e+01,1.577695996107093324e+00,2.398086795807330418e-08
4.315000000000000085e-02,7.178734107179585600e+00,1.564988999999999963e+00,5.613745107179585858e+00,-1.167710256671250235e+01,1.577726330242632757e+00,1.225842192198456360e-07
4.320000000000000229e-02,7.151707007179584963e+00,1.564990000000000103e+00,5.586717007179585082e+00,-1.170412964506646247e+01,1.577756616622543184e+00,1.906414128782785156e-07
4.324999999999999678e-02,7.124648807179585042e+00,1.564991000000000021e+00,5.559657807179585021e+00,-1.173118779082359886e+01,1.577786853846301574e+00,2.273543877606698516e-07
4.329999999999999821e-02,7.097559607179585228e+00,1.564992200000000055e+00,5.532567407179585395e+00,-1.175827700318379776e+01,1.577817040502095702e+00,1.319230058527409710e-07
4.334999999999999964e-02,7.070439307179585242e+00,1.564993400000000090e+00,5.505445907179584708e+00,-1.178539728134554565e+01,1.577847175166816829e+00,3.545715721031683643e-09
4.340000000000000108e-02,7.043288007179585364e+00,1.564994599999999902e+00,5.478293407179585017e+00,-1.181254862450872345e+01,1.577877256406059470e+00,-5.857763252237191409e-08
4.345000000000000251e-02,7.016105507179585032e+00,1.564995799999999937e+00,5.451109707179584873e+00,-1.183973103186973042e+01,1.577907282774115849e+00,-2.552506757069750165e-07
4.349999999999999700e-02,6.988892007179585697e+00,1.564996999999999971e+00,5.423895007179585726e+00,-1.186694450262635314e+01,1.577937252813975899e+00,-3.872756524359033392e-07
4.354999999999999843e-02,6.961647507179585581e+00,1.564997999999999889e+00,5.396649507179585470e+00,-1.189418903597359289e+01,1.577967165057327481e+00,-2.554575990743046532e-07
4.359999999999999987e-02,6.934371907179585293e+00,1.564999000000000029e+00,5.369372907179585042e+00,-1.192146463110644916e+01,1.577997018024555942e+00,-1.606015471722344046e-07
4.365000000000000130e-02,6.907065207179585720e+00,1.564999999999999947e+00,5.342065207179585329e+00,-1.194877128721922688e+01,1.578026810224747445e+00,-1.035132273230487954e-07
4.370000000000000273e-02,6.879727507179585366e+00,1.565001000000000086e+00,5.314726507179585724e+00,-1.197610900350482943e+01,1.578056540155693188e+00,1.500023749656520522e-08
4.374999999999999722e-02,6.852358707179585728e+00,1.565002000000000004e+00,5.287356707179585946e+00,-1.200347777915546921e+01,1.578086206303893846e+00,9.413102386446325909e-08
4.379999999999999866e-02,6.824958907179585310e+00,1.565003200000000039e+00,5.259955707179585715e+00,-1.203087761336265693e+01,1.578115807144565785e+00,3.307060936208472413e-08
4.385000000000000009e-02,6.797528007179585607e+00,1.565004400000000073e+00,5.232523607179585312e+00,-1.205830850531651066e+01,1.578145341141649727e+00,-6.899092319656574546e-08
4.390000000000000152e-02,6.770066007179585732e+00,1.565005599999999886e+00,5.205060407179585624e+00,-1.208577045420784302e+01,1.578174806747818737e+00,-2.128627869524279959e-07
4.395000000000000295e-02,6.742573007179585076e+00,1.565006799999999920e+00,5.177566207179585156e+00,-1.211326345922328507e+01,1.578204202404489775e+00,-2.993583887445083747e-07
4.399999999999999745e-02,6.715048907179585136e+00,1.565007999999999955e+00,5.150040907179585403e+00,-1.214078751955225499e+01,1.578233526541834575e+00,-4.292883408751890784e-07
4.404999999999999888e-02,6.687493807179585303e+00,1.565008999999999872e+00,5.122484807179585431e+00,-1.216834263438138208e+01,1.578262777578795406e+00,-3.034660478462569699e-07
4.410000000000000031e-02,6.659907607179585298e+00,1.565010000000000012e+00,5.094897607179585286e+00,-1.219592880289590120e+01,1.578291953923096402e+00,-2.227063102822057772e-07
4.415000000000000174e-02,6.632290407179585401e+00,1.565010999999999930e+00,5.067279407179585249e+00,-1.222354602428174175e+01,1.578321053971263765e+00,-8.782322602485237439e-08
4.420000000000000318e-02,6.604642107179585331e+00,1.565012000000000070e+00,5.039630107179585039e+00,-1.225119429772274415e+01,1.578350076108641309e+00,3.670095338748069480e-10
4.424999999999999767e-02,6.576962707179585088e+00,1.565012999999999987e+00,5.011949707179585545e+00,-1.227887362240344515e+01,1.578379018709409998e+00,4.104890027889496196e-08
4.429999999999999910e-02,6.549252407179585234e+00,1.565014200000000022e+00,4.984238207179584990e+00,-1.230658399750349652e+01,1.578407880136610375e+00,3.340206156110525626e-08
4.435000000000000053e-02,6.521510907179584926e+00,1.565015400000000056e+00,4.956495507179584870e+00,-1.233432542220743677e+01,1.578436658742164544e+00,-1.233889941332222406e-07
4.440000000000000197e-02,6.493738407179585614e+00,1.565016599999999869e+00,4.928721807179585745e+00,-1.236209789569421957e+01,1.578465352866898597e+00,-2.301453490005656022e-07
4.445000000000000340e-02,6.465934907179585522e+00,1.565017799999999903e+00,4.900917107179585841e+00,-1.238990141714489290e+01,1.578493960840571919e+00,-2.876859888090166351e-07
4.449999999999999789e-02,6.438100307179585258e+00,1.565018999999999938e+00,4.873081307179585764e+00,-1.241773598573701953e+01,1.578522480981901621e+00,-3.968333883719310506e-07
4.454999999999999932e-02,6.410234707179585101e+00,1.565019999999999856e+00,4.845214707179585467e+00,-1.244560160064885679e+01,1.578550911598593398e+00,-2.584093152790956083e-07
4.460000000000000075e-02,6.382338017179585599e+00,1.565020999999999995e+00,4.817317017179585825e+00,-1.247349826105866200e+01,1.578579250987371285e+00,-1.632355486336223294e-07
4.465000000000000219e-02,6.354410297179585498e+00,1.565021999999999913e+00,4.789388297179585585e+00,-1.250142596614190538e+01,1.578607497434010520e+00,-5.213665232872699562e-08
4.469999999999999668e-02,6.326451537179585749e+00,1.565023000000000053e+00,4.761428537179585696e+00,-1.252938471507405183e+01,1.578635649213373293e+00,6.406280306237022160e-08
4.474999999999999811e-02,6.298461737179585462e+00,1.565023999999999971e+00,4.733437737179585270e+00,-1.255737450702917535e+01,1.578663704589441830e+00,1.845368631236965484e-07
4.479999999999999954e-02,6.270440887179585587e+00,1.565025200000000005e+00,4.705415687179585582e+00,-1.258539534118134995e+01,1.578691661815358582e+00,9.845956761012075731e-08
4.485000000000000098e-02,6.242388997179585175e+00,1.565026400000000040e+00,4.677362597179585357e+00,-1.261344721670255531e+01,1.578719519133465088e+00,1.500286028743857969e-08
4.490000000000000241e-02,6.214306067179585114e+00,1.565027599999999852e+00,4.649278467179585483e+00,-1.264153013276616377e+01,1.578747274775343712e+00,-6.665992113852325929e-08
4.494999999999999690e-02,6.186192097179585403e+00,1.565028799999999887e+00,4.621163297179585072e+00,-1.266964408854136792e+01,1.578774926961860281e+00,-1.473596125123322054e-07
4.499999999999999833e-02,6.158047107179585034e+00,1.565029999999999921e+00,4.593017107179584890e+00,-1.269778908319944932e+01,1.578802473903209380e+00,-2.079249679098893466e-07
4.504999999999999977e-02,6.129871007179585440e+00,1.565031199999999956e+00,4.564839807179585485e+00,-1.272596511590820256e+01,1.578829913798962981e+00,-3.391882250625144479e-07
4.510000000000000120e-02,6.101664007179585347e+00,1.565032399999999990e+00,4.536631607179585579e+00,-1.275417218583751477e+01,1.578857244838116403e+00,-3.319795336409470110e-07
4.515000000000000263e-02,6.073425807179585689e+00,1.565033600000000025e+00,4.508392207179586109e+00,-1.278241029215378610e+01,1.578884465199142495e+00,-4.871325272048920851e-07
4.519999999999999712e-02,6.045156707179585531e+00,1.565034800000000059e+00,4.480121907179585250e+00,-1.281067943402341491e+01,1.578911573050042483e+00,-5.054808376314667839e-07
4.524999999999999856e-02,6.016856507179585201e+00,1.565036000000000094e+00,4.451820507179585107e+00,-1.283897961061280313e+01,1.578938566548401701e+00,-5.878580973117664144e-07
4.529999999999999999e-02,5.988525307179584978e+00,1.565037000000000011e+00,4.423488307179584744e+00,-1.286731082108555491e+01,1.578965443841445992e+00,-4.351007367731085651e-07
4.535000000000000142e-02,5.960163007179585470e+00,1.565037999999999929e+00,4.395125007179585097e+00,-1.289567306460667950e+01,1.578992203066102329e+00,-3.480437822389603753e-07
4.540000000000000285e-02,5.931769707179585183e+00,1.565039000000000069e+00,4.366730707179584670e+00,-1.292406634033838841e+01,1.579018842349057206e+00,-2.275250521321936503e-07
4.544999999999999735e-02,5.903345407179585003e+00,1.565039999999999987e+00,4.338305407179585238e+00,-1.295249064744289669e+01,1.579045359806822590e+00,-7.438236604428993815e-08
4.549999999999999878e-02,5.874890007179585538e+00,1.565040999999999904e+00,4.309849007179585634e+00,-1.298094598508102315e+01,1.579071753545798762e+00,1.054506082454054194e-08
4.555000000000000021e-02,5.846403707179585574e+00,1.565042199999999939e+00,4.281361507179585857e+00,-1.300943235241358487e+01,1.579098021662344253e+00,2.641800644909153561e-08
4.560000000000000164e-02,5.817886307179585437e+00,1.565043399999999973e+00,4.252842907179585907e+00,-1.303794974860000622e+01,1.579124162242843576e+00,-2.760413142510742546e-08
4.565000000000000308e-02,5.789337807179585127e+00,1.565044600000000008e+00,4.224293207179584897e+00,-1.306649817279831893e+01,1.579150173363780052e+00,-1.523633574862515161e-07
4.569999999999999757e-02,5.760758407179585205e+00,1.565045800000000042e+00,4.195712607179585163e+00,-1.309507762416654764e+01,1.579176053091809528e+00,-1.487016811907437841e-07
4.574999999999999900e-02,5.732147907179585111e+00,1.565047000000000077e+00,4.167100907179585256e+00,-1.312368810186202417e+01,1.579201799483836988e+00,-2.174618085604151929e-07
4.580000000000000043e-02,5.703506307179585733e+00,1.565048200000000111e+00,4.138458107179586065e+00,-1.315232960503928972e+01,1.579227410587095370e+00,-3.594892241665093024e-07
4.585000000000000187e-02,5.674833807179584966e+00,1.565049400000000146e+00,4.109784407179584598e+00,-1.318100213285358180e+01,1.579252884439226179e+00,-3.756287307865591174e-07
4.590000000000000330e-02,5.646130207179584914e+00,1.565050599999999958e+00,4.081079607179584734e+00,-1.320970568446014148e+01,1.579278219068362743e+00,-4.667251189971466374e-07
4.594999999999999779e-02,5.617395607179584971e+00,1.565051799999999993e+00,4.052343807179584978e+00,-1.323844025901141386e+01,1.579303412493216596e+00,-5.336259789601172088e-07
4.599999999999999922e-02,5.588630007179585135e+00,1.565053000000000027e+00,4.023577007179585330e+00,-1.326720585565914945e+01,1.579328462723164961e+00,-5.771795965614501256e-07
4.605000000000000066e-02,5.559833407179585407e+00,1.565054200000000062e+00,3.994779207179585345e+00,-1.329600247355579690e+01,1.579353367758340676e+00,-5.982335524734594401e-07
4.610000000000000209e-02,5.531005707179585507e+00,1.565055400000000096e+00,3.965950307179585188e+00,-1.332483011185101240e+01,1.579378125589727677e+00,-6.976382267431802120e-07
4.614999999999999658e-02,5.502147107179585106e+00,1.565056599999999909e+00,3.937090507179584975e+00,-1.335368876969515561e+01,1.579402734199253366e+00,-6.762432946949559209e-07
4.619999999999999801e-02,5.473257407179585421e+00,1.565057799999999943e+00,3.908199607179585477e+00,-1.338257844623718107e+01,1.579427191559889199e+00,-7.348998387612937222e-07
4.624999999999999944e-02,5.444336707179584955e+00,1.565058999999999978e+00,3.879277707179585200e+00,-1.341149914062395965e+01,1.579451495635749270e+00,-7.744610166504628523e-07
4.630000000000000088e-02,5.415385007179585486e+00,1.565060200000000012e+00,3.850324807179585473e+00,-1.344045085200375311e+01,1.579475644382194899e+00,-7.957786030132751875e-07
4.635000000000000231e-02,5.386402207179584956e+00,1.565061400000000047e+00,3.821340807179584687e+00,-1.346943357952203257e+01,1.579499635745939434e+00,-8.997071634375686244e-07
4.639999999999999680e-02,5.357388507179585702e+00,1.565062599999999859e+00,3.792325907179585620e+00,-1.349844732232357458e+01,1.579523467665157943e+00,-8.871019558931436677e-07
4.644999999999999823e-02,5.328343707179585387e+00,1.565063799999999894e+00,3.763279907179585493e+00,-1.352749207955454658e+01,1.579547138069595791e+00,-9.588168436991395538e-07
4.649999999999999967e-02,5.299267907179585180e+00,1.565064999999999928e+00,3.734202907179585473e+00,-1.355656785035623813e+01,1.579570644880685437e+00,-1.015710573426531482e-06
4.655000000000000110e-02,5.270161307179585641e+00,1.565065999999999846e+00,3.705095307179585795e+00,-1.358567463387202601e+01,1.579593986011661233e+00,-6.586398035857143896e-07
4.660000000000000253e-02,5.241023307179585089e+00,1.565066999999999986e+00,3.675956307179585103e+00,-1.361481242924459423e+01,1.579617159367678436e+00,-6.884618892755156594e-07
4.664999999999999702e-02,5.211854307179585533e+00,1.565067999999999904e+00,3.646786307179585407e+00,-1.364398123561383258e+01,1.579640162845935558e+00,-7.060369657807541444e-07
4.669999999999999846e-02,5.182654307179585196e+00,1.565069000000000043e+00,3.617585307179584930e+00,-1.367318105211963442e+01,1.579662994335800708e+00,-7.122251806102042337e-07
4.674999999999999989e-02,5.153423307179584967e+00,1.565069999999999961e+00,3.588353307179585006e+00,-1.370241187790119319e+01,1.579685651718937045e+00,-7.078873727195400534e-07
4.680000000000000132e-02,5.124162307179584985e+00,1.565071199999999996e+00,3.559091107179584768e+00,-1.373167371209700427e+01,1.579708132869434678e+00,1.061149133008143508e-07
4.685000000000000275e-02,5.094869307179585860e+00,1.565072400000000030e+00,3.529796907179585830e+00,-1.376096655384417033e+01,1.579730435653943887e+00,-7.108124577825947199e-08
4.689999999999999725e-02,5.065545307179585066e+00,1.565073599999999843e+00,3.500471707179585223e+00,-1.379029040227979230e+01,1.579752557931811685e+00,-2.403387902027986911e-07
4.694999999999999868e-02,5.036190307179585268e+00,1.565074799999999877e+00,3.471115507179585613e+00,-1.381964525653748410e+01,1.579774497555221258e+00,-4.025241384653099885e-07
4.700000000000000011e-02,5.006804307179585578e+00,1.565075999999999912e+00,3.441728307179585666e+00,-1.384903111575434664e+01,1.579796252369335408e+00,-5.585002256225379824e-07
4.705000000000000154e-02,4.977387307179585108e+00,1.565077199999999946e+00,3.412310107179584939e+00,-1.387844797906259764e+01,1.579817820212439772e+00,-7.091348726007140613e-07
4.710000000000000298e-02,4.947939307179585633e+00,1.565078399999999981e+00,3.382860907179585652e+00,-1.390789584559585279e+01,1.579839198916094034e+00,-8.552944898987391298e-07
4.714999999999999747e-02,4.918461307179585518e+00,1.565079600000000015e+00,3.353381707179585725e+00,-1.393737471448562992e+01,1.579860386305282027e+00,2.152399591892617536e-09
4.719999999999999890e-02,4.888951307179585370e+00,1.565080800000000050e+00,3.323870507179585321e+00,-1.396688458486275231e+01,1.579881380198566942e+00,-1.376634148897437626e-07
4.725000000000000033e-02,4.859410307179585331e+00,1.565082000000000084e+00,3.294328307179585025e+00,-1.399642545585874309e+01,1.579902178408250979e+00,-2.756104491297151071e-07
4.730000000000000177e-02,4.829838307179585399e+00,1.565083200000000119e+00,3.264755107179585281e+00,-1.402599732660233123e+01,1.579922778740534328e+00,-4.125600012727659305e-07
4.735000000000000320e-02,4.800235307179585575e+00,1.565084400000000153e+00,3.235150907179585644e+00,-1.405560019622155110e+01,1.579943178995680597e+00,-5.493840764536628285e-07
4.739999999999999769e-02,4.770601307179585859e+00,1.565085599999999966e+00,3.205515707179586116e+00,-1.408523406384443355e+01,1.579963376968185784e+00,-6.869546784749047674e-07
4.744999999999999912e-02,4.740936307179585363e+00,1.565086800000000000e+00,3.175849507179585363e+00,-1.411489892859761675e+01,1.579983370446948365e+00,-8.261452095759125314e-07
4.750000000000000056e-02,4.711240307179584974e+00,1.565088000000000035e+00,3.146152307179584717e+00,-1.414459478960704075e+01,1.580003157215443821e+00,-9.678297563375792834e-07
4.755000000000000199e-02,4.681513307179585581e+00,1.565089200000000069e+00,3.116424107179585512e+00,-1.417432164599794930e+01,1.580022735051903160e+00,-1.112883112774909478e-06
4.760000000000000342e-02,4.651756307179585548e+00,1.565090400000000104e+00,3.086665907179585666e+00,-1.420407949689418992e+01,1.580042101729494552e+00,-2.621814685355161600e-07
4.764999999999999791e-02,4.621967307179585482e+00,1.565091599999999916e+00,3.056875707179585788e+00,-1.423386834141821211e+01,1.580061255016506960e+00,-4.166024121232680955e-07
4.769999999999999934e-02,4.592147307179585525e+00,1.565092799999999951e+00,3.027054507179585574e+00,-1.426368817869386696e+01,1.580080192676539985e+00,-5.770221220835480835e-07
4.775000000000000078e-02,4.562296307179585675e+00,1.565093999999999985e+00,2.997202307179585468e+00,-1.429353900784151143e+01,1.580098912468694827e+00,-7.443202787449365587e-07
4.780000000000000221e-02,4.532414307179585045e+00,1.565095200000000020e+00,2.967319107179585025e+00,-1.432342082798150606e+01,1.580117412147770350e+00,-9.193765584392110668e-07
4.784999999999999670e-02,4.502501307179585410e+00,1.565096400000000054e+00,2.937404907179585578e+00,-1.435333363823421138e+01,1.580135689464462256e+00,-1.103070637498149154e-06
4.789999999999999813e-02,4.472558307179585135e+00,1.565097599999999867e+00,2.907460707179585491e+00,-1.438327743771928802e+01,1.580153742165565145e+00,-2.962828862251853934e-07
4.794999999999999957e-02,4.442583307179585717e+00,1.565098799999999901e+00,2.877484507179585815e+00,-1.441325222555221153e+01,1.580171567994180126e+00,-4.998978662129616168e-07
4.800000000000000100e-02,4.412577307179585517e+00,1.565099999999999936e+00,2.847477307179585360e+00,-1.444325800085264611e+01,1.580189164689924208e+00,-7.147959508735368672e-07
4.805000000000000243e-02,4.382540307179585426e+00,1.565101199999999970e+00,2.817439107179585456e+00,-1.447329476273467286e+01,1.580206529989144348e+00,-9.418630932955807111e-07
4.809999999999999692e-02,4.352472307179585442e+00,1.565102400000000005e+00,2.787369907179585660e+00,-1.450336251031516355e+01,1.580223661625135945e+00,-1.181982460796149326e-06
4.814999999999999836e-02,4.322374307179584818e+00,1.565103600000000039e+00,2.757270707179584779e+00,-1.453346124270749939e+01,1.580240557328364215e+00,-4.360407022119261455e-07
4.819999999999999979e-02,4.292244307179585050e+00,1.565104800000000074e+00,2.727139507179584754e+00,-1.456359095902576506e+01,1.580257214826689127e+00,-7.049237709111366712e-07
4.825000000000000122e-02,4.262083307179585390e+00,1.565106000000000108e+00,2.696977307179585281e+00,-1.459375165838264543e+01,1.580273631845595439e+00,-9.895190169473266906e-07
4.830000000000000265e-02,4.231892307179585089e+00,1.565107200000000143e+00,2.666785107179585168e+00,-1.462394333988943096e+01,1.580289806108426509e+00,-2.907151910314098586e-07
4.834999999999999715e-02,4.201669307179585644e+00,1.565108400000000177e+00,2.636560907179585467e+00,-1.465416600265741387e+01,1.580305735336621886e+00,-6.094010287505113865e-07
4.839999999999999858e-02,4.171415307179585419e+00,1.565109599999999990e+00,2.606305707179585429e+00,-1.468441964579649017e+01,1.580321417249956673e+00,-9.464666743674854388e-07
4.845000000000000001e-02,4.141131307179585441e+00,1.565110800000000024e+00,2.576020507179585195e+00,-1.471470426841585777e+01,1.580336849566790214e+00,-3.028029653684427558e-07
4.850000000000000144e-02,4.110815307179585432e+00,1.565112000000000059e+00,2.545703307179585373e+00,-1.474501986962401645e+01,1.580352030004314567e+00,-6.793014404316011223e-07
4.855000000000000288e-02,4.080468307179585530e+00,1.565113399999999988e+00,2.515354907179585542e+00,-1.477536644852807513e+01,1.580366956278807633e+00,-1.276855021270506541e-06
4.859999999999999737e-02,4.050091307179584987e+00,1.565114799999999917e+00,2.484976507179585070e+00,-1.480574400423443748e+01,1.580381626105892057e+00,-8.963573434606075807e-07
4.864999999999999880e-02,4.019682307179585301e+00,1.565116200000000068e+00,2.454566107179585011e+00,-1.483615253584881799e+01,1.580396037200798576e+00,-1.538702727454932528e-06
4.870000000000000023e-02,3.989243307179585418e+00,1.565117599999999998e+00,2.424125707179585199e+00,-1.486659204247622590e+01,1.580410187278630252e+00,-1.204786204134222771e-06
4.875000000000000167e-02,3.958772307179585503e+00,1.565118999999999927e+00,2.393653307179585354e+00,-1.489706252322028313e+01,1.580424074054636252e+00,-1.895504181170792890e-06
4.880000000000000310e-02,3.928271307179585392e+00,1.565120199999999961e+00,2.363151107179585431e+00,-1.492756397718460448e+01,1.580437695244485186e+00,-1.411753082880551347e-06
4.884999999999999759e-02,3.897738307179585249e+00,1.565121399999999996e+00,2.332616907179585475e+00,-1.495809640347001768e+01,1.580451048564546213e+00,-1.954432117923232681e-06
4.889999999999999902e-02,3.867175307179585353e+00,1.565122600000000030e+00,2.302052707179585322e+00,-1.498865980117874663e+01,1.580464131732173483e+00,-1.524439102951191671e-06
4.895000000000000046e-02,3.836580307179585425e+00,1.565123800000000065e+00,2.271456507179585138e+00,-1.501925416941092095e+01,1.580476942465993240e+00,-2.122673936622021529e-06
4.900000000000000189e-02,3.805955307179585301e+00,1.565125000000000099e+00,2.240830307179585201e+00,-1.504987950726597212e+01,1.580489478486200028e+00,-1.750037227132850148e-06
4.905000000000000332e-02,3.775299307179585284e+00,1.565126200000000134e+00,2.210173107179585372e+00,-1.508053581384333341e+01,1.580501737514851790e+00,-1.407429577771068807e-06
4.909999999999999781e-02,3.744612307179585375e+00,1.565127400000000168e+00,2.179484907179585207e+00,-1.511122308823894933e+01,1.580513717276175178e+00,-1.095755080893212607e-06
4.914999999999999925e-02,3.713893307179585435e+00,1.565128599999999981e+00,2.148764707179585454e+00,-1.514194132955155325e+01,1.580525415496870423e+00,-1.815915042335802809e-06
4.920000000000000068e-02,3.683144307179585297e+00,1.565129800000000015e+00,2.118014507179585060e+00,-1.517269053687639335e+01,1.580536829906425522e+00,-1.568814244734539898e-06
4.925000000000000211e-02,3.652364307179585268e+00,1.565131000000000050e+00,2.087233307179585218e+00,-1.520347070930801792e+01,1.580547958237432216e+00,-1.355358177690391130e-06
4.929999999999999660e-02,3.621553307179585346e+00,1.565132200000000084e+00,2.056421107179585483e+00,-1.523428184594167689e+01,1.580558798225907724e+00,-1.176451629003594235e-06
4.934999999999999803e-02,3.590711307179585532e+00,1.565133400000000119e+00,2.025577907179585413e+00,-1.526512394586982246e+01,1.580569347611621156e+00,-1.033002186900944253e-06
4.939999999999999947e-02,3.559837307179585242e+00,1.565134599999999931e+00,1.994702707179585310e+00,-1.529599700818561203e+01,1.580579604138425687e+00,-1.925916722989029495e-06
4.945000000000000090e-02,3.528933307179585199e+00,1.565135799999999966e+00,1.963797507179585233e+00,-1.532690103198080500e+01,1.580589565554593845e+00,-1.856103517994256435e-06
4.950000000000000233e-02,3.497998307179585264e+00,1.565137000000000000e+00,1.932861307179585264e+00,-1.535783601634506468e+01,1.580599229613161016e+00,-1.824472945388677658e-06
4.954999999999999682e-02,3.467032307179585437e+00,1.565138200000000035e+00,1.901894107179585403e+00,-1.538880196036875603e+01,1.580608594072269835e+00,-1.831934680174285290e-06
4.959999999999999826e-02,3.436036307179585414e+00,1.565139400000000069e+00,1.870896907179585344e+00,-1.541979886314154768e+01,1.580617656695523454e+00,-8.793990839972565254e-07
4.964999999999999969e-02,3.405008307179585358e+00,1.565140599999999882e+00,1.839867707179585476e+00,-1.545082672375101041e+01,1.580626415252341266e+00,-9.677786256823139865e-07
4.970000000000000112e-02,3.373949307179585411e+00,1.565141799999999916e+00,1.808807507179585494e+00,-1.548188554128402217e+01,1.580634867518322606e+00,-1.097986464637656923e-06
4.975000000000000255e-02,3.342859307179585127e+00,1.565142999999999951e+00,1.777716307179585176e+00,-1.551297531482815373e+01,1.580643011275611354e+00,-1.270935070518675047e-06
4.979999999999999705e-02,3.311738307179585394e+00,1.565144399999999880e+00,1.746593907179585514e+00,-1.554409604346749418e+01,1.580650844313271408e+00,-1.687540382988572674e-06
4.984999999999999848e-02,3.280587307179585466e+00,1.565145800000000031e+00,1.715441507179585434e+00,-1.557524772628682541e+01,1.580658364427663276e+00,-1.148717661880738206e-06
4.989999999999999991e-02,3.249404307179585505e+00,1.565147199999999961e+00,1.684257107179585544e+00,-1.560643036237093106e+01,1.580665569422827099e+00,-1.655382159793106212e-06
4.995000000000000134e-02,3.218190307179585208e+00,1.565148600000000112e+00,1.653041707179585096e+00,-1.563764395080180414e+01,1.580672457110872564e+00,-2.208451924889942575e-06
5.000000000000000278e-02,3.186946307179585158e+00,1.565150000000000041e+00,1.621796307179585117e+00,-1.566888849066143763e+01,1.580679025312372810e+00,-1.808844993345104513e-06
5.004999999999999727e-02,3.155670307179585521e+00,1.565151200000000076e+00,1.590519107179585445e+00,-1.570016398103182276e+01,1.580685271856763663e+00,-2.257479414513596794e-06
5.009999999999999870e-02,3.124363999999998143e+00,1.565152400000000110e+00,1.559211599999998032e+00,-1.573147042099216542e+01,1.580691194582750647e+00,-2.062455607410029756e-06
5.015000000000000013e-02,3.093026999999998417e+00,1.565153599999999923e+00,1.527873399999998494e+00,-1.576280780962236250e+01,1.580696791338718432e+00,-1.610334537049951109e-06
5.020000000000000157e-02,3.061657999999998214e+00,1.565154799999999957e+00,1.496503199999998257e+00,-1.579417614600022546e+01,1.580702059983149610e+00,-2.209218021187453473e-06
5.025000000000000300e-02,3.030258999999998260e+00,1.565155999999999992e+00,1.465102999999998268e+00,-1.582557542920425497e+01,1.580706998385045248e+00,-1.860027587952117756e-06
5.029999999999999749e-02,2.998828999999998413e+00,1.565157200000000026e+00,1.433671799999998386e+00,-1.585700565831086806e+01,1.580711604424355432e+00,-1.563686861771884651e-06
5.034999999999999892e-02,2.967367999999998229e+00,1.565158400000000061e+00,1.402209599999998169e+00,-1.588846683239577651e+01,1.580715875992412034e+00,-1.321120168151779239e-06
5.040000000000000036e-02,2.935874999999998014e+00,1.565159599999999873e+00,1.370715399999998141e+00,-1.591995895053399757e+01,1.580719810992370356e+00,-2.133252530178708639e-06
5.045000000000000179e-02,2.904351999999998046e+00,1.565160799999999908e+00,1.339191199999998139e+00,-1.595148201179985215e+01,1.580723407339653663e+00,-2.001009657526253704e-06
5.050000000000000322e-02,2.872797999999998186e+00,1.565161999999999942e+00,1.307635999999998244e+00,-1.598303601526696305e+01,1.580726662962407492e+00,-1.925317967943485087e-06
5.054999999999999771e-02,2.841212999999998434e+00,1.565163399999999871e+00,1.276049599999998563e+00,-1.601462096000685875e+01,1.580729575801956388e+00,-2.107105970594602695e-06
5.059999999999999915e-02,2.809597999999998041e+00,1.565164800000000023e+00,1.244433199999998019e+00,-1.604623684509176584e+01,1.580732143813269097e+00,-1.347301480825180420e-06
5.065000000000000058e-02,2.777950999999998061e+00,1.565166199999999952e+00,1.212784799999998109e+00,-1.607788366959181658e+01,1.580734364965429517e+00,-1.646834395296892239e-06
5.070000000000000201e-02,2.746272999999998188e+00,1.565167600000000103e+00,1.181105399999998085e+00,-1.610956143257714857e+01,1.580736237242113429e+00,-2.006634618023639405e-06
5.075000000000000344e-02,2.714563999999998423e+00,1.565169000000000032e+00,1.149394999999998390e+00,-1.614127013311649961e+01,1.580737758642070778e+00,-2.427633448487398482e-06
5.079999999999999793e-02,2.682824999999998017e+00,1.565170200000000067e+00,1.117654799999997950e+00,-1.617300977027791475e+01,1.580738927179617503e+00,-1.710762883577743310e-06
5.084999999999999937e-02,2.651053999999998023e+00,1.565171400000000101e+00,1.085882599999997922e+00,-1.620478034312803217e+01,1.580739740885129585e+00,-2.056956314833158217e-06
5.090000000000000080e-02,2.619251999999998137e+00,1.565172599999999914e+00,1.054079399999998223e+00,-1.623658185073350779e+01,1.580740197805546199e+00,-2.467147127482860469e-06
5.095000000000000223e-02,2.587419999999998055e+00,1.565173799999999948e+00,1.022246199999998106e+00,-1.626841429216097978e+01,1.580740296004878864e+00,-1.942268721633055861e-06
5.099999999999999672e-02,2.555556999999998080e+00,1.565174999999999983e+00,9.903819999999980972e-01,-1.630027766647291543e+01,1.580740033564727476e+00,-1.483258670997855688e-06
5.104999999999999816e-02,2.523661999999998073e+00,1.565176399999999912e+00,9.584855999999981613e-01,-1.633217197273386390e+01,1.580739408584801664e+00,-2.291052456748765564e-06
5.109999999999999959e-02,2.491736999999998314e+00,1.565177800000000063e+00,9.265591999999982509e-01,-1.636409721000698525e+01,1.580738419183450372e+00,-2.166586960505867410e-06
5.115000000000000102e-02,2.459780999999998219e+00,1.565179199999999993e+00,8.946017999999982262e-01,-1.639605337735404333e+01,1.580737063498197870e+00,-2.110800456311956452e-06
