x_mm,wrapped_rad,unwrapped_rad,poly4_fit_rad,poly4_residual_rad,poly6_fit_rad,poly6_residual_rad,higher_model_fit_rad,higher_model_residual_rad
-2.560000000000000053e-01,1.580754999999999910e+00,1.580754999999999910e+00,1.582130049541361716e+00,-1.375049541361805794e-03,1.581195692943212716e+00,-4.406929432128059432e-04,1.586064833662094609e+00,-5.309833662094698425e-03
-2.557499999999999774e-01,1.580754999999999910e+00,1.580754999999999910e+00,1.582097628942417789e+00,-1.342628942417878335e-03,1.581182400124790499e+00,-4.274001247905889755e-04,1.585983240706604347e+00,-5.228240706604436738e-03
-2.555000000000000049e-01,1.580754999999999910e+00,1.580754999999999910e+00,1.582065231025638452e+00,-1.310231025638541880e-03,1.581168943327849963e+00,-4.139433278500526114e-04,1.585901927903126785e+00,-5.146927903126874426e-03
-2.552499999999999769e-01,1.580753999999999992e+00,1.580753999999999992e+00,1.582032855817351535e+00,-1.278855817351542967e-03,1.581155323672593482e+00,-4.013236725934898885e-04,1.585820894456261509e+00,-5.066894456261517021e-03
-2.550000000000000044e-01,1.580753000000000075e+00,1.580753000000000075e+00,1.582000503343860220e+00,-1.247503343860145719e-03,1.581141542275188661e+00,-3.885422751885858617e-04,1.585740139572757945e+00,-4.987139572757870454e-03
-2.547499999999999765e-01,1.580751999999999935e+00,1.580751999999999935e+00,1.581968173631441488e+00,-1.216173631441552772e-03,1.581127600247776543e+00,-3.756002477766084979e-04,1.585659662461507136e+00,-4.907662461507200646e-03
-2.545000000000000040e-01,1.580750000000000099e+00,1.580750000000000099e+00,1.581935866706346339e+00,-1.185866706346239141e-03,1.581113498698479836e+00,-3.634986984797361487e-04,1.585579462333535972e+00,-4.829462333535872176e-03
-2.542499999999999760e-01,1.580748999999999960e+00,1.580748999999999960e+00,1.581903582594800683e+00,-1.154582594800723783e-03,1.581099238731412449e+00,-3.502387314124888462e-04,1.585499538401998088e+00,-4.750538401998127824e-03
-2.540000000000000036e-01,1.580745999999999984e+00,1.580745999999999984e+00,1.581871321323004231e+00,-1.125321323004246921e-03,1.581084821446687272e+00,-3.388214466872874198e-04,1.585419889882168087e+00,-4.673889882168102972e-03
-2.537499999999999756e-01,1.580743999999999927e+00,1.580743999999999927e+00,1.581839082917131822e+00,-1.095082917131895428e-03,1.581070247940425499e+00,-3.262479404255724802e-04,1.585340515991432886e+00,-4.596515991432958970e-03
-2.535000000000000031e-01,1.580740999999999952e+00,1.580740999999999952e+00,1.581806867403331429e+00,-1.065867403331477448e-03,1.581055519304764179e+00,-3.145193047642269590e-04,1.585261415949285935e+00,-4.520415949285983004e-03
-2.532499999999999751e-01,1.580737999999999976e+00,1.580737999999999976e+00,1.581774674807726377e+00,-1.036674807726400971e-03,1.581040636627865759e+00,-3.026366278657821596e-04,1.585182588977319895e+00,-4.444588977319918754e-03
-2.530000000000000027e-01,1.580735000000000001e+00,1.580735000000000001e+00,1.581742505156413792e+00,-1.007505156413790459e-03,1.581025600993926084e+00,-2.906009939260822961e-04,1.585104034299219089e+00,-4.369034299219087814e-03
-2.527499999999999747e-01,1.580731000000000108e+00,1.580731000000000108e+00,1.581710358475465261e+00,-9.793584754651529778e-04,1.581010413483183941e+00,-2.794134831838324118e-04,1.585025751140752170e+00,-4.294751140752062213e-03
-2.525000000000000022e-01,1.580727999999999911e+00,1.580727999999999911e+00,1.581678234790926618e+00,-9.502347909267072623e-04,1.580995075171927500e+00,-2.670751719275887837e-04,1.584947738729765465e+00,-4.219738729765554197e-03
-2.522499999999999742e-01,1.580723000000000100e+00,1.580723000000000100e+00,1.581646134128817938e+00,-9.231341288178374072e-04,1.580979587132505637e+00,-2.565871325055368857e-04,1.584869996296176087e+00,-4.146996296175986529e-03
-2.520000000000000018e-01,1.580718999999999985e+00,1.580718999999999985e+00,1.581614056515133759e+00,-8.950565151337741554e-04,1.580963950433333931e+00,-2.449504333339458384e-04,1.584792523071965942e+00,-4.073523071965956532e-03
-2.517499999999999738e-01,1.580713999999999952e+00,1.580713999999999952e+00,1.581582001975843088e+00,-8.680019758431356536e-04,1.580948166138904654e+00,-2.341661389047011710e-04,1.584715318291171959e+00,-4.001318291172006880e-03
-2.515000000000000013e-01,1.580708999999999920e+00,1.580708999999999920e+00,1.581549970536888949e+00,-8.409705368890296739e-04,1.580932235309795431e+00,-2.232353097955108723e-04,1.584638381189881873e+00,-3.929381189881953063e-03
-2.512499999999999734e-01,1.580704000000000109e+00,1.580704000000000109e+00,1.581517962224188611e+00,-8.139622241885025034e-04,1.580916159002676569e+00,-2.121590026764597070e-04,1.584561711006226226e+00,-3.857711006226116623e-03
-2.510000000000000009e-01,1.580697999999999936e+00,1.580697999999999936e+00,1.581485977063633808e+00,-7.879770636338712109e-04,1.580899938270320160e+00,-2.019382703202232676e-04,1.584485306980371933e+00,-3.787306980371996090e-03
-2.507499999999999729e-01,1.580691999999999986e+00,1.580691999999999986e+00,1.581454015081090958e+00,-7.620150810909720462e-04,1.580883574161609628e+00,-1.915741616096422462e-04,1.584409168354514952e+00,-3.717168354514965856e-03
-2.505000000000000004e-01,1.580686000000000035e+00,1.580686000000000035e+00,1.581422076302400281e+00,-7.360763024002459076e-04,1.580867067721545949e+00,-1.810677215459133294e-04,1.584333294372874068e+00,-3.647294372874032575e-03
-2.502499999999999725e-01,1.580680000000000085e+00,1.580680000000000085e+00,1.581390160753376461e+00,-7.101607533763765190e-04,1.580850419991258526e+00,-1.704199912584414278e-04,1.584257684281683565e+00,-3.577684281683479739e-03
-2.500000000000000000e-01,1.580672999999999995e+00,1.580672999999999995e+00,1.581358268459808647e+00,-6.852684598086522527e-04,1.580833632008011636e+00,-1.606320080116407922e-04,1.584182337329187229e+00,-3.509337329187234289e-03
-2.497499999999999998e-01,1.580665999999999904e+00,1.580665999999999904e+00,1.581326399447459785e+00,-6.603994474598806619e-04,1.580816704805214412e+00,-1.507048052145076866e-04,1.584107252765631024e+00,-3.441252765631119814e-03
-2.494999999999999996e-01,1.580659000000000036e+00,1.580659000000000036e+00,1.581294553742067954e+00,-6.355537420679180372e-04,1.580799639412428625e+00,-1.406394124285892389e-04,1.584032429843255985e+00,-3.373429843255948413e-03
-2.492499999999999993e-01,1.580651000000000028e+00,1.580651000000000028e+00,1.581262731369344809e+00,-6.117313693447812284e-04,1.580782436855376893e+00,-1.314368553768652248e-04,1.583957867816293108e+00,-3.306867816293079798e-03
-2.489999999999999991e-01,1.580643000000000020e+00,1.580643000000000020e+00,1.581230932354976915e+00,-5.879323549768944446e-04,1.580765098155951343e+00,-1.220981559513223402e-04,1.583883565940955807e+00,-3.240565940955786317e-03
-2.487499999999999989e-01,1.580635000000000012e+00,1.580635000000000012e+00,1.581199156724624855e+00,-5.641567246248424539e-04,1.580747624332222712e+00,-1.126243322226994081e-04,1.583809523475433245e+00,-3.174523475433232989e-03
-2.484999999999999987e-01,1.580627000000000004e+00,1.580627000000000004e+00,1.581167404503923235e+00,-5.404045039232308056e-04,1.580730016398447457e+00,-1.030163984474530281e-04,1.583735739679883681e+00,-3.108739679883676388e-03
-2.482499999999999984e-01,1.580618000000000078e+00,1.580618000000000078e+00,1.581135675718481570e+00,-5.176757184814917423e-04,1.580712275365077080e+00,-9.427536507700118307e-05,1.583662213816428688e+00,-3.044213816428609221e-03
-2.479999999999999982e-01,1.580608999999999931e+00,1.580608999999999931e+00,1.581103970393883174e+00,-4.949703938832428207e-04,1.580694402238766560e+00,-8.540223876662977887e-05,1.583588945149146276e+00,-2.979945149146345784e-03
-2.477499999999999980e-01,1.580600000000000005e+00,1.580600000000000005e+00,1.581072288555686045e+00,-4.722885556860401124e-04,1.580676398022382134e+00,-7.639802238212922703e-05,1.583515932944063564e+00,-2.915932944063559518e-03
-2.474999999999999978e-01,1.580591000000000079e+00,1.580591000000000079e+00,1.581040630229422428e+00,-4.496302294223486484e-04,1.580658263715010170e+00,-6.726371501009076326e-05,1.583443176469152114e+00,-2.852176469152034599e-03
-2.472499999999999976e-01,1.580581000000000014e+00,1.580581000000000014e+00,1.581008995440598808e+00,-4.279954405987940191e-04,1.580640000311965387e+00,-5.900031196537369738e-05,1.583370674994319938e+00,-2.789674994319923940e-03
-2.469999999999999973e-01,1.580570999999999948e+00,1.580570999999999948e+00,1.580977384214695913e+00,-4.063842146959650847e-04,1.580621608804799072e+00,-5.060880479912377439e-05,1.583298427791406171e+00,-2.727427791406222823e-03
-2.467499999999999971e-01,1.580561000000000105e+00,1.580561000000000105e+00,1.580945796577168716e+00,-3.847965771686112646e-04,1.580603090181307957e+00,-4.209018130785224798e-05,1.583226434134174188e+00,-2.665434134174082814e-03
-2.464999999999999969e-01,1.580549999999999899e+00,1.580549999999999899e+00,1.580914232553446874e+00,-3.642325534469748050e-04,1.580584445425541995e+00,-3.444542554209562013e-05,1.583154693298305160e+00,-2.604693298305260640e-03
-2.462499999999999967e-01,1.580538999999999916e+00,1.580538999999999916e+00,1.580882692168934289e+00,-3.436921689343730435e-04,1.580565675517813018e+00,-2.667551781310173453e-05,1.583083204561392732e+00,-2.544204561392815478e-03
-2.459999999999999964e-01,1.580527999999999933e+00,1.580527999999999933e+00,1.580851175449008661e+00,-3.231754490087279663e-04,1.580546781434702730e+00,-1.878143470279702854e-05,1.583011967202935910e+00,-2.483967202935977170e-03
-2.457499999999999962e-01,1.580516999999999950e+00,1.580516999999999950e+00,1.580819682419022376e+00,-3.026824190224264299e-04,1.580527764149071368e+00,-1.076414907141831634e-05,1.582940980504331963e+00,-2.423980504332012842e-03
-2.454999999999999960e-01,1.580505000000000049e+00,1.580505000000000049e+00,1.580788213104302509e+00,-2.832131043024599393e-04,1.580508624630066139e+00,-3.624630066090261948e-06,1.582870243748872419e+00,-2.365243748872369878e-03
-2.452499999999999958e-01,1.580492999999999926e+00,1.580492999999999926e+00,1.580756767530149709e+00,-2.637675301497832692e-04,1.580489363843129214e+00,3.636156870712170530e-06,1.582799756221735743e+00,-2.306756221735817292e-03
-2.449999999999999956e-01,1.580481000000000025e+00,1.580481000000000025e+00,1.580725345721839536e+00,-2.443457218395117536e-04,1.580469982750005942e+00,1.101724999408304484e-05,1.582729517209980008e+00,-2.248517209979983278e-03
-2.447499999999999953e-01,1.580468999999999902e+00,1.580468999999999902e+00,1.580693947704621571e+00,-2.249477046216696863e-04,1.580450482308753291e+00,1.851769124661117871e-05,1.582659526002539119e+00,-2.190526002539217032e-03
-2.444999999999999951e-01,1.580456000000000083e+00,1.580456000000000083e+00,1.580662573503719637e+00,-2.065735037195537416e-04,1.580430863473748282e+00,2.513652625180107236e-05,1.582589781890215042e+00,-2.133781890214958565e-03
-2.442499999999999949e-01,1.580443000000000042e+00,1.580443000000000042e+00,1.580631223144332242e+00,-1.882231443322002207e-04,1.580411127195696430e+00,3.187280430361205674e-05,1.582520284165672475e+00,-2.077284165672432792e-03
-2.439999999999999947e-01,1.580430000000000001e+00,1.580430000000000001e+00,1.580599896651631919e+00,-1.698966516319178055e-04,1.580391274421639292e+00,3.872557836070988913e-05,1.582451032123431967e+00,-2.021032123431965033e-03
-2.437499999999999944e-01,1.580416999999999961e+00,1.580416999999999961e+00,1.580568594050765441e+00,-1.515940507654800484e-04,1.580371306094963124e+00,4.569390503683656846e-05,1.582382025059865471e+00,-1.965025059865510570e-03
-2.434999999999999942e-01,1.580403000000000002e+00,1.580403000000000002e+00,1.580537315366854045e+00,-1.343153668540431056e-04,1.580351223155407325e+00,5.177684459267695161e-05,1.582313262273188581e+00,-1.910262273188578774e-03
-2.432499999999999940e-01,1.580389000000000044e+00,1.580389000000000044e+00,1.580506060624993436e+00,-1.170606249933925369e-04,1.580331026539072647e+00,5.797346092739630308e-05,1.582244743063455861e+00,-1.855743063455816966e-03
-2.429999999999999938e-01,1.580375000000000085e+00,1.580375000000000085e+00,1.580474829850253338e+00,-9.982985025325241679e-05,1.580310717178429192e+00,6.428282157089348914e-05,1.582176466732554188e+00,-1.801466732554102279e-03
-2.427499999999999936e-01,1.580359999999999987e+00,1.580359999999999987e+00,1.580443623067677938e+00,-8.362306767795146811e-05,1.580290296002324180e+00,6.970399767580737205e-05,1.582108432584196755e+00,-1.748432584196768502e-03
-2.424999999999999933e-01,1.580346000000000029e+00,1.580346000000000029e+00,1.580412440302285670e+00,-6.644030228564190566e-05,1.580269763935991501e+00,7.623606400852800391e-05,1.582040639923918190e+00,-1.694639923918161983e-03
-2.422499999999999931e-01,1.580330999999999930e+00,1.580330999999999930e+00,1.580381281579069430e+00,-5.028157906949992650e-05,1.580249121901058595e+00,8.187809894133479816e-05,1.581973088059067667e+00,-1.642088059067736694e-03
-2.419999999999999929e-01,1.580316000000000054e+00,1.580316000000000054e+00,1.580350146922996357e+00,-3.414692299630317507e-05,1.580228370815555783e+00,8.762918444427114650e-05,1.581905776298803801e+00,-1.589776298803746712e-03
-2.417499999999999927e-01,1.580300000000000038e+00,1.580300000000000038e+00,1.580319036359007834e+00,-1.903635900779576673e-05,1.580207511593922920e+00,9.248840607711805717e-05,1.581838703954087544e+00,-1.538703954087505821e-03
-2.414999999999999925e-01,1.580284999999999940e+00,1.580284999999999940e+00,1.580287949912019485e+00,-2.949912019545308794e-06,1.580186545147019173e+00,9.845485298076717129e-05,1.581771870337678187e+00,-1.486870337678247722e-03
-2.412499999999999922e-01,1.580268999999999924e+00,1.580268999999999924e+00,1.580256887606921623e+00,1.211239307830069833e-05,1.580165472382130565e+00,1.035276178693589344e-04,1.581705274764126701e+00,-1.436274764126777015e-03
-2.409999999999999920e-01,1.580252999999999908e+00,1.580252999999999908e+00,1.580225849468578359e+00,2.715053142154921773e-05,1.580144294202977751e+00,1.087057970221572134e-04,1.581638916549770180e+00,-1.385916549770271899e-03
-2.407499999999999918e-01,1.580235999999999974e+00,1.580235999999999974e+00,1.580194835521828711e+00,4.116447817126278608e-05,1.580123011509724673e+00,1.129884902753008902e-04,1.581572795012724741e+00,-1.336795012724767417e-03
-2.404999999999999916e-01,1.580219999999999958e+00,1.580219999999999958e+00,1.580163845791485278e+00,5.615420851468044816e-05,1.580101625198986559e+00,1.183748010133989226e-04,1.581506909472882860e+00,-1.286909472882902250e-03
-2.402499999999999913e-01,1.580203000000000024e+00,1.580203000000000024e+00,1.580132880302335785e+00,7.011969766423931105e-05,1.580080136163838134e+00,1.228638361618905606e-04,1.581441259251904929e+00,-1.238259251904905156e-03
-2.399999999999999911e-01,1.580186000000000091e+00,1.580186000000000091e+00,1.580101939079141538e+00,8.406092085855298990e-05,1.580058545293821393e+00,1.274547061786979185e-04,1.581375843673215265e+00,-1.189843673215174036e-03
-2.397499999999999909e-01,1.580168000000000017e+00,1.580168000000000017e+00,1.580071022146638748e+00,9.697785336126862887e-05,1.580036853474954484e+00,1.311465250455334797e-04,1.581310662061994776e+00,-1.142662061994759171e-03
-2.394999999999999907e-01,1.580151000000000083e+00,1.580151000000000083e+00,1.580040129529537651e+00,1.108704704624319248e-04,1.580015061589739034e+00,1.359384102610494693e-04,1.581245713745178305e+00,-1.094713745178221842e-03
-2.392499999999999905e-01,1.580133000000000010e+00,1.580133000000000010e+00,1.580009261252522723e+00,1.237387474772866369e-04,1.579993170517168366e+00,1.398294828316437588e-04,1.581180998051445519e+00,-1.047998051445508949e-03
-2.389999999999999902e-01,1.580114999999999936e+00,1.580114999999999936e+00,1.579978417340252683e+00,1.365826597472530324e-04,1.579971181132735936e+00,1.438188672640006160e-04,1.581116514311218024e+00,-1.001514311218087983e-03
-2.387499999999999900e-01,1.580097000000000085e+00,1.580097000000000085e+00,1.579947597817361160e+00,1.494021826389246854e-04,1.579949094308443769e+00,1.479056915563159436e-04,1.581052261856653152e+00,-9.552618566530668431e-04
-2.384999999999999898e-01,1.580079000000000011e+00,1.580079000000000011e+00,1.579916802708455581e+00,1.621972915444302998e-04,1.579926910912809346e+00,1.520890871906654951e-04,1.580988240021637514e+00,-9.092400216375029487e-04
-2.382499999999999896e-01,1.580060000000000020e+00,1.580060000000000020e+00,1.579886032038117616e+00,1.739679618824041540e-04,1.579904631810874482e+00,1.553681891255376257e-04,1.580924448141783012e+00,-8.644481417829918968e-04
-2.379999999999999893e-01,1.580041000000000029e+00,1.580041000000000029e+00,1.579855285830903400e+00,1.857141690966290781e-04,1.579882257864213546e+00,1.587421357864826632e-04,1.580860885554420170e+00,-8.198855544201411050e-04
-2.377499999999999891e-01,1.580022000000000038e+00,1.580022000000000038e+00,1.579824564111343754e+00,1.974358886562832538e-04,1.579859789930941005e+00,1.622100690590322358e-04,1.580797551598593254e+00,-7.755515985932159850e-04
-2.374999999999999889e-01,1.580003000000000046e+00,1.580003000000000046e+00,1.579793866903943078e+00,2.091330960569681707e-04,1.579837228865720089e+00,1.657711342799572662e-04,1.580734445615055828e+00,-7.314456150557813174e-04
-2.372499999999999887e-01,1.579982999999999915e+00,1.579982999999999915e+00,1.579763194233180679e+00,2.198057668192365810e-04,1.579814575519769893e+00,1.684244802300227661e-04,1.580671566946263207e+00,-6.885669462632915128e-04
-2.369999999999999885e-01,1.579963999999999924e+00,1.579963999999999924e+00,1.579732546123510106e+00,2.314538764898177448e-04,1.579791830740874481e+00,1.721692591254431193e-04,1.580608914936368681e+00,-6.449149363687567416e-04
-2.367499999999999882e-01,1.579944000000000015e+00,1.579944000000000015e+00,1.579701922599358932e+00,2.420774006410830737e-04,1.579768995373389773e+00,1.750046266102422976e-04,1.580546488931217963e+00,-6.024889312179482204e-04
-2.364999999999999880e-01,1.579924000000000106e+00,1.579924000000000106e+00,1.579671323685128970e+00,2.526763148711363982e-04,1.579746070258252866e+00,1.779297417472402998e-04,1.580484288278344085e+00,-5.602882783439788739e-04
-2.362499999999999878e-01,1.579903000000000057e+00,1.579903000000000057e+00,1.579640749405197164e+00,2.622505948028930334e-04,1.579723056232988920e+00,1.799437670111370124e-04,1.580422312326960954e+00,-5.193123269608967973e-04
-2.359999999999999876e-01,1.579882999999999926e+00,1.579882999999999926e+00,1.579610199783913815e+00,2.728002160861109360e-04,1.579699954131719375e+00,1.830458682805513604e-04,1.580360560427959582e+00,-4.775604279596556978e-04
-2.357499999999999873e-01,1.579862000000000100e+00,1.579862000000000100e+00,1.579579674845603909e+00,2.823251543961902144e-04,1.579676764785170828e+00,1.852352148292712997e-04,1.580299031933901865e+00,-4.370319339017658677e-04
-2.354999999999999871e-01,1.579841000000000051e+00,1.579841000000000051e+00,1.579549174614567120e+00,2.918253854329311281e-04,1.579653489020681478e+00,1.875109793185725238e-04,1.580237726199016146e+00,-3.967261990160952934e-04
-2.352499999999999869e-01,1.579820000000000002e+00,1.579820000000000002e+00,1.579518699115076474e+00,3.013008849235276898e-04,1.579630127662210448e+00,1.898723377895539244e-04,1.580176642579191215e+00,-3.566425791912131160e-04
-2.349999999999999867e-01,1.579798999999999953e+00,1.579798999999999953e+00,1.579488248371380577e+00,3.107516286193767741e-04,1.579606681530345336e+00,1.923184696546176298e-04,1.580115780431971428e+00,-3.167804319714750960e-04
-2.347499999999999865e-01,1.579776999999999987e+00,1.579776999999999987e+00,1.579457822407701162e+00,3.191775922988249192e-04,1.579583151442309541e+00,1.938485576904458441e-04,1.580055139116552043e+00,-2.781391165520563646e-04
-2.344999999999999862e-01,1.579755000000000020e+00,1.579755000000000020e+00,1.579427421248235319e+00,3.275787517647010816e-04,1.579559538211971148e+00,1.954617880288722631e-04,1.579994717993773223e+00,-2.397179937732030197e-04
-2.342500000000000138e-01,1.579733999999999972e+00,1.579733999999999972e+00,1.579397044917153492e+00,3.369550828464795700e-04,1.579535842649850252e+00,1.981573501497191359e-04,1.579934516426116042e+00,-2.005164261160707895e-04
-2.340000000000000135e-01,1.579712000000000005e+00,1.579712000000000005e+00,1.579366693438601033e+00,3.453065613989725335e-04,1.579512065563127399e+00,1.999344368726063692e-04,1.579874533777696044e+00,-1.625337776960389391e-04
-2.337500000000000133e-01,1.579688999999999899e+00,1.579688999999999899e+00,1.579336366836697536e+00,3.526331633023627177e-04,1.579488207755650464e+00,2.007922443494347675e-04,1.579814769414259690e+00,-1.257694142597909348e-04
-2.335000000000000131e-01,1.579666999999999932e+00,1.579666999999999932e+00,1.579306065135536841e+00,3.609348644630916425e-04,1.579464270027943984e+00,2.027299720559483376e-04,1.579755222703177697e+00,-8.822270317776492732e-05
-2.332500000000000129e-01,1.579644000000000048e+00,1.579644000000000048e+00,1.579275788359187027e+00,3.682116408130209351e-04,1.579440253177216036e+00,2.037468227840122381e-04,1.579695893013441488e+00,-5.189301344143970596e-05
-2.330000000000000127e-01,1.579620999999999942e+00,1.579620999999999942e+00,1.579245536531690419e+00,3.754634683095225967e-04,1.579416157997366454e+00,2.048420026334873967e-04,1.579636779715657635e+00,-1.577971565769331619e-05
-2.327500000000000124e-01,1.579598000000000058e+00,1.579598000000000058e+00,1.579215309677064250e+00,3.826903229358080694e-04,1.579391985278994825e+00,2.060147210052321043e-04,1.579577882182042536e+00,2.011781795752121127e-05
-2.325000000000000122e-01,1.579574999999999951e+00,1.579574999999999951e+00,1.579185107819299327e+00,3.898921807006239248e-04,1.579367735809408035e+00,2.072641905919159200e-04,1.579519199786417527e+00,5.580021358242426288e-05
-2.322500000000000120e-01,1.579552000000000067e+00,1.579552000000000067e+00,1.579154930982361149e+00,3.970690176389179982e-04,1.579343410372628709e+00,2.085896273713583327e-04,1.579460731904205328e+00,9.126809579473871281e-05
-2.320000000000000118e-01,1.579528999999999961e+00,1.579528999999999961e+00,1.579124779190189454e+00,4.042208098105071201e-04,1.579319009749402092e+00,2.099902505978690215e-04,1.579402477912422276e+00,1.265220875776851273e-04
-2.317500000000000115e-01,1.579504999999999937e+00,1.579504999999999937e+00,1.579094652466698001e+00,4.103475333019357407e-04,1.579294534717205378e+00,2.104652827945585614e-04,1.579344437189676764e+00,1.605628103231726556e-04
-2.315000000000000113e-01,1.579480999999999913e+00,1.579480999999999913e+00,1.579064550835775682e+00,4.164491642242307279e-04,1.579269986050253705e+00,2.110139497462082403e-04,1.579286609116161477e+00,1.943908838384356130e-04
-2.312500000000000111e-01,1.579457000000000111e+00,1.579457000000000111e+00,1.579034474321284742e+00,4.225256787153686133e-04,1.579245364519509698e+00,2.116354804904130305e-04,1.579228993073650722e+00,2.280069263493889054e-04
-2.310000000000000109e-01,1.579433000000000087e+00,1.579433000000000087e+00,1.579004422947062558e+00,4.285770529375287907e-04,1.579220670892690581e+00,2.123291073095057158e-04,1.579171588445494434e+00,2.614115545056527878e-04
-2.307500000000000107e-01,1.579409000000000063e+00,1.579409000000000063e+00,1.578974396736920083e+00,4.346032630799800955e-04,1.579195905934275279e+00,2.130940657247837322e-04,1.579114394616613515e+00,2.946053833865480698e-04
-2.305000000000000104e-01,1.579383999999999899e+00,1.579383999999999899e+00,1.578944395714643179e+00,4.396042853567205810e-04,1.579171070405513744e+00,2.129295944861553380e-04,1.579057410973495612e+00,3.265890265042870055e-04
-2.302500000000000102e-01,1.579360000000000097e+00,1.579360000000000097e+00,1.578914419903991506e+00,4.455800960085909423e-04,1.579146165064433616e+00,2.138349355664814766e-04,1.579000636904189125e+00,3.593630958109717000e-04
-2.300000000000000100e-01,1.579334999999999933e+00,1.579334999999999933e+00,1.578884469328699636e+00,4.505306713002976693e-04,1.579121190665847996e+00,2.138093341519375912e-04,1.578944071798300097e+00,3.909282016998361087e-04
-2.297500000000000098e-01,1.579309999999999992e+00,1.579309999999999992e+00,1.578854544012476158e+00,4.554559875238339828e-04,1.579096147961364327e+00,2.138520386356645986e-04,1.578887715046985551e+00,4.222849530144401342e-04
-2.295000000000000095e-01,1.579285000000000050e+00,1.579285000000000050e+00,1.578824643979003683e+00,4.603560209963664107e-04,1.579071037699390612e+00,2.139623006094382163e-04,1.578831566042951273e+00,4.534339570487766480e-04
-2.292500000000000093e-01,1.579258999999999968e+00,1.579258999999999968e+00,1.578794769251939512e+00,4.642307480604568326e-04,1.579045860625144515e+00,2.131393748554533119e-04,1.578775624180444481e+00,4.833758195554871406e-04
-2.290000000000000091e-01,1.579234000000000027e+00,1.579234000000000027e+00,1.578764919854915405e+00,4.690801450846215914e-04,1.579020617480660471e+00,2.133825193395555431e-04,1.578719888855250941e+00,5.141111447490853692e-04
-2.287500000000000089e-01,1.579209000000000085e+00,1.579209000000000085e+00,1.578735095811536926e+00,4.739041884631589596e-04,1.578995309004797454e+00,2.136909952026311288e-04,1.578664359464690081e+00,5.446405353100036706e-04
-2.285000000000000087e-01,1.579183000000000003e+00,1.579183000000000003e+00,1.578705297145384323e+00,4.777028546156802946e-04,1.578969935933246971e+00,2.130640667530325771e-04,1.578609035407609218e+00,5.739645923907854552e-04
-2.282500000000000084e-01,1.579156999999999922e+00,1.579156999999999922e+00,1.578675523880012088e+00,4.814761199878336839e-04,1.578944498998540613e+00,2.125010014593087249e-04,1.578553916084380671e+00,6.030839156192513428e-04
-2.280000000000000082e-01,1.579131000000000062e+00,1.579131000000000062e+00,1.578645776038948956e+00,4.852239610511066559e-04,1.578918998930057382e+00,2.120010699426799761e-04,1.578499000896895543e+00,6.319991031045191221e-04
-2.277500000000000080e-01,1.579104999999999981e+00,1.579104999999999981e+00,1.578616053645697903e+00,4.889463543020777792e-04,1.578893436454032795e+00,2.115635459671860730e-04,1.578444289248560617e+00,6.607107514393639747e-04
-2.275000000000000078e-01,1.579078999999999899e+00,1.579078999999999899e+00,1.578586356723736595e+00,4.926432762633048412e-04,1.578867812293564432e+00,2.111877064354672484e-04,1.578389780544291909e+00,6.892194557079900363e-04
-2.272500000000000075e-01,1.579051999999999900e+00,1.579051999999999900e+00,1.578556685296516715e+00,4.953147034831850704e-04,1.578842127168621712e+00,2.098728313781883514e-04,1.578335474190512455e+00,7.165258094874449313e-04
-2.270000000000000073e-01,1.579026000000000041e+00,1.579026000000000041e+00,1.578527039387464193e+00,4.989606125358481137e-04,1.578816381796052326e+00,2.096182039477145764e-04,1.578281369595146311e+00,7.446304048537299991e-04
-2.267500000000000071e-01,1.578999000000000041e+00,1.578999000000000041e+00,1.578497419019979420e+00,5.015809800206216806e-04,1.578790576889590458e+00,2.084231104095835008e-04,1.578227466167614113e+00,7.715338323859288749e-04
-2.265000000000000069e-01,1.578972999999999960e+00,1.578972999999999960e+00,1.578467824217437032e+00,5.051757825629277221e-04,1.578764713159864108e+00,2.082868401358517474e-04,1.578173763318828859e+00,7.992366811711004715e-04
-2.262500000000000067e-01,1.578945999999999961e+00,1.578945999999999961e+00,1.578438255003186130e+00,5.077449968138303404e-04,1.578738791314403311e+00,2.072086855966492891e-04,1.578120260461192137e+00,8.257395388078236920e-04
-2.260000000000000064e-01,1.578918999999999961e+00,1.578918999999999961e+00,1.578408711400549835e+00,5.102885994501260569e-04,1.578712812057647019e+00,2.061879423529422439e-04,1.578066957008588123e+00,8.520429914118388126e-04
-2.257500000000000062e-01,1.578891999999999962e+00,1.578891999999999962e+00,1.578379193432826177e+00,5.128065671737846998e-04,1.578686776090951094e+00,2.052239090488683360e-04,1.578013852376380699e+00,8.781476236192631291e-04
-2.255000000000000060e-01,1.578864000000000045e+00,1.578864000000000045e+00,1.578349701123286764e+00,5.142988767132816719e-04,1.578660684112596746e+00,2.033158874032992003e-04,1.577960945981407459e+00,9.030540185925861607e-04
-2.252500000000000058e-01,1.578837000000000046e+00,1.578837000000000046e+00,1.578320234495177665e+00,5.167655048223807057e-04,1.578634536817796308e+00,2.024631822037381568e-04,1.577908237241977263e+00,9.287627580227830748e-04
-2.250000000000000056e-01,1.578810000000000047e+00,1.578810000000000047e+00,1.578290793571719863e+00,5.192064282801833741e-04,1.578608334898703225e+00,2.016651012968218026e-04,1.577855725577864465e+00,9.542744221355814460e-04
-2.247500000000000053e-01,1.578781999999999908e+00,1.578781999999999908e+00,1.578261378376108137e+00,5.206216238917704686e-04,1.578582079044417164e+00,1.999209555827441420e-04,1.577803410410305363e+00,9.785895896945451256e-04
-2.245000000000000051e-01,1.578753999999999991e+00,1.578753999999999991e+00,1.578231988931511509e+00,5.220110684884815555e-04,1.578555769940994002e+00,1.982300590059882239e-04,1.577751291161992198e+00,1.002708838007793091e-03
-2.242500000000000049e-01,1.578726999999999991e+00,1.578726999999999991e+00,1.578202625261073688e+00,5.243747389263031522e-04,1.578529408271451606e+00,1.975917285483852481e-04,1.577699367257071605e+00,1.027632742928386023e-03
-2.240000000000000047e-01,1.578699000000000074e+00,1.578699000000000074e+00,1.578173287387912405e+00,5.257126120876698394e-04,1.578502994715778263e+00,1.960052842218118485e-04,1.577647638121138174e+00,1.051361878861900578e-03
-2.237500000000000044e-01,1.578670999999999935e+00,1.578670999999999935e+00,1.578143975335119631e+00,5.270246648803045275e-04,1.578476529950940233e+00,1.944700490597028875e-04,1.577596103181230447e+00,1.074896818769488505e-03
-2.235000000000000042e-01,1.578643000000000018e+00,1.578643000000000018e+00,1.578114689125762249e+00,5.283108742377695677e-04,1.578450014650889299e+00,1.929853491107191843e-04,1.577544761865827816e+00,1.098238134172202507e-03
-2.232500000000000040e-01,1.578613999999999962e+00,1.578613999999999962e+00,1.578085428782880717e+00,5.285712171192447073e-04,1.578423449486569874e+00,1.905505134300877756e-04,1.577493613604844747e+00,1.120386395155215098e-03
-2.230000000000000038e-01,1.578586000000000045e+00,1.578586000000000045e+00,1.578056194329490181e+00,5.298056705098641572e-04,1.578396835125926989e+00,1.891648740730556000e-04,1.577442657829627448e+00,1.143342170372596556e-03
-2.227500000000000036e-01,1.578557999999999906e+00,1.578557999999999906e+00,1.578026985788580250e+00,5.310142114196558794e-04,1.578370172233914071e+00,1.878277660858351794e-04,1.577391893972949655e+00,1.166106027050251015e-03
-2.225000000000000033e-01,1.578529000000000071e+00,1.578529000000000071e+00,1.577997803183114334e+00,5.311968168857372774e-04,1.578343461472500264e+00,1.855385274998067047e-04,1.577341321469008850e+00,1.187678530991220782e-03
-2.222500000000000031e-01,1.578500000000000014e+00,1.578500000000000014e+00,1.577968646536030750e+00,5.313534639692640837e-04,1.578316703500677098e+00,1.832964993229158068e-04,1.577290939753420052e+00,1.209060246579962694e-03
-2.220000000000000029e-01,1.578472000000000097e+00,1.578472000000000097e+00,1.577939515870241616e+00,5.324841297584814725e-04,1.578289898974467587e+00,1.821010255325106186e-04,1.577240748263214476e+00,1.231251736785621276e-03
-2.217500000000000027e-01,1.578443000000000040e+00,1.578443000000000040e+00,1.577910411208633734e+00,5.325887913663063244e-04,1.578263048546932890e+00,1.799514530671508794e-04,1.577190746436833546e+00,1.252253563166494388e-03
-2.215000000000000024e-01,1.578413999999999984e+00,1.578413999999999984e+00,1.577881332574068152e+00,5.326674259318320281e-04,1.578236152868179198e+00,1.778471318207852647e-04,1.577140933714125337e+00,1.273066285874646653e-03
-2.212500000000000022e-01,1.578384999999999927e+00,1.578384999999999927e+00,1.577852279989379936e+00,5.327200106199914131e-04,1.578209212585366394e+00,1.757874146335325349e-04,1.577091309536340358e+00,1.293690463659569190e-03
-2.210000000000000020e-01,1.578356000000000092e+00,1.578356000000000092e+00,1.577823253477378840e+00,5.327465226212524385e-04,1.578182228342715376e+00,1.737716572847158858e-04,1.577041873346127110e+00,1.314126653872982331e-03
-2.207500000000000018e-01,1.578327000000000035e+00,1.578327000000000035e+00,1.577794253060848861e+00,5.327469391511741037e-04,1.578155200781514500e+00,1.717992184855354765e-04,1.576992624587528757e+00,1.334375412471278111e-03
-2.205000000000000016e-01,1.578297999999999979e+00,1.578297999999999979e+00,1.577765278762548240e+00,5.327212374517387161e-04,1.578128130540128238e+00,1.698694598717409576e-04,1.576943562705979351e+00,1.354437294020627292e-03
-2.202500000000000013e-01,1.578268000000000004e+00,1.578268000000000004e+00,1.577736330605209458e+00,5.316693947905459794e-04,1.578101018254003840e+00,1.669817459961642214e-04,1.576894687148298058e+00,1.373312851701946613e-03
-2.200000000000000011e-01,1.578238999999999947e+00,1.578238999999999947e+00,1.577707408611539464e+00,5.315913884604839268e-04,1.578073864555679329e+00,1.651354443206187739e-04,1.576845997362686713e+00,1.393002637313234260e-03
-2.197500000000000009e-01,1.578209999999999891e+00,1.578209999999999891e+00,1.577678512804219446e+00,5.314871957804445657e-04,1.578046670074790825e+00,1.633299252090658626e-04,1.576797492798725608e+00,1.412507201274282309e-03
-2.195000000000000007e-01,1.578179999999999916e+00,1.578179999999999916e+00,1.577649643205904839e+00,5.303567940950770776e-04,1.578019435438079432e+00,1.605645619204842944e-04,1.576749172907368601e+00,1.430827092631314912e-03
-2.192500000000000004e-01,1.578149999999999942e+00,1.578149999999999942e+00,1.577620799839225540e+00,5.292001607744012404e-04,1.577992161269399674e+00,1.578387306002682067e-04,1.576701037140940231e+00,1.448962859059710340e-03
-2.190000000000000002e-01,1.578121000000000107e+00,1.578121000000000107e+00,1.577591982726785691e+00,5.290172732144160506e-04,1.577964848189725933e+00,1.561518102741743519e-04,1.576653084953131279e+00,1.467915046868828455e-03
-2.187500000000000000e-01,1.578090999999999910e+00,1.578090999999999910e+00,1.577563191891163674e+00,5.278081088362363005e-04,1.577937496817160667e+00,1.535031828392430242e-04,1.576605315798994544e+00,1.485684201005366134e-03
-2.184999999999999998e-01,1.578060999999999936e+00,1.578060999999999936e+00,1.577534427354912339e+00,5.265726450875973796e-04,1.577910107766940850e+00,1.508922330590856120e-04,1.576557729134940855e+00,1.503270865059080919e-03
-2.182499999999999996e-01,1.578030999999999962e+00,1.578030999999999962e+00,1.577505689140558554e+00,5.253108594414079846e-04,1.577882681651446628e+00,1.483183485533334789e-04,1.576510324418736841e+00,1.520675581263120080e-03
-2.179999999999999993e-01,1.578000999999999987e+00,1.578000999999999987e+00,1.577476977270604097e+00,5.240227293958898969e-04,1.577855219080207538e+00,1.457809197924486710e-04,1.576463101109498277e+00,1.537898890501709914e-03
-2.177499999999999991e-01,1.577971000000000013e+00,1.577971000000000013e+00,1.577448291767524546e+00,5.227082324754661613e-04,1.577827720659910726e+00,1.432793400892862223e-04,1.576416058667688747e+00,1.554941332311265967e-03
-2.174999999999999989e-01,1.577941000000000038e+00,1.577941000000000038e+00,1.577419632653769721e+00,5.213673462303169970e-04,1.577800186994407605e+00,1.408130055924328161e-04,1.576369196555113206e+00,1.571803444886832324e-03
-2.172499999999999987e-01,1.577911000000000064e+00,1.577911000000000064e+00,1.577390999951764350e+00,5.200000482357136633e-04,1.577772618684721850e+00,1.383813152782131795e-04,1.576322514234917316e+00,1.588485765082747747e-03
-2.169999999999999984e-01,1.577881000000000089e+00,1.577881000000000089e+00,1.577362393683906738e+00,5.186063160933507277e-04,1.577745016329056282e+00,1.359836709438067004e-04,1.576276011171581226e+00,1.604988828418862923e-03
-2.167499999999999982e-01,1.577850999999999893e+00,1.577850999999999893e+00,1.577333813872570101e+00,5.171861274297917532e-04,1.577717380522800861e+00,1.336194771990317776e-04,1.576229686830915133e+00,1.621313169084759309e-03
-2.164999999999999980e-01,1.577820000000000000e+00,1.577820000000000000e+00,1.577305260540101450e+00,5.147394598985499670e-04,1.577689711858538679e+00,1.302881414613210609e-04,1.576183540680058837e+00,1.636459319941163670e-03
-2.162499999999999978e-01,1.577790000000000026e+00,1.577790000000000026e+00,1.577276733708822709e+00,5.132662911773167025e-04,1.577662010926055070e+00,1.279890739449562886e-04,1.576137572187474412e+00,1.652427812525614215e-03
-2.159999999999999976e-01,1.577760000000000051e+00,1.577760000000000051e+00,1.577248233401029820e+00,5.117665989702313567e-04,1.577634278312343596e+00,1.257216876564548613e-04,1.576091780822944655e+00,1.668219177055396685e-03
-2.157499999999999973e-01,1.577728999999999937e+00,1.577728999999999937e+00,1.577219759638992747e+00,5.092403610071905007e-04,1.577606514601614052e+00,1.224853983858853468e-04,1.576046166057567754e+00,1.682833942432182539e-03
-2.154999999999999971e-01,1.577698999999999963e+00,1.577698999999999963e+00,1.577191312444956139e+00,5.076875550438231244e-04,1.577578720375299115e+00,1.202796247008475206e-04,1.576000727363755294e+00,1.698272636244668732e-03
-2.152499999999999969e-01,1.577668000000000070e+00,1.577668000000000070e+00,1.577162891841139114e+00,5.051081588609562800e-04,1.577550896212062348e+00,1.171037879377223589e-04,1.575955464215227142e+00,1.712535784772928338e-03
-2.149999999999999967e-01,1.577636999999999956e+00,1.577636999999999956e+00,1.577134497849734363e+00,5.025021502655935279e-04,1.577523042687804855e+00,1.139573121951009682e-04,1.575910376087008125e+00,1.726623912991831489e-03
-2.147499999999999964e-01,1.577606999999999982e+00,1.577606999999999982e+00,1.577106130492909930e+00,5.008695070900515134e-04,1.577495160375673722e+00,1.118396243262598233e-04,1.575865462455424248e+00,1.741537544575733065e-03
-2.144999999999999962e-01,1.577576000000000089e+00,1.577576000000000089e+00,1.577077789792807438e+00,4.982102071926508557e-04,1.577467249846067121e+00,1.087501539329682743e-04,1.575820722798099816e+00,1.755277201900273809e-03
-2.142499999999999960e-01,1.577544999999999975e+00,1.577544999999999975e+00,1.577049475771542753e+00,4.955242284572225486e-04,1.577439311666644084e+00,1.056883333558911175e-04,1.575776156593952093e+00,1.768843406047881928e-03
-2.139999999999999958e-01,1.577515000000000001e+00,1.577515000000000001e+00,1.577021188451206646e+00,4.938115487933547598e-04,1.577411346402329828e+00,1.036535976701724593e-04,1.575731763323189316e+00,1.783236676810684429e-03
-2.137499999999999956e-01,1.577484000000000108e+00,1.577484000000000108e+00,1.576992927853863913e+00,4.910721461361955420e-04,1.577383354615324196e+00,1.006453846759125526e-04,1.575687542467306690e+00,1.796457532693418457e-03
-2.134999999999999953e-01,1.577452999999999994e+00,1.577452999999999994e+00,1.576964694001553369e+00,4.883059984466253667e-04,1.577355336865107871e+00,9.766313489212308241e-05,1.575643493509081505e+00,1.809506490918488808e-03
-2.132499999999999951e-01,1.577422000000000102e+00,1.577422000000000102e+00,1.576936486916288738e+00,4.855130837113641462e-04,1.577327293708450817e+00,9.470629154928467131e-05,1.575599615932571362e+00,1.822384067428739485e-03
-2.129999999999999949e-01,1.577390999999999988e+00,1.577390999999999988e+00,1.576908306620057321e+00,4.826933799426669225e-04,1.577299225699418050e+00,9.177430058193714046e-05,1.575555909223109508e+00,1.835090776890480058e-03
-2.127499999999999947e-01,1.577360000000000095e+00,1.577360000000000095e+00,1.576880153134821549e+00,4.798468651785459116e-04,1.577271133389378521e+00,8.886661062157408253e-05,1.575512372867300837e+00,1.847627132699258823e-03
-2.124999999999999944e-01,1.577328999999999981e+00,1.577328999999999981e+00,1.576852026482517433e+00,4.769735174825484592e-04,1.577243017327010888e+00,8.598267298909334500e-05,1.575469006353019896e+00,1.859993646980084847e-03
-2.122499999999999942e-01,1.577298000000000089e+00,1.577298000000000089e+00,1.576823926685055888e+00,4.740733149442011296e-04,1.577214878058311065e+00,8.312194168902387048e-05,1.575425809169405555e+00,1.872190830594533395e-03
-2.119999999999999940e-01,1.577266999999999975e+00,1.577266999999999975e+00,1.576795853764321853e+00,4.711462356781215277e-04,1.577186716126599997e+00,8.028387339997777872e-05,1.575382780806858785e+00,1.884219193141190019e-03
-2.117499999999999938e-01,1.577236000000000082e+00,1.577236000000000082e+00,1.576767807742174510e+00,4.681922578255726108e-04,1.577158532072530539e+00,7.746792746954334064e-05,1.575339920757038659e+00,1.896079242961423716e-03
-2.114999999999999936e-01,1.577204999999999968e+00,1.577204999999999968e+00,1.576739788640447504e+00,4.652113595524642875e-04,1.577130326434093899e+00,7.467356590606932798e-05,1.575297228512858139e+00,1.907771487141829425e-03
-2.112499999999999933e-01,1.577174000000000076e+00,1.577174000000000076e+00,1.576711796480948724e+00,4.622035190513518188e-04,1.577102099746627850e+00,7.190025337222571977e-05,1.575254703568481851e+00,1.919296431518224821e-03
-2.109999999999999931e-01,1.577142999999999962e+00,1.577142999999999962e+00,1.576683831285460302e+00,4.591687145396594616e-04,1.577073852542823618e+00,6.914745717634396271e-05,1.575212345419322091e+00,1.930654580677870769e-03
-2.107499999999999929e-01,1.577112000000000069e+00,1.577112000000000069e+00,1.576655893075739057e+00,4.561069242610127361e-04,1.577045585352732093e+00,6.641464726797607909e-05,1.575170153562034825e+00,1.941846437965244476e-03
-2.104999999999999927e-01,1.577080000000000037e+00,1.577080000000000037e+00,1.576627981873515827e+00,4.520181264842104696e-04,1.577017298703772719e+00,6.270129622731879238e-05,1.575128127494517027e+00,1.951872505483009945e-03
-2.102499999999999925e-01,1.577048999999999923e+00,1.577048999999999923e+00,1.576600097700495695e+00,4.489022995042279973e-04,1.576988993120738813e+00,6.000687926110970238e-05,1.575086266715902905e+00,1.962733284097017972e-03
-2.099999999999999922e-01,1.577018000000000031e+00,1.577018000000000031e+00,1.576572240578357986e+00,4.457594216420446287e-04,1.576960669125805792e+00,5.733087419423910092e-05,1.575044570726559900e+00,1.973429273440130416e-03
-2.097499999999999920e-01,1.576986999999999917e+00,1.576986999999999917e+00,1.576544410528756712e+00,4.425894712432043576e-04,1.576932327238537823e+00,5.467276146209343324e-05,1.575003039028086249e+00,1.983960971913667493e-03
-2.094999999999999918e-01,1.576956000000000024e+00,1.576956000000000024e+00,1.576516607573320128e+00,4.393924266798965306e-04,1.576903967975895382e+00,5.203202410464236038e-05,1.574961671123307205e+00,1.994328876692819108e-03
-2.092499999999999916e-01,1.576923999999999992e+00,1.576923999999999992e+00,1.576488831733650287e+00,4.351682663497058456e-04,1.576875591852241687e+00,4.840814775830537542e-05,1.574920466516271711e+00,2.003533483728281439e-03
-2.089999999999999913e-01,1.576893000000000100e+00,1.576893000000000100e+00,1.576461083031324373e+00,4.319169686757273752e-04,1.576847199379350251e+00,4.580062064984957715e-05,1.574879424712248399e+00,2.013575287751701026e-03
-2.087499999999999911e-01,1.576861999999999986e+00,1.576861999999999986e+00,1.576433361487893370e+00,4.286385121066160764e-04,1.576818791066411984e+00,4.320893358800148576e-05,1.574838545217723151e+00,2.023454782276834507e-03
-2.084999999999999909e-01,1.576829999999999954e+00,1.576829999999999954e+00,1.576405667124882282e+00,4.243328751176722591e-04,1.576790367420041639e+00,3.963257995831526159e-05,1.574797827540395101e+00,2.032172459604852932e-03
-2.082499999999999907e-01,1.576799000000000062e+00,1.576799000000000062e+00,1.576377999963791243e+00,4.210000362088184289e-04,1.576761928944286240e+00,3.707105571382207643e-05,1.574757271189173968e+00,2.041728810826093365e-03
-2.079999999999999905e-01,1.576767999999999947e+00,1.576767999999999947e+00,1.576350360026094188e+00,4.176399739057590210e-04,1.576733476140629975e+00,3.452385936997259819e-05,1.574716875674175842e+00,2.051124325824105199e-03
-2.077499999999999902e-01,1.576735999999999915e+00,1.576735999999999915e+00,1.576322747333239516e+00,4.132526667603997339e-04,1.576705009508003519e+00,3.099049199639658525e-05,1.574676640506720071e+00,2.059359493279844244e-03
-2.074999999999999900e-01,1.576705000000000023e+00,1.576705000000000023e+00,1.576295161906649644e+00,4.098380933503786849e-04,1.576676529542789584e+00,2.847045721043883759e-05,1.574636565199327043e+00,2.068434800672980245e-03
-2.072499999999999898e-01,1.576673999999999909e+00,1.576673999999999909e+00,1.576267603767721681e+00,4.063962322782277425e-04,1.576648036738830472e+00,2.596326116943714624e-05,1.574596649265713522e+00,2.077350734286387279e-03
-2.069999999999999896e-01,1.576642000000000099e+00,1.576642000000000099e+00,1.576240072937826753e+00,4.019270621733461724e-04,1.576619531587434953e+00,2.246841256514642282e-05,1.574556892220789983e+00,2.085107779210115808e-03
-2.067499999999999893e-01,1.576610999999999985e+00,1.576610999999999985e+00,1.576212569438310673e+00,3.984305616893113466e-04,1.576591014577385597e+00,1.998542261438807088e-05,1.574517293580657729e+00,2.093706419342256098e-03
-2.064999999999999891e-01,1.576580000000000092e+00,1.576580000000000092e+00,1.576185093290493500e+00,3.949067095065927901e-04,1.576562486194944990e+00,1.751380505510269359e-05,1.574477852862604443e+00,2.102147137395649068e-03
-2.062499999999999889e-01,1.576548000000000060e+00,1.576548000000000060e+00,1.576157644515669087e+00,3.903554843309731126e-04,1.576533946923863505e+00,1.405307613655537580e-05,1.574438569585102421e+00,2.109430414897639494e-03
-2.059999999999999887e-01,1.576516999999999946e+00,1.576516999999999946e+00,1.576130223135106201e+00,3.867768648937452980e-04,1.576505397245386408e+00,1.160275461353776905e-05,1.574399443267804788e+00,2.117556732195158276e-03
-2.057499999999999885e-01,1.576486000000000054e+00,1.576486000000000054e+00,1.576102829170047404e+00,3.831708299526503936e-04,1.576476837638259632e+00,9.162361740422397816e-06,1.574360473431541063e+00,2.125526568458990795e-03
-2.054999999999999882e-01,1.576454000000000022e+00,1.576454000000000022e+00,1.576075462641710390e+00,3.785373582896323086e-04,1.576448268578738432e+00,5.731421261589986216e-06,1.574321659598316270e+00,2.132340401683752162e-03
-2.052499999999999880e-01,1.576422999999999908e+00,1.576422999999999908e+00,1.576048123571286208e+00,3.748764287136996387e-04,1.576419690540592500e+00,3.309459407407899789e-06,1.574283001291305606e+00,2.139998708694301754e-03
-2.049999999999999878e-01,1.576392000000000015e+00,1.576392000000000015e+00,1.576020811979941039e+00,3.711880200589767753e-04,1.576391103995114840e+00,8.960048851758273258e-07,1.574244498034853335e+00,2.147501965146680902e-03
-2.047499999999999876e-01,1.576359999999999983e+00,1.576359999999999983e+00,1.575993527888814638e+00,3.664721111853452840e-04,1.576362509411126878e+00,-2.509411126894178778e-06,1.574206149354467676e+00,2.153850645532306984e-03
-2.044999999999999873e-01,1.576329000000000091e+00,1.576329000000000091e+00,1.575966271319021672e+00,3.627286809784191490e-04,1.576333907254986899e+00,-4.907254986807885189e-06,1.574167954776818590e+00,2.161045223181501385e-03
-2.042499999999999871e-01,1.576297999999999977e+00,1.576297999999999977e+00,1.575939042291650827e+00,3.589577083491501952e-04,1.576305297990596044e+00,-7.297990596066838975e-06,1.574129913829734440e+00,2.168086170265537405e-03
-2.039999999999999869e-01,1.576265999999999945e+00,1.576265999999999945e+00,1.575911840827765031e+00,3.541591722349135551e-04,1.576276682079405189e+00,-1.068207940524423805e-05,1.574092026042199333e+00,2.173973957800612311e-03
-2.037499999999999867e-01,1.576235000000000053e+00,1.576235000000000053e+00,1.575884666948401902e+00,3.503330515981506466e-04,1.576248059980422944e+00,-1.305998042289147065e-05,1.574054290944350010e+00,2.180709055650043027e-03
-2.034999999999999865e-01,1.576203999999999938e+00,1.576203999999999938e+00,1.575857520674573076e+00,3.464793254268627720e-04,1.576219432150220978e+00,-1.543215022103971990e-05,1.574016708067471182e+00,2.187291932528756533e-03
-2.032499999999999862e-01,1.576171999999999906e+00,1.576171999999999906e+00,1.575830402027264654e+00,3.415979727352524975e-04,1.576190799042942015e+00,-1.879904294210810178e-05,1.573979276943994865e+00,2.192723056005041471e-03
-2.030000000000000138e-01,1.576141000000000014e+00,1.576141000000000014e+00,1.575803311027436759e+00,3.376889725632548078e-04,1.576162161110306492e+00,-2.116111030647793712e-05,1.573941997107494828e+00,2.199002892505186324e-03
-2.027500000000000135e-01,1.576109999999999900e+00,1.576109999999999900e+00,1.575776247696023979e+00,3.337523039759204835e-04,1.576133518801619005e+00,-2.351880161910457900e-05,1.573904868092686149e+00,2.205131907313750972e-03
-2.025000000000000133e-01,1.576079000000000008e+00,1.576079000000000008e+00,1.575749212053935588e+00,3.297879460644193017e-04,1.576104872563776294e+00,-2.587256377628577297e-05,1.573867889435420109e+00,2.211110564579898963e-03
-2.022500000000000131e-01,1.576046999999999976e+00,1.576046999999999976e+00,1.575722204122054881e+00,3.247958779450943467e-04,1.576076222841272134e+00,-2.922284127215846183e-05,1.573831060672682192e+00,2.215939327317784091e-03
-2.020000000000000129e-01,1.576016000000000084e+00,1.576016000000000084e+00,1.575695223921238952e+00,3.207760787611313447e-04,1.576047570076205995e+00,-3.157007620591123498e-05,1.573794381342588089e+00,2.221618657411994491e-03
-2.017500000000000127e-01,1.575984999999999969e+00,1.575984999999999969e+00,1.575668271472320248e+00,3.167285276797215943e-04,1.576018914708289476e+00,-3.391470828950637895e-05,1.573757850984382145e+00,2.227149015617824190e-03
-2.015000000000000124e-01,1.575954000000000077e+00,1.575954000000000077e+00,1.575641346796104791e+00,3.126532038952856141e-04,1.575990257174852527e+00,-3.625717485244983607e-05,1.573721469138432472e+00,2.232530861567605385e-03
-2.012500000000000122e-01,1.575922999999999963e+00,1.575922999999999963e+00,1.575614449913373072e+00,3.085500866268908737e-04,1.575961597910850553e+00,-3.859791085059072202e-05,1.573685235346230060e+00,2.237764653769902523e-03
-2.010000000000000120e-01,1.575890999999999931e+00,1.575890999999999931e+00,1.575587580844879820e+00,3.034191551201104176e-04,1.575932937348871521e+00,-4.193734887159017433e-05,1.573649149150384341e+00,2.241850849615589780e-03
-2.007500000000000118e-01,1.575860000000000039e+00,1.575860000000000039e+00,1.575560739611354677e+00,2.992603886453615303e-04,1.575904275919142394e+00,-4.427591914235584625e-05,1.573613210094620296e+00,2.246789905379742436e-03
-2.005000000000000115e-01,1.575828999999999924e+00,1.575828999999999924e+00,1.575533926233500637e+00,2.950737664992875153e-04,1.575875614049536466e+00,-4.661404953654191274e-05,1.573577417723776684e+00,2.251582276223240697e-03
-2.002500000000000113e-01,1.575798000000000032e+00,1.575798000000000032e+00,1.575507140731995603e+00,2.908592680044286283e-04,1.575846952165579129e+00,-4.895216557909698452e-05,1.573541771583800930e+00,2.256228416199101972e-03
-2.000000000000000111e-01,1.575766999999999918e+00,1.575766999999999918e+00,1.575480383127491946e+00,2.866168725079720758e-04,1.575818290690455870e+00,-5.129069045595180398e-05,1.573506271221749131e+00,2.260728778250786775e-03
-1.997500000000000109e-01,1.575736000000000026e+00,1.575736000000000026e+00,1.575453653440615831e+00,2.823465593841945065e-04,1.575789630045018042e+00,-5.363004501801604818e-05,1.573470916185780055e+00,2.265083814219970293e-03
-1.995000000000000107e-01,1.575704999999999911e+00,1.575704999999999911e+00,1.575426951691968114e+00,2.780483080317974753e-04,1.575760970647790193e+00,-5.597064779028215753e-05,1.573435706025154701e+00,2.269293974845210116e-03
-1.992500000000000104e-01,1.575674000000000019e+00,1.575674000000000019e+00,1.575400277902124113e+00,2.737220978759058454e-04,1.575732312914976951e+00,-5.831291497693236181e-05,1.573400640290231411e+00,2.273359709768607573e-03
-1.990000000000000102e-01,1.575642999999999905e+00,1.575642999999999905e+00,1.575373632091632725e+00,2.693679083671796093e-04,1.575703657260469015e+00,-6.065726046911024127e-05,1.573365718532464319e+00,2.277281467535585691e-03
-1.987500000000000100e-01,1.575612000000000013e+00,1.575612000000000013e+00,1.575347014281017755e+00,2.649857189822579784e-04,1.575675004095850484e+00,-6.300409585047184180e-05,1.573330940304400904e+00,2.281059695599108039e-03
-1.985000000000000098e-01,1.575580999999999898e+00,1.575580999999999898e+00,1.575320424490777471e+00,2.605755092224271152e-04,1.575646353830405744e+00,-6.535383040584541448e-05,1.573296305159677333e+00,2.284694840322565312e-03
-1.982500000000000095e-01,1.575550000000000006e+00,1.575550000000000006e+00,1.575293862741383943e+00,2.561372586160626241e-04,1.575617706871125678e+00,-6.770687112567230770e-05,1.573261812653016678e+00,2.288187346983328041e-03
-1.980000000000000093e-01,1.575518999999999892e+00,1.575518999999999892e+00,1.575267329053284149e+00,2.516709467157429714e-04,1.575589063622714781e+00,-7.006362271488875137e-05,1.573227462340226479e+00,2.291537659773412727e-03
-1.977500000000000091e-01,1.575488000000000000e+00,1.575488000000000000e+00,1.575240823446898641e+00,2.471765531013581096e-04,1.575560424487597144e+00,-7.242448759714470441e-05,1.573193253778194745e+00,2.294746221805255004e-03
-1.975000000000000089e-01,1.575458000000000025e+00,1.575458000000000025e+00,1.575214345942622884e+00,2.436540573771406315e-04,1.575531789865924459e+00,-7.378986592443403936e-05,1.573159186524888398e+00,2.298813475111627369e-03
-1.972500000000000087e-01,1.575426999999999911e+00,1.575426999999999911e+00,1.575187896560826584e+00,2.391034391733271036e-04,1.575503160155581339e+00,-7.616015558142841257e-05,1.573125260139349724e+00,2.301739860650187097e-03
-1.970000000000000084e-01,1.575396000000000019e+00,1.575396000000000019e+00,1.575161475321853466e+00,2.345246781465526453e-04,1.575474535752193095e+00,-7.853575219307629141e-05,1.573091474181693039e+00,2.304525818306979446e-03
-1.967500000000000082e-01,1.575364999999999904e+00,1.575364999999999904e+00,1.575135082246021723e+00,2.299177539781815938e-04,1.575445917049131284e+00,-8.091704913137931499e-05,1.573057828213103138e+00,2.307171786896766719e-03
-1.965000000000000080e-01,1.575334999999999930e+00,1.575334999999999930e+00,1.575108717353623788e+00,2.262826463761413720e-04,1.575417304437521482e+00,-8.230443752155203185e-05,1.573024321795831959e+00,2.310678204167970762e-03
-1.962500000000000078e-01,1.575304000000000038e+00,1.575304000000000038e+00,1.575082380664927006e+00,2.216193350730311096e-04,1.575388698306249502e+00,-8.469830624946439457e-05,1.572990954493195703e+00,2.313045506804334295e-03
-1.960000000000000075e-01,1.575272999999999923e+00,1.575272999999999923e+00,1.575056072200172075e+00,2.169277998278484887e-04,1.575360099041967388e+00,-8.709904196746443006e-05,1.572957725869571943e+00,2.315274130427980026e-03
-1.957500000000000073e-01,1.575242999999999949e+00,1.575242999999999949e+00,1.575029791979574600e+00,2.132080204253483657e-04,1.575331507029101408e+00,-8.850702910145891167e-05,1.572924635490397405e+00,2.318364509602544032e-03
-1.955000000000000071e-01,1.575212000000000057e+00,1.575212000000000057e+00,1.575003540023324433e+00,2.084599766756234374e-04,1.575302922649857162e+00,-9.092264985710585279e-05,1.572891682922164192e+00,2.320317077835865049e-03
-1.952500000000000069e-01,1.575182000000000082e+00,1.575182000000000082e+00,1.574977316351585666e+00,2.046836484144165524e-04,1.575274346284227356e+00,-9.234628422727375607e-05,1.572858867732418897e+00,2.323132267581184962e-03
-1.950000000000000067e-01,1.575150999999999968e+00,1.575150999999999968e+00,1.574951120984496633e+00,1.998790155033347560e-04,1.575245778309998235e+00,-9.477830999826686309e-05,1.572826189489757942e+00,2.324810510242025785e-03
-1.947500000000000064e-01,1.575120999999999993e+00,1.575120999999999993e+00,1.574924953942170136e+00,1.960460578298572898e-04,1.575217219102755584e+00,-9.621910275559031334e-05,1.572793647763825353e+00,2.327352236174640154e-03
-1.945000000000000062e-01,1.575090000000000101e+00,1.575090000000000101e+00,1.574898815244693440e+00,1.911847553066614580e-04,1.575188669035891387e+00,-9.866903589128561691e-05,1.572761242125311432e+00,2.328757874688669460e-03
-1.942500000000000060e-01,1.575059999999999905e+00,1.575059999999999905e+00,1.574872704912127608e+00,1.872950878722967616e-04,1.575160128480611599e+00,-1.001284806116942150e-04,1.572728972145948090e+00,2.331027854051814785e-03
-1.940000000000000058e-01,1.575029000000000012e+00,1.575029000000000012e+00,1.574846622964508391e+00,1.823770354916209868e-04,1.575131597805941253e+00,-1.025978059412402388e-04,1.572696837398507741e+00,2.332162601492271392e-03
-1.937500000000000056e-01,1.574999000000000038e+00,1.574999000000000038e+00,1.574820569421846006e+00,1.784305781540318492e-04,1.575103077378731342e+00,-1.040773787313042931e-04,1.572664837456799525e+00,2.334162543200513085e-03
-1.935000000000000053e-01,1.574969000000000063e+00,1.574969000000000063e+00,1.574794544304124466e+00,1.744556958755971721e-04,1.575074567563666372e+00,-1.055675636663089278e-04,1.572632971895667087e+00,2.336028104332976696e-03
-1.932500000000000051e-01,1.574939000000000089e+00,1.574939000000000089e+00,1.574768547631302695e+00,1.704523686973935526e-04,1.575046068723269688e+00,-1.070687232695988200e-04,1.572601240290986357e+00,2.337759709013731424e-03
-1.930000000000000049e-01,1.574907999999999975e+00,1.574907999999999975e+00,1.574742579423313416e+00,1.654205766865590732e-04,1.575017581217910800e+00,-1.095812179108257567e-04,1.572569642219662667e+00,2.338357780337307901e-03
-1.927500000000000047e-01,1.574878000000000000e+00,1.574878000000000000e+00,1.574716639700064036e+00,1.613602999359642354e-04,1.574989105405811163e+00,-1.111054058111626830e-04,1.572538177259626524e+00,2.339822740373476151e-03
-1.925000000000000044e-01,1.574848000000000026e+00,1.574848000000000026e+00,1.574690728481435986e+00,1.572715185640394253e-04,1.574960641643051718e+00,-1.126416430516918865e-04,1.572506844989834507e+00,2.341155010165518746e-03
-1.922500000000000042e-01,1.574818000000000051e+00,1.574818000000000051e+00,1.574664845787285383e+00,1.531542127146678922e-04,1.574932190283578670e+00,-1.141902835786190451e-04,1.572475644990262822e+00,2.342355009737229210e-03
-1.920000000000000040e-01,1.574788000000000077e+00,1.574788000000000077e+00,1.574638991637442142e+00,1.490083625579341486e-04,1.574903751679210151e+00,-1.157516792100743430e-04,1.572444576841907526e+00,2.343423158092550196e-03
-1.917500000000000038e-01,1.574758000000000102e+00,1.574758000000000102e+00,1.574613166051711310e+00,1.448339482887917029e-04,1.574875326179642432e+00,-1.173261796423297199e-04,1.572413640126780532e+00,2.344359873219570289e-03
-1.915000000000000036e-01,1.574727999999999906e+00,1.574727999999999906e+00,1.574587369049871066e+00,1.406309501288394159e-04,1.574846914132457476e+00,-1.189141324575704317e-04,1.572382834427907383e+00,2.345165572092522410e-03
-1.912500000000000033e-01,1.574697999999999931e+00,1.574697999999999931e+00,1.574561600651674942e+00,1.363993483249892336e-04,1.574818515883128267e+00,-1.205158831283359433e-04,1.572352159329324595e+00,2.345840670675336526e-03
-1.910000000000000031e-01,1.574667999999999957e+00,1.574667999999999957e+00,1.574535860876850490e+00,1.321391231494661866e-04,1.574790131775025470e+00,-1.221317750255135337e-04,1.572321614416076985e+00,2.346385583922971918e-03
-1.907500000000000029e-01,1.574637999999999982e+00,1.574637999999999982e+00,1.574510149745099286e+00,1.278502549006965694e-04,1.574761762149424316e+00,-1.237621494243335007e-04,1.572291199274216345e+00,2.346800725783637631e-03
-1.905000000000000027e-01,1.574608000000000008e+00,1.574608000000000008e+00,1.574484467276097588e+00,1.235327239024197610e-04,1.574733407345511260e+00,-1.254073455112525437e-04,1.572260913490795886e+00,2.347086509204121541e-03
-1.902500000000000024e-01,1.574578999999999951e+00,1.574578999999999951e+00,1.574458813489495901e+00,1.201865105040500481e-04,1.574705067700389538e+00,-1.260677003895871451e-04,1.572230756653871575e+00,2.348243346128375819e-03
-1.900000000000000022e-01,1.574548999999999976e+00,1.574548999999999976e+00,1.574433188404918527e+00,1.158115950814497808e-04,1.574676743549086044e+00,-1.277435490860678868e-04,1.572200728352496801e+00,2.348271647503175075e-03
-1.897500000000000020e-01,1.574519000000000002e+00,1.574519000000000002e+00,1.574407592041964898e+00,1.114079580351035048e-04,1.574648435224558440e+00,-1.294352245584384775e-04,1.572170828176721047e+00,2.348171823278955017e-03
-1.895000000000000018e-01,1.574489999999999945e+00,1.574489999999999945e+00,1.574382024420208470e+00,1.079755797914749849e-04,1.574620143057700483e+00,-1.301430577005380229e-04,1.572141055717586555e+00,2.348944282413389928e-03
-1.892500000000000016e-01,1.574459999999999971e+00,1.574459999999999971e+00,1.574356485559196495e+00,1.035144408034760488e-04,1.574591867377349130e+00,-1.318673773491596535e-04,1.572111410567127665e+00,2.348589432872305593e-03
-1.890000000000000013e-01,1.574430999999999914e+00,1.574430999999999914e+00,1.574330975478451355e+00,1.000245215485584538e-04,1.574563608510290313e+00,-1.326085102903995505e-04,1.572081892318365481e+00,2.349107681634432510e-03
-1.887500000000000011e-01,1.574400999999999939e+00,1.574400999999999939e+00,1.574305494197469235e+00,9.550580253070428682e-05,1.574535366781266488e+00,-1.343667812665483297e-04,1.572052500565308097e+00,2.348499434691841969e-03
-1.885000000000000009e-01,1.574372000000000105e+00,1.574372000000000105e+00,1.574280041735720781e+00,9.195826427932374258e-05,1.574507142512981961e+00,-1.351425129818561999e-04,1.572023234902947042e+00,2.348765097053062689e-03
-1.882500000000000007e-01,1.574341999999999908e+00,1.574341999999999908e+00,1.574254618112650883e+00,8.738188734902507804e-05,1.574478936026109110e+00,-1.369360261092023023e-04,1.571994094927253727e+00,2.347905072746181432e-03
-1.880000000000000004e-01,1.574313000000000073e+00,1.574313000000000073e+00,1.574229223347678897e+00,8.377665232117692540e-05,1.574450747639296155e+00,-1.377476392960819140e-04,1.571965080235179224e+00,2.347919764820849409e-03
-1.877500000000000002e-01,1.574284000000000017e+00,1.574284000000000017e+00,1.574203857460198197e+00,8.014253980181962334e-05,1.574422577669172041e+00,-1.385776691720241871e-04,1.571936190424649382e+00,2.347809575350634503e-03
-1.875000000000000000e-01,1.574254000000000042e+00,1.574254000000000042e+00,1.574178520469577069e+00,7.547953042297272930e-05,1.574394426430353766e+00,-1.404264303537239300e-04,1.571907425094565491e+00,2.346574905434550828e-03
-1.872499999999999998e-01,1.574224999999999985e+00,1.574224999999999985e+00,1.574153212395157153e+00,7.178760484283230880e-05,1.574366294235451713e+00,-1.412942354517277010e-04,1.571878783844798289e+00,2.346216155201696907e-03
-1.869999999999999996e-01,1.574195999999999929e+00,1.574195999999999929e+00,1.574127933256255440e+00,6.806674374448817844e-05,1.574338181395077418e+00,-1.421813950774897251e-04,1.571850266276188623e+00,2.345733723811305182e-03
-1.867499999999999993e-01,1.574167000000000094e+00,1.574167000000000094e+00,1.574102683072162723e+00,6.431692783737119612e-05,1.574310088217848458e+00,-1.430882178483638967e-04,1.571821871990542352e+00,2.345128009457742024e-03
-1.864999999999999991e-01,1.574138000000000037e+00,1.574138000000000037e+00,1.574077461862144034e+00,6.053813785600326014e-05,1.574282015010395996e+00,-1.440150103959592087e-04,1.571793600590630779e+00,2.344399409369257725e-03
-1.862499999999999989e-01,1.574108999999999980e+00,1.574108999999999980e+00,1.574052269645438651e+00,5.673035456132957677e-05,1.574253962077369895e+00,-1.449620773699145104e-04,1.571765451680185777e+00,2.343548319814203751e-03
-1.859999999999999987e-01,1.574079999999999924e+00,1.574079999999999924e+00,1.574027106441260759e+00,5.289355873916434803e-05,1.574225929721445816e+00,-1.459297214458921133e-04,1.571737424863898891e+00,2.342575136101032740e-03
-1.857499999999999984e-01,1.574051000000000089e+00,1.574051000000000089e+00,1.574001972268798122e+00,4.902773120196712853e-05,1.574197918243332106e+00,-1.469182433320170844e-04,1.571709519747418460e+00,2.341480252581629173e-03
-1.854999999999999982e-01,1.574022000000000032e+00,1.574022000000000032e+00,1.573976867147213410e+00,4.513285278662237943e-05,1.574169927941774016e+00,-1.479279417739842728e-04,1.571681735937347613e+00,2.340264062652419597e-03
-1.852499999999999980e-01,1.573992999999999975e+00,1.573992999999999975e+00,1.573951791095643316e+00,4.120890435665991447e-05,1.574141959113562361e+00,-1.489591135623857809e-04,1.571654073041240718e+00,2.338926958759257602e-03
-1.849999999999999978e-01,1.573963999999999919e+00,1.573963999999999919e+00,1.573926744133198552e+00,3.725586680136672157e-05,1.574114012053538403e+00,-1.500120535384841247e-04,1.571626530667602939e+00,2.337469332396979738e-03
-1.847499999999999976e-01,1.573935000000000084e+00,1.573935000000000084e+00,1.573901726278964963e+00,3.327372103512082901e-05,1.574086087054600291e+00,-1.510870546002074377e-04,1.571599108425886682e+00,2.335891574113402314e-03
-1.844999999999999973e-01,1.573906999999999945e+00,1.573906999999999945e+00,1.573876737552001970e+00,3.026244799797517260e-05,1.574058184407709282e+00,-1.511844077093371652e-04,1.571571805926489374e+00,2.335194073510571400e-03
-1.842499999999999971e-01,1.573878000000000110e+00,1.573878000000000110e+00,1.573851777971343457e+00,2.622202865665279603e-05,1.574030304401896840e+00,-1.523044018967301128e-04,1.571544622780751466e+00,2.333377219248644607e-03
-1.839999999999999969e-01,1.573849000000000053e+00,1.573849000000000053e+00,1.573826847555997999e+00,2.215244400205484965e-05,1.574002447324269527e+00,-1.534473242694733841e-04,1.571517558600952880e+00,2.331441399047173846e-03
-1.837499999999999967e-01,1.573820999999999914e+00,1.573820999999999914e+00,1.573801946324947965e+00,1.905367505194988098e-05,1.573974613460016103e+00,-1.536134600161886965e-04,1.571490613000313674e+00,2.330386999686240301e-03
-1.834999999999999964e-01,1.573792000000000080e+00,1.573792000000000080e+00,1.573777074297150635e+00,1.492570284944427783e-05,1.573946803092413971e+00,-1.548030924138910081e-04,1.571463785592988494e+00,2.328214407011586218e-03
-1.832499999999999962e-01,1.573763999999999941e+00,1.573763999999999941e+00,1.573752231491536868e+00,1.176850846307253562e-05,1.573919016502834056e+00,-1.550165028341154994e-04,1.571437075994065902e+00,2.326924005934039030e-03
-1.829999999999999960e-01,1.573736000000000024e+00,1.573736000000000024e+00,1.573727417927012651e+00,8.582072987373123851e-06,1.573891253970749027e+00,-1.552539707490030452e-04,1.571410483819566162e+00,2.325516180433861990e-03
-1.827499999999999958e-01,1.573706999999999967e+00,1.573706999999999967e+00,1.573702633622457325e+00,4.366377542641686205e-06,1.573863515773737509e+00,-1.565157737375422187e-04,1.571384008686438349e+00,2.322991313561617588e-03
-1.824999999999999956e-01,1.573679000000000050e+00,1.573679000000000050e+00,1.573677878596725588e+00,1.121403274462196009e-06,1.573835802187491639e+00,-1.568021874915892511e-04,1.571357650212558577e+00,2.321349787441473467e-03
-1.822499999999999953e-01,1.573650999999999911e+00,1.573650999999999911e+00,1.573653152868645710e+00,-2.152868645799443925e-06,1.573808113485822169e+00,-1.571134858222578146e-04,1.571331408016727327e+00,2.319591983272584201e-03
-1.819999999999999951e-01,1.573622999999999994e+00,1.573622999999999994e+00,1.573628456457020652e+00,-5.456457020658334045e-06,1.573780449940666237e+00,-1.574499406662432932e-04,1.571305281718668123e+00,2.317718281331870855e-03
-1.817499999999999949e-01,1.573593999999999937e+00,1.573593999999999937e+00,1.573603789380627616e+00,-9.789380627678312408e-06,1.573752811822091591e+00,-1.588118220916534540e-04,1.571279270939023753e+00,2.314729060976183916e-03
-1.814999999999999947e-01,1.573566000000000020e+00,1.573566000000000020e+00,1.573579151658217601e+00,-1.315165821758057518e-05,1.573725199398303909e+00,-1.591993983038886284e-04,1.571253375299355159e+00,2.312624700644860809e-03
-1.812499999999999944e-01,1.573538000000000103e+00,1.573538000000000103e+00,1.573554543308516962e+00,-1.654330851685870130e-05,1.573697612935652801e+00,-1.596129356526976295e-04,1.571227594422139662e+00,2.310405577860441539e-03
-1.809999999999999942e-01,1.573509999999999964e+00,1.573509999999999964e+00,1.573529964350225629e+00,-1.996435022566522832e-05,1.573670052698638022e+00,-1.600526986380579331e-04,1.571201927930767406e+00,2.308072069232558476e-03
-1.807499999999999940e-01,1.573482000000000047e+00,1.573482000000000047e+00,1.573505414802017777e+00,-2.341480201772938585e-05,1.573642518949915026e+00,-1.605189499149783927e-04,1.571176375449539808e+00,2.305624550460239064e-03
-1.804999999999999938e-01,1.573455000000000048e+00,1.573455000000000048e+00,1.573480894682542486e+00,-2.589468254243776357e-05,1.573615011950301845e+00,-1.600119503017971567e-04,1.571150936603668224e+00,2.304063396331823554e-03
-1.802499999999999936e-01,1.573426999999999909e+00,1.573426999999999909e+00,1.573456404010422416e+00,-2.940401042250684327e-05,1.573587531958784425e+00,-1.605319587845155382e-04,1.571125611019269508e+00,2.301388980730401101e-03
-1.799999999999999933e-01,1.573398999999999992e+00,1.573398999999999992e+00,1.573431942804255135e+00,-3.294280425514273247e-05,1.573560079232523501e+00,-1.610792325235088640e-04,1.571100398323366898e+00,2.298601676633094115e-03
-1.797499999999999931e-01,1.573371000000000075e+00,1.573371000000000075e+00,1.573407511082612453e+00,-3.651108261237823172e-05,1.573532654026860378e+00,-1.616540268603028352e-04,1.571075298143885135e+00,2.295701856114940043e-03
-1.794999999999999929e-01,1.573344000000000076e+00,1.573344000000000076e+00,1.573383108864039981e+00,-3.910886403990510019e-05,1.573505256595322477e+00,-1.612565953224009974e-04,1.571050310109649129e+00,2.293689890350947280e-03
-1.792499999999999927e-01,1.573315999999999937e+00,1.573315999999999937e+00,1.573358736167058458e+00,-4.273616705852134601e-05,1.573477887189630664e+00,-1.618871896307272351e-04,1.571025433850383735e+00,2.290566149616202196e-03
-1.789999999999999925e-01,1.573288000000000020e+00,1.573288000000000020e+00,1.573334393010161980e+00,-4.639301016196029082e-05,1.573450546059703692e+00,-1.625460597036720856e-04,1.571000668996707539e+00,2.287331003292480958e-03
-1.787499999999999922e-01,1.573261000000000021e+00,1.573261000000000021e+00,1.573310079411819995e+00,-4.907941181997443891e-05,1.573423233453665748e+00,-1.622334536657277226e-04,1.570976015180135299e+00,2.284984819864721572e-03
-1.784999999999999920e-01,1.573233000000000104e+00,1.573233000000000104e+00,1.573285795390475528e+00,-5.279539047542414210e-05,1.573395949617852008e+00,-1.629496178519040939e-04,1.570951472033072172e+00,2.281527966927932027e-03
-1.782499999999999918e-01,1.573206000000000104e+00,1.573206000000000104e+00,1.573261540964546290e+00,-5.554096454618573375e-05,1.573368694796813738e+00,-1.626947968136338574e-04,1.570927039188814156e+00,2.278960811185948288e-03
-1.779999999999999916e-01,1.573179000000000105e+00,1.573179000000000105e+00,1.573237316152423793e+00,-5.831615242368748397e-05,1.573341469233326073e+00,-1.624692333259680765e-04,1.570902716281543876e+00,2.276283718456229010e-03
-1.777499999999999913e-01,1.573150999999999966e+00,1.573150999999999966e+00,1.573213120972474677e+00,-6.212097247471071171e-05,1.573314273168392674e+00,-1.632731683927080013e-04,1.570878502946330579e+00,2.272497053669386702e-03
-1.774999999999999911e-01,1.573123999999999967e+00,1.573123999999999967e+00,1.573188955443039161e+00,-6.495544303919409401e-05,1.573287106841252170e+00,-1.631068412522029831e-04,1.570854398819125475e+00,2.269601180874492030e-03
-1.772499999999999909e-01,1.573096999999999968e+00,1.573096999999999968e+00,1.573164819582431928e+00,-6.781958243196051228e-05,1.573259970489384374e+00,-1.629704893844063918e-04,1.570830403536762621e+00,2.266596463237346981e-03
-1.769999999999999907e-01,1.573069999999999968e+00,1.573069999999999968e+00,1.573140713408942570e+00,-7.071340894260202958e-05,1.573232864348515836e+00,-1.628643485158676185e-04,1.570806516736954261e+00,2.263483263045706906e-03
-1.767499999999999905e-01,1.573042999999999969e+00,1.573042999999999969e+00,1.573116636940834479e+00,-7.363694083450944561e-05,1.573205788652626502e+00,-1.627886526265331923e-04,1.570782738058290384e+00,2.260261941709584832e-03
-1.764999999999999902e-01,1.573015999999999970e+00,1.573015999999999970e+00,1.573092590196345064e+00,-7.659019634509434127e-05,1.573178743633955046e+00,-1.627436339550758504e-04,1.570759067140236054e+00,2.256932859763915999e-03
-1.762499999999999900e-01,1.572988999999999971e+00,1.572988999999999971e+00,1.573068573193686648e+00,-7.957319368667725712e-05,1.573151729523005082e+00,-1.627295230051117869e-04,1.570735503623129414e+00,2.253496376870556261e-03
-1.759999999999999898e-01,1.572961999999999971e+00,1.572961999999999971e+00,1.573044585951045571e+00,-8.258595104559951494e-05,1.573124746548551389e+00,-1.627465485514179022e-04,1.570712047148179469e+00,2.249952851820502531e-03
-1.757499999999999896e-01,1.572934999999999972e+00,1.572934999999999972e+00,1.573020628486582639e+00,-8.562848658266730695e-05,1.573097794937645011e+00,-1.627949376450388286e-04,1.570688697357463859e+00,2.246302642536113225e-03
-1.754999999999999893e-01,1.572907999999999973e+00,1.572907999999999973e+00,1.572996700818432680e+00,-8.870081843270760658e-05,1.573070874915620809e+00,-1.628749156208364468e-04,1.570665453893928198e+00,2.242546106071774403e-03
-1.752499999999999891e-01,1.572880999999999974e+00,1.572880999999999974e+00,1.572972802964705430e+00,-9.180296470545634691e-05,1.573043986706101682e+00,-1.629867061017087337e-04,1.570642316401381633e+00,2.238683598618340653e-03
-1.749999999999999889e-01,1.572854999999999892e+00,1.572854999999999892e+00,1.572948934943484200e+00,-9.393494348430841967e-05,1.573017130531005225e+00,-1.621305310053333670e-04,1.570619284524496839e+00,2.235715475503052829e-03
-1.747499999999999887e-01,1.572827999999999893e+00,1.572827999999999893e+00,1.572925096772826992e+00,-9.709677282709883173e-05,1.572990306610550393e+00,-1.623066105504999967e-04,1.570596357908808027e+00,2.231642091191865518e-03
-1.744999999999999885e-01,1.572802000000000033e+00,1.572802000000000033e+00,1.572901288470766490e+00,-9.928847076645652692e-05,1.572963515163261716e+00,-1.615151632616829147e-04,1.570573536200706943e+00,2.228463799293090020e-03
-1.742499999999999882e-01,1.572775000000000034e+00,1.572775000000000034e+00,1.572877510055308736e+00,-1.025100553087021638e-04,1.572936756405976855e+00,-1.617564059768206164e-04,1.570550819047443314e+00,2.224180952556720214e-03
-1.739999999999999880e-01,1.572748999999999953e+00,1.572748999999999953e+00,1.572853761544435125e+00,-1.047615444351723824e-04,1.572910030553851923e+00,-1.610305538519707369e-04,1.570528206097121071e+00,2.220793902878881454e-03
-1.737499999999999878e-01,1.572721999999999953e+00,1.572721999999999953e+00,1.572830042956100627e+00,-1.080429561006734929e-04,1.572883337820366600e+00,-1.613378203666471222e-04,1.570505696998697243e+00,2.216303001302710740e-03
-1.734999999999999876e-01,1.572696000000000094e+00,1.572696000000000094e+00,1.572806354308234900e+00,-1.103543082348057425e-04,1.572856678417331677e+00,-1.606784173315833897e-04,1.570483291401979731e+00,2.212708598020363127e-03
-1.732499999999999873e-01,1.572669000000000095e+00,1.572669000000000095e+00,1.572782695618741844e+00,-1.136956187417492714e-04,1.572830052554892832e+00,-1.610525548927377315e-04,1.570460988957625537e+00,2.208011042374558031e-03
-1.729999999999999871e-01,1.572643000000000013e+00,1.572643000000000013e+00,1.572759066905499603e+00,-1.160669054995899785e-04,1.572803460441538626e+00,-1.604604415386123861e-04,1.570438789317138095e+00,2.204210682861917903e-03
-1.727499999999999869e-01,1.572616999999999932e+00,1.572616999999999932e+00,1.572735468186360785e+00,-1.184681863608538777e-04,1.572776902284104716e+00,-1.599022841047847976e-04,1.570416692132866165e+00,2.200307867133766138e-03
-1.724999999999999867e-01,1.572591000000000072e+00,1.572591000000000072e+00,1.572711899479152020e+00,-1.208994791519479861e-04,1.572750378287780970e+00,-1.593782877808980203e-04,1.570394697058001832e+00,2.196302941998240499e-03
-1.722499999999999865e-01,1.572564999999999991e+00,1.572564999999999991e+00,1.572688360801674623e+00,-1.233608016746323699e-04,1.572723888656115898e+00,-1.588886561159075228e-04,1.570372803746577839e+00,2.192196253422151742e-03
-1.719999999999999862e-01,1.572538999999999909e+00,1.572538999999999909e+00,1.572664852171703709e+00,-1.258521717037996979e-04,1.572697433591023985e+00,-1.584335910240763923e-04,1.570351011853466261e+00,2.187988146533648148e-03
-1.717500000000000138e-01,1.572513000000000050e+00,1.572513000000000050e+00,1.572641373606989523e+00,-1.283736069894736431e-04,1.572671013292790132e+00,-1.580132927900823603e-04,1.570329321034376502e+00,2.183678965623547796e-03
-1.715000000000000135e-01,1.572486999999999968e+00,1.572486999999999968e+00,1.572617925125255889e+00,-1.309251252559207046e-04,1.572644627960076980e+00,-1.576279600770114087e-04,1.570307730945853519e+00,2.179269054146448781e-03
-1.712500000000000133e-01,1.572461000000000109e+00,1.572461000000000109e+00,1.572594506744201315e+00,-1.335067442012061179e-04,1.572618277789929131e+00,-1.572777899290223047e-04,1.570286241245274939e+00,2.174758754725170107e-03
-1.710000000000000131e-01,1.572435000000000027e+00,1.572435000000000027e+00,1.572571118481498331e+00,-1.361184814983040781e-04,1.572591962977780256e+00,-1.569629777802283854e-04,1.570264851590850164e+00,2.170148409149863511e-03
-1.707500000000000129e-01,1.572408999999999946e+00,1.572408999999999946e+00,1.572547760354794155e+00,-1.387603547942095616e-04,1.572565683717457752e+00,-1.566837174578061820e-04,1.570243561641618824e+00,2.165438358381122086e-03
-1.705000000000000127e-01,1.572384000000000004e+00,1.572384000000000004e+00,1.572524432381710024e+00,-1.404323817100205929e-04,1.572539440201189409e+00,-1.554402011894051583e-04,1.570222371057447441e+00,2.161628942552562549e-03
-1.702500000000000124e-01,1.572357999999999922e+00,1.572357999999999922e+00,1.572501134579841642e+00,-1.431345798417194004e-04,1.572513232619609180e+00,-1.552326196092579380e-04,1.570201279499028546e+00,2.156720500971376353e-03
-1.700000000000000122e-01,1.572332000000000063e+00,1.572332000000000063e+00,1.572477866966758953e+00,-1.458669667588896601e-04,1.572487061161762067e+00,-1.550611617620045735e-04,1.570180286627879118e+00,2.151713372120944712e-03
-1.697500000000000120e-01,1.572306999999999899e+00,1.572306999999999899e+00,1.572454629560006367e+00,-1.476295600064680968e-04,1.572460926015110783e+00,-1.539260151108834407e-04,1.570159392106337481e+00,2.147607893662417666e-03
-1.695000000000000118e-01,1.572281000000000040e+00,1.572281000000000040e+00,1.572431422377102317e+00,-1.504223771022772382e-04,1.572434827365541299e+00,-1.538273655412591978e-04,1.570138595597562636e+00,2.142404402437403377e-03
-1.692500000000000115e-01,1.572256000000000098e+00,1.572256000000000098e+00,1.572408245435539698e+00,-1.522454355395996828e-04,1.572408765397367958e+00,-1.527653973678599897e-04,1.570117896765531595e+00,2.138103234468502478e-03
-1.690000000000000113e-01,1.572230000000000016e+00,1.572230000000000016e+00,1.572385098752785870e+00,-1.550987527858538328e-04,1.572382740293340131e+00,-1.527402933401145191e-04,1.570097295275037830e+00,2.132704724962186660e-03
-1.687500000000000111e-01,1.572205000000000075e+00,1.572205000000000075e+00,1.572361982346282439e+00,-1.569823462823638494e-04,1.572356752234647548e+00,-1.517522346474731165e-04,1.570076790791689714e+00,2.128209208310360978e-03
-1.685000000000000109e-01,1.572179999999999911e+00,1.572179999999999911e+00,1.572338896233445249e+00,-1.588962334453380976e-04,1.572330801400925626e+00,-1.508014009257152566e-04,1.570056382981907861e+00,2.123617018092049946e-03
-1.682500000000000107e-01,1.572154999999999969e+00,1.572154999999999969e+00,1.572315840431664391e+00,-1.608404316644218568e-04,1.572304887970261689e+00,-1.498879702617195164e-04,1.570036071512924902e+00,2.118928487075066869e-03
-1.680000000000000104e-01,1.572129000000000110e+00,1.572129000000000110e+00,1.572292814958304419e+00,-1.638149583043091440e-04,1.572279012119200514e+00,-1.500121192004044701e-04,1.570015856052781711e+00,2.113143947218398822e-03
-1.677500000000000102e-01,1.572103999999999946e+00,1.572103999999999946e+00,1.572269819830704130e+00,-1.658198307041836017e-04,1.572253174022750111e+00,-1.491740227501647809e-04,1.569995736270326070e+00,2.108263729673875986e-03
-1.675000000000000100e-01,1.572079000000000004e+00,1.572079000000000004e+00,1.572246855066176563e+00,-1.678550661765587648e-04,1.572227373854387267e+00,-1.483738543872625826e-04,1.569975711835212451e+00,2.103288164787553427e-03
-1.672500000000000098e-01,1.572054000000000062e+00,1.572054000000000062e+00,1.572223920682009224e+00,-1.699206820091614389e-04,1.572201611786063102e+00,-1.476117860630399292e-04,1.569955782417898016e+00,2.098217582102046563e-03
-1.670000000000000095e-01,1.572028999999999899e+00,1.572028999999999899e+00,1.572201016695464082e+00,-1.720166954641833001e-04,1.572175887988209064e+00,-1.468879882091655986e-04,1.569935947689642175e+00,2.093052310357723655e-03
-1.667500000000000093e-01,1.572003999999999957e+00,1.572003999999999957e+00,1.572178143123776906e+00,-1.741431237769486273e-04,1.572150202629742033e+00,-1.462026297420759846e-04,1.569916207322504809e+00,2.087792677495148297e-03
-1.665000000000000091e-01,1.571979999999999933e+00,1.571979999999999933e+00,1.572155299984158372e+00,-1.752999841584390595e-04,1.572124555878070984e+00,-1.445558780710509694e-04,1.569896560989342937e+00,2.083439010656995549e-03
-1.662500000000000089e-01,1.571954999999999991e+00,1.571954999999999991e+00,1.572132487293792957e+00,-1.774872937929661276e-04,1.572098947899101207e+00,-1.439478991012155262e-04,1.569877008363810944e+00,2.077991636189047142e-03
-1.660000000000000087e-01,1.571930000000000049e+00,1.571930000000000049e+00,1.572109705069839825e+00,-1.797050698397750779e-04,1.572073378857241410e+00,-1.433788572413607909e-04,1.569857549120358131e+00,2.072450879641918320e-03
-1.657500000000000084e-01,1.571905000000000108e+00,1.571905000000000108e+00,1.572086953329432157e+00,-1.819533294320496708e-04,1.572047848915408164e+00,-1.428489154080558876e-04,1.569838182934226278e+00,2.066817065773829398e-03
-1.655000000000000082e-01,1.571881000000000084e+00,1.571881000000000084e+00,1.572064232089677605e+00,-1.832320896775208041e-04,1.572022358235032335e+00,-1.413582350322517556e-04,1.569818909481448310e+00,2.062090518551773499e-03
-1.652500000000000080e-01,1.571855999999999920e+00,1.571855999999999920e+00,1.572041541367658501e+00,-1.855413676585815352e-04,1.571996906976063979e+00,-1.409069760640591085e-04,1.569799728438846964e+00,2.056271561152955840e-03
-1.650000000000000078e-01,1.571831999999999896e+00,1.571831999999999896e+00,1.572018881180430760e+00,-1.868811804308645463e-04,1.571971495296978771e+00,-1.394952969788754160e-04,1.569780639484032347e+00,2.051360515967548537e-03
-1.647500000000000075e-01,1.571806999999999954e+00,1.571806999999999954e+00,1.571996251545024981e+00,-1.892515450250265019e-04,1.571946123354782454e+00,-1.391233547824999306e-04,1.569761642295400605e+00,2.045357704599348736e-03
-1.645000000000000073e-01,1.571782999999999930e+00,1.571782999999999930e+00,1.571973652478446226e+00,-1.906524784462959587e-04,1.571920791305017717e+00,-1.377913050177870247e-04,1.569742736552132367e+00,2.040263447867562974e-03
-1.642500000000000071e-01,1.571757999999999988e+00,1.571757999999999988e+00,1.571951083997673804e+00,-1.930839976738152330e-04,1.571895499301769084e+00,-1.374993017690950836e-04,1.569723921934190081e+00,2.034078065809907798e-03
-1.640000000000000069e-01,1.571733999999999964e+00,1.571733999999999964e+00,1.571928546119661263e+00,-1.945461196612985333e-04,1.571870247497668016e+00,-1.362474976680516647e-04,1.569705198122317347e+00,2.028801877682617771e-03
-1.637500000000000067e-01,1.571709999999999940e+00,1.571709999999999940e+00,1.571906038861336175e+00,-1.960388613362340493e-04,1.571845036043899801e+00,-1.350360438998610135e-04,1.569686564798036477e+00,2.023435201963463825e-03
-1.635000000000000064e-01,1.571685999999999916e+00,1.571685999999999916e+00,1.571883562239600796e+00,-1.975622396008791526e-04,1.571819865090207102e+00,-1.338650902071858440e-04,1.569668021643648048e+00,2.017978356351868285e-03
-1.632500000000000062e-01,1.571661999999999892e+00,1.571661999999999892e+00,1.571861116271331849e+00,-1.991162713319560851e-04,1.571794734784898173e+00,-1.327347848982807221e-04,1.569649568342226686e+00,2.012431657773205984e-03
-1.630000000000000060e-01,1.571636999999999951e+00,1.571636999999999951e+00,1.571838700973380076e+00,-2.017009733801256033e-04,1.571769645274849525e+00,-1.326452748495743350e-04,1.569631204577622619e+00,2.005795422377332216e-03
-1.627500000000000058e-01,1.571612999999999927e+00,1.571612999999999927e+00,1.571816316362570465e+00,-2.033163625705380895e-04,1.571744596705513475e+00,-1.315967055135480734e-04,1.569612930034456788e+00,2.000069965543138650e-03
-1.625000000000000056e-01,1.571588999999999903e+00,1.571588999999999903e+00,1.571793962455702465e+00,-2.049624557025619964e-04,1.571719589220923030e+00,-1.305892209231274137e-04,1.569594744398121744e+00,1.994255601878158757e-03
-1.622500000000000053e-01,1.571566000000000018e+00,1.571566000000000018e+00,1.571771639269549992e+00,-2.056392695499731360e-04,1.571694622963697219e+00,-1.286229636972002766e-04,1.569576647354777643e+00,1.989352645222375315e-03
-1.620000000000000051e-01,1.571541999999999994e+00,1.571541999999999994e+00,1.571749346820860982e+00,-2.073468208609874353e-04,1.571669698075046417e+00,-1.276980750464229430e-04,1.569558638591353139e+00,1.983361408646855395e-03
-1.617500000000000049e-01,1.571517999999999970e+00,1.571517999999999970e+00,1.571727085126357837e+00,-2.090851263578663577e-04,1.571644814694778791e+00,-1.268146947788206802e-04,1.569540717795541385e+00,1.977282204458585824e-03
-1.615000000000000047e-01,1.571493999999999946e+00,1.571493999999999946e+00,1.571704854202737422e+00,-2.108542027374760153e-04,1.571619972961304734e+00,-1.259729613047877450e-04,1.569522884655800032e+00,1.971115344199914077e-03
-1.612500000000000044e-01,1.571469999999999922e+00,1.571469999999999922e+00,1.571682654066670404e+00,-2.126540666704812566e-04,1.571595173011642421e+00,-1.251730116424987216e-04,1.569505138861348126e+00,1.964861138651796679e-03
-1.610000000000000042e-01,1.571447000000000038e+00,1.571447000000000038e+00,1.571660484734802354e+00,-2.134847348023161118e-04,1.571570414981424246e+00,-1.234149814242080367e-04,1.569487480102165877e+00,1.959519897834161029e-03
-1.607500000000000040e-01,1.571423000000000014e+00,1.571423000000000014e+00,1.571638346223753091e+00,-2.153462237530767709e-04,1.571545699004901042e+00,-1.226990049010279193e-04,1.569469908068992225e+00,1.953091931007788773e-03
-1.605000000000000038e-01,1.571399999999999908e+00,1.571399999999999908e+00,1.571616238550116229e+00,-2.162385501163210932e-04,1.571521025214948297e+00,-1.210252149483892481e-04,1.569452422453322615e+00,1.947577546677292659e-03
-1.602500000000000036e-01,1.571376000000000106e+00,1.571376000000000106e+00,1.571594161730460293e+00,-2.181617304601868312e-04,1.571496393743071485e+00,-1.203937430713786227e-04,1.569435022947409664e+00,1.940977052590442398e-03
-1.600000000000000033e-01,1.571353000000000000e+00,1.571353000000000000e+00,1.571572115781327605e+00,-2.191157813276056743e-04,1.571471804719411391e+00,-1.188047194113917016e-04,1.569417709244257386e+00,1.935290755742613555e-03
-1.597500000000000031e-01,1.571328999999999976e+00,1.571328999999999976e+00,1.571550100719235399e+00,-2.211007192354230710e-04,1.571447258272749004e+00,-1.182582727490277819e-04,1.569400481037624528e+00,1.928518962375447288e-03
-1.595000000000000029e-01,1.571306000000000092e+00,1.571306000000000092e+00,1.571528116560674704e+00,-2.221165606746122734e-04,1.571422754530512167e+00,-1.167545305120754051e-04,1.569383338022019458e+00,1.922661977980633097e-03
-1.592500000000000027e-01,1.571282999999999985e+00,1.571282999999999985e+00,1.571506163322111238e+00,-2.231633221112527821e-04,1.571398293618780029e+00,-1.152936187800435164e-04,1.569366279892699501e+00,1.916720107300484699e-03
-1.590000000000000024e-01,1.571258999999999961e+00,1.571258999999999961e+00,1.571484241019984518e+00,-2.252410199845567007e-04,1.571373875662288144e+00,-1.148756622881830225e-04,1.569349306345670048e+00,1.909693654329913670e-03
-1.587500000000000022e-01,1.571236000000000077e+00,1.571236000000000077e+00,1.571462349670709191e+00,-2.263496707091139371e-04,1.571349500784435360e+00,-1.135007844352831086e-04,1.569332417077681674e+00,1.903582922318403092e-03
-1.585000000000000020e-01,1.571212999999999971e+00,1.571212999999999971e+00,1.571440489290673259e+00,-2.274892906732883802e-04,1.571325169107287145e+00,-1.121691072871744410e-04,1.569315611786229470e+00,1.897388213770501153e-03
-1.582500000000000018e-01,1.571190000000000087e+00,1.571190000000000087e+00,1.571418659896239856e+00,-2.286598962397690116e-04,1.571300880751582918e+00,-1.108807515828313939e-04,1.569298890169551486e+00,1.891109830448600704e-03
-1.580000000000000016e-01,1.571166999999999980e+00,1.571166999999999980e+00,1.571396861503746134e+00,-2.298615037461537725e-04,1.571276635836740043e+00,-1.096358367400629419e-04,1.569282251926626737e+00,1.884748073373243571e-03
-1.577500000000000013e-01,1.571144000000000096e+00,1.571144000000000096e+00,1.571375094129503047e+00,-2.310941295029511622e-04,1.571252434480859828e+00,-1.084344808597315080e-04,1.569265696757173423e+00,1.878303242826673269e-03
-1.575000000000000011e-01,1.571120999999999990e+00,1.571120999999999990e+00,1.571353357789796901e+00,-2.323577897969109074e-04,1.571228276800732626e+00,-1.072768007326363460e-04,1.569249224361647821e+00,1.871775638352168869e-03
-1.572500000000000009e-01,1.571098000000000106e+00,1.571098000000000106e+00,1.571331652500887577e+00,-2.336525008874712483e-04,1.571204162911843172e+00,-1.061629118430662544e-04,1.569232834441242730e+00,1.865165558757375663e-03
-1.570000000000000007e-01,1.571074999999999999e+00,1.571074999999999999e+00,1.571309978279009423e+00,-2.349782790094234741e-04,1.571180092928376126e+00,-1.050929283761270483e-04,1.569216526697885694e+00,1.858473302114305170e-03
-1.567500000000000004e-01,1.571053000000000033e+00,1.571053000000000033e+00,1.571288335140371029e+00,-2.353351403709957879e-04,1.571156066963220965e+00,-1.030669632209324504e-04,1.569200300834237449e+00,1.852699165762583533e-03
-1.565000000000000002e-01,1.571029999999999927e+00,1.571029999999999927e+00,1.571266723101155671e+00,-2.367231011557446863e-04,1.571132085127977973e+00,-1.020851279780465859e-04,1.569184156553690590e+00,1.845843446309336500e-03
-1.562500000000000000e-01,1.571007000000000042e+00,1.571007000000000042e+00,1.571245142177520426e+00,-2.381421775203840241e-04,1.571108147532962906e+00,-1.011475329628641617e-04,1.569168093560367572e+00,1.838906439632470580e-03
-1.559999999999999998e-01,1.570985000000000076e+00,1.570985000000000076e+00,1.571223592385597057e+00,-2.385923855969807050e-04,1.571084254287212767e+00,-9.925428721269113908e-05,1.569152111559120044e+00,1.832888440880031666e-03
-1.557499999999999996e-01,1.570961999999999970e+00,1.570961999999999970e+00,1.571202073741491345e+00,-2.400737414913756140e-04,1.571060405498490020e+00,-9.840549849005064686e-05,1.569136210255525743e+00,1.825789744474226595e-03
-1.554999999999999993e-01,1.570940000000000003e+00,1.570940000000000003e+00,1.571180586261283985e+00,-2.405862612839815284e-04,1.571036601273289923e+00,-9.660127328992018647e-05,1.569120389355888490e+00,1.819610644111513409e-03
-1.552499999999999991e-01,1.570916999999999897e+00,1.570916999999999897e+00,1.571159129961029022e+00,-2.421299610291249849e-04,1.571012841716843411e+00,-9.584171684351439069e-05,1.569104648567236637e+00,1.812351432763259496e-03
-1.549999999999999989e-01,1.570894999999999930e+00,1.570894999999999930e+00,1.571137704856755857e+00,-2.427048567559264569e-04,1.570989126933124203e+00,-9.412693312427222736e-05,1.569088987597319962e+00,1.806012402679968432e-03
-1.547499999999999987e-01,1.570872000000000046e+00,1.570872000000000046e+00,1.571116310964467466e+00,-2.443109644674201775e-04,1.570965457024853240e+00,-9.345702485319407060e-05,1.569073406154609662e+00,1.798593845390383805e-03
-1.544999999999999984e-01,1.570850000000000080e+00,1.570850000000000080e+00,1.571094948300141292e+00,-2.449483001412122718e-04,1.570941832093503798e+00,-9.183209350371868140e-05,1.569057903948297250e+00,1.792096051702829484e-03
-1.542499999999999982e-01,1.570827999999999891e+00,1.570827999999999891e+00,1.571073616879729462e+00,-2.456168797295710249e-04,1.570918252239307034e+00,-9.025223930714254550e-05,1.569042480688290775e+00,1.785519311709116153e-03
-1.539999999999999980e-01,1.570805999999999925e+00,1.570805999999999925e+00,1.571052316719157904e+00,-2.463167191579795912e-04,1.570894717561257314e+00,-8.871756125738983201e-05,1.569027136085215934e+00,1.778863914783990197e-03
-1.537499999999999978e-01,1.570783000000000040e+00,1.570783000000000040e+00,1.571031047834327010e+00,-2.480478343269698627e-04,1.570871228157117105e+00,-8.822815711706510911e-05,1.569011869850412744e+00,1.771130149587296643e-03
-1.534999999999999976e-01,1.570761000000000074e+00,1.570761000000000074e+00,1.571009810241111859e+00,-2.488102411117854018e-04,1.570847784123422297e+00,-8.678412342222330267e-05,1.568996681695934647e+00,1.764318304065426446e-03
-1.532499999999999973e-01,1.570739000000000107e+00,1.570739000000000107e+00,1.570988603955361551e+00,-2.496039553614437523e-04,1.570824385555487313e+00,-8.538555548720516697e-05,1.568981571334547409e+00,1.757428665452698269e-03
-1.529999999999999971e-01,1.570716999999999919e+00,1.570716999999999919e+00,1.570967428992899428e+00,-2.504289928995095948e-04,1.570801032547411102e+00,-8.403254741118360016e-05,1.568966538479727335e+00,1.750461520272583726e-03
-1.527499999999999969e-01,1.570694999999999952e+00,1.570694999999999952e+00,1.570946285369523077e+00,-2.512853695231243023e-04,1.570777725192080476e+00,-8.272519208052386830e-05,1.568951582845659498e+00,1.743417154340454189e-03
-1.524999999999999967e-01,1.570673999999999904e+00,1.570673999999999904e+00,1.570925173101004768e+00,-2.511731010048645629e-04,1.570754463581177651e+00,-8.046358117774765617e-05,1.568936704147237071e+00,1.737295852762832382e-03
-1.522499999999999964e-01,1.570651999999999937e+00,1.570651999999999937e+00,1.570904092203090796e+00,-2.520922030908590017e-04,1.570731247805183362e+00,-7.924780518342444680e-05,1.568921902100058441e+00,1.730097899941496209e-03
-1.519999999999999962e-01,1.570629999999999971e+00,1.570629999999999971e+00,1.570883042691501918e+00,-2.530426915019479139e-04,1.570708077953383297e+00,-7.807795338332645940e-05,1.568907176420427652e+00,1.722823579572319019e-03
-1.517499999999999960e-01,1.570608000000000004e+00,1.570608000000000004e+00,1.570862024581932914e+00,-2.540245819329101096e-04,1.570684954113872545e+00,-7.695411387254047497e-05,1.568892526825351519e+00,1.715473174648485255e-03
-1.514999999999999958e-01,1.570586000000000038e+00,1.570586000000000038e+00,1.570841037890053471e+00,-2.550378900534333582e-04,1.570661876373561139e+00,-7.587637356110121800e-05,1.568877953032538741e+00,1.708046967461296362e-03
-1.512499999999999956e-01,1.570564999999999989e+00,1.570564999999999989e+00,1.570820082631506853e+00,-2.550826315068643879e-04,1.570638844818179392e+00,-7.384481817940269366e-05,1.568863454760397458e+00,1.701545239602531012e-03
-1.509999999999999953e-01,1.570543000000000022e+00,1.570543000000000022e+00,1.570799158821911456e+00,-2.561588219114341314e-04,1.570615859532281666e+00,-7.285953228164387951e-05,1.568849031728036580e+00,1.693968271963441907e-03
-1.507499999999999951e-01,1.570521999999999974e+00,1.570521999999999974e+00,1.570778266476859031e+00,-2.562664768590572351e-04,1.570592920599253928e+00,-7.092059925395410858e-05,1.568834683655260687e+00,1.687316344739286933e-03
-1.504999999999999949e-01,1.570500000000000007e+00,1.570500000000000007e+00,1.570757405611916457e+00,-2.574056119164502832e-04,1.570570028101316185e+00,-7.002810131617742684e-05,1.568820410262571352e+00,1.679589737428655027e-03
-1.502499999999999947e-01,1.570478999999999958e+00,1.570478999999999958e+00,1.570736576242624638e+00,-2.575762426246797077e-04,1.570547182119529595e+00,-6.818211952963615374e-05,1.568806211271164264e+00,1.672788728835694627e-03
-1.499999999999999944e-01,1.570456999999999992e+00,1.570456999999999992e+00,1.570715778384498718e+00,-2.587783844987256998e-04,1.570524382733800239e+00,-6.738273380024750736e-05,1.568792086402928776e+00,1.664913597071215889e-03
-1.497499999999999942e-01,1.570435999999999943e+00,1.570435999999999943e+00,1.570695012053028305e+00,-2.590120530283623879e-04,1.570501630022885564e+00,-6.563002288562103104e-05,1.568778035380445468e+00,1.657964619554475050e-03
-1.494999999999999940e-01,1.570414999999999894e+00,1.570414999999999894e+00,1.570674277263677254e+00,-2.592772636773599260e-04,1.570478924064397486e+00,-6.392406439759135139e-05,1.568764057926986144e+00,1.650942073013750289e-03
-1.492499999999999938e-01,1.570392999999999928e+00,1.570392999999999928e+00,1.570653574031883437e+00,-2.605740318835092495e-04,1.570456264934809942e+00,-6.326493481001449481e-05,1.568750153766510724e+00,1.642846233489203556e-03
-1.489999999999999936e-01,1.570372000000000101e+00,1.570372000000000101e+00,1.570632902373059636e+00,-2.609023730595350088e-04,1.570433652709461336e+00,-6.165270946123513340e-05,1.568736322623666801e+00,1.635677376333299904e-03
-1.487499999999999933e-01,1.570351000000000052e+00,1.570351000000000052e+00,1.570612262302592654e+00,-2.612623025926019693e-04,1.570411087462561861e+00,-6.008746256180863554e-05,1.568722564223788529e+00,1.628435776211523134e-03
-1.484999999999999931e-01,1.570330000000000004e+00,1.570330000000000004e+00,1.570591653835843537e+00,-2.616538358435338552e-04,1.570388569267197054e+00,-5.856926719705057849e-05,1.568708878292894404e+00,1.621121707105599441e-03
-1.482499999999999929e-01,1.570308999999999955e+00,1.570308999999999955e+00,1.570571076988147574e+00,-2.620769881476192609e-04,1.570366098195333349e+00,-5.709819533339377529e-05,1.568695264557687263e+00,1.613735442312691504e-03
-1.479999999999999927e-01,1.570287999999999906e+00,1.570287999999999906e+00,1.570550531774814518e+00,-2.625317748146116514e-04,1.570343674317823401e+00,-5.567431782349530067e-05,1.568681722745550955e+00,1.606277254448951197e-03
-1.477499999999999925e-01,1.570267000000000079e+00,1.570267000000000079e+00,1.570530018211128587e+00,-2.630182111285073177e-04,1.570321297704410091e+00,-5.429770441001124937e-05,1.568668252584550560e+00,1.598747415449519593e-03
-1.474999999999999922e-01,1.570246000000000031e+00,1.570246000000000031e+00,1.570509536312348020e+00,-2.635363123479894654e-04,1.570298968423732955e+00,-5.296842373292420802e-05,1.568654853803430171e+00,1.591146196569859228e-03
-1.472499999999999920e-01,1.570224999999999982e+00,1.570224999999999982e+00,1.570489086093705522e+00,-2.640860937055400370e-04,1.570276686543331968e+00,-5.168654333198574591e-05,1.568641526131611785e+00,1.583473868388196593e-03
-1.469999999999999918e-01,1.570205000000000073e+00,1.570205000000000073e+00,1.570468667570408261e+00,-2.636675704081881122e-04,1.570254452129653089e+00,-4.945212965301593044e-05,1.568628269299194411e+00,1.576730700805661911e-03
-1.467499999999999916e-01,1.570184000000000024e+00,1.570184000000000024e+00,1.570448280757637427e+00,-2.642807576374028855e-04,1.570232265248053372e+00,-4.826524805334742041e-05,1.568615083036951852e+00,1.568916963048172519e-03
-1.464999999999999913e-01,1.570162999999999975e+00,1.570162999999999975e+00,1.570427925670548452e+00,-2.649256705484770436e-04,1.570210125962805403e+00,-4.712596280542769023e-05,1.568601967076331372e+00,1.561032923668603800e-03
-1.462499999999999911e-01,1.570141999999999927e+00,1.570141999999999927e+00,1.570407602324271679e+00,-2.656023242717520105e-04,1.570188034337102856e+00,-4.603433710292925696e-05,1.568588921149454141e+00,1.553078850545785983e-03
-1.459999999999999909e-01,1.570122000000000018e+00,1.570122000000000018e+00,1.570387310733911024e+00,-2.653107339110061247e-04,1.570165990433064707e+00,-4.399043306468897185e-05,1.568575944989111459e+00,1.546055010888558456e-03
-1.457499999999999907e-01,1.570100999999999969e+00,1.570100999999999969e+00,1.570367050914545315e+00,-2.660509145453460178e-04,1.570143994311741453e+00,-4.299431174148438117e-05,1.568563038328764314e+00,1.537961671235654748e-03
-1.454999999999999905e-01,1.570081000000000060e+00,1.570081000000000060e+00,1.570346822881227178e+00,-2.658228812271179464e-04,1.570122046033118224e+00,-4.104603311816390487e-05,1.568550200902542935e+00,1.530799097457125058e-03
-1.452499999999999902e-01,1.570060000000000011e+00,1.570060000000000011e+00,1.570326626648984147e+00,-2.666266489841362386e-04,1.570100145656121660e+00,-4.014565612164844310e-05,1.568537432445244351e+00,1.522567554755660524e-03
-1.449999999999999900e-01,1.570040000000000102e+00,1.570040000000000102e+00,1.570306462232817335e+00,-2.664622328172328025e-04,1.570078293238623246e+00,-3.829323862314382154e-05,1.568524732692331725e+00,1.515267307668377583e-03
-1.447499999999999898e-01,1.570019000000000053e+00,1.570019000000000053e+00,1.570286329647702983e+00,-2.673296477029296625e-04,1.570056488837445086e+00,-3.748883744503217486e-05,1.568512101379932355e+00,1.506898620067698147e-03
-1.444999999999999896e-01,1.569998999999999922e+00,1.569998999999999922e+00,1.570266228908591133e+00,-2.672289085912105122e-04,1.570034732508364783e+00,-3.573250836486074888e-05,1.568499538244837233e+00,1.499461755162689869e-03
-1.442499999999999893e-01,1.569979000000000013e+00,1.569979000000000013e+00,1.570246160030406068e+00,-2.671600304060550712e-04,1.570013024306119664e+00,-3.402430611965101548e-05,1.568487043024498595e+00,1.491956975501418370e-03
-1.439999999999999891e-01,1.569959000000000104e+00,1.569959000000000104e+00,1.570226123028046761e+00,-2.671230280466563300e-04,1.569991364284412771e+00,-3.236428441266703260e-05,1.568474615457030374e+00,1.484384542969729992e-03
-1.437499999999999889e-01,1.569938000000000056e+00,1.569938000000000056e+00,1.570206117916386201e+00,-2.681179163861457937e-04,1.569969752495916859e+00,-3.175249591680362471e-05,1.568462255281204643e+00,1.475744718795413135e-03
-1.434999999999999887e-01,1.569917999999999925e+00,1.569917999999999925e+00,1.570186144710272069e+00,-2.681447102721445930e-04,1.569948188992279059e+00,-3.018899227913429684e-05,1.568449962236453166e+00,1.468037763546758967e-03
-1.432499999999999885e-01,1.569898000000000016e+00,1.569898000000000016e+00,1.570166203424525619e+00,-2.682034245256037508e-04,1.569926673824127095e+00,-2.867382412707897288e-05,1.568437736062862742e+00,1.460263937137273871e-03
-1.429999999999999882e-01,1.569878000000000107e+00,1.569878000000000107e+00,1.570146294073943460e+00,-2.682940739433536947e-04,1.569905207041072615e+00,-2.720704107250782045e-05,1.568425576501176311e+00,1.452423498823796066e-03
-1.427499999999999880e-01,1.569857999999999976e+00,1.569857999999999976e+00,1.570126416673295555e+00,-2.684166732955794998e-04,1.569883788691716742e+00,-2.578869171676601013e-05,1.568413483292791843e+00,1.444516707208132189e-03
-1.424999999999999878e-01,1.569838000000000067e+00,1.569838000000000067e+00,1.570106571237326554e+00,-2.685712373264870223e-04,1.569862418823654959e+00,-2.441882365489256301e-05,1.568401456179758569e+00,1.436543820241498182e-03
-1.422499999999999876e-01,1.569817999999999936e+00,1.569817999999999936e+00,1.570086757780755793e+00,-2.687577807558572118e-04,1.569841097483481773e+00,-2.309748348183759958e-05,1.568389494904778747e+00,1.428505095221188625e-03
-1.419999999999999873e-01,1.569798999999999944e+00,1.569798999999999944e+00,1.570066976318276186e+00,-2.679763182762417983e-04,1.569819824716795598e+00,-2.082471679565323086e-05,1.568377599211204343e+00,1.421400788795601500e-03
-1.417499999999999871e-01,1.569779000000000035e+00,1.569779000000000035e+00,1.570047226864555778e+00,-2.682268645557428499e-04,1.569798600568203639e+00,-1.960056820360378538e-05,1.568365768843036578e+00,1.413231156963457025e-03
-1.414999999999999869e-01,1.569758999999999904e+00,1.569758999999999904e+00,1.570027509434236190e+00,-2.685094342362859265e-04,1.569777425081326561e+00,-1.842508132665621190e-05,1.568354003544924824e+00,1.404996455075080419e-03
-1.412499999999999867e-01,1.569738999999999995e+00,1.569738999999999995e+00,1.570007824041933731e+00,-2.688240419337351028e-04,1.569756298298802921e+00,-1.729829880292577116e-05,1.568342303062164822e+00,1.396696937835173458e-03
-1.409999999999999865e-01,1.569720000000000004e+00,1.569720000000000004e+00,1.569988170702238950e+00,-2.681707022389456796e-04,1.569735220262294950e+00,-1.522026229494599647e-05,1.568330667140697576e+00,1.389332859302427892e-03
-1.407499999999999862e-01,1.569700000000000095e+00,1.569700000000000095e+00,1.569968549429716864e+00,-2.685494297167689837e-04,1.569714191012492321e+00,-1.419101249222620709e-05,1.568319095527108020e+00,1.380904472892074963e-03
-1.405000000000000138e-01,1.569679999999999964e+00,1.569679999999999964e+00,1.569948960238906732e+00,-2.689602389067680122e-04,1.569693210589117482e+00,-1.321058911751826770e-05,1.568307587968625239e+00,1.372412031374725672e-03
-1.402500000000000135e-01,1.569660999999999973e+00,1.569660999999999973e+00,1.569929403144321833e+00,-2.684031443218604096e-04,1.569672279030930540e+00,-1.127903093056659145e-05,1.568296144213118026e+00,1.364855786881946642e-03
-1.400000000000000133e-01,1.569641000000000064e+00,1.569641000000000064e+00,1.569909878160450134e+00,-2.688781604500700695e-04,1.569651396375733032e+00,-1.039637573296836592e-05,1.568284764009096666e+00,1.356235990903398303e-03
-1.397500000000000131e-01,1.569622000000000073e+00,1.569622000000000073e+00,1.569890385301753843e+00,-2.683853017537707331e-04,1.569630562660374373e+00,-8.562660374300534727e-06,1.568273447105710927e+00,1.348552894289145598e-03
-1.395000000000000129e-01,1.569603000000000081e+00,1.569603000000000081e+00,1.569870924582669192e+00,-2.679245826691101229e-04,1.569609777920754512e+00,-6.777920754430510897e-06,1.568262193252747627e+00,1.340806747252454301e-03
-1.392500000000000127e-01,1.569582999999999950e+00,1.569582999999999950e+00,1.569851496017607317e+00,-2.684960176073669658e-04,1.569589042191830375e+00,-6.042191830424314958e-06,1.568251002200631072e+00,1.331997799368878077e-03
-1.390000000000000124e-01,1.569563999999999959e+00,1.569563999999999959e+00,1.569832099620952937e+00,-2.680996209529773466e-04,1.569568355507620083e+00,-4.355507620124043910e-06,1.568239873700421061e+00,1.324126299578898269e-03
-1.387500000000000122e-01,1.569544999999999968e+00,1.569544999999999968e+00,1.569812735407065896e+00,-2.677354070659276886e-04,1.569547717901207173e+00,-2.717901207205386527e-06,1.568228807503810884e+00,1.316192496189083627e-03
-1.385000000000000120e-01,1.569525999999999977e+00,1.569525999999999977e+00,1.569793403390279396e+00,-2.674033902794192841e-04,1.569527129404745480e+00,-1.129404745503492791e-06,1.568217803363128438e+00,1.308196636871539198e-03
-1.382500000000000118e-01,1.569506000000000068e+00,1.569506000000000068e+00,1.569774103584901992e+00,-2.681035849019242079e-04,1.569506590049464467e+00,-5.900494643995557453e-07,1.568206861031331556e+00,1.299138968668511751e-03
-1.380000000000000115e-01,1.569487000000000076e+00,1.569487000000000076e+00,1.569754836005215592e+00,-2.678360052155159821e-04,1.569486099865673445e+00,9.001343266312744618e-07,1.568195980262010458e+00,1.291019737989618221e-03
-1.377500000000000113e-01,1.569468000000000085e+00,1.569468000000000085e+00,1.569735600665477238e+00,-2.676006654771523330e-04,1.569465658882765791e+00,2.341117234294642913e-06,1.568185160809383971e+00,1.282839190616114067e-03
-1.375000000000000111e-01,1.569449000000000094e+00,1.569449000000000094e+00,1.569716397579917544e+00,-2.673975799174499457e-04,1.569445267129224497e+00,3.732870775596808244e-06,1.568174402428300196e+00,1.274597571699898069e-03
-1.372500000000000109e-01,1.569430000000000103e+00,1.569430000000000103e+00,1.569697226762742259e+00,-2.672267627421565095e-04,1.569424924632626173e+00,5.075367373930106396e-06,1.568163704874232733e+00,1.266295125767369356e-03
-1.370000000000000107e-01,1.569410999999999889e+00,1.569410999999999889e+00,1.569678088228130708e+00,-2.670882281308184503e-04,1.569404631419645924e+00,6.368580353965924701e-06,1.568153067903282905e+00,1.257932096716984915e-03
-1.367500000000000104e-01,1.569391999999999898e+00,1.569391999999999898e+00,1.569658981990236679e+00,-2.669819902367809306e-04,1.569384387516062240e+00,7.612483937657898991e-06,1.568142491272175976e+00,1.249508727823922527e-03
-1.365000000000000102e-01,1.569374000000000047e+00,1.569374000000000047e+00,1.569639908063188871e+00,-2.659080631888244284e-04,1.569364192946761216e+00,9.807053238830576447e-06,1.568131974738260492e+00,1.242025261739554409e-03
-1.362500000000000100e-01,1.569355000000000055e+00,1.569355000000000055e+00,1.569620866461089559e+00,-2.658664610895034031e-04,1.569344047735741210e+00,1.095226425884554544e-05,1.568121518059508279e+00,1.233481940491776285e-03
-1.360000000000000098e-01,1.569336000000000064e+00,1.569336000000000064e+00,1.569601857198015704e+00,-2.658571980156398951e-04,1.569323951906117953e+00,1.204809388211103283e-05,1.568111120994511776e+00,1.224879005488288541e-03
-1.357500000000000095e-01,1.569317000000000073e+00,1.569317000000000073e+00,1.569582880288018512e+00,-2.658802880184385486e-04,1.569303905480128325e+00,1.309451987174803378e-05,1.568100783302483592e+00,1.216216697516481204e-03
-1.355000000000000093e-01,1.569298999999999999e+00,1.569298999999999999e+00,1.569563935745123207e+00,-2.649357451232070559e-04,1.569283908479135903e+00,1.509152086409670801e-05,1.568090504743255620e+00,1.208495256744379631e-03
-1.352500000000000091e-01,1.569280000000000008e+00,1.569280000000000008e+00,1.569545023583330146e+00,-2.650235833301373134e-04,1.569263960923634960e+00,1.603907636504864342e-05,1.568080285077277480e+00,1.199714922722527888e-03
-1.350000000000000089e-01,1.569261999999999935e+00,1.569261999999999935e+00,1.569526143816613040e+00,-2.641438166131049314e-04,1.569244062833254905e+00,1.793716674503009756e-05,1.568070124065615412e+00,1.191875934384523106e-03
-1.347500000000000087e-01,1.569242999999999943e+00,1.569242999999999943e+00,1.569507296458920509e+00,-2.642964589205654136e-04,1.569224214226765168e+00,1.878577323477514938e-05,1.568060021469950938e+00,1.182978530049005883e-03
-1.345000000000000084e-01,1.569225000000000092e+00,1.569225000000000092e+00,1.569488481524175416e+00,-2.634815241753241111e-04,1.569204415122080309e+00,2.058487791978258485e-05,1.568049977052580202e+00,1.175022947419890329e-03
-1.342500000000000082e-01,1.569206000000000101e+00,1.569206000000000101e+00,1.569469699026274867e+00,-2.636990262747662683e-04,1.569184665536263124e+00,2.133446373697722720e-05,1.568039990576412857e+00,1.166009423587244243e-03
-1.340000000000000080e-01,1.569188000000000027e+00,1.569188000000000027e+00,1.569450948979089988e+00,-2.629489790899608437e-04,1.569164965485530638e+00,2.303451446938886704e-05,1.568030061804970066e+00,1.157938195029961648e-03
-1.337500000000000078e-01,1.569169000000000036e+00,1.569169000000000036e+00,1.569432231396466593e+00,-2.632313964665566886e-04,1.569145314985257889e+00,2.368501474214745883e-05,1.568020190502384059e+00,1.148809497615976838e-03
-1.335000000000000075e-01,1.569150999999999962e+00,1.569150999999999962e+00,1.569413546292224959e+00,-2.625462922249965914e-04,1.569125714049982800e+00,2.528595001716205104e-05,1.568010376433397246e+00,1.140623566602716465e-03
-1.332500000000000073e-01,1.569132999999999889e+00,1.569132999999999889e+00,1.569394893680159164e+00,-2.618936801592752772e-04,1.569106162693409967e+00,2.683730658992189433e-05,1.568000619363360659e+00,1.132380636639229721e-03
-1.330000000000000071e-01,1.569115000000000038e+00,1.569115000000000038e+00,1.569376273574037972e+00,-2.612735740379346083e-04,1.569086660928416643e+00,2.833907158339421528e-05,1.567990919058233068e+00,1.124080941766969488e-03
-1.327500000000000069e-01,1.569096000000000046e+00,1.569096000000000046e+00,1.569357685987604389e+00,-2.616859876043431399e-04,1.569067208767055632e+00,2.879123294441399139e-05,1.567981275284579201e+00,1.114724715420845058e-03
-1.325000000000000067e-01,1.569077999999999973e+00,1.569077999999999973e+00,1.569339130934575888e+00,-2.611309345759149636e-04,1.569047806220560615e+00,3.019377943935808162e-05,1.567971687809569747e+00,1.106312190430225328e-03
-1.322500000000000064e-01,1.569059999999999899e+00,1.569059999999999899e+00,1.569320608428643737e+00,-2.606084286438381525e-04,1.569028453299351034e+00,3.154670064886566649e-05,1.567962156400979579e+00,1.097843599020320582e-03
-1.320000000000000062e-01,1.569042000000000048e+00,1.569042000000000048e+00,1.569302118483473896e+00,-2.601184834738479168e-04,1.569009150013035203e+00,3.284998696484464631e-05,1.567952680827186418e+00,1.089319172813629777e-03
-1.317500000000000060e-01,1.569023999999999974e+00,1.569023999999999974e+00,1.569283661112707007e+00,-2.596611127070325153e-04,1.568989896370416526e+00,3.410362958344848039e-05,1.567943260857170618e+00,1.080739142829356680e-03
-1.315000000000000058e-01,1.569005999999999901e+00,1.569005999999999901e+00,1.569265236329957069e+00,-2.592363299571687207e-04,1.568970692379496601e+00,3.530762050329983026e-05,1.567933896260512716e+00,1.072103739487184626e-03
-1.312500000000000056e-01,1.568988000000000049e+00,1.568988000000000049e+00,1.569246844148813436e+00,-2.588441488133863544e-04,1.568951538047480110e+00,3.646195251993944453e-05,1.567924586807394105e+00,1.063413192605944246e-03
-1.310000000000000053e-01,1.568969999999999976e+00,1.568969999999999976e+00,1.569228484582839034e+00,-2.584845828390580635e-04,1.568932433380779701e+00,3.756661922027504374e-05,1.567915332268594586e+00,1.054667731405389830e-03
-1.307500000000000051e-01,1.568953000000000042e+00,1.568953000000000042e+00,1.569210157645571480e+00,-2.571576455714374987e-04,1.568913378385019541e+00,3.962161498050065234e-05,1.567906132415491038e+00,1.046867584509003635e-03
-1.305000000000000049e-01,1.568934999999999969e+00,1.568934999999999969e+00,1.569191863350522631e+00,-2.568633505226625147e-04,1.568894373065040426e+00,4.062693495954228240e-05,1.567896987020058308e+00,1.038012979941660419e-03
-1.302500000000000047e-01,1.568916999999999895e+00,1.568916999999999895e+00,1.569173601711178589e+00,-2.566017111786944582e-04,1.568875417424904439e+00,4.158257509545570940e-05,1.567887895854865432e+00,1.029104145134462911e-03
-1.300000000000000044e-01,1.568899000000000044e+00,1.568899000000000044e+00,1.569155372740999699e+00,-2.563727409996552353e-04,1.568856511467898285e+00,4.248853210175873585e-05,1.567878858693077415e+00,1.020141306922628388e-03
-1.297500000000000042e-01,1.568882000000000110e+00,1.568882000000000110e+00,1.569137176453420768e+00,-2.551764534206579782e-04,1.568837655196539060e+00,4.434480346104940907e-05,1.567869875308451455e+00,1.012124691548654809e-03
-1.295000000000000040e-01,1.568864000000000036e+00,1.568864000000000036e+00,1.569119012861850848e+00,-2.550128618508118450e-04,1.568818848612577144e+00,4.515138742289259710e-05,1.567860945475337386e+00,1.003054524662649882e-03
-1.292500000000000038e-01,1.568845999999999963e+00,1.568845999999999963e+00,1.569100881979673678e+00,-2.548819796737156196e-04,1.568800091717002188e+00,4.590828299777527377e-05,1.567852068968677015e+00,9.939310313229476890e-04
-1.290000000000000036e-01,1.568829000000000029e+00,1.568829000000000029e+00,1.569082783820246574e+00,-2.537838202465447779e-04,1.568781384510046006e+00,4.761548995402264950e-05,1.567843245564001675e+00,9.857544359983538840e-04
-1.287500000000000033e-01,1.568810999999999956e+00,1.568810999999999956e+00,1.569064718396901537e+00,-2.537183969015810447e-04,1.568762726991188350e+00,4.827300881160567769e-05,1.567834475037432451e+00,9.765249625675043177e-04
-1.285000000000000031e-01,1.568794000000000022e+00,1.568794000000000022e+00,1.569046685722945256e+00,-2.526857229452339482e-04,1.568744119159159789e+00,4.988084084023292064e-05,1.567825757165678402e+00,9.682428343216198385e-04
-1.282500000000000029e-01,1.568777000000000088e+00,1.568777000000000088e+00,1.569028685811657997e+00,-2.516858116579090421e-04,1.568725561011947711e+00,5.143898805237689942e-05,1.567817091726035006e+00,9.599082739650821594e-04
-1.280000000000000027e-01,1.568759000000000015e+00,1.568759000000000015e+00,1.569010718676295157e+00,-2.517186762951428847e-04,1.568707052546798764e+00,5.194745320125093713e-05,1.567808478496385050e+00,9.505215036149650132e-04
-1.277500000000000024e-01,1.568742000000000081e+00,1.568742000000000081e+00,1.568992784330085710e+00,-2.507843300856293922e-04,1.568688593760225292e+00,5.340623977478919926e-05,1.567799917255195741e+00,9.420827448043400665e-04
-1.275000000000000022e-01,1.568724999999999925e+00,1.568724999999999925e+00,1.568974882786233538e+00,-2.498827862336128192e-04,1.568670184648008004e+00,5.481535199192144603e-05,1.567791407781518487e+00,9.335922184814382518e-04
-1.272500000000000020e-01,1.568707000000000074e+00,1.568707000000000074e+00,1.568957014057916322e+00,-2.500140579162479781e-04,1.568651825205200634e+00,5.517479479943965259e-05,1.567782949854986452e+00,9.240501450136218153e-04
-1.270000000000000018e-01,1.568689999999999918e+00,1.568689999999999918e+00,1.568939178158286207e+00,-2.491781582862895306e-04,1.568633515426135494e+00,5.648457386442373718e-05,1.567774543255816777e+00,9.154567441831407137e-04
-1.267500000000000016e-01,1.568672999999999984e+00,1.568672999999999984e+00,1.568921375100470028e+00,-2.483751004700440745e-04,1.568615255304425471e+00,5.774469557451311630e-05,1.567766187764806363e+00,9.068122351936214187e-04
-1.265000000000000013e-01,1.568656000000000050e+00,1.568656000000000050e+00,1.568903604897568638e+00,-2.476048975685873899e-04,1.568597044832971132e+00,5.895516702891789862e-05,1.567757883163331867e+00,8.981168366681835380e-04
-1.262500000000000011e-01,1.568638999999999895e+00,1.568638999999999895e+00,1.568885867562657133e+00,-2.468675626572380821e-04,1.568578884003962060e+00,6.011599603783501777e-05,1.567749629233349262e+00,8.893707666506323051e-04
-1.260000000000000009e-01,1.568621999999999961e+00,1.568621999999999961e+00,1.568868163108784852e+00,-2.461631087848914490e-04,1.568560772808883730e+00,6.122719111623098343e-05,1.567741425757392060e+00,8.805742426079010698e-04
-1.257500000000000007e-01,1.568605000000000027e+00,1.568605000000000027e+00,1.568850491548975823e+00,-2.454915489757958369e-04,1.568542711238519960e+00,6.228876148006712299e-05,1.567733272518571086e+00,8.717274814289410756e-04
-1.255000000000000004e-01,1.568588000000000093e+00,1.568588000000000093e+00,1.568832852896228092e+00,-2.448528962279983290e-04,1.568524699282958457e+00,6.330071704163664492e-05,1.567725169300573151e+00,8.628306994269419050e-04
-1.252500000000000002e-01,1.568570999999999938e+00,1.568570999999999938e+00,1.568815247163514393e+00,-2.442471635144549680e-04,1.568506736931593704e+00,6.426306840623396965e-05,1.567717115887658608e+00,8.538841123413298817e-04
-1.250000000000000000e-01,1.568554000000000004e+00,1.568554000000000004e+00,1.568797674363781036e+00,-2.436743637810323548e-04,1.568488824173132956e+00,6.517582686704770367e-05,1.567709112064663346e+00,8.448879353366578471e-04
-1.247499999999999998e-01,1.568537000000000070e+00,1.568537000000000070e+00,1.568780134509949242e+00,-2.431345099491721840e-04,1.568470960995598462e+00,6.603900440160792584e-05,1.567701157616994800e+00,8.358423830052696957e-04
-1.244999999999999996e-01,1.568521000000000054e+00,1.568521000000000054e+00,1.568762627614914473e+00,-2.416276149144191976e-04,1.568453147386333457e+00,6.785261366659689486e-05,1.567693252330633280e+00,8.277476693667740193e-04
-1.242499999999999993e-01,1.568503999999999898e+00,1.568503999999999898e+00,1.568745153691546435e+00,-2.411536915465362085e-04,1.568435383332005495e+00,6.861666799440335751e-05,1.567685395992129527e+00,8.186040078703715750e-04
-1.239999999999999991e-01,1.568486999999999965e+00,1.568486999999999965e+00,1.568727712752689296e+00,-2.407127526893315661e-04,1.568417668818610444e+00,6.933118138952032439e-05,1.567677588388603827e+00,8.094116113961380421e-04
-1.237499999999999989e-01,1.568470999999999949e+00,1.568470999999999949e+00,1.568710304811161027e+00,-2.393048111610784900e-04,1.568400003831477818e+00,7.099616852213053164e-05,1.567669829307746010e+00,8.011706922539385545e-04
-1.234999999999999987e-01,1.568454000000000015e+00,1.568454000000000015e+00,1.568692929879754505e+00,-2.389298797544903152e-04,1.568382388355273660e+00,7.161164472635483946e-05,1.567662118537813454e+00,7.918814621865610803e-04
-1.232499999999999984e-01,1.568437000000000081e+00,1.568437000000000081e+00,1.568675587971236851e+00,-2.385879712367700023e-04,1.568364822374005207e+00,7.217762599487365094e-05,1.567654455867630636e+00,7.825441323694448670e-04
-1.229999999999999982e-01,1.568421000000000065e+00,1.568421000000000065e+00,1.568658279098349206e+00,-2.372790983491412931e-04,1.568347305871025554e+00,7.369412897451077527e-05,1.567646841086588028e+00,7.741589134120374638e-04
-1.227499999999999980e-01,1.568403999999999909e+00,1.568403999999999909e+00,1.568641003273806955e+00,-2.370032738070459999e-04,1.568329838829037204e+00,7.416117096270546938e-05,1.567639273984641202e+00,7.647260153587076559e-04
-1.224999999999999978e-01,1.568387999999999893e+00,1.568387999999999893e+00,1.568623760510300391e+00,-2.357605103004978275e-04,1.568312421230096287e+00,7.557876990360590241e-05,1.567631754352309281e+00,7.562456476906120884e-04
-1.222499999999999976e-01,1.568372000000000099e+00,1.568372000000000099e+00,1.568606550820493606e+00,-2.345508204935065066e-04,1.568295053055617227e+00,7.694694438287186244e-05,1.567624281980675160e+00,7.477180193249388651e-04
-1.219999999999999973e-01,1.568354999999999944e+00,1.568354999999999944e+00,1.568589374217025156e+00,-2.343742170252127721e-04,1.568277734286376290e+00,7.726571362365319828e-05,1.567616856661383506e+00,7.381433386164371058e-04
-1.217499999999999971e-01,1.568338999999999928e+00,1.568338999999999928e+00,1.568572230712507620e+00,-2.332307125076926724e-04,1.568260464902516027e+00,7.853509748390052891e-05,1.567609478186640537e+00,7.295218133593905918e-04
-1.214999999999999969e-01,1.568322999999999912e+00,1.568322999999999912e+00,1.568555120319528706e+00,-2.321203195287946386e-04,1.568243244883549270e+00,7.975511645064159438e-05,1.567602146349212022e+00,7.208536507878893218e-04
-1.212499999999999967e-01,1.568305999999999978e+00,1.568305999999999978e+00,1.568538043050649478e+00,-2.320430506494997047e-04,1.568226074208363352e+00,7.992579163662583142e-05,1.567594860942423729e+00,7.111390575762488453e-04
-1.209999999999999964e-01,1.568289999999999962e+00,1.568289999999999962e+00,1.568520998918405907e+00,-2.309989184059446643e-04,1.568208952855224103e+00,8.104714477585872601e-05,1.567587621760159644e+00,7.023782398403177751e-04
-1.207499999999999962e-01,1.568273999999999946e+00,1.568273999999999946e+00,1.568503987935307986e+00,-2.299879353080402922e-04,1.568191880801780291e+00,8.211919821965452115e-05,1.567580428596860420e+00,6.935714031395256995e-04
-1.204999999999999960e-01,1.568257999999999930e+00,1.568257999999999930e+00,1.568487010113840618e+00,-2.290101138406885894e-04,1.568174858025067175e+00,8.314197493275443662e-05,1.567573281247524042e+00,6.847187524758879817e-04
-1.202499999999999958e-01,1.568241999999999914e+00,1.568241999999999914e+00,1.568470065466461838e+00,-2.280654664619241601e-04,1.568157884501510724e+00,8.411549848919008809e-05,1.567566179507703605e+00,6.758204922963084726e-04
-1.199999999999999956e-01,1.568225999999999898e+00,1.568225999999999898e+00,1.568453154005605477e+00,-2.271540056055787460e-04,1.568140960206932499e+00,8.503979306739850585e-05,1.567559123173507318e+00,6.668768264925795108e-04
-1.197499999999999953e-01,1.568210000000000104e+00,1.568210000000000104e+00,1.568436275743678276e+00,-2.262757436781726028e-04,1.568124085116552102e+00,8.591488344800168875e-05,1.567552112041596057e+00,6.578879584040464579e-04
-1.194999999999999951e-01,1.568194000000000088e+00,1.568194000000000088e+00,1.568419430693062333e+00,-2.254306930622451688e-04,1.568107259204993165e+00,8.674079500692322142e-05,1.567545145909184257e+00,6.488540908158313414e-04
-1.192499999999999949e-01,1.568178000000000072e+00,1.568178000000000072e+00,1.568402618866113540e+00,-2.246188661134684850e-04,1.568090482446285572e+00,8.751755371450009591e-05,1.567538224574038574e+00,6.397754259614973904e-04
-1.189999999999999947e-01,1.568162000000000056e+00,1.568162000000000056e+00,1.568385840275162035e+00,-2.238402751619794628e-04,1.568073754813871012e+00,8.824518612904341808e-05,1.567531347834475008e+00,6.306521655250474367e-04
-1.187499999999999944e-01,1.568146000000000040e+00,1.568146000000000040e+00,1.568369094932512864e+00,-2.230949325128239735e-04,1.568057076280606088e+00,8.892371939395182778e-05,1.567524515489361780e+00,6.214845106382593798e-04
-1.184999999999999942e-01,1.568130000000000024e+00,1.568130000000000024e+00,1.568352382850444870e+00,-2.223828504448466248e-04,1.568040446818766309e+00,8.955318123371469596e-05,1.567517727338113342e+00,6.122726618866813908e-04
-1.182499999999999940e-01,1.568114999999999926e+00,1.568114999999999926e+00,1.568335704041211143e+00,-2.207040412112171168e-04,1.568023866400050981e+00,9.113359994894487670e-05,1.567510983180695039e+00,6.040168193048867096e-04
-1.179999999999999938e-01,1.568098999999999910e+00,1.568098999999999910e+00,1.568319058517039455e+00,-2.200585170395452650e-04,1.568007334995586310e+00,9.166500441359914930e-05,1.567504282817618000e+00,5.947171823819097369e-04
-1.177499999999999936e-01,1.568082999999999894e+00,1.568082999999999894e+00,1.568302446290131602e+00,-2.194462901317084658e-04,1.567990852575929628e+00,9.214742407026577098e-05,1.567497626049940251e+00,5.853739500596422118e-04
-1.174999999999999933e-01,1.568067000000000100e+00,1.568067000000000100e+00,1.568285867372663844e+00,-2.188673726637446748e-04,1.567974419111073825e+00,9.258088892627469590e-05,1.567491012679264717e+00,5.759873207353827240e-04
-1.172499999999999931e-01,1.568052000000000001e+00,1.568052000000000001e+00,1.568269321776786906e+00,-2.173217767869051187e-04,1.567958034570450909e+00,9.396542954909214984e-05,1.567484442507740106e+00,5.675574922598958238e-04
-1.170000000000000068e-01,1.568035999999999985e+00,1.568035999999999985e+00,1.568252809514625312e+00,-2.168095146253268268e-04,1.567941698922935556e+00,9.430107706442925064e-05,1.567477915338057137e+00,5.580846619428481148e-04
-1.167500000000000066e-01,1.568021000000000109e+00,1.568021000000000109e+00,1.568236330598278494e+00,-2.153305982783848549e-04,1.567925412136850660e+00,9.558786314944889284e-05,1.567471430973450541e+00,5.495690265495678517e-04
-1.165000000000000063e-01,1.568005000000000093e+00,1.568005000000000093e+00,1.568219885039819905e+00,-2.148850398198121070e-04,1.567909174179969112e+00,9.582582003098139012e-05,1.567464989217697058e+00,5.400107823030353416e-04
-1.162500000000000061e-01,1.567989999999999995e+00,1.567989999999999995e+00,1.568203472851297242e+00,-2.134728512972472458e-04,1.567892985019519569e+00,9.701498048042545008e-05,1.567458589875113217e+00,5.314101248867775240e-04
-1.160000000000000059e-01,1.567973999999999979e+00,1.567973999999999979e+00,1.568187094044732666e+00,-2.130940447326867826e-04,1.567876844622189347e+00,9.715537781063154910e-05,1.567452232750556895e+00,5.217672494430836139e-04
-1.157500000000000057e-01,1.567959000000000103e+00,1.567959000000000103e+00,1.568170748632122802e+00,-2.117486321226991208e-04,1.567860752954128634e+00,9.824704587146904089e-05,1.567445917649424647e+00,5.130823505754555924e-04
-1.155000000000000054e-01,1.567944000000000004e+00,1.567944000000000004e+00,1.568154436625438075e+00,-2.104366254380707346e-04,1.567844709980955153e+00,9.929001904485090790e-05,1.567439644377651931e+00,5.043556223480738510e-04
-1.152500000000000052e-01,1.567927999999999988e+00,1.567927999999999988e+00,1.568138158036623597e+00,-2.101580366236088793e-04,1.567828715667756390e+00,9.928433224359878295e-05,1.567433412741710885e+00,4.945872582891031044e-04
-1.150000000000000050e-01,1.567912999999999890e+00,1.567912999999999890e+00,1.568121912877599167e+00,-2.089128775992765696e-04,1.567812769979095133e+00,1.002300209047568558e-04,1.567427222548611221e+00,4.857774513886692347e-04
-1.147500000000000048e-01,1.567898000000000014e+00,1.567898000000000014e+00,1.568105701160257937e+00,-2.077011602579226235e-04,1.567796872879012815e+00,1.011271209871988930e-04,1.567421073605897552e+00,4.769263941024615150e-04
-1.145000000000000046e-01,1.567882999999999916e+00,1.567882999999999916e+00,1.568089522896468191e+00,-2.065228964682752633e-04,1.567781024331033057e+00,1.019756689668582794e-04,1.567414965721650955e+00,4.680342783489610525e-04
-1.142500000000000043e-01,1.567868000000000039e+00,1.567868000000000039e+00,1.568073378098072235e+00,-2.053780980721953142e-04,1.567765224298165672e+00,1.027757018343677942e-04,1.567408898704484299e+00,4.591012955157403042e-04
-1.140000000000000041e-01,1.567852000000000023e+00,1.567852000000000023e+00,1.568057266776886838e+00,-2.052667768868143838e-04,1.567749472742911321e+00,1.025272570887025836e-04,1.567402872363545363e+00,4.491276364546603617e-04
-1.137500000000000039e-01,1.567836999999999925e+00,1.567836999999999925e+00,1.568041188944702791e+00,-2.041889447028655269e-04,1.567733769627264184e+00,1.032303727357408718e-04,1.567396886508514164e+00,4.401134914857607328e-04
-1.135000000000000037e-01,1.567822000000000049e+00,1.567822000000000049e+00,1.568025144613285349e+00,-2.031446132852998687e-04,1.567718114912716620e+00,1.038850872834284900e-04,1.567390940949601408e+00,4.310590503986411193e-04
-1.132500000000000034e-01,1.567806999999999951e+00,1.567806999999999951e+00,1.568009133794374010e+00,-2.021337943740597609e-04,1.567702508560262720e+00,1.044914397372309622e-04,1.567385035497549151e+00,4.219645024508000830e-04
-1.130000000000000032e-01,1.567792000000000074e+00,1.567792000000000074e+00,1.567993156499682961e+00,-2.011564996828862917e-04,1.567686950530402301e+00,1.050494695977732817e-04,1.567379169963629026e+00,4.128300363710479814e-04
-1.127500000000000030e-01,1.567777999999999894e+00,1.567777999999999894e+00,1.567977212740900406e+00,-1.992127409005117755e-04,1.567671440783144465e+00,1.065592168554285735e-04,1.567373344159642023e+00,4.046558403578703889e-04
-1.125000000000000028e-01,1.567763000000000018e+00,1.567763000000000018e+00,1.567961302529688572e+00,-1.983025296885543298e-04,1.567655979278011813e+00,1.070207219882046701e-04,1.567367557897916708e+00,3.954421020833098765e-04
-1.122500000000000026e-01,1.567747999999999919e+00,1.567747999999999919e+00,1.567945425877684817e+00,-1.974258776848980546e-04,1.567640565974043998e+00,1.074340259559214417e-04,1.567361810991309223e+00,3.861890086906960562e-04
-1.120000000000000023e-01,1.567733000000000043e+00,1.567733000000000043e+00,1.567929582796499632e+00,-1.965827964995892074e-04,1.567625200829801502e+00,1.077991701985414608e-04,1.567356103253202182e+00,3.768967467978612262e-04
-1.117500000000000021e-01,1.567717999999999945e+00,1.567717999999999945e+00,1.567913773297719082e+00,-1.957732977191373180e-04,1.567609883803369408e+00,1.081161966305366207e-04,1.567350434497504219e+00,3.675655024957258377e-04
-1.115000000000000019e-01,1.567703999999999986e+00,1.567703999999999986e+00,1.567897997392902809e+00,-1.939973929028226962e-04,1.567594614852361623e+00,1.093851476383633781e-04,1.567344804538647995e+00,3.591954613519909856e-04
-1.112500000000000017e-01,1.567689000000000110e+00,1.567689000000000110e+00,1.567882255093584698e+00,-1.932550935845878115e-04,1.567579393933924203e+00,1.096060660759068384e-04,1.567339213191590863e+00,3.497868084092470298e-04
-1.110000000000000014e-01,1.567674000000000012e+00,1.567674000000000012e+00,1.567866546411273321e+00,-1.925464112733088484e-04,1.567564221004739133e+00,1.097789952608785313e-04,1.567333660271813089e+00,3.403397281869224855e-04
-1.107500000000000012e-01,1.567660000000000053e+00,1.567660000000000053e+00,1.567850871357451492e+00,-1.908713574514386835e-04,1.567549096021028099e+00,1.109039789719545865e-04,1.567328145595317634e+00,3.318544046824190019e-04
-1.105000000000000010e-01,1.567644999999999955e+00,1.567644999999999955e+00,1.567835229943576492e+00,-1.902299435765364422e-04,1.567534018938556706e+00,1.109810614432493736e-04,1.567322668978628153e+00,3.223310213718022510e-04
-1.102500000000000008e-01,1.567630999999999997e+00,1.567630999999999997e+00,1.567819622181079176e+00,-1.886221810791788300e-04,1.567518989712637811e+00,1.120102873621853234e-04,1.567317230238790549e+00,3.137697612094481059e-04
-1.100000000000000006e-01,1.567615999999999898e+00,1.567615999999999898e+00,1.567804048081365531e+00,-1.880480813656326688e-04,1.567504008298135076e+00,1.119917018648219909e-04,1.567311829193369421e+00,3.041708066304771307e-04
-1.097500000000000003e-01,1.567601999999999940e+00,1.567601999999999940e+00,1.567788507655815566e+00,-1.865076558156264497e-04,1.567489074649467184e+00,1.129253505327554308e-04,1.567306465660448511e+00,2.955343395514287153e-04
-1.095000000000000001e-01,1.567587000000000064e+00,1.567587000000000064e+00,1.567773000915783532e+00,-1.860009157834685567e-04,1.567474188720611172e+00,1.128112793888913501e-04,1.567301139458630255e+00,2.858605413698089848e-04
-1.092499999999999999e-01,1.567573000000000105e+00,1.567573000000000105e+00,1.567757527872598144e+00,-1.845278725980392664e-04,1.567459350465106205e+00,1.136495348939003946e-04,1.567295850407035118e+00,2.771495929649869794e-04
-1.089999999999999997e-01,1.567558999999999925e+00,1.567558999999999925e+00,1.567742088537562140e+00,-1.830885375622148814e-04,1.567444559836057794e+00,1.144401639421310790e-04,1.567290598325299378e+00,2.684016747005468773e-04
-1.087499999999999994e-01,1.567544000000000048e+00,1.567544000000000048e+00,1.567726682921953163e+00,-1.826829219531145299e-04,1.567429816786140684e+00,1.141832138593645851e-04,1.567285383033576229e+00,2.586169664238191501e-04
-1.084999999999999992e-01,1.567530000000000090e+00,1.567530000000000090e+00,1.567711311037022659e+00,-1.813110370225690104e-04,1.567415121267603073e+00,1.148787323970168472e-04,1.567280204352533124e+00,2.497956474669660309e-04
-1.082499999999999990e-01,1.567515999999999909e+00,1.567515999999999909e+00,1.567695972893996315e+00,-1.799728939964051477e-04,1.567400473232270164e+00,1.155267677297455720e-04,1.567275062103351990e+00,2.409378966479192030e-04
-1.079999999999999988e-01,1.567501999999999951e+00,1.567501999999999951e+00,1.567680668504074504e+00,-1.786685040745528141e-04,1.567385872631547716e+00,1.161273684522345917e-04,1.567269956107729234e+00,2.320438922707168672e-04
-1.077499999999999986e-01,1.567487000000000075e+00,1.567487000000000075e+00,1.567665397878431843e+00,-1.783978784317685751e-04,1.567371319416426045e+00,1.156805835740293276e-04,1.567264886187873074e+00,2.221138121270005428e-04
-1.074999999999999983e-01,1.567472999999999894e+00,1.567472999999999894e+00,1.567650161028216971e+00,-1.771610282170765771e-04,1.567356813537482907e+00,1.161864625169872767e-04,1.567259852166504208e+00,2.131478334956860010e-04
-1.072499999999999981e-01,1.567458999999999936e+00,1.567458999999999936e+00,1.567634957964553211e+00,-1.759579645532749481e-04,1.567342354944888383e+00,1.166450551115527645e-04,1.567254853866854258e+00,2.041461331456773109e-04
-1.069999999999999979e-01,1.567444999999999977e+00,1.567444999999999977e+00,1.567619788698538130e+00,-1.747886985381530423e-04,1.567327943588407324e+00,1.170564115926531201e-04,1.567249891112665994e+00,1.951088873339834606e-04
-1.067499999999999977e-01,1.567431000000000019e+00,1.567431000000000019e+00,1.567604653241243318e+00,-1.736532412432989503e-04,1.567313579417403568e+00,1.174205825964502736e-04,1.567244963728190887e+00,1.860362718091312928e-04
-1.064999999999999974e-01,1.567417000000000060e+00,1.567417000000000060e+00,1.567589551603714826e+00,-1.725516037147656334e-04,1.567299262380843716e+00,1.177376191563439534e-04,1.567240071538190449e+00,1.769284618096111927e-04
-1.062499999999999972e-01,1.567403000000000102e+00,1.567403000000000102e+00,1.567574483796973395e+00,-1.714837969732929679e-04,1.567284992427300017e+00,1.180075727000851060e-04,1.567235214367933782e+00,1.677856320663195788e-04
-1.059999999999999970e-01,1.567388999999999921e+00,1.567388999999999921e+00,1.567559449832013341e+00,-1.704498320134195666e-04,1.567270769504955030e+00,1.182304950448909153e-04,1.567230392043196918e+00,1.586079568030029918e-04
-1.057499999999999968e-01,1.567374999999999963e+00,1.567374999999999963e+00,1.567544449719804112e+00,-1.694497198041489128e-04,1.567256593561604072e+00,1.184064383958904898e-04,1.567225604390263705e+00,1.493956097362580948e-04
-1.054999999999999966e-01,1.567361999999999922e+00,1.567361999999999922e+00,1.567529483471288954e+00,-1.674834712890316268e-04,1.567242464544659653e+00,1.195354553402694364e-04,1.567220851235922918e+00,1.411487640770037189e-04
-1.052499999999999963e-01,1.567347999999999963e+00,1.567347999999999963e+00,1.567514551097385578e+00,-1.665510973856143551e-04,1.567228382401154585e+00,1.196175988453784811e-04,1.567216132407468709e+00,1.318675925312540187e-04
-1.049999999999999961e-01,1.567334000000000005e+00,1.567334000000000005e+00,1.567499652608985716e+00,-1.656526089857113249e-04,1.567214347077746206e+00,1.196529222537989767e-04,1.567211447732699936e+00,1.225522673000689622e-04
-1.047499999999999959e-01,1.567320000000000046e+00,1.567320000000000046e+00,1.567484788016956010e+00,-1.647880169559634567e-04,1.567200358520719039e+00,1.196414792810074346e-04,1.567206797039918609e+00,1.132029600814377091e-04
-1.044999999999999957e-01,1.567307000000000006e+00,1.567307000000000006e+00,1.567469957332136898e+00,-1.629573321368926742e-04,1.567186416675988569e+00,1.205833240114362326e-04,1.567202180157929892e+00,1.048198420701140776e-04
-1.042499999999999954e-01,1.567293000000000047e+00,1.567293000000000047e+00,1.567455160565343508e+00,-1.621605653434610161e-04,1.567172521489105463e+00,1.204785108945838346e-04,1.567197596916041658e+00,9.540308395838970057e-05
-1.039999999999999952e-01,1.567280000000000006e+00,1.567280000000000006e+00,1.567440397727364987e+00,-1.603977273649803692e-04,1.567158672905258676e+00,1.213270947413302991e-04,1.567193047144061824e+00,8.695285593818269376e-05
-1.037499999999999950e-01,1.567266000000000048e+00,1.567266000000000048e+00,1.567425668828964946e+00,-1.596688289648984238e-04,1.567144870869278561e+00,1.211291307214867885e-04,1.567188530672300129e+00,7.746932769991943246e-05
-1.034999999999999948e-01,1.567252000000000089e+00,1.567252000000000089e+00,1.567410973880881242e+00,-1.589738808811524962e-04,1.567131115325640645e+00,1.208846743594449435e-04,1.567184047331566132e+00,6.795266843395708634e-05
-1.032499999999999946e-01,1.567239000000000049e+00,1.567239000000000049e+00,1.567396312893825971e+00,-1.573128938259227283e-04,1.567117406218469844e+00,1.215937815302048364e-04,1.567179596953167886e+00,5.940304683216268700e-05
-1.029999999999999943e-01,1.567226000000000008e+00,1.567226000000000008e+00,1.567381685878485920e+00,-1.556858784859116440e-04,1.567103743491543133e+00,1.222565084568749683e-04,1.567175179368912596e+00,5.082063108741152746e-05
-1.027499999999999941e-01,1.567212000000000049e+00,1.567212000000000049e+00,1.567367092845521892e+00,-1.550928455218425484e-04,1.567090127088293094e+00,1.218729117069550227e-04,1.567170794411105073e+00,4.120558889497694111e-05
-1.024999999999999939e-01,1.567199000000000009e+00,1.567199000000000009e+00,1.567352533805568715e+00,-1.535338055687063274e-04,1.567076556951811694e+00,1.224430481883143074e-04,1.567166441912547059e+00,3.255808745294963558e-05
-1.022499999999999937e-01,1.567185000000000050e+00,1.567185000000000050e+00,1.567338008769236346e+00,-1.530087692362958052e-04,1.567063033024853835e+00,1.219669751462149065e-04,1.567162121706536348e+00,2.287829346370173766e-05
-1.019999999999999934e-01,1.567172000000000009e+00,1.567172000000000009e+00,1.567323517747108097e+00,-1.515177471080875193e-04,1.567049555249840243e+00,1.224447501597669685e-04,1.567157833626866781e+00,1.416637313322866021e-05
-1.017499999999999932e-01,1.567158999999999969e+00,1.567158999999999969e+00,1.567309060749742411e+00,-1.500607497424422121e-04,1.567036123568861905e+00,1.228764311380636798e-04,1.567153577507827134e+00,5.422492172835191582e-06
-1.015000000000000069e-01,1.567145999999999928e+00,1.567145999999999928e+00,1.567294637787671752e+00,-1.486377876718236735e-04,1.567022737923682518e+00,1.232620763174097078e-04,1.567149353184199567e+00,-3.353184199639258622e-06
-1.012500000000000067e-01,1.567131999999999969e+00,1.567131999999999969e+00,1.567280248871402604e+00,-1.482488714026342080e-04,1.567009398255742481e+00,1.226017442574889316e-04,1.567145160491260514e+00,-1.316049126054430474e-05
-1.010000000000000064e-01,1.567118999999999929e+00,1.567118999999999929e+00,1.567265894011415917e+00,-1.468940114159877908e-04,1.566996104506162224e+00,1.228954938377047057e-04,1.567140999264778900e+00,-2.199926477897129473e-05
-1.007500000000000062e-01,1.567106000000000110e+00,1.567106000000000110e+00,1.567251573218167326e+00,-1.455732181672164671e-04,1.566982856615745545e+00,1.231433842545648361e-04,1.567136869341015037e+00,-3.086934101492744276e-05
-1.005000000000000060e-01,1.567093000000000069e+00,1.567093000000000069e+00,1.567237286502086491e+00,-1.442865020864214642e-04,1.566969654524983380e+00,1.233454750166895764e-04,1.567132770556721511e+00,-3.977055672144125253e-05
-1.002500000000000058e-01,1.567080000000000028e+00,1.567080000000000028e+00,1.567223033873577531e+00,-1.430338735775027459e-04,1.566956498174056467e+00,1.235018259435616272e-04,1.567128702749140956e+00,-4.870274914092753704e-05
-1.000000000000000056e-01,1.567066999999999988e+00,1.567066999999999988e+00,1.567208815343018369e+00,-1.418153430183810570e-04,1.566943387502839791e+00,1.236124971601970657e-04,1.567124665756006063e+00,-5.766575600607559693e-05
-9.975000000000000533e-02,1.567053999999999947e+00,1.567053999999999947e+00,1.567194630920761833e+00,-1.406309207618861024e-04,1.566930322450904800e+00,1.236775490951469436e-04,1.567120659415539130e+00,-6.665941553918308671e-05
-9.950000000000000511e-02,1.567040999999999906e+00,1.567040999999999906e+00,1.567180480617134775e+00,-1.394806171348683677e-04,1.566917302957523850e+00,1.236970424760563958e-04,1.567116683566450064e+00,-7.568356645015761330e-05
-9.925000000000000488e-02,1.567028000000000088e+00,1.567028000000000088e+00,1.567166364442438731e+00,-1.383644424386432092e-04,1.566904328961673087e+00,1.236710383270001046e-04,1.567112738047937714e+00,-8.473804793762695908e-05
-9.900000000000000466e-02,1.567015000000000047e+00,1.567015000000000047e+00,1.567152282406949038e+00,-1.372824069489908538e-04,1.566891400402035339e+00,1.235995979647075416e-04,1.567108822699686765e+00,-9.382269968671863580e-05
-9.875000000000000444e-02,1.567002000000000006e+00,1.567002000000000006e+00,1.567138234520915718e+00,-1.362345209157123094e-04,1.566878517217004774e+00,1.234827829952322986e-04,1.567104937361870176e+00,-1.029373618701701076e-04
-9.850000000000000422e-02,1.566990000000000105e+00,1.566990000000000105e+00,1.567124220794562817e+00,-1.342207945627116317e-04,1.566865679344688900e+00,1.243206553112052859e-04,1.567101081875144519e+00,-1.110818751444142549e-04
-9.825000000000000400e-02,1.566977000000000064e+00,1.566977000000000064e+00,1.567110241238088841e+00,-1.332412380887770809e-04,1.566852886722912563e+00,1.241132770875008617e-04,1.567097256080653533e+00,-1.202560806534691551e-04
-9.800000000000000377e-02,1.566964000000000024e+00,1.566964000000000024e+00,1.567096295861666766e+00,-1.322958616667424536e-04,1.566840139289221279e+00,1.238607107787448314e-04,1.567093459820023682e+00,-1.294598200236585228e-04
-9.775000000000000355e-02,1.566950999999999983e+00,1.566950999999999983e+00,1.567082384675443807e+00,-1.313846754438241504e-04,1.566827436980884336e+00,1.235630191156467106e-04,1.567089692935366596e+00,-1.386929353666133125e-04
-9.750000000000000333e-02,1.566939000000000082e+00,1.566939000000000082e+00,1.567068507689541201e+00,-1.295076895411195750e-04,1.566814779734898577e+00,1.242202651015045234e-04,1.567085955269276187e+00,-1.469552692761055823e-04
-9.725000000000000311e-02,1.566926000000000041e+00,1.566926000000000041e+00,1.567054664914054873e+00,-1.286649140548323800e-04,1.566802167487990838e+00,1.238325120092031995e-04,1.567082246664828649e+00,-1.562466648286076065e-04
-9.700000000000000289e-02,1.566913999999999918e+00,1.566913999999999918e+00,1.567040856359054990e+00,-1.268563590550719766e-04,1.566789600176622166e+00,1.243998233777521278e-04,1.567078566965582453e+00,-1.645669655825354738e-04
-9.675000000000000266e-02,1.566901000000000099e+00,1.566901000000000099e+00,1.567027082034585739e+00,-1.260820345856394908e-04,1.566777077736990709e+00,1.239222630093905764e-04,1.567074916015576802e+00,-1.739160155767027760e-04
-9.650000000000000244e-02,1.566888000000000059e+00,1.566888000000000059e+00,1.567013341950665994e+00,-1.253419506659358973e-04,1.566764600105034821e+00,1.233998949652370669e-04,1.567071293659331177e+00,-1.832936593311185192e-04
-9.625000000000000222e-02,1.566875999999999935e+00,1.566875999999999935e+00,1.566999636117288874e+00,-1.236361172889388627e-04,1.566752167216436620e+00,1.238327835633157292e-04,1.567067699741845344e+00,-1.916997418454080560e-04
-9.600000000000000200e-02,1.566864000000000035e+00,1.566864000000000035e+00,1.566985964544421517e+00,-1.219645444214823016e-04,1.566739779006625310e+00,1.242209933747240314e-04,1.567064134108597573e+00,-2.001341085975383294e-04
-9.575000000000000178e-02,1.566850999999999994e+00,1.566850999999999994e+00,1.566972327242005747e+00,-1.213272420057531775e-04,1.566727435410779856e+00,1.235645892201375773e-04,1.567060596605544864e+00,-2.095966055448705845e-04
-9.550000000000000155e-02,1.566839000000000093e+00,1.566839000000000093e+00,1.566958724219957411e+00,-1.197242199573178567e-04,1.566715136363833194e+00,1.238636361668987718e-04,1.567057087079121835e+00,-2.180870791217426330e-04
-9.525000000000000133e-02,1.566826000000000052e+00,1.566826000000000052e+00,1.566945155488167263e+00,-1.191554881672107769e-04,1.566702881800474900e+00,1.231181995251517947e-04,1.567053605376240943e+00,-2.276053762408913883e-04
-9.500000000000000111e-02,1.566813999999999929e+00,1.566813999999999929e+00,1.566931621056499413e+00,-1.176210564994839558e-04,1.566690671655153855e+00,1.233283448460742449e-04,1.567050151344289821e+00,-2.361513442898921511e-04
-9.475000000000000089e-02,1.566802000000000028e+00,1.566802000000000028e+00,1.566918120934792880e+00,-1.161209347928515712e-04,1.566678505862082682e+00,1.234941379173459808e-04,1.567046724831133053e+00,-2.447248311330252335e-04
-9.450000000000000067e-02,1.566789999999999905e+00,1.566789999999999905e+00,1.566904655132861146e+00,-1.146551328612410714e-04,1.566666384355239972e+00,1.236156447599334740e-04,1.567043325685109956e+00,-2.533256851100507134e-04
-9.425000000000000044e-02,1.566777000000000086e+00,1.566777000000000086e+00,1.566891223660491494e+00,-1.142236604914081965e-04,1.566654307068374496e+00,1.226929316255898073e-04,1.567039953755034354e+00,-2.629537550342675445e-04
-9.400000000000000022e-02,1.566764999999999963e+00,1.566764999999999963e+00,1.566877826527446116e+00,-1.128265274461526246e-04,1.566642273935007212e+00,1.227260649927508496e-04,1.567036608890194138e+00,-2.716088901941748901e-04
-9.375000000000000000e-02,1.566753000000000062e+00,1.566753000000000062e+00,1.566864463743461000e+00,-1.114637434609377920e-04,1.566630284888434810e+00,1.227151115652524993e-04,1.567033290940350376e+00,-2.802909403503139885e-04
-9.349999999999999978e-02,1.566740999999999939e+00,1.566740999999999939e+00,1.566851135318246824e+00,-1.101353182468844949e-04,1.566618339861733933e+00,1.226601382660064132e-04,1.567029999755737091e+00,-2.889997557371515313e-04
-9.324999999999999956e-02,1.566729000000000038e+00,1.566729000000000038e+00,1.566837841261488062e+00,-1.088412614880240881e-04,1.566606438787762956e+00,1.225612122370822732e-04,1.567026735187059705e+00,-2.977351870596667283e-04
-9.299999999999999933e-02,1.566716999999999915e+00,1.566716999999999915e+00,1.566824581582844322e+00,-1.075815828444071087e-04,1.566594581599165759e+00,1.224184008341566710e-04,1.567023497085495487e+00,-3.064970854955717527e-04
-9.274999999999999911e-02,1.566705000000000014e+00,1.566705000000000014e+00,1.566811356291948787e+00,-1.063562919487726077e-04,1.566582768228374833e+00,1.222317716251808406e-04,1.567020285302692439e+00,-3.152853026924251623e-04
-9.249999999999999889e-02,1.566692999999999891e+00,1.566692999999999891e+00,1.566798165398409104e+00,-1.051653984092126848e-04,1.566570998607614840e+00,1.220013923850515880e-04,1.567017099690769077e+00,-3.240996907691862106e-04
-9.224999999999999867e-02,1.566680999999999990e+00,1.566680999999999990e+00,1.566785008911807831e+00,-1.040089118078402208e-04,1.566559272668904823e+00,1.217273310951672016e-04,1.567013940102311986e+00,-3.329401023119960001e-04
-9.199999999999999845e-02,1.566669000000000089e+00,1.566669000000000089e+00,1.566771886841700878e+00,-1.028868417007888780e-04,1.566547590344061991e+00,1.214096559380983820e-04,1.567010806390378042e+00,-3.418063903779522406e-04
-9.174999999999999822e-02,1.566656999999999966e+00,1.566656999999999966e+00,1.566758799197619290e+00,-1.017991976193233228e-04,1.566535951564704821e+00,1.210484352951457510e-04,1.567007698408492189e+00,-3.506984084922226685e-04
-9.149999999999999800e-02,1.566645999999999983e+00,1.566645999999999983e+00,1.566745745989068128e+00,-9.974598906814513555e-05,1.566524356262256390e+00,1.216437377435930500e-04,1.567004616010646556e+00,-3.586160106465730024e-04
-9.124999999999999778e-02,1.566634000000000082e+00,1.566634000000000082e+00,1.566732727225526478e+00,-9.872722552639601190e-05,1.566512804367946377e+00,1.211956320537055376e-04,1.567001559051300452e+00,-3.675590513003701432e-04
-9.099999999999999756e-02,1.566621999999999959e+00,1.566621999999999959e+00,1.566719742916448110e+00,-9.774291644815136237e-05,1.566501295812815719e+00,1.207041871842395864e-04,1.566998527385379925e+00,-3.765273853799655512e-04
-9.074999999999999734e-02,1.566610000000000058e+00,1.566610000000000058e+00,1.566706793071261039e+00,-9.679307126098102287e-05,1.566489830527718174e+00,1.201694722818835714e-04,1.566995520868276870e+00,-3.855208682768118678e-04
-9.049999999999999711e-02,1.566599000000000075e+00,1.566599000000000075e+00,1.566693877699367521e+00,-9.487769936744605559e-05,1.566478408443324977e+00,1.205915566750981327e-04,1.566992539355848146e+00,-3.935393558480715370e-04
-9.024999999999999689e-02,1.566586999999999952e+00,1.566586999999999952e+00,1.566680996810144277e+00,-9.399681014432559323e-05,1.566467029490126395e+00,1.199705098735570630e-04,1.566989582704414685e+00,-4.025827044147334277e-04
-8.999999999999999667e-02,1.566575000000000051e+00,1.566575000000000051e+00,1.566668150412942273e+00,-9.315041294222226043e-05,1.566455693598435728e+00,1.193064015643230391e-04,1.566986650770762379e+00,-4.116507707623284773e-04
-8.974999999999999645e-02,1.566564000000000068e+00,1.566564000000000068e+00,1.566655338517086715e+00,-9.133851708664764146e-05,1.566444400698392414e+00,1.195993016076535298e-04,1.566983743412140306e+00,-4.197434121402388030e-04
-8.949999999999999623e-02,1.566551999999999945e+00,1.566551999999999945e+00,1.566642561131876832e+00,-9.056113187688730193e-05,1.566433150719964029e+00,1.188492800359153279e-04,1.566980860486260285e+00,-4.288604862603406787e-04
-8.924999999999999600e-02,1.566540999999999961e+00,1.566540999999999961e+00,1.566629818266586982e+00,-8.881826658702074440e-05,1.566421943592950727e+00,1.190564070492339255e-04,1.566978001851295987e+00,-4.370018512960260892e-04
-8.899999999999999578e-02,1.566529000000000060e+00,1.566529000000000060e+00,1.566617109930465102e+00,-8.810993046504123072e-05,1.566410779246987461e+00,1.182207530125989337e-04,1.566975167365883381e+00,-4.461673658833209544e-04
-8.874999999999999556e-02,1.566518000000000077e+00,1.566518000000000077e+00,1.566604436132733813e+00,-8.643613273373595973e-05,1.566399657611546870e+00,1.183423884532075476e-04,1.566972356889118956e+00,-4.543568891188787262e-04
-8.849999999999999534e-02,1.566505999999999954e+00,1.566505999999999954e+00,1.566591796882589760e+00,-8.579688258980588955e-05,1.566388578615943050e+00,1.174213840569038325e-04,1.566969570280559942e+00,-4.635702805599883902e-04
-8.824999999999999512e-02,1.566494999999999971e+00,1.566494999999999971e+00,1.566579192189204273e+00,-8.419218920430182607e-05,1.566377542189333560e+00,1.174578106664103672e-04,1.566966807400223427e+00,-4.718074002234562414e-04
-8.799999999999999489e-02,1.566483999999999988e+00,1.566483999999999988e+00,1.566566622061722702e+00,-8.262206172271469029e-05,1.566366548260723413e+00,1.174517392765750401e-04,1.566964068108585684e+00,-4.800681085856961516e-04
-8.774999999999999467e-02,1.566472000000000087e+00,1.566472000000000087e+00,1.566554086509265087e+00,-8.208650926500027367e-05,1.566355596758967295e+00,1.164032410327919820e-04,1.566961352266581287e+00,-4.893522665812000128e-04
-8.749999999999999445e-02,1.566461000000000103e+00,1.566461000000000103e+00,1.566541585540925041e+00,-8.058554092493785959e-05,1.566344687612772901e+00,1.163123872272020520e-04,1.566958659735604220e+00,-4.976597356041168041e-04
-8.724999999999999423e-02,1.566449999999999898e+00,1.566449999999999898e+00,1.566529119165771089e+00,-7.911916577119093574e-05,1.566333820750704042e+00,1.161792492958557688e-04,1.566955990377504326e+00,-5.059903775044283236e-04
-8.699999999999999400e-02,1.566438999999999915e+00,1.566438999999999915e+00,1.566516687392846219e+00,-7.768739284630399311e-05,1.566322996101182863e+00,1.160038988170519758e-04,1.566953344054589969e+00,-5.143440545900546113e-04
-8.674999999999999378e-02,1.566427999999999932e+00,1.566427999999999932e+00,1.566504290231167440e+00,-7.629023116750843769e-05,1.566312213592493841e+00,1.157864075060910380e-04,1.566950720629624927e+00,-5.227206296249953255e-04
-8.649999999999999356e-02,1.566416999999999948e+00,1.566416999999999948e+00,1.566491927689725783e+00,-7.492768972583441212e-05,1.566301473152786228e+00,1.155268472137205293e-04,1.566948119965829278e+00,-5.311199658293297432e-04
-8.624999999999999334e-02,1.566405000000000047e+00,1.566405000000000047e+00,1.566479599777486964e+00,-7.459977748691670740e-05,1.566290774710076716e+00,1.142252899233309194e-04,1.566945541926878294e+00,-5.405419268782463149e-04
-8.599999999999999312e-02,1.566394000000000064e+00,1.566394000000000064e+00,1.566467306503391388e+00,-7.330650339132382953e-05,1.566280118192252768e+00,1.138818077472958379e-04,1.566942986376901992e+00,-5.489863769019276418e-04
-8.575000000000000677e-02,1.566383000000000081e+00,1.566383000000000081e+00,1.566455047876352813e+00,-7.204787635273213198e-05,1.566269503527075502e+00,1.134964729245790949e-04,1.566940453180483805e+00,-5.574531804837246085e-04
-8.550000000000000655e-02,1.566372000000000098e+00,1.566372000000000098e+00,1.566442823905260129e+00,-7.082390526003123910e-05,1.566258930642182357e+00,1.130693578177410785e-04,1.566937942202661915e+00,-5.659422026618177171e-04
-8.525000000000000633e-02,1.566360999999999892e+00,1.566360999999999892e+00,1.566430634598976246e+00,-6.963459897635360107e-05,1.566248399465090202e+00,1.126005349096903529e-04,1.566935453308927029e+00,-5.744533089271364190e-04
-8.500000000000000611e-02,1.566349999999999909e+00,1.566349999999999909e+00,1.566418479966338317e+00,-6.847996633840836012e-05,1.566237909923198002e+00,1.120900768019073013e-04,1.566932986365222158e+00,-5.829863652222488923e-04
-8.475000000000000588e-02,1.566340000000000066e+00,1.566340000000000066e+00,1.566406360016157961e+00,-6.636001615789588470e-05,1.566227461943790367e+00,1.125380562096989223e-04,1.566930541237942620e+00,-5.905412379425545311e-04
-8.450000000000000566e-02,1.566329000000000082e+00,1.566329000000000082e+00,1.566394274757221261e+00,-6.527475722117870305e-05,1.566217055454039553e+00,1.119445459605294957e-04,1.566928117793934705e+00,-5.991177939346226111e-04
-8.425000000000000544e-02,1.566318000000000099e+00,1.566318000000000099e+00,1.566382224198287876e+00,-6.422419828777670148e-05,1.566206690381008571e+00,1.113096189915285805e-04,1.566925715900495453e+00,-6.077159004953536225e-04
-8.400000000000000522e-02,1.566306999999999894e+00,1.566306999999999894e+00,1.566370208348092818e+00,-6.320834809292463774e-05,1.566196366651654515e+00,1.106333483453791899e-04,1.566923335425372876e+00,-6.163354253729824705e-04
-8.375000000000000500e-02,1.566295999999999911e+00,1.566295999999999911e+00,1.566358227215344456e+00,-6.222721534454578318e-05,1.566186084192831007e+00,1.099158071689032568e-04,1.566920976236763963e+00,-6.249762367640521177e-04
-8.350000000000000477e-02,1.566286000000000067e+00,1.566286000000000067e+00,1.566346280808726510e+00,-6.028080872644281385e-05,1.566175842931291085e+00,1.101570687089825640e-04,1.566918638203315117e+00,-6.326382033150501627e-04
-8.325000000000000455e-02,1.566275000000000084e+00,1.566275000000000084e+00,1.566334369136895832e+00,-5.936913689574829789e-05,1.566165642793689861e+00,1.093572063102232761e-04,1.566916321194121497e+00,-6.413211941214136402e-04
-8.300000000000000433e-02,1.566264000000000101e+00,1.566264000000000101e+00,1.566322492208484629e+00,-5.849220848452851840e-05,1.566155483706588303e+00,1.085162934117978040e-04,1.566914025078726125e+00,-6.500250787260242191e-04
-8.275000000000000411e-02,1.566254000000000035e+00,1.566254000000000035e+00,1.566310650032098684e+00,-5.665003209864849509e-05,1.566145365596454120e+00,1.086344035459152479e-04,1.566911749727120329e+00,-6.577497271202936702e-04
-8.250000000000000389e-02,1.566243000000000052e+00,1.566243000000000052e+00,1.566298842616318465e+00,-5.584261631841336282e-05,1.566135288389667091e+00,1.077116103329611718e-04,1.566909495009741304e+00,-6.664950097412525309e-04
-8.225000000000000366e-02,1.566232999999999986e+00,1.566232999999999986e+00,1.566287069969698686e+00,-5.406996969870014880e-05,1.566125252012519287e+00,1.077479874806996918e-04,1.566907260797473223e+00,-6.742607974732361953e-04
-8.200000000000000344e-02,1.566222000000000003e+00,1.566222000000000003e+00,1.566275332100768525e+00,-5.333210076852168413e-05,1.566115256391220401e+00,1.067436087796025390e-04,1.566905046961647008e+00,-6.830469616470047356e-04
-8.175000000000000322e-02,1.566211999999999938e+00,1.566211999999999938e+00,1.566263629018031178e+00,-5.162901803124064770e-05,1.566105301451897747e+00,1.066985481021909266e-04,1.566902853374038340e+00,-6.908533740384026345e-04
-8.150000000000000300e-02,1.566200999999999954e+00,1.566200999999999954e+00,1.566251960729964310e+00,-5.096072996435552227e-05,1.566095387120602034e+00,1.056128793979205227e-04,1.566900679906866989e+00,-6.996799068670345179e-04
-8.125000000000000278e-02,1.566191000000000111e+00,1.566191000000000111e+00,1.566240327245019825e+00,-4.932724501971463837e-05,1.566085513323307810e+00,1.054866766923012733e-04,1.566898526432798588e+00,-7.075264327984776003e-04
-8.100000000000000255e-02,1.566179999999999906e+00,1.566179999999999906e+00,1.566228728571624318e+00,-4.872857162441235346e-05,1.566075679985917013e+00,1.043200140828925981e-04,1.566896392824941753e+00,-7.163928249418471950e-04
-8.075000000000000233e-02,1.566170000000000062e+00,1.566170000000000062e+00,1.566217164718177957e+00,-4.716471817789447130e-05,1.566065887034262083e+00,1.041129657379791240e-04,1.566894278956848963e+00,-7.242789568489005347e-04
-8.050000000000000211e-02,1.566159999999999997e+00,1.566159999999999997e+00,1.566205635693056042e+00,-4.563569305604531223e-05,1.566056134394107957e+00,1.038656058920395253e-04,1.566892184702514790e+00,-7.321847025147931731e-04
-8.025000000000000189e-02,1.566149999999999931e+00,1.566149999999999931e+00,1.566194141504607451e+00,-4.414150460751997684e-05,1.566046421991156068e+00,1.035780088438631452e-04,1.566890109936377451e+00,-7.401099363775198725e-04
-8.000000000000000167e-02,1.566138999999999948e+00,1.566138999999999948e+00,1.566182682161155970e+00,-4.368216115602230332e-05,1.566036749751045232e+00,1.022502489547161275e-04,1.566888054533315255e+00,-7.490545333153075802e-04
-7.975000000000000144e-02,1.566129000000000104e+00,1.566129000000000104e+00,1.566171257670999628e+00,-4.225767099952371098e-05,1.566027117599355867e+00,1.018824006442375918e-04,1.566886018368649047e+00,-7.570183686489428965e-04
-7.950000000000000122e-02,1.566119000000000039e+00,1.566119000000000039e+00,1.566159868042410253e+00,-4.086804241021368966e-05,1.566017525461611992e+00,1.014745383880466534e-04,1.566884001318140651e+00,-7.650013181406123408e-04
-7.925000000000000100e-02,1.566108999999999973e+00,1.566108999999999973e+00,1.566148513283634358e+00,-3.951328363438477709e-05,1.566007973263284558e+00,1.010267367154149554e-04,1.566882003257990652e+00,-7.730032579906787049e-04
-7.900000000000000078e-02,1.566098999999999908e+00,1.566098999999999908e+00,1.566137193402893146e+00,-3.819340289323847060e-05,1.565998460929793223e+00,1.005390702066844000e-04,1.566880024064840615e+00,-7.810240648407074104e-04
-7.875000000000000056e-02,1.566089000000000064e+00,1.566089000000000064e+00,1.566125908408381173e+00,-3.690840838110887034e-05,1.565988988386509684e+00,1.000116134903805687e-04,1.566878063615771088e+00,-7.890636157710240184e-04
-7.850000000000000033e-02,1.566078999999999999e+00,1.566078999999999999e+00,1.566114658308268348e+00,-3.565830826834925915e-05,1.565979555558760339e+00,9.944444123966000859e-05,1.566876121788301601e+00,-7.971217883016024075e-04
-7.825000000000000011e-02,1.566068999999999933e+00,1.566068999999999933e+00,1.566103443110698379e+00,-3.444311069844552264e-05,1.565970162371828511e+00,9.883762817142205392e-05,1.566874198460389556e+00,-8.051984603896222836e-04
-7.799999999999999989e-02,1.566059000000000090e+00,1.566059000000000090e+00,1.566092262823788994e+00,-3.326282378890432767e-05,1.565960808750957778e+00,9.819124904231202322e-05,1.566872293510430669e+00,-8.132935104305794027e-04
-7.774999999999999967e-02,1.566049000000000024e+00,1.566049000000000024e+00,1.566081117455633054e+00,-3.211745563302947915e-05,1.565951494621353524e+00,9.750537864650077324e-05,1.566870406817257200e+00,-8.214068172571753479e-04
-7.749999999999999944e-02,1.566038999999999959e+00,1.566038999999999959e+00,1.566070007014296994e+00,-3.100701429703534018e-05,1.565942219908187383e+00,9.678009181257607452e-05,1.566868538260139054e+00,-8.295382601390954846e-04
-7.724999999999999922e-02,1.566028999999999893e+00,1.566028999999999893e+00,1.566058931507821717e+00,-2.993150782182318892e-05,1.565932984536597905e+00,9.601546340198829910e-05,1.566866687718781348e+00,-8.376877187814546488e-04
-7.699999999999999900e-02,1.566019000000000050e+00,1.566019000000000050e+00,1.566047890944222809e+00,-2.889094422275917395e-05,1.565923788431694330e+00,9.521156830571975149e-05,1.566864855073325957e+00,-8.458550733259073695e-04
-7.674999999999999878e-02,1.566008999999999984e+00,1.566008999999999984e+00,1.566036885331489659e+00,-2.788533148967431430e-05,1.565914631518559030e+00,9.436848144095399959e-05,1.566863040204349522e+00,-8.540402043495376461e-04
-7.649999999999999856e-02,1.565998999999999919e+00,1.565998999999999919e+00,1.566025914677586561e+00,-2.691467758664245480e-05,1.565905513722249953e+00,9.348627774996565165e-05,1.566861242992864112e+00,-8.622429928641928143e-04
-7.624999999999999833e-02,1.565989999999999993e+00,1.565989999999999993e+00,1.566014978990451612e+00,-2.497899045161844356e-05,1.565896434967803286e+00,9.356503219670742055e-05,1.566859463320315449e+00,-8.694633203154555900e-04
-7.599999999999999811e-02,1.565979999999999928e+00,1.565979999999999928e+00,1.566004078277997591e+00,-2.407827799766337762e-05,1.565887395180236119e+00,9.260481976380852132e-05,1.566857701068583353e+00,-8.777010685834252257e-04
-7.574999999999999789e-02,1.565970000000000084e+00,1.565970000000000084e+00,1.565993212548111080e+00,-2.321254811099571214e-05,1.565878394284548669e+00,9.160571545141493743e-05,1.566855956119981297e+00,-8.859561199812127086e-04
-7.549999999999999767e-02,1.565960999999999936e+00,1.565960999999999936e+00,1.565982381808653345e+00,-2.138180865340899572e-05,1.565869432205727385e+00,9.156779427255123949e-05,1.566854228357255296e+00,-8.932283572553600948e-04
-7.524999999999999745e-02,1.565951000000000093e+00,1.565951000000000093e+00,1.565971586067460342e+00,-2.058606746024871370e-05,1.565860508868747614e+00,9.049113125247920664e-05,1.566852517663584576e+00,-9.015176635844834863e-04
-7.499999999999999722e-02,1.565941000000000027e+00,1.565941000000000027e+00,1.565960825332341377e+00,-1.982533234134997713e-05,1.565851624198574932e+00,8.937580142509560233e-05,1.566850823922579128e+00,-9.098239225791004969e-04
-7.474999999999999700e-02,1.565932000000000102e+00,1.565932000000000102e+00,1.565950099611081114e+00,-1.809961108101276750e-05,1.565842778120169365e+00,8.922187983073648354e-05,1.566849147018281263e+00,-9.171470182811614080e-04
-7.449999999999999678e-02,1.565922000000000036e+00,1.565922000000000036e+00,1.565939408911437791e+00,-1.740891143775513683e-05,1.565833970558486943e+00,8.802944151309333165e-05,1.566847486835164061e+00,-9.254868351640244128e-04
-7.424999999999999656e-02,1.565913000000000110e+00,1.565913000000000110e+00,1.565928753241144333e+00,-1.575324114422294031e-05,1.565825201438481917e+00,8.779856151819309673e-05,1.566845843258131143e+00,-9.328432581310330818e-04
-7.399999999999999634e-02,1.565903999999999963e+00,1.565903999999999963e+00,1.565918132607907687e+00,-1.413260790772419284e-05,1.565816470685110762e+00,8.752931488920090430e-05,1.566844216172516457e+00,-9.402161725164948081e-04
-7.374999999999999611e-02,1.565893999999999897e+00,1.565893999999999897e+00,1.565907547019409263e+00,-1.354701940936564597e-05,1.565807778223332614e+00,8.622177666728347845e-05,1.566842605464083382e+00,-9.486054640834851170e-04
-7.349999999999999589e-02,1.565884999999999971e+00,1.565884999999999971e+00,1.565896996483304937e+00,-1.199648330496572157e-05,1.565799123978113716e+00,8.587602188625531596e-05,1.566841011019024510e+00,-9.560110190245385553e-04
-7.324999999999999567e-02,1.565874999999999906e+00,1.565874999999999906e+00,1.565886481007225051e+00,-1.148100722514477923e-05,1.565790507874428528e+00,8.449212557137819601e-05,1.566839432723961201e+00,-9.644327239612948688e-04
-7.299999999999999545e-02,1.565865999999999980e+00,1.565865999999999980e+00,1.565876000598773521e+00,-1.000059877354075866e-05,1.565781929837263498e+00,8.407016273648260096e-05,1.566837870465943361e+00,-9.718704659433807791e-04
-7.274999999999999523e-02,1.565857000000000054e+00,1.565857000000000054e+00,1.565865555265529174e+00,-8.555265529119893131e-06,1.565773389791617731e+00,8.361020838232313679e-05,1.566836324132447666e+00,-9.793241324476120724e-04
-7.249999999999999500e-02,1.565847999999999907e+00,1.565847999999999907e+00,1.565855145015045302e+00,-7.145015045395552988e-06,1.565764887662507654e+00,8.311233749225266365e-05,1.566834793611379117e+00,-9.867936113792108443e-04
-7.224999999999999478e-02,1.565838000000000063e+00,1.565838000000000063e+00,1.565844769854848773e+00,-6.769854848709400130e-06,1.565756423374967454e+00,8.157662503260887377e-05,1.566833278791069484e+00,-9.952787910694205209e-04
-7.199999999999999456e-02,1.565828999999999915e+00,1.565828999999999915e+00,1.565834429792441584e+00,-5.429792441669079039e-06,1.565747996854053081e+00,8.100314594683410974e-05,1.566831779560276861e+00,-1.002779560276945148e-03
-7.174999999999999434e-02,1.565819999999999990e+00,1.565819999999999990e+00,1.565824124835299536e+00,-4.124835299545992484e-06,1.565739608024843799e+00,8.039197515619100898e-05,1.566830295808185003e+00,-1.010295808185013300e-03
-7.149999999999999412e-02,1.565811000000000064e+00,1.565811000000000064e+00,1.565813854990873111e+00,-2.854990873046858724e-06,1.565731256812444849e+00,7.974318755521458968e-05,1.566828827424403547e+00,-1.017827424403483505e-03
-7.124999999999999389e-02,1.565801999999999916e+00,1.565801999999999916e+00,1.565803620266586593e+00,-1.620266586677132636e-06,1.565722943141989898e+00,7.905685801001816060e-05,1.566827374298967568e+00,-1.025374298967651754e-03
-7.099999999999999367e-02,1.565792999999999990e+00,1.565792999999999990e+00,1.565793420669839175e+00,-4.206698391850949292e-07,1.565714666938643473e+00,7.833306135651696422e-05,1.566825936322336466e+00,-1.032936322336475143e-03
-7.074999999999999345e-02,1.565784000000000065e+00,1.565784000000000065e+00,1.565783256208003849e+00,7.437919962161032572e-07,1.565706428127603855e+00,7.757187239620932928e-05,1.566824513385393747e+00,-1.040513385393682100e-03
-7.049999999999999323e-02,1.565774999999999917e+00,1.565774999999999917e+00,1.565773126888428513e+00,1.873111571404351139e-06,1.565698226634103962e+00,7.677336589595462613e-05,1.566823105379446579e+00,-1.048105379446662155e-03
-7.025000000000000688e-02,1.565765999999999991e+00,1.565765999999999991e+00,1.565763032718434422e+00,2.967281565569024337e-06,1.565690062383416015e+00,7.593761658397646386e-05,1.566821712196226013e+00,-1.055712196226021860e-03
-7.000000000000000666e-02,1.565757000000000065e+00,1.565757000000000065e+00,1.565752973705318185e+00,4.026294681880315807e-06,1.565681935300851757e+00,7.506469914830837808e-05,1.566820333727885872e+00,-1.063333727885806823e-03
-6.975000000000000644e-02,1.565747999999999918e+00,1.565747999999999918e+00,1.565742949856350208e+00,5.050143649709681881e-06,1.565673845311766232e+00,7.415468823368520646e-05,1.566818969867002309e+00,-1.070969867002391496e-03
-6.950000000000000622e-02,1.565738999999999992e+00,1.565738999999999992e+00,1.565732961178775362e+00,6.038821224629842277e-06,1.565665792341559559e+00,7.320765844043286563e-05,1.566817620506573583e+00,-1.078620506573590987e-03
-6.925000000000000600e-02,1.565730000000000066e+00,1.565730000000000066e+00,1.565723007679812762e+00,6.992320187304557066e-06,1.565657776315679373e+00,7.222368432069359301e-05,1.566816285540019171e+00,-1.086285540019105156e-03
-6.900000000000000577e-02,1.565722000000000058e+00,1.565722000000000058e+00,1.565713089366655542e+00,8.910633344516583065e-06,1.565649797159623491e+00,7.220284037656732323e-05,1.566814964861181103e+00,-1.092964861181044967e-03
-6.875000000000000555e-02,1.565712999999999910e+00,1.565712999999999910e+00,1.565703206246471746e+00,9.793753528164472755e-06,1.565641854798941690e+00,7.114520105822030871e-05,1.566813658364320405e+00,-1.100658364320494798e-03
-6.850000000000000533e-02,1.565703999999999985e+00,1.565703999999999985e+00,1.565693358326403217e+00,1.064167359676737590e-05,1.565633949159238369e+00,7.005084076161516293e-05,1.566812365944119989e+00,-1.108365944120004443e-03
-6.825000000000000511e-02,1.565695999999999977e+00,1.565695999999999977e+00,1.565683545613566485e+00,1.245438643349139340e-05,1.565626080166175438e+00,6.991983382453881291e-05,1.566811087495681543e+00,-1.115087495681565954e-03
-6.800000000000000488e-02,1.565687000000000051e+00,1.565687000000000051e+00,1.565673768115052322e+00,1.323188494772864487e-05,1.565618247745473202e+00,6.875225452684929905e-05,1.566809822914527084e+00,-1.122822914527032978e-03
-6.775000000000000466e-02,1.565677999999999903e+00,1.565677999999999903e+00,1.565664025837925744e+00,1.397416207415957956e-05,1.565610451822913918e+00,6.754817708598537251e-05,1.566808572096597407e+00,-1.130572096597504128e-03
-6.750000000000000444e-02,1.565669999999999895e+00,1.565669999999999895e+00,1.565654318789225785e+00,1.568121077410999931e-05,1.565602692324344236e+00,6.730767565565898281e-05,1.566807334938252083e+00,-1.137334938252188010e-03
-6.725000000000000422e-02,1.565660999999999969e+00,1.565660999999999969e+00,1.565644646975966170e+00,1.635302403379945702e-05,1.565594969175676088e+00,6.603082432388163170e-05,1.566806111336268570e+00,-1.145111336268600510e-03
-6.700000000000000400e-02,1.565652999999999961e+00,1.565652999999999961e+00,1.565635010405135086e+00,1.798959486487561321e-05,1.565587282302890237e+00,6.571769710972397149e-05,1.566804901187842658e+00,-1.151901187842696572e-03
-6.675000000000000377e-02,1.565644000000000036e+00,1.565644000000000036e+00,1.565625409083694741e+00,1.859091630529441375e-05,1.565579631632038504e+00,6.436836796153144746e-05,1.566803704390588026e+00,-1.159704390587990019e-03
-6.650000000000000355e-02,1.565636000000000028e+00,1.565636000000000028e+00,1.565615843018581588e+00,2.015698141843991209e-05,1.565572017089245094e+00,6.398291075493389712e-05,1.566802520842534463e+00,-1.166520842534435332e-03
-6.625000000000000333e-02,1.565627000000000102e+00,1.565627000000000102e+00,1.565606312216706542e+00,2.068778329356035783e-05,1.565564438600710151e+00,6.256139928995096966e-05,1.566801350442128538e+00,-1.174350442128435645e-03
-6.600000000000000311e-02,1.565619000000000094e+00,1.565619000000000094e+00,1.565596816684954984e+00,2.218331504511006358e-05,1.565556896092710648e+00,6.210390728944581440e-05,1.566800193088233595e+00,-1.181193088233500887e-03
-6.575000000000000289e-02,1.565611000000000086e+00,1.565611000000000086e+00,1.565587356430186317e+00,2.364356981376936062e-05,1.565549389491603716e+00,6.161050839637027821e-05,1.566799048680128426e+00,-1.188048680128339640e-03
-6.550000000000000266e-02,1.565601999999999938e+00,1.565601999999999938e+00,1.565577931459234184e+00,2.406854076575370982e-05,1.565541918723828418e+00,6.008127617151970412e-05,1.566797917117507266e+00,-1.195917117507327987e-03
-6.525000000000000244e-02,1.565593999999999930e+00,1.565593999999999930e+00,1.565568541778907141e+00,2.545822109278894629e-05,1.565534483715907976e+00,5.951628409195386382e-05,1.566796798300479798e+00,-1.202798300479868132e-03
-6.500000000000000222e-02,1.565585999999999922e+00,1.565585999999999922e+00,1.565559187395987539e+00,2.681260401238283464e-05,1.565527084394452206e+00,5.891560554771579916e-05,1.566795692129569817e+00,-1.209692129569894803e-03
-6.475000000000000200e-02,1.565576999999999996e+00,1.565576999999999996e+00,1.565549868317231974e+00,2.713168276802235823e-05,1.565519720686159522e+00,5.727931384047479924e-05,1.566794598505715452e+00,-1.217598505715455914e-03
-6.450000000000000178e-02,1.565568999999999988e+00,1.565568999999999988e+00,1.565540584549371950e+00,2.841545062803874089e-05,1.565512392517818929e+00,5.660748218105915441e-05,1.566793517330268726e+00,-1.224517330268737325e-03
-6.425000000000000155e-02,1.565560999999999980e+00,1.565560999999999980e+00,1.565531336099112325e+00,2.966390088765535893e-05,1.565505099816312917e+00,5.590018368706317631e-05,1.566792448504995772e+00,-1.231448504995791282e-03
-6.400000000000000133e-02,1.565552999999999972e+00,1.565552999999999972e+00,1.565522122973133312e+00,3.087702686666027319e-05,1.565497842508618787e+00,5.515749138118586359e-05,1.566791391932074839e+00,-1.238391932074867086e-03
-6.375000000000000111e-02,1.565544999999999964e+00,1.565544999999999964e+00,1.565512945178088922e+00,3.205482191104280787e-05,1.565490620521811316e+00,5.437947818864863336e-05,1.566790347514097181e+00,-1.245347514097217001e-03
-6.350000000000000089e-02,1.565536999999999956e+00,1.565536999999999956e+00,1.565503802720607407e+00,3.319727939254946136e-05,1.565483433783065204e+00,5.356621693475283053e-05,1.566789315154066387e+00,-1.252315154066430125e-03
-6.325000000000000067e-02,1.565528999999999948e+00,1.565528999999999948e+00,1.565494695607291264e+00,3.430439270868390622e-05,1.565476282219656623e+00,5.271778034332541552e-05,1.566788294755398603e+00,-1.259294755398654431e-03
-6.300000000000000044e-02,1.565520999999999940e+00,1.565520999999999940e+00,1.565485623844717900e+00,3.537615528204085535e-05,1.565469165758965664e+00,5.183424103427647367e-05,1.566787286221920095e+00,-1.266286221920154276e-03
-6.275000000000000022e-02,1.565512999999999932e+00,1.565512999999999932e+00,1.565476587439438294e+00,3.641256056163832966e-05,1.565462084328478332e+00,5.091567152160081378e-05,1.566786289457869685e+00,-1.273289457869752894e-03
-6.250000000000000000e-02,1.565504999999999924e+00,1.565504999999999924e+00,1.565467586397978339e+00,3.741360202158539039e-05,1.565455037855788989e+00,4.996214421093547742e-05,1.566785304367896092e+00,-1.280304367896167861e-03
-6.224999999999999978e-02,1.565496999999999916e+00,1.565496999999999916e+00,1.565458620726837946e+00,3.837927316197031757e-05,1.565448026268601911e+00,4.897373139800542674e-05,1.566784330857058816e+00,-1.287330857058899269e-03
-6.199999999999999956e-02,1.565488999999999908e+00,1.565488999999999908e+00,1.565449690432491048e+00,3.930956750886061002e-05,1.565441049494734393e+00,4.795050526551491998e-05,1.566783368830827472e+00,-1.294368830827563599e-03
-6.174999999999999933e-02,1.565480999999999900e+00,1.565480999999999900e+00,1.565440795521386708e+00,4.020447861319276228e-05,1.565434107462117863e+00,4.689253788203728845e-05,1.566782418195080684e+00,-1.301418195080783491e-03
-6.149999999999999911e-02,1.565474000000000032e+00,1.565474000000000032e+00,1.565431935999947344e+00,4.206400005268839948e-05,1.565427200098800320e+00,4.679990119971222384e-05,1.566781478856107190e+00,-1.307478856107158194e-03
-6.124999999999999889e-02,1.565466000000000024e+00,1.565466000000000024e+00,1.565423111874570727e+00,4.288812542929676397e-05,1.565420327332948336e+00,4.567266705168826491e-05,1.566780550720604070e+00,-1.314550720604046319e-03
-6.099999999999999867e-02,1.565458000000000016e+00,1.565458000000000016e+00,1.565414323151627762e+00,4.367684837225382921e-05,1.565413489092849941e+00,4.451090715007488541e-05,1.566779633695677187e+00,-1.321633695677171261e-03
-6.074999999999999845e-02,1.565450000000000008e+00,1.565450000000000008e+00,1.565405569837464927e+00,4.443016253508069724e-05,1.565406685306915291e+00,4.331469308471724844e-05,1.566778727688840522e+00,-1.328727688840514176e-03
-6.049999999999999822e-02,1.565442999999999918e+00,1.565442999999999918e+00,1.565396851938401834e+00,4.614806159808360064e-05,1.565399915903679551e+00,4.308409632036713788e-05,1.566777832608015730e+00,-1.334832608015812383e-03
-6.024999999999999800e-02,1.565434999999999910e+00,1.565434999999999910e+00,1.565388169460733225e+00,4.683053926668456768e-05,1.565393180811805562e+00,4.181918819434748968e-05,1.566776948361532362e+00,-1.341948361532452338e-03
-5.999999999999999778e-02,1.565426999999999902e+00,1.565426999999999902e+00,1.565379522410727864e+00,4.747758927203804546e-05,1.565386479960084509e+00,4.052003991539265826e-05,1.566776074858126533e+00,-1.349074858126630971e-03
-5.974999999999999756e-02,1.565420000000000034e+00,1.565420000000000034e+00,1.565370910794628756e+00,4.908920537127769990e-05,1.565379813277438803e+00,4.018672256123068109e-05,1.566775212006941587e+00,-1.355212006941552971e-03
-5.949999999999999734e-02,1.565412000000000026e+00,1.565412000000000026e+00,1.565362334618653373e+00,4.966538134665299253e-05,1.565373180692924082e+00,3.881930707594349883e-05,1.566774359717526321e+00,-1.362359717526295810e-03
-5.924999999999999711e-02,1.565404999999999935e+00,1.565404999999999935e+00,1.565353793888993650e+00,5.120611100628558177e-05,1.565366582135730988e+00,3.841786426894699957e-05,1.566773517899836543e+00,-1.368517899836607654e-03
-5.899999999999999689e-02,1.565396999999999927e+00,1.565396999999999927e+00,1.565345288611815322e+00,5.171138818460541131e-05,1.565360017535187387e+00,3.698246481254052753e-05,1.566772686464233511e+00,-1.375686464233583095e-03
-5.874999999999999667e-02,1.565390000000000059e+00,1.565390000000000059e+00,1.565336818793259033e+00,5.318120674102644330e-05,1.565353486820760587e+00,3.651317923947239308e-05,1.566771865321483492e+00,-1.381865321483433107e-03
-5.850000000000000339e-02,1.565382000000000051e+00,1.565382000000000051e+00,1.565328384439439224e+00,5.361556056082683597e-05,1.565346989922058452e+00,3.501007794159960440e-05,1.566771054382757544e+00,-1.389054382757493045e-03
-5.825000000000000316e-02,1.565374999999999961e+00,1.565374999999999961e+00,1.565319985556445026e+00,5.501444355493489979e-05,1.565340526768832508e+00,3.447323116745337757e-05,1.566770253559632176e+00,-1.395253559632214646e-03
-5.800000000000000294e-02,1.565368000000000093e+00,1.565368000000000093e+00,1.565311622150339588e+00,5.637784966050496394e-05,1.565334097290979276e+00,3.390270902081660154e-05,1.566769462764087351e+00,-1.401462764087257895e-03
-5.775000000000000272e-02,1.565360000000000085e+00,1.565360000000000085e+00,1.565303294227160746e+00,5.670577283933830870e-05,1.565327701418542050e+00,3.229858145803454761e-05,1.566768681908507155e+00,-1.408681908507070091e-03
-5.750000000000000250e-02,1.565352999999999994e+00,1.565352999999999994e+00,1.565295001792920360e+00,5.799820707963476707e-05,1.565321339081713781e+00,3.166091828621375726e-05,1.566767910905679351e+00,-1.414910905679356290e-03
-5.725000000000000228e-02,1.565345999999999904e+00,1.565345999999999904e+00,1.565286744853604750e+00,5.925514639515405690e-05,1.565315010210837965e+00,3.098978916193928512e-05,1.566767149668794934e+00,-1.421149668795029797e-03
-5.700000000000000205e-02,1.565339000000000036e+00,1.565339000000000036e+00,1.565278523415174483e+00,6.047658482555284820e-05,1.565308714736411533e+00,3.028526358850314182e-05,1.566766398111447689e+00,-1.427398111447653051e-03
-5.675000000000000183e-02,1.565331999999999946e+00,1.565331999999999946e+00,1.565270337483564367e+00,6.166251643557885131e-05,1.565302452589085735e+00,2.954741091421020371e-05,1.566765656147634189e+00,-1.433656147634243538e-03
-5.650000000000000161e-02,1.565323999999999938e+00,1.565323999999999938e+00,1.565262187064683452e+00,6.181293531648535122e-05,1.565296223699669032e+00,2.777630033090616735e-05,1.566764923691752687e+00,-1.440923691752749036e-03
-5.625000000000000139e-02,1.565317000000000069e+00,1.565317000000000069e+00,1.565254072164415700e+00,6.292783558436987335e-05,1.565290027999128863e+00,2.697200087120599221e-05,1.566764200658604000e+00,-1.447200658603930989e-03
-5.600000000000000117e-02,1.565309999999999979e+00,1.565309999999999979e+00,1.565245992788618645e+00,6.400721138133391719e-05,1.565283865418592768e+00,2.613458140721114376e-05,1.566763486963389962e+00,-1.453486963389982733e-03
-5.575000000000000094e-02,1.565303000000000111e+00,1.565303000000000111e+00,1.565237948943124291e+00,6.505105687582002361e-05,1.565277735889351485e+00,2.526411064862621458e-05,1.566762782521713859e+00,-1.459782521713748338e-03
-5.550000000000000072e-02,1.565296000000000021e+00,1.565296000000000021e+00,1.565229940633739547e+00,6.605936626047359539e-05,1.565271639342859844e+00,2.436065714017665584e-05,1.566762087249579993e+00,-1.466087249579972607e-03
-5.525000000000000050e-02,1.565288999999999930e+00,1.565288999999999930e+00,1.565221967866244901e+00,6.703213375502947713e-05,1.565265575710739210e+00,2.342428926072059880e-05,1.566761401063393011e+00,-1.472401063393080634e-03
-5.500000000000000028e-02,1.565282000000000062e+00,1.565282000000000062e+00,1.565214030646395305e+00,6.796935360475764298e-05,1.565259544924779034e+00,2.245507522102840881e-05,1.566760723879957684e+00,-1.478723879957621890e-03
-5.475000000000000006e-02,1.565274999999999972e+00,1.565274999999999972e+00,1.565206128979920619e+00,6.887102007935297365e-05,1.565253546916939298e+00,2.145308306067406079e-05,1.566760055616478686e+00,-1.485055616478714313e-03
-5.449999999999999983e-02,1.565268000000000104e+00,1.565268000000000104e+00,1.565198262872524282e+00,6.973712747582183624e-05,1.565247581619351624e+00,2.041838064847922851e-05,1.566759396190560816e+00,-1.491396190560712043e-03
-5.424999999999999961e-02,1.565261000000000013e+00,1.565261000000000013e+00,1.565190432329884196e+00,7.056767011581754900e-05,1.565241648964321497e+00,1.935103567851648165e-05,1.566758745520207663e+00,-1.497745520207649506e-03
-5.399999999999999939e-02,1.565255000000000063e+00,1.565255000000000063e+00,1.565182637357653173e+00,7.236264234689038233e-05,1.565235748884330258e+00,1.925111566980497457e-05,1.566758103523821610e+00,-1.503103523821547327e-03
-5.374999999999999917e-02,1.565247999999999973e+00,1.565247999999999973e+00,1.565174877961457378e+00,7.312203854259458069e-05,1.565229881312036664e+00,1.811868796330884379e-05,1.566757470120204054e+00,-1.509470120204081667e-03
-5.349999999999999895e-02,1.565241000000000104e+00,1.565241000000000104e+00,1.565167154146898110e+00,7.384585310199476282e-05,1.565224046180278883e+00,1.695381972122156355e-05,1.566756845228554518e+00,-1.515845228554413282e-03
-5.324999999999999872e-02,1.565234000000000014e+00,1.565234000000000014e+00,1.565159465919550685e+00,7.453408044932885446e-05,1.565218243422076272e+00,1.575657792374229871e-05,1.566756228768470871e+00,-1.522228768470856863e-03
-5.299999999999999850e-02,1.565228000000000064e+00,1.565228000000000064e+00,1.565151813284964666e+00,7.618671503539786727e-05,1.565212472970631152e+00,1.552702936891137142e-05,1.566755620659947779e+00,-1.527620659947714898e-03
-5.274999999999999828e-02,1.565220999999999973e+00,1.565220999999999973e+00,1.565144196248663855e+00,7.680375133611860861e-05,1.565206734759331031e+00,1.426524066894252485e-05,1.566755020823377809e+00,-1.534020823377835185e-03
-5.249999999999999806e-02,1.565214000000000105e+00,1.565214000000000105e+00,1.565136614816146743e+00,7.738518385336234928e-05,1.565201028721749044e+00,1.297127825106159094e-05,1.566754429179550767e+00,-1.540429179550661942e-03
-5.224999999999999784e-02,1.565207999999999933e+00,1.565207999999999933e+00,1.565129068992885841e+00,7.893100711409140047e-05,1.565195354791647953e+00,1.264520835198013060e-05,1.566753845649653254e+00,-1.545845649653321274e-03
-5.199999999999999761e-02,1.565201000000000064e+00,1.565201000000000064e+00,1.565121558784327904e+00,7.944121567216022584e-05,1.565189712902979924e+00,1.128709702014063510e-05,1.566753270155267774e+00,-1.552270155267709839e-03
-5.174999999999999739e-02,1.565194999999999892e+00,1.565194999999999892e+00,1.565114084195894151e+00,8.091580410574117366e-05,1.565184102989888970e+00,1.089701011092181204e-05,1.566752702618373405e+00,-1.557702618373513204e-03
-5.149999999999999717e-02,1.565188000000000024e+00,1.565188000000000024e+00,1.565106645232980265e+00,8.135476701975896674e-05,1.565178524986713393e+00,9.475013286630584730e-06,1.566752142961345129e+00,-1.564142961345105221e-03
-5.124999999999999695e-02,1.565182000000000073e+00,1.565182000000000073e+00,1.565099241900955729e+00,8.275809904434439090e-05,1.565172978827986450e+00,9.021172013623512953e-06,1.566751591106952946e+00,-1.569591106952872295e-03
-5.099999999999999672e-02,1.565174999999999983e+00,1.565174999999999983e+00,1.565091874205165157e+00,8.312579483482629428e-05,1.565167464448438794e+00,7.535551561188569281e-06,1.566751046978362538e+00,-1.576046978362555251e-03
-5.075000000000000344e-02,1.565169000000000032e+00,1.565169000000000032e+00,1.565084542150926739e+00,8.445784907329390023e-05,1.565161981783000034e+00,7.018216999998827532e-06,1.566750510499134386e+00,-1.581510499134353154e-03
-5.050000000000000322e-02,1.565161999999999942e+00,1.565161999999999942e+00,1.565077245743533130e+00,8.475425646681244984e-05,1.565156530766800502e+00,5.469233199439926807e-06,1.566749981593223762e+00,-1.587981593223819488e-03
-5.025000000000000300e-02,1.565155999999999992e+00,1.565155999999999992e+00,1.565069984988251672e+00,8.601501174831938101e-05,1.565151111335172818e+00,4.888664827173982985e-06,1.566749460184979625e+00,-1.593460184979633709e-03
-5.000000000000000278e-02,1.565150000000000041e+00,1.565150000000000041e+00,1.565062759890323729e+00,8.724010967631201652e-05,1.565145723423653656e+00,4.276576346384786120e-06,1.566748946199145953e+00,-1.598946199145911962e-03
-4.975000000000000255e-02,1.565142999999999951e+00,1.565142999999999951e+00,1.565055570454964906e+00,8.742954503504485331e-05,1.565140366967985530e+00,2.633032014420777500e-06,1.566748439560859962e+00,-1.605439560860011383e-03
-4.950000000000000233e-02,1.565137000000000000e+00,1.565137000000000000e+00,1.565048416687365496e+00,8.858331263450480719e-05,1.565135041904118562e+00,1.958095881438026709e-06,1.566747940195652333e+00,-1.610940195652332818e-03
-4.925000000000000211e-02,1.565131000000000050e+00,1.565131000000000050e+00,1.565041298592689367e+00,8.970140731068276807e-05,1.565129748168212043e+00,1.251831788007251589e-06,1.566747448029446987e+00,-1.616448029446937440e-03
-4.900000000000000189e-02,1.565125000000000099e+00,1.565125000000000099e+00,1.565034216176075743e+00,9.078382392435635495e-05,1.565124485696635981e+00,5.143033641186178784e-07,1.566746962988561087e+00,-1.621962988560987640e-03
-4.875000000000000167e-02,1.565118999999999927e+00,1.565118999999999927e+00,1.565027169442637200e+00,9.183055736272649483e-05,1.565119254425972883e+00,-2.544259729564402051e-07,1.566746484999703259e+00,-1.627484999703332491e-03
-4.850000000000000144e-02,1.565112000000000059e+00,1.565112000000000059e+00,1.565020158397461225e+00,9.184160253883355551e-05,1.565114054293019974e+00,-2.054293019915220952e-06,1.566746013989975372e+00,-1.634013989975313663e-03
-4.825000000000000122e-02,1.565106000000000108e+00,1.565106000000000108e+00,1.565013183045609546e+00,9.281695439056214525e-05,1.565108885234789637e+00,-2.885234789529178556e-06,1.566745549886871647e+00,-1.639549886871538575e-03
-4.800000000000000100e-02,1.565099999999999936e+00,1.565099999999999936e+00,1.565006243392117691e+00,9.375660788224493558e-05,1.565103747188512306e+00,-3.747188512370769331e-06,1.566745092618277546e+00,-1.645092618277610441e-03
-4.775000000000000078e-02,1.565093999999999985e+00,1.565093999999999985e+00,1.564999339441996318e+00,9.466055800366746098e-05,1.565098640091636906e+00,-4.640091636920473661e-06,1.566744642112469776e+00,-1.650642112469791201e-03
-4.750000000000000056e-02,1.565088000000000035e+00,1.565088000000000035e+00,1.564992471200229884e+00,9.552879977015038548e-05,1.565093563881833960e+00,-5.563881833925421461e-06,1.566744198298116508e+00,-1.656198298116473566e-03
-4.725000000000000033e-02,1.565082000000000084e+00,1.565082000000000084e+00,1.564985638671777313e+00,9.636132822277154730e-05,1.565088518496995595e+00,-6.518496995511213754e-06,1.566743761104277155e+00,-1.661761104277070800e-03
-4.700000000000000011e-02,1.565075999999999912e+00,1.565075999999999912e+00,1.564978841861571546e+00,9.715813842836595882e-05,1.565083503875238202e+00,-7.503875238290547145e-06,1.566743330460401484e+00,-1.667330460401572623e-03
-4.674999999999999989e-02,1.565069999999999961e+00,1.565069999999999961e+00,1.564972080774520213e+00,9.791922547974785118e-05,1.565078519954903991e+00,-8.519954904029347631e-06,1.566742906296329840e+00,-1.672906296329879083e-03
-4.649999999999999967e-02,1.565064999999999928e+00,1.565064999999999928e+00,1.564965355415505410e+00,9.964458449451818467e-05,1.565073566674562322e+00,-8.566674562393572501e-06,1.566742488542292033e+00,-1.677488542292104867e-03
-4.624999999999999944e-02,1.565058999999999978e+00,1.565058999999999978e+00,1.564958665789382808e+00,1.003342106171700721e-04,1.565068643973010820e+00,-9.643973010842188387e-06,1.566742077128908228e+00,-1.683077128908250231e-03
-4.599999999999999922e-02,1.565053000000000027e+00,1.565053000000000027e+00,1.564952011900983209e+00,1.009880990168188220e-04,1.565063751789278035e+00,-1.075178927800735096e-05,1.566741671987188278e+00,-1.688671987188250512e-03
-4.574999999999999900e-02,1.565047000000000077e+00,1.565047000000000077e+00,1.564945393755111436e+00,1.016062448886412284e-04,1.565058890062624108e+00,-1.189006262403147218e-05,1.566741273048531058e+00,-1.694273048530980930e-03
-4.549999999999999878e-02,1.565040999999999904e+00,1.565040999999999904e+00,1.564938811356546111e+00,1.021886434537933042e-04,1.565054058732542774e+00,-1.305873254286993301e-05,1.566740880244724687e+00,-1.699880244724782941e-03
-4.524999999999999856e-02,1.565036000000000094e+00,1.565036000000000094e+00,1.564932264710041210e+00,1.037352899588839250e-04,1.565049257738762689e+00,-1.325773876259539463e-05,1.566740493507945864e+00,-1.704493507945770148e-03
-4.499999999999999833e-02,1.565029999999999921e+00,1.565029999999999921e+00,1.564925753820324061e+00,1.042461796758598069e-04,1.565044487021249209e+00,-1.448702124928757939e-05,1.566740112770760307e+00,-1.710112770760385814e-03
-4.474999999999999811e-02,1.565023999999999971e+00,1.565023999999999971e+00,1.564919278692096904e+00,1.047213079030662186e-04,1.565039746520205721e+00,-1.574652020575051381e-05,1.566739737966120982e+00,-1.715737966121011482e-03
-4.449999999999999789e-02,1.565018999999999938e+00,1.565018999999999938e+00,1.564912839330035998e+00,1.061606699639394691e-04,1.565035036176075423e+00,-1.603617607548457613e-05,1.566739369027370099e+00,-1.720369027370161064e-03
-4.424999999999999767e-02,1.565012999999999987e+00,1.565012999999999987e+00,1.564906435738791846e+00,1.065642612081418861e-04,1.565030355929542427e+00,-1.735592954243969643e-05,1.566739005888236447e+00,-1.726005888236459285e-03
-4.399999999999999745e-02,1.565007999999999955e+00,1.565007999999999955e+00,1.564900067922989857e+00,1.079320770100977711e-04,1.565025705721533322e+00,-1.770572153336757992e-05,1.566738648482836949e+00,-1.730648482836993907e-03
-4.374999999999999722e-02,1.565002000000000004e+00,1.565002000000000004e+00,1.564893735887228798e+00,1.082641127712058449e-04,1.565021085493219388e+00,-1.908549321938401988e-05,1.566738296745675774e+00,-1.736296745675769415e-03
-4.349999999999999700e-02,1.564996999999999971e+00,1.564996999999999971e+00,1.564887439636082789e+00,1.095603639171827126e-04,1.565016495186017043e+00,-1.949518601707111998e-05,1.566737950611643670e+00,-1.740950611643699020e-03
-4.324999999999999678e-02,1.564991000000000021e+00,1.564991000000000021e+00,1.564881179174099302e+00,1.098208259007193988e-04,1.565011934741590283e+00,-2.093474159026165182e-05,1.566737610016019078e+00,-1.746610016019056744e-03
-4.299999999999999656e-02,1.564985999999999988e+00,1.564985999999999988e+00,1.564874954505800941e+00,1.110454941990468569e-04,1.565007404101851574e+00,-2.140410185158536649e-05,1.566737274894465237e+00,-1.751274894465248977e-03
-4.275000000000000328e-02,1.564980000000000038e+00,1.564980000000000038e+00,1.564868765635684111e+00,1.112343643159263706e-04,1.565002903208962959e+00,-2.290320896292108444e-05,1.566736945183033303e+00,-1.756945183033264968e-03
-4.250000000000000305e-02,1.564975000000000005e+00,1.564975000000000005e+00,1.564862612568219680e+00,1.123874317803252865e-04,1.564998432005338946e+00,-2.343200533894140847e-05,1.566736620818159453e+00,-1.761620818159448376e-03
-4.225000000000000283e-02,1.564969999999999972e+00,1.564969999999999972e+00,1.564856495307852757e+00,1.135046921472149251e-04,1.564993990433646065e+00,-2.399043364609276807e-05,1.566736301736666226e+00,-1.766301736666253674e-03
-4.200000000000000261e-02,1.564964000000000022e+00,1.564964000000000022e+00,1.564850413859003142e+00,1.135861409968796920e-04,1.564989578436805973e+00,-2.557843680595084379e-05,1.566735987875760960e+00,-1.771987875760938635e-03
-4.175000000000000239e-02,1.564958999999999989e+00,1.564958999999999989e+00,1.564844368226064208e+00,1.146317739357805010e-04,1.564985195957995678e+00,-2.619595799568941175e-05,1.566735679173036244e+00,-1.776679173036255222e-03
-4.150000000000000216e-02,1.564953999999999956e+00,1.564953999999999956e+00,1.564838358413404462e+00,1.156415865954940614e-04,1.564980842940650207e+00,-2.684294065025127907e-05,1.566735375566470800e+00,-1.781375566470844163e-03
-4.125000000000000194e-02,1.564948999999999923e+00,1.564948999999999923e+00,1.564832384425366207e+00,1.166155746337160792e-04,1.564976519328462379e+00,-2.751932846245530584e-05,1.566735076994427045e+00,-1.786076994427121534e-03
-4.100000000000000172e-02,1.564942999999999973e+00,1.564942999999999973e+00,1.564826446266266213e+00,1.165537337337596568e-04,1.564972225065385691e+00,-2.922506538571845169e-05,1.566734783395652419e+00,-1.791783395652446487e-03
-4.075000000000000150e-02,1.564937999999999940e+00,1.564937999999999940e+00,1.564820543940395492e+00,1.174560596044482708e-04,1.564967960095635213e+00,-2.996009563527302078e-05,1.566734494709278502e+00,-1.796494709278562141e-03
-4.050000000000000128e-02,1.564932999999999907e+00,1.564932999999999907e+00,1.564814677452019520e+00,1.183225479803873270e-04,1.564963724363688469e+00,-3.072436368856124034e-05,1.566734210874820787e+00,-1.801210874820879937e-03
-4.025000000000000105e-02,1.564928000000000097e+00,1.564928000000000097e+00,1.564808846805378018e+00,1.191531946220791838e-04,1.564959517814287659e+00,-3.151781428756272874e-05,1.566733931832179127e+00,-1.805931832179030749e-03
-4.000000000000000083e-02,1.564923000000000064e+00,1.564923000000000064e+00,1.564803052004685169e+00,1.199479953148951950e-04,1.564955340392440331e+00,-3.234039244026654103e-05,1.566733657521636625e+00,-1.810657521636560574e-03
-3.975000000000000061e-02,1.564918000000000031e+00,1.564918000000000031e+00,1.564797293054128957e+00,1.207069458710741117e-04,1.564951192043421146e+00,-3.319204342111525818e-05,1.566733387883859185e+00,-1.815387883859154172e-03
-3.950000000000000039e-02,1.564912999999999998e+00,1.564912999999999998e+00,1.564791569957872275e+00,1.214300421277236808e-04,1.564947072712773668e+00,-3.407271277366952233e-05,1.566733122859897520e+00,-1.820122859897521650e-03
-3.925000000000000017e-02,1.564907999999999966e+00,1.564907999999999966e+00,1.564785882720052035e+00,1.221172799479308679e-04,1.564942982346310352e+00,-3.498234631038599218e-05,1.566732862391183589e+00,-1.824862391183623700e-03
-3.899999999999999994e-02,1.564902999999999933e+00,1.564902999999999933e+00,1.564780231344779615e+00,1.227686552203177683e-04,1.564938920890114993e+00,-3.592089011505983365e-05,1.566732606419532825e+00,-1.829606419532892048e-03
-3.874999999999999972e-02,1.564897999999999900e+00,1.564897999999999900e+00,1.564774615836140415e+00,1.233841638594856960e-04,1.564934888290544279e+00,-3.688829054437903210e-05,1.566732354887143241e+00,-1.834354887143341273e-03
-3.849999999999999950e-02,1.564893000000000089e+00,1.564893000000000089e+00,1.564769036198194740e+00,1.239638018053490498e-04,1.564930884494228014e+00,-3.788449422792439236e-05,1.566732107736594770e+00,-1.839107736594680631e-03
-3.824999999999999928e-02,1.564888999999999974e+00,1.564888999999999974e+00,1.564763492434976255e+00,1.255075650237191809e-04,1.564926909448071557e+00,-3.790944807158247443e-05,1.566731864910849481e+00,-1.842864910849506543e-03
-3.799999999999999906e-02,1.564883999999999942e+00,1.564883999999999942e+00,1.564757984550493974e+00,1.260154495059673252e-04,1.564922963099255826e+00,-3.896309925588425926e-05,1.566731626353251805e+00,-1.847626353251863307e-03
-3.774999999999999883e-02,1.564878999999999909e+00,1.564878999999999909e+00,1.564752512548730712e+00,1.264874512691971375e-04,1.564919045395240182e+00,-4.004539524027350694e-05,1.566731392007526980e+00,-1.852392007527070561e-03
-3.749999999999999861e-02,1.564874000000000098e+00,1.564874000000000098e+00,1.564747076433643524e+00,1.269235663565737582e-04,1.564915156283762654e+00,-4.115628376255564547e-05,1.566731161817781715e+00,-1.857161817781616264e-03
-3.724999999999999839e-02,1.564869999999999983e+00,1.564869999999999983e+00,1.564741676209163934e+00,1.283237908360490565e-04,1.564911295712841266e+00,-4.129571284128275011e-05,1.566730935728504637e+00,-1.860935728504653497e-03
-3.699999999999999817e-02,1.564864999999999950e+00,1.564864999999999950e+00,1.564736311879197705e+00,1.286881208022450096e-04,1.564907463630776041e+00,-4.246363077609061065e-05,1.566730713684564513e+00,-1.865713684564562769e-03
-3.674999999999999795e-02,1.564859999999999918e+00,1.564859999999999918e+00,1.564730983447625068e+00,1.290165523748498799e-04,1.564903659986149220e+00,-4.365998614930255428e-05,1.566730495631211362e+00,-1.870495631211444021e-03
-3.649999999999999772e-02,1.564856000000000025e+00,1.564856000000000025e+00,1.564725690918300272e+00,1.303090816997531931e-04,1.564899884727827040e+00,-4.388472782701491326e-05,1.566730281514075784e+00,-1.874281514075759603e-03
-3.624999999999999750e-02,1.564850999999999992e+00,1.564850999999999992e+00,1.564720434295052476e+00,1.305657049475161813e-04,1.564896137804961729e+00,-4.513780496173680490e-05,1.566730071279168524e+00,-1.879071279168531561e-03
-3.599999999999999728e-02,1.564847000000000099e+00,1.564847000000000099e+00,1.564715213581684417e+00,1.317864183156824964e-04,1.564892419166991067e+00,-4.541916699096759658e-05,1.566729864872880018e+00,-1.882864872879919105e-03
-3.574999999999999706e-02,1.564842000000000066e+00,1.564842000000000066e+00,1.564710028781973516e+00,1.319712180265497636e-04,1.564888728763641268e+00,-4.672876364120170933e-05,1.566729662241982179e+00,-1.887662241982113187e-03
-3.549999999999999684e-02,1.564837999999999951e+00,1.564837999999999951e+00,1.564704879899671663e+00,1.331201003282878048e-04,1.564885066544926984e+00,-4.706654492703243875e-05,1.566729463333624395e+00,-1.891463333624443521e-03
-3.524999999999999661e-02,1.564832999999999918e+00,1.564832999999999918e+00,1.564699766938504544e+00,1.332330614953747272e-04,1.564881432461153299e+00,-4.843246115338040170e-05,1.566729268095337302e+00,-1.896268095337383386e-03
-3.500000000000000333e-02,1.564829000000000025e+00,1.564829000000000025e+00,1.564694689902172975e+00,1.343100978270506118e-04,1.564877826462916843e+00,-4.882646291681780326e-05,1.566729076475030347e+00,-1.900076475030321177e-03
-3.475000000000000311e-02,1.564823999999999993e+00,1.564823999999999993e+00,1.564689648794351129e+00,1.343512056488638251e-04,1.564874248501106457e+00,-5.024850110646461587e-05,1.566728888420992005e+00,-1.904888420992012499e-03
-3.450000000000000289e-02,1.564820000000000100e+00,1.564820000000000100e+00,1.564684643618688309e+00,1.353563813117908410e-04,1.564870698526904746e+00,-5.069852690464671241e-05,1.566728703881890006e+00,-1.908703881889906029e-03
-3.425000000000000266e-02,1.564815999999999985e+00,1.564815999999999985e+00,1.564679674378807617e+00,1.363256211923680183e-04,1.564867176491789413e+00,-5.117649178942862420e-05,1.566728522806770219e+00,-1.912522806770233785e-03
-3.400000000000000244e-02,1.564810999999999952e+00,1.564810999999999952e+00,1.564674741078306619e+00,1.362589216933329794e-04,1.564863682347534590e+00,-5.268234753463829634e-05,1.566728345145057544e+00,-1.917345145057591793e-03
-3.375000000000000222e-02,1.564807000000000059e+00,1.564807000000000059e+00,1.564669843720757569e+00,1.371562792424896315e-04,1.564860216046210839e+00,-5.321604621078002140e-05,1.566728170846555690e+00,-1.921170846555630973e-03
-3.350000000000000200e-02,1.564802999999999944e+00,1.564802999999999944e+00,1.564664982309706298e+00,1.380176902936458561e-04,1.564856777540187815e+00,-5.377754018787150869e-05,1.566727999861444731e+00,-1.924999861444787186e-03
-3.325000000000000178e-02,1.564799000000000051e+00,1.564799000000000051e+00,1.564660156848673545e+00,1.388431513265064865e-04,1.564853366782134492e+00,-5.436678213444068319e-05,1.566727832140284882e+00,-1.928832140284830743e-03
-3.300000000000000155e-02,1.564794999999999936e+00,1.564794999999999936e+00,1.564655367341154069e+00,1.396326588458673967e-04,1.564849983725020488e+00,-5.498372502055204336e-05,1.566727667634012722e+00,-1.932667634012785740e-03
-3.275000000000000133e-02,1.564791000000000043e+00,1.564791000000000043e+00,1.564650613790617095e+00,1.403862093829477686e-04,1.564846628322117850e+00,-5.562832211780666114e-05,1.566727506293942973e+00,-1.936506293942930057e-03
-3.250000000000000111e-02,1.564786000000000010e+00,1.564786000000000010e+00,1.564645896200506314e+00,1.401037994936960018e-04,1.564843300527000380e+00,-5.730052700037013835e-05,1.566727348071767834e+00,-1.941348071767823313e-03
-3.225000000000000089e-02,1.564781999999999895e+00,1.564781999999999895e+00,1.564641214574239214e+00,1.407854257606810933e-04,1.564840000293547195e+00,-5.800029354730007469e-05,1.566727192919556311e+00,-1.945192919556415490e-03
-3.200000000000000067e-02,1.564778000000000002e+00,1.564778000000000002e+00,1.564636568915207970e+00,1.414310847920319247e-04,1.564836727575941833e+00,-5.872757594183042329e-05,1.566727040789755110e+00,-1.949040789755107639e-03
-3.175000000000000044e-02,1.564774000000000109e+00,1.564774000000000109e+00,1.564631959226779223e+00,1.420407732208861518e-04,1.564833482328674474e+00,-5.948232867436509252e-05,1.566726891635186858e+00,-1.952891635186748687e-03
-3.150000000000000022e-02,1.564769999999999994e+00,1.564769999999999994e+00,1.564627385512293412e+00,1.426144877065826932e-04,1.564830264506542168e+00,-6.026450654217363478e-05,1.566726745409051880e+00,-1.956745409051885431e-03
-3.125000000000000000e-02,1.564766000000000101e+00,1.564766000000000101e+00,1.564622847775066106e+00,1.431522249339955977e-04,1.564827074064651047e+00,-6.107406465094555870e-05,1.566726602064926199e+00,-1.960602064926098009e-03
-3.099999999999999978e-02,1.564762999999999904e+00,1.564762999999999904e+00,1.564618346018386230e+00,1.446539816136738210e-04,1.564823910958416331e+00,-6.091095841642690800e-05,1.566726461556762429e+00,-1.963461556762524651e-03
-3.074999999999999956e-02,1.564759000000000011e+00,1.564759000000000011e+00,1.564613880245517619e+00,1.451197544823923380e-04,1.564820775143563880e+00,-6.177514356386915040e-05,1.566726323838889545e+00,-1.967323838889534215e-03
-3.049999999999999933e-02,1.564754999999999896e+00,1.564754999999999896e+00,1.564609450459698348e+00,1.455495403015483191e-04,1.564817666576131083e+00,-6.266657613118731263e-05,1.566726188866012448e+00,-1.971188866012552054e-03
-3.024999999999999911e-02,1.564751000000000003e+00,1.564751000000000003e+00,1.564605056664140514e+00,1.459433358594885988e-04,1.564814585212468412e+00,-6.358521246840886931e-05,1.566726056593211514e+00,-1.975056593211510503e-03
-2.999999999999999889e-02,1.564747000000000110e+00,1.564747000000000110e+00,1.564600698862031125e+00,1.463011379689849178e-04,1.564811531009239420e+00,-6.453100923931032185e-05,1.566725926975943262e+00,-1.978926975943151589e-03
-2.974999999999999867e-02,1.564742999999999995e+00,1.564742999999999995e+00,1.564596377056530985e+00,1.466229434690102806e-04,1.564808503923422744e+00,-6.550392342274946600e-05,1.566725799970039246e+00,-1.982799970039250681e-03
-2.949999999999999845e-02,1.564740000000000020e+00,1.564740000000000020e+00,1.564592091250775363e+00,1.479087492246566882e-04,1.564805503912312989e+00,-6.550391231296970318e-05,1.566725675531706496e+00,-1.985675531706476704e-03
-2.925000000000000169e-02,1.564735999999999905e+00,1.564735999999999905e+00,1.564587841447873773e+00,1.481585521261319371e-04,1.564802530933520730e+00,-6.653093352082528611e-05,1.566725553617527300e+00,-1.989553617527395346e-03
-2.900000000000000147e-02,1.564732000000000012e+00,1.564732000000000012e+00,1.564583627650910413e+00,1.483723490895982877e-04,1.564799584944975397e+00,-6.758494497538514167e-05,1.566725434184458754e+00,-1.993434184458742209e-03
-2.875000000000000125e-02,1.564729000000000037e+00,1.564729000000000037e+00,1.564579449862943061e+00,1.495501370569751742e-04,1.564796665904924167e+00,-6.766590492413016023e-05,1.566725317189832323e+00,-1.996317189832286232e-03
-2.850000000000000103e-02,1.564724999999999921e+00,1.564724999999999921e+00,1.564575308087004624e+00,1.496919129952978267e-04,1.564793773771934626e+00,-6.877377193470479710e-05,1.566725202591355171e+00,-2.000202591355249027e-03
-2.825000000000000080e-02,1.564721999999999946e+00,1.564721999999999946e+00,1.564571202326101806e+00,1.507976738981398057e-04,1.564790908504894773e+00,-6.890850489482680530e-05,1.566725090347108162e+00,-2.003090347108216207e-03
-2.800000000000000058e-02,1.564718000000000053e+00,1.564718000000000053e+00,1.564567132583215781e+00,1.508674167842727343e-04,1.564788070063014347e+00,-7.007006301429363759e-05,1.566724980415546531e+00,-2.006980415546477658e-03
-2.775000000000000036e-02,1.564715000000000078e+00,1.564715000000000078e+00,1.564563098861301960e+00,1.519011386981183875e-04,1.564785258405825719e+00,-7.025840582564057968e-05,1.566724872755500320e+00,-2.009872755500241581e-03
-2.750000000000000014e-02,1.564710999999999963e+00,1.564710999999999963e+00,1.564559101163290444e+00,1.518988367095186476e-04,1.564782473493185000e+00,-7.147349318503692928e-05,1.566724767326172163e+00,-2.013767326172200001e-03
-2.724999999999999992e-02,1.564707999999999988e+00,1.564707999999999988e+00,1.564555139492084912e+00,1.528605079150757717e-04,1.564779715285272710e+00,-7.171528527272208464e-05,1.566724664087140839e+00,-2.016664087140851436e-03
-2.699999999999999969e-02,1.564704000000000095e+00,1.564704000000000095e+00,1.564551213850564171e+00,1.527861494359239458e-04,1.564776983742594663e+00,-7.298374259456785751e-05,1.566724562998355941e+00,-2.020562998355845963e-03
-2.674999999999999947e-02,1.564700999999999897e+00,1.564700999999999897e+00,1.564547324241580828e+00,1.536757584190695525e-04,1.564774278825983744e+00,-7.327882598384682922e-05,1.566724464020142982e+00,-2.023464020143084241e-03
-2.649999999999999925e-02,1.564697999999999922e+00,1.564697999999999922e+00,1.564543470667961733e+00,1.545293320381890823e-04,1.564771600496599246e+00,-7.360049659932421662e-05,1.566724367113200289e+00,-2.026367113200366887e-03
-2.624999999999999903e-02,1.564694000000000029e+00,1.564694000000000029e+00,1.564539653132508645e+00,1.543468674913839322e-04,1.564768948715929309e+00,-7.494871592927943027e-05,1.566724272238598559e+00,-2.030272238598529455e-03
-2.599999999999999881e-02,1.564691000000000054e+00,1.564691000000000054e+00,1.564535871637997122e+00,1.551283620029320076e-04,1.564766323445790919e+00,-7.532344579086469594e-05,1.566724179357782409e+00,-2.033179357782355368e-03
-2.574999999999999858e-02,1.564688000000000079e+00,1.564688000000000079e+00,1.564532126187177186e+00,1.558738128228931430e-04,1.564763724648331689e+00,-7.572464833160985620e-05,1.566724088432569495e+00,-2.036088432569416184e-03
-2.549999999999999836e-02,1.564685000000000104e+00,1.564685000000000104e+00,1.564528416782772879e+00,1.565832172272241252e-04,1.564761152286029189e+00,-7.615228602908530320e-05,1.566723999425149838e+00,-2.038999425149734535e-03
-2.525000000000000161e-02,1.564680999999999989e+00,1.564680999999999989e+00,1.564524743427483378e+00,1.562565725166109587e-04,1.564758606321693390e+00,-7.760632169340198061e-05,1.566723912298086496e+00,-2.042912298086507761e-03
-2.500000000000000139e-02,1.564678000000000013e+00,1.564678000000000013e+00,1.564521106123981209e+00,1.568938760188043346e-04,1.564756086718466888e+00,-7.808671846687431639e-05,1.566723827014314674e+00,-2.045827014314660630e-03
-2.475000000000000117e-02,1.564675000000000038e+00,1.564675000000000038e+00,1.564517504874913589e+00,1.574951250864486951e-04,1.564753593439825563e+00,-7.859343982552502439e-05,1.566723743537142166e+00,-2.048743537142128091e-03
-2.450000000000000094e-02,1.564672000000000063e+00,1.564672000000000063e+00,1.564513939682902643e+00,1.580603170974193006e-04,1.564751126449579921e+00,-7.912644957985826011e-05,1.566723661830249137e+00,-2.051661830249074114e-03
-2.425000000000000072e-02,1.564669000000000088e+00,1.564669000000000088e+00,1.564510410550543629e+00,1.585894494564588086e-04,1.564748685711875309e+00,-7.968571187522144328e-05,1.566723581857687675e+00,-2.054581857687587387e-03
-2.400000000000000050e-02,1.564665999999999890e+00,1.564665999999999890e+00,1.564506917480407155e+00,1.590825195927347835e-04,1.564746271191193694e+00,-8.027119119380365930e-05,1.566723503583882016e+00,-2.057503583882125398e-03
-2.375000000000000028e-02,1.564662999999999915e+00,1.564662999999999915e+00,1.564503460475037633e+00,1.595395249622821865e-04,1.564743882852353440e+00,-8.088285235352543623e-05,1.566723426973628097e+00,-2.060426973628182168e-03
-2.350000000000000006e-02,1.564659999999999940e+00,1.564659999999999940e+00,1.564500039536954157e+00,1.599604630457829302e-04,1.564741520660510421e+00,-8.152066051048123541e-05,1.566723351992093782e+00,-2.063351992093842568e-03
-2.324999999999999983e-02,1.564656999999999965e+00,1.564656999999999965e+00,1.564496654668649400e+00,1.603453313505642797e-04,1.564739184581159792e+00,-8.218458115982762990e-05,1.566723278604818193e+00,-2.066278604818228004e-03
-2.299999999999999961e-02,1.564653999999999989e+00,1.564653999999999989e+00,1.564493305872591167e+00,1.606941274088224958e-04,1.564736874580135106e+00,-8.287458013511717070e-05,1.566723206777712152e+00,-2.069206777712162548e-03
-2.274999999999999939e-02,1.564651000000000014e+00,1.564651000000000014e+00,1.564489993151221281e+00,1.610068487787330582e-04,1.564734590623610755e+00,-8.359062361074087733e-05,1.566723136477057743e+00,-2.072136477057728854e-03
-2.249999999999999917e-02,1.564648000000000039e+00,1.564648000000000039e+00,1.564486716506955810e+00,1.612834930442286208e-04,1.564732332678101301e+00,-8.433267810126210406e-05,1.566723067669508085e+00,-2.075067669508046109e-03
-2.224999999999999895e-02,1.564645999999999981e+00,1.564645999999999981e+00,1.564483475942185065e+00,1.625240578149167447e-04,1.564730100710463256e+00,-8.410071046327516342e-05,1.566723000322087334e+00,-2.077000322087352302e-03
-2.199999999999999872e-02,1.564643000000000006e+00,1.564643000000000006e+00,1.564480271459273819e+00,1.627285407261869210e-04,1.564727894687895970e+00,-8.489468789596443798e-05,1.566722934402191125e+00,-2.079934402191119247e-03
-2.174999999999999850e-02,1.564640000000000031e+00,1.564640000000000031e+00,1.564477103060561314e+00,1.628969394387169700e-04,1.564725714577941185e+00,-8.571457794115389106e-05,1.566722869877585467e+00,-2.082869877585435958e-03
-2.149999999999999828e-02,1.564637000000000056e+00,1.564637000000000056e+00,1.564473970748360587e+00,1.630292516394682423e-04,1.564723560348485254e+00,-8.656034848519844616e-05,1.566722806716407179e+00,-2.085806716407123673e-03
-2.125000000000000153e-02,1.564634999999999998e+00,1.564634999999999998e+00,1.564470874524959809e+00,1.641254750401888174e-04,1.564721431967758480e+00,-8.643196775848238644e-05,1.566722744887163010e+00,-2.087744887163012208e-03
-2.100000000000000130e-02,1.564632000000000023e+00,1.564632000000000023e+00,1.564467814392620504e+00,1.641856073795189275e-04,1.564719329404337334e+00,-8.732940433731073426e-05,1.566722684358731632e+00,-2.090684358731609294e-03
-2.075000000000000108e-02,1.564629000000000048e+00,1.564629000000000048e+00,1.564464790353579327e+00,1.642096464207210005e-04,1.564717252627143562e+00,-8.825262714351467253e-05,1.566722625100360755e+00,-2.093625100360707592e-03
-2.050000000000000086e-02,1.564626999999999990e+00,1.564626999999999990e+00,1.564461802410046731e+00,1.651975899532587277e-04,1.564715201605446415e+00,-8.820160544642519085e-05,1.566722567081669348e+00,-2.095567081669358345e-03
-2.025000000000000064e-02,1.564624000000000015e+00,1.564624000000000015e+00,1.564458850564207637e+00,1.651494357923777301e-04,1.564713176308862419e+00,-8.917630886240424104e-05,1.566722510272644753e+00,-2.098510272644737995e-03
-2.000000000000000042e-02,1.564621999999999957e+00,1.564621999999999957e+00,1.564455934818221428e+00,1.660651817785296913e-04,1.564711176707356488e+00,-8.917670735653082659e-05,1.566722454643646678e+00,-2.100454643646720854e-03
-1.975000000000000019e-02,1.564618999999999982e+00,1.564618999999999982e+00,1.564453055174221507e+00,1.659448257784745806e-04,1.564709202771241925e+00,-9.020277124194286955e-05,1.566722400165402540e+00,-2.103400165402558031e-03
-1.949999999999999997e-02,1.564616999999999924e+00,1.564616999999999924e+00,1.564450211634316190e+00,1.667883656837343409e-04,1.564707254471182418e+00,-9.025447118249374512e-05,1.566722346809011013e+00,-2.105346809011088283e-03
-1.924999999999999975e-02,1.564613999999999949e+00,1.564613999999999949e+00,1.564447404200587144e+00,1.665957994128053343e-04,1.564705331778191155e+00,-9.133177819120597007e-05,1.566722294545939809e+00,-2.108294545939859432e-03
-1.899999999999999953e-02,1.564611999999999892e+00,1.564611999999999892e+00,1.564444632875091390e+00,1.673671249085018076e-04,1.564703434663633042e+00,-9.143466363314978196e-05,1.566722243348026122e+00,-2.110243348026230592e-03
-1.874999999999999931e-02,1.564610000000000056e+00,1.564610000000000056e+00,1.564441897659859526e+00,1.681023401405301598e-04,1.564701563099224035e+00,-9.156309922397909418e-05,1.566722193187477075e+00,-2.112193187477018341e-03
-1.849999999999999908e-02,1.564607000000000081e+00,1.564607000000000081e+00,1.564439198556896615e+00,1.678014431034657861e-04,1.564699717057032480e+00,-9.271705703239874197e-05,1.566722144036869269e+00,-2.115144036869187616e-03
-1.824999999999999886e-02,1.564605000000000024e+00,1.564605000000000024e+00,1.564436535568182185e+00,1.684644318178385447e-04,1.564697896509479547e+00,-9.289650947952310389e-05,1.566722095869147235e+00,-2.117095869147211928e-03
-1.799999999999999864e-02,1.564602999999999966e+00,1.564602999999999966e+00,1.564433908695670228e+00,1.690913043297381790e-04,1.564696101429340347e+00,-9.310142934038090345e-05,1.566722048657625876e+00,-2.119048657625910437e-03
-1.774999999999999842e-02,1.564599999999999991e+00,1.564599999999999991e+00,1.564431317941288757e+00,1.686820587112336511e-04,1.564694331789743265e+00,-9.433178974327383060e-05,1.566722002375988909e+00,-2.122002375988918388e-03
-1.750000000000000167e-02,1.564597999999999933e+00,1.564597999999999933e+00,1.564428763306940029e+00,1.692366930599042973e-04,1.564692587564172399e+00,-9.458756417246583226e-05,1.566721956998288867e+00,-2.123956998288933917e-03
-1.725000000000000144e-02,1.564596000000000098e+00,1.564596000000000098e+00,1.564426244794500764e+00,1.697552054993334281e-04,1.564690868726466455e+00,-9.486872646635724493e-05,1.566721912498947100e+00,-2.125912498947002405e-03
-1.700000000000000122e-02,1.564594000000000040e+00,1.564594000000000040e+00,1.564423762405822371e+00,1.702375941776690382e-04,1.564689175250820519e+00,-9.517525082047839646e-05,1.566721868852753774e+00,-2.127868852753733719e-03
-1.675000000000000100e-02,1.564591999999999983e+00,1.564591999999999983e+00,1.564421316142729834e+00,1.706838572701485646e-04,1.564687507111786280e+00,-9.550711178629711640e-05,1.566721826034867870e+00,-2.129826034867887685e-03
-1.650000000000000078e-02,1.564589999999999925e+00,1.564589999999999925e+00,1.564418906007023047e+00,1.710939929768784395e-04,1.564685864284272254e+00,-9.586428427232895899e-05,1.566721784020816521e+00,-2.131784020816596126e-03
-1.625000000000000056e-02,1.564588000000000090e+00,1.564588000000000090e+00,1.564416532000476145e+00,1.714679995239443144e-04,1.564684246743544893e+00,-9.624674354480333704e-05,1.566721742786496119e+00,-2.133742786496028998e-03
-1.600000000000000033e-02,1.564586000000000032e+00,1.564586000000000032e+00,1.564414194124837065e+00,1.718058751629669700e-04,1.564682654465228584e+00,-9.665446522855170031e-05,1.566721702308170094e+00,-2.135702308170062125e-03
-1.575000000000000011e-02,1.564583999999999975e+00,1.564583999999999975e+00,1.564411892381828650e+00,1.721076181713243614e-04,1.564681087425306760e+00,-9.708742530678549087e-05,1.566721662562471362e+00,-2.137662562471387417e-03
-1.549999999999999989e-02,1.564581999999999917e+00,1.564581999999999917e+00,1.564409626773147766e+00,1.723732268521516175e-04,1.564679545600122568e+00,-9.754560012265045543e-05,1.566721623526400320e+00,-2.139623526400402653e-03
-1.524999999999999967e-02,1.564580000000000082e+00,1.564580000000000082e+00,1.564407397300465741e+00,1.726026995343410420e-04,1.564678028966378420e+00,-9.802896637833846682e-05,1.566721585177326403e+00,-2.141585177326321698e-03
-1.499999999999999944e-02,1.564578000000000024e+00,1.564578000000000024e+00,1.564405203965428148e+00,1.727960345718759783e-04,1.564676537501137332e+00,-9.853750113730797011e-05,1.566721547492986089e+00,-2.143547492986064285e-03
-1.474999999999999922e-02,1.564575999999999967e+00,1.564575999999999967e+00,1.564403046769655026e+00,1.729532303449410335e-04,1.564675071181823585e+00,-9.907118182361784875e-05,1.566721510451484001e+00,-2.145510451484033965e-03
-1.450000000000000074e-02,1.564573999999999909e+00,1.564573999999999909e+00,1.564400925714740209e+00,1.730742852597000336e-04,1.564673629986222725e+00,-9.962998622281560301e-05,1.566721474031292916e+00,-2.147474031293006291e-03
-1.425000000000000051e-02,1.564572000000000074e+00,1.564572000000000074e+00,1.564398840802252444e+00,1.731591977476298894e-04,1.564672213892482455e+00,-1.002138924823814392e-04,1.566721438211253759e+00,-2.149438211253684727e-03
-1.400000000000000029e-02,1.564570999999999934e+00,1.564570999999999934e+00,1.564396792033734718e+00,1.742079662652162853e-04,1.564670822879112189e+00,-9.982287911225462551e-05,1.566721402970574273e+00,-2.150402970574338823e-03
-1.375000000000000007e-02,1.564569000000000099e+00,1.564569000000000099e+00,1.564394779410703817e+00,1.742205892962811475e-04,1.564669456924985491e+00,-1.004569249853926038e-04,1.566721368288830130e+00,-2.152368288830031062e-03
-1.349999999999999985e-02,1.564567000000000041e+00,1.564567000000000041e+00,1.564392802934651661e+00,1.741970653483804199e-04,1.564668116009338306e+00,-1.011160093382645897e-04,1.566721334145964706e+00,-2.154334145964664771e-03
-1.324999999999999963e-02,1.564565999999999901e+00,1.564565999999999901e+00,1.564390862607043520e+00,1.751373929563815324e-04,1.564666800111770950e+00,-1.008001117710488614e-04,1.566721300522289084e+00,-2.155300522289183007e-03
-1.299999999999999940e-02,1.564564000000000066e+00,1.564564000000000066e+00,1.564388958429320020e+00,1.750415706800456661e-04,1.564665509212248340e+00,-1.015092122482741388e-04,1.566721267398480943e+00,-2.157267398480877674e-03
-1.274999999999999918e-02,1.564562000000000008e+00,1.564562000000000008e+00,1.564387090402895142e+00,1.749095971048664211e-04,1.564664243291099766e+00,-1.022432910997572719e-04,1.566721234755586334e+00,-2.159234755586325605e-03
-1.250000000000000069e-02,1.564561000000000091e+00,1.564561000000000091e+00,1.564385258529157774e+00,1.757414708423166161e-04,1.564663002329019781e+00,-1.020023290196903076e-04,1.566721202575017458e+00,-2.160202575017367010e-03
-1.225000000000000047e-02,1.564559000000000033e+00,1.564559000000000033e+00,1.564383462809471048e+00,1.755371905289848655e-04,1.564661786307069091e+00,-1.027863070690582248e-04,1.566721170838555111e+00,-2.162170838555077523e-03
-1.200000000000000025e-02,1.564557999999999893e+00,1.564557999999999893e+00,1.564381703245172339e+00,1.762967548275540253e-04,1.564660595206674110e+00,-1.025952066742163993e-04,1.566721139528345574e+00,-2.163139528345681128e-03
-1.175000000000000003e-02,1.564556000000000058e+00,1.564556000000000058e+00,1.564379979837573043e+00,1.760201624270152365e-04,1.564659429009628067e+00,-1.034290096280088278e-04,1.566721108626903725e+00,-2.165108626903666789e-03
-1.149999999999999981e-02,1.564554999999999918e+00,1.564554999999999918e+00,1.564378292587959463e+00,1.767074120404554805e-04,1.564658287698091010e+00,-1.032876980910923947e-04,1.566721078117109922e+00,-2.166078117110004086e-03
-1.124999999999999958e-02,1.564553000000000083e+00,1.564553000000000083e+00,1.564376641497591924e+00,1.763585024081582020e-04,1.564657171254590251e+00,-1.041712545901685161e-04,1.566721047982212234e+00,-2.168047982212151226e-03
-1.099999999999999936e-02,1.564551999999999943e+00,1.564551999999999943e+00,1.564375026567704774e+00,1.769734322951688199e-04,1.564656079662020804e+00,-1.040796620208617185e-04,1.566721018205826210e+00,-2.169018205826267476e-03
-1.074999999999999914e-02,1.564551000000000025e+00,1.564551000000000025e+00,1.564373447799507266e+00,1.775522004927587716e-04,1.564655012903646503e+00,-1.040129036464776391e-04,1.566720988771932888e+00,-2.169988771932862548e-03
-1.050000000000000065e-02,1.564548999999999968e+00,1.564548999999999968e+00,1.564371905194182233e+00,1.770948058177346240e-04,1.564653970963098883e+00,-1.049709630989159592e-04,1.566720959664881230e+00,-2.171959664881262242e-03
-1.025000000000000043e-02,1.564548000000000050e+00,1.564548000000000050e+00,1.564370398752887636e+00,1.776012471124133185e-04,1.564652953824378967e+00,-1.049538243789172043e-04,1.566720930869385686e+00,-2.172930869385636399e-03
-1.000000000000000021e-02,1.564546999999999910e+00,1.564546999999999910e+00,1.564368928476755238e+00,1.780715232446716811e-04,1.564651961471856367e+00,-1.049614718564573224e-04,1.566720902370528412e+00,-2.173902370528502104e-03
-9.749999999999999986e-03,1.564545000000000075e+00,1.564545000000000075e+00,1.564367494366891265e+00,1.775056331088098460e-04,1.564650993890271069e+00,-1.059938902709944841e-04,1.566720874153757714e+00,-2.175874153757639817e-03
-9.499999999999999764e-03,1.564543999999999935e+00,1.564543999999999935e+00,1.564366096424376185e+00,1.779035756237501431e-04,1.564650051064732317e+00,-1.060510647323820166e-04,1.566720846204888273e+00,-2.176846204888338576e-03
-9.249999999999999542e-03,1.564543000000000017e+00,1.564543000000000017e+00,1.564364734650264710e+00,1.782653497353070549e-04,1.564649132980720392e+00,-1.061329807203748032e-04,1.566720818510101143e+00,-2.177818510101126037e-03
-8.999999999999999320e-03,1.564542000000000099e+00,1.564542000000000099e+00,1.564363409045586240e+00,1.785909544138597482e-04,1.564648239624085280e+00,-1.062396240851803952e-04,1.566720791055943973e+00,-2.178791055943873900e-03
-8.750000000000000833e-03,1.564540999999999960e+00,1.564540999999999960e+00,1.564362119611343971e+00,1.788803886559886536e-04,1.564647370981048669e+00,-1.063709810487090124e-04,1.566720763829331009e+00,-2.179763829331049507e-03
-8.500000000000000611e-03,1.564540000000000042e+00,1.564540000000000042e+00,1.564360866348516010e+00,1.791336514840313754e-04,1.564646527038203283e+00,-1.065270382032412755e-04,1.566720736817542203e+00,-2.180736817542161532e-03
-8.250000000000000389e-03,1.564538999999999902e+00,1.564538999999999902e+00,1.564359649258054263e+00,1.793507419456386032e-04,1.564645707782513107e+00,-1.067077825132045632e-04,1.566720710008224549e+00,-2.181710008224646558e-03
-8.000000000000000167e-03,1.564537999999999984e+00,1.564537999999999984e+00,1.564358468340885100e+00,1.795316591148843344e-04,1.564644913201314269e+00,-1.069132013142848336e-04,1.566720683389390523e+00,-2.182683389390538409e-03
-7.749999999999999944e-03,1.564537000000000067e+00,1.564537000000000067e+00,1.564357323597909355e+00,1.796764020907115622e-04,1.564644143282314825e+00,-1.071432823147588920e-04,1.566720656949418977e+00,-2.183656949418910642e-03
-7.499999999999999722e-03,1.564535999999999927e+00,1.564535999999999927e+00,1.564356215030001884e+00,1.797849699980424987e-04,1.564643398013595421e+00,-1.073980135954943904e-04,1.566720630677055359e+00,-2.184630677055432457e-03
-7.250000000000000368e-03,1.564535000000000009e+00,1.564535000000000009e+00,1.564355142638012230e+00,1.798573619877785745e-04,1.564642677383609071e+00,-1.076773836090616498e-04,1.566720604561410379e+00,-2.185604561410370295e-03
-7.000000000000000146e-03,1.564534000000000091e+00,1.564534000000000091e+00,1.564354106422763957e+00,1.798935772361343055e-04,1.564641981381182267e+00,-1.079813811821761504e-04,1.566720578591961122e+00,-2.186578591961030327e-03
-6.749999999999999924e-03,1.564532999999999952e+00,1.564532999999999952e+00,1.564353106385055092e+00,1.798936149448593369e-04,1.564641309995514096e+00,-1.083099955141442194e-04,1.566720552758551044e+00,-2.187552758551092325e-03
-6.499999999999999702e-03,1.564532000000000034e+00,1.564532000000000034e+00,1.564352142525657907e+00,1.798574743421266220e-04,1.564640663216177119e+00,-1.086632161770850757e-04,1.566720527051389089e+00,-2.188527051389055345e-03
-6.250000000000000347e-03,1.564530999999999894e+00,1.564530999999999894e+00,1.564351214845319138e+00,1.797851546807560652e-04,1.564640041033118045e+00,-1.090410331181512760e-04,1.566720501461050352e+00,-2.189501461050458175e-03
-6.000000000000000125e-03,1.564530999999999894e+00,1.564530999999999894e+00,1.564350323344759541e+00,1.806766552403527015e-04,1.564639443436657062e+00,-1.084434366571684905e-04,1.566720475978475857e+00,-2.189475978475963203e-03
-5.749999999999999903e-03,1.564529999999999976e+00,1.564529999999999976e+00,1.564349468024674561e+00,1.805319753254153170e-04,1.564638870417488503e+00,-1.088704174885268827e-04,1.566720450594972114e+00,-2.190450594972137566e-03
-5.499999999999999681e-03,1.564529000000000059e+00,1.564529000000000059e+00,1.564348648885733661e+00,1.803511142663971611e-04,1.564638321966680845e+00,-1.093219666807865309e-04,1.566720425302211783e+00,-2.191425302211724713e-03
-5.250000000000000326e-03,1.564527999999999919e+00,1.564527999999999919e+00,1.564347865928580550e+00,1.801340714193688797e-04,1.564637798075677599e+00,-1.097980756776806288e-04,1.566720400092233900e+00,-2.192400092233981468e-03
-5.000000000000000104e-03,1.564527999999999919e+00,1.564527999999999919e+00,1.564347119153833843e+00,1.808808461660760258e-04,1.564637298736296422e+00,-1.092987362965036624e-04,1.566720374957441431e+00,-2.192374957441511896e-03
-4.749999999999999882e-03,1.564527000000000001e+00,1.564527000000000001e+00,1.564346408562085511e+00,1.805914379144901716e-04,1.564636823940730226e+00,-1.098239407302248338e-04,1.566720349890605490e+00,-2.193349890605489350e-03
-4.499999999999999660e-03,1.564527000000000001e+00,1.564527000000000001e+00,1.564345734153902878e+00,1.812658460971228180e-04,1.564636373681546511e+00,-1.093736815465096157e-04,1.566720324884860460e+00,-2.193324884860459179e-03
-4.250000000000000305e-03,1.564526000000000083e+00,1.564526000000000083e+00,1.564345095929826845e+00,1.809040701732378409e-04,1.564635947951688699e+00,-1.099479516886159303e-04,1.566720299933708427e+00,-2.194299933708343531e-03
-4.000000000000000083e-03,1.564526000000000083e+00,1.564526000000000083e+00,1.564344493890372778e+00,1.815061096273051788e-04,1.564635546744475025e+00,-1.095467444749420594e-04,1.566720275031016074e+00,-2.194275031015990862e-03
-3.749999999999999861e-03,1.564524999999999944e+00,1.564524999999999944e+00,1.564343928036030729e+00,1.810719639692148775e-04,1.564635170053599422e+00,-1.101700535994787344e-04,1.566720250171015794e+00,-2.195250171015850071e-03
-3.500000000000000073e-03,1.564524999999999944e+00,1.564524999999999944e+00,1.564343398367264548e+00,1.816016327353953130e-04,1.564634817873131523e+00,-1.098178731315790913e-04,1.566720225348306128e+00,-2.195225348306184543e-03
-3.249999999999999851e-03,1.564524000000000026e+00,1.564524000000000026e+00,1.564342904884512553e+00,1.810951154874729241e-04,1.564634490197516881e+00,-1.104901975168548489e-04,1.566720200557850662e+00,-2.196200557850636059e-03
-3.000000000000000062e-03,1.564524000000000026e+00,1.564524000000000026e+00,1.564342447588187968e+00,1.815524118120581676e-04,1.564634187021576750e+00,-1.101870215767242200e-04,1.566720175794978465e+00,-2.196175794978438844e-03
-2.749999999999999840e-03,1.564523000000000108e+00,1.564523000000000108e+00,1.564342026478677150e+00,1.809735213229579642e-04,1.564633908340508528e+00,-1.109083405084199114e-04,1.566720151055384758e+00,-2.197151055384649609e-03
-2.500000000000000052e-03,1.564523000000000108e+00,1.564523000000000108e+00,1.564341641556342033e+00,1.813584436580750747e-04,1.564633654149885755e+00,-1.106541498856472572e-04,1.566720126335129359e+00,-2.197126335129251373e-03
-2.249999999999999830e-03,1.564523000000000108e+00,1.564523000000000108e+00,1.564341292821517904e+00,1.817071784822044123e-04,1.564633424445658338e+00,-1.104244456582303968e-04,1.566720101630638906e+00,-2.197101630638798042e-03
-2.000000000000000042e-03,1.564523000000000108e+00,1.564523000000000108e+00,1.564340980274514958e+00,1.820197254851496638e-04,1.564633219224152549e+00,-1.102192241524413419e-04,1.566720076938704631e+00,-2.197076938704523030e-03
-1.750000000000000036e-03,1.564521999999999968e+00,1.564521999999999968e+00,1.564340703915617414e+00,1.812960843825539570e-04,1.564633038482070582e+00,-1.110384820706133979e-04,1.566720052256483253e+00,-2.198052256483284950e-03
-1.500000000000000031e-03,1.564521999999999968e+00,1.564521999999999968e+00,1.564340463745083731e+00,1.815362549162369277e-04,1.564632882216491883e+00,-1.108822164919143205e-04,1.566720027581497199e+00,-2.198027581497230543e-03
-1.250000000000000026e-03,1.564521999999999968e+00,1.564521999999999968e+00,1.564340259763147056e+00,1.817402368529119627e-04,1.564632750424871821e+00,-1.107504248718527151e-04,1.566720002911634602e+00,-2.198002911634633350e-03
-1.000000000000000021e-03,1.564521999999999968e+00,1.564521999999999968e+00,1.564340091970014557e+00,1.819080299854114458e-04,1.564632643105043019e+00,-1.106431050430511931e-04,1.566719978245148859e+00,-2.197978245148890508e-03
-7.500000000000000156e-04,1.564521999999999968e+00,1.564521999999999968e+00,1.564339960365867865e+00,1.820396341321028899e-04,1.564632560255214022e+00,-1.105602552140538819e-04,1.566719953580658409e+00,-2.197953580658440487e-03
-5.000000000000000104e-04,1.564521999999999968e+00,1.564521999999999968e+00,1.564339864950862857e+00,1.821350491371109825e-04,1.564632501873970849e+00,-1.105018739708807374e-04,1.566719928917147842e+00,-2.197928917147873307e-03
-2.500000000000000052e-04,1.564521999999999968e+00,1.564521999999999968e+00,1.564339805725129429e+00,1.821942748705396298e-04,1.564632467960275664e+00,-1.104679602756952761e-04,1.566719904253966567e+00,-2.197904253966598276e-03
0.000000000000000000e+00,1.564521999999999968e+00,1.564521999999999968e+00,1.564339782688772384e+00,1.822173112275837781e-04,1.564632458513467661e+00,-1.104585134676927538e-04,1.566719879590830367e+00,-2.197879590830398300e-03
2.500000000000000052e-04,1.564521999999999968e+00,1.564521999999999968e+00,1.564339795841870551e+00,1.822041581294175927e-04,1.564632473533262846e+00,-1.104735332628781208e-04,1.566719854927819178e+00,-2.197854927819209436e-03
5.000000000000000104e-04,1.564521999999999968e+00,1.564521999999999968e+00,1.564339845184476996e+00,1.821548155229724131e-04,1.564632513019753812e+00,-1.105130197538439774e-04,1.566719830265379532e+00,-2.197830265379563386e-03
7.500000000000000156e-04,1.564521999999999968e+00,1.564521999999999968e+00,1.564339930716619032e+00,1.820692833809367528e-04,1.564632576973410183e+00,-1.105769734102146629e-04,1.566719805604322779e+00,-2.197805604322811135e-03
1.000000000000000021e-03,1.564521999999999968e+00,1.564521999999999968e+00,1.564340052438298656e+00,1.819475617013122104e-04,1.564632665395078392e+00,-1.106653950784242113e-04,1.566719780945826201e+00,-2.197780945826233179e-03
1.250000000000000026e-03,1.564521999999999968e+00,1.564521999999999968e+00,1.564340210349491667e+00,1.817896505083016478e-04,1.564632778285981241e+00,-1.107782859812722620e-04,1.566719756291432120e+00,-2.197756291432151343e-03
1.500000000000000031e-03,1.564521999999999968e+00,1.564521999999999968e+00,1.564340404450148769e+00,1.815955498511989674e-04,1.564632915647718336e+00,-1.109156477183681488e-04,1.566719731643048119e+00,-2.197731643048150829e-03
1.750000000000000036e-03,1.564521999999999968e+00,1.564521999999999968e+00,1.564340634740194469e+00,1.813652598054993348e-04,1.564633077482266543e+00,-1.110774822665749895e-04,1.566719707002947715e+00,-2.197707002947746346e-03
2.000000000000000042e-03,1.564523000000000108e+00,1.564523000000000108e+00,1.564340901219527957e+00,1.820987804721507786e-04,1.564633263791978868e+00,-1.102637919787596843e-04,1.566719682373770128e+00,-2.196682373770020291e-03
2.249999999999999830e-03,1.564523000000000108e+00,1.564523000000000108e+00,1.564341203888022447e+00,1.817961119776612122e-04,1.564633474579584904e+00,-1.104745795847961176e-04,1.566719657758519624e+00,-2.196657758519515724e-03
2.500000000000000052e-03,1.564523000000000108e+00,1.564523000000000108e+00,1.564341542745525837e+00,1.814572544742709681e-04,1.564633709848190612e+00,-1.107098481905044451e-04,1.566719633160565506e+00,-2.196633160565397702e-03
2.749999999999999840e-03,1.564523000000000108e+00,1.564523000000000108e+00,1.564341917791859604e+00,1.810822081405039086e-04,1.564633969601279206e+00,-1.109696012790983843e-04,1.566719608583643675e+00,-2.196608583643566703e-03
3.000000000000000062e-03,1.564524000000000026e+00,1.564524000000000026e+00,1.564342329026820577e+00,1.816709731794485805e-04,1.564634253842709377e+00,-1.102538427093513462e-04,1.566719584031855073e+00,-2.195584031855046803e-03
3.249999999999999851e-03,1.564524000000000026e+00,1.564524000000000026e+00,1.564342776450178940e+00,1.812235498210856832e-04,1.564634562576716847e+00,-1.105625767168216811e-04,1.566719559509665682e+00,-2.195559509665656606e-03
3.500000000000000073e-03,1.564524999999999944e+00,1.564524999999999944e+00,1.564343260061680008e+00,1.817399383199358454e-04,1.564634895807912596e+00,-1.098958079126521881e-04,1.566719535021908305e+00,-2.194535021908361472e-03
3.749999999999999861e-03,1.564524999999999944e+00,1.564524999999999944e+00,1.564343779861042671e+00,1.812201389572720700e-04,1.564635253541285076e+00,-1.102535412851324281e-04,1.566719510573779672e+00,-2.194510573779728801e-03
4.000000000000000083e-03,1.564526000000000083e+00,1.564526000000000083e+00,1.564344335847960510e+00,1.816641520395734233e-04,1.564635635782197109e+00,-1.096357821970261881e-04,1.566719486170843112e+00,-2.193486170843028660e-03
4.250000000000000305e-03,1.564526000000000083e+00,1.564526000000000083e+00,1.564344928022101788e+00,1.810719778982949890e-04,1.564636042536388993e+00,-1.100425363889101504e-04,1.566719461819027881e+00,-2.193461819027797688e-03
4.499999999999999660e-03,1.564527000000000001e+00,1.564527000000000001e+00,1.564345556383108127e+00,1.814436168918742709e-04,1.564636473809975392e+00,-1.094738099753911342e-04,1.566719437524628056e+00,-2.192437524628054746e-03
4.749999999999999882e-03,1.564527000000000001e+00,1.564527000000000001e+00,1.564346220930596498e+00,1.807790694035027457e-04,1.564636929609447558e+00,-1.099296094475565866e-04,1.566719413294303864e+00,-2.192413294303863225e-03
5.000000000000000104e-03,1.564527999999999919e+00,1.564527999999999919e+00,1.564346921664157453e+00,1.810783358424661316e-04,1.564637409941671553e+00,-1.094099416716343143e-04,1.566719389135081242e+00,-2.191389135081323047e-03
5.250000000000000326e-03,1.564527999999999919e+00,1.564527999999999919e+00,1.564347658583356226e+00,1.803414166436922983e-04,1.564637914813889141e+00,-1.099148138892225290e-04,1.566719365054351165e+00,-2.191365054351246400e-03
5.499999999999999681e-03,1.564529000000000059e+00,1.564529000000000059e+00,1.564348431687732299e+00,1.805683122677592678e-04,1.564638444233716896e+00,-1.094442337168377577e-04,1.566719341059871873e+00,-2.190341059871814267e-03
5.749999999999999903e-03,1.564529999999999976e+00,1.564529999999999976e+00,1.564349240976799171e+00,1.807590232008049469e-04,1.564638998209146870e+00,-1.089982091468932879e-04,1.566719317159765534e+00,-2.189317159765558074e-03
6.000000000000000125e-03,1.564530999999999894e+00,1.564530999999999894e+00,1.564350086450045252e+00,1.809135499546421499e-04,1.564639576748545258e+00,-1.085767485453636993e-04,1.566719293362520915e+00,-2.188293362521021024e-03
6.250000000000000347e-03,1.564530999999999894e+00,1.564530999999999894e+00,1.564350968106932749e+00,1.800318930671451767e-04,1.564640179860653291e+00,-1.091798606533966876e-04,1.566719269676993376e+00,-2.188269676993481738e-03
6.499999999999999702e-03,1.564532000000000034e+00,1.564532000000000034e+00,1.564351885946898557e+00,1.801140531014766566e-04,1.564640807554586344e+00,-1.088075545863098625e-04,1.566719246112402653e+00,-2.187246112402618792e-03
6.749999999999999924e-03,1.564532999999999952e+00,1.564532999999999952e+00,1.564352839969353370e+00,1.801600306465811485e-04,1.564641459839834381e+00,-1.084598398344294168e-04,1.566719222678335965e+00,-2.186222678336013914e-03
7.000000000000000146e-03,1.564534000000000091e+00,1.564534000000000091e+00,1.564353830173682791e+00,1.801698263173001635e-04,1.564642136726260846e+00,-1.081367262607546564e-04,1.566719199384745353e+00,-2.185199384745262208e-03
7.250000000000000368e-03,1.564535000000000009e+00,1.564535000000000009e+00,1.564354856559246443e+00,1.801434407535662530e-04,1.564642838224103327e+00,-1.078382241033182254e-04,1.566719176241948785e+00,-2.184176241948776465e-03
7.499999999999999722e-03,1.564535999999999927e+00,1.564535999999999927e+00,1.564355919125377969e+00,1.800808746219573209e-04,1.564643564343972670e+00,-1.075643439727436146e-04,1.566719153260631270e+00,-2.183153260631343073e-03
7.749999999999999944e-03,1.564537000000000067e+00,1.564537000000000067e+00,1.564357017871386146e+00,1.799821286139202670e-04,1.564644315096853422e+00,-1.073150968533553851e-04,1.566719130451843300e+00,-2.182130451843233843e-03
8.000000000000000167e-03,1.564537999999999984e+00,1.564537999999999984e+00,1.564358152796553547e+00,1.798472034464371205e-04,1.564645090494102497e+00,-1.070904941025130341e-04,1.566719107827000634e+00,-2.181107827000650090e-03
8.250000000000000389e-03,1.564538999999999902e+00,1.564538999999999902e+00,1.564359323900136545e+00,1.796760998633573081e-04,1.564645890547450291e+00,-1.068905474503889508e-04,1.566719085397886069e+00,-2.180085397886166731e-03
8.500000000000000611e-03,1.564540000000000042e+00,1.564540000000000042e+00,1.564360531181367087e+00,1.794688186329551627e-04,1.564646715268999566e+00,-1.067152689995243264e-04,1.566719063176649218e+00,-2.179063176649176370e-03
8.750000000000000833e-03,1.564540999999999960e+00,1.564540999999999960e+00,1.564361774639450031e+00,1.792253605499283253e-04,1.564647564671224789e+00,-1.065646712248291550e-04,1.566719041175804294e+00,-2.178041175804334983e-03
8.999999999999999320e-03,1.564542000000000099e+00,1.564542000000000099e+00,1.564363054273565812e+00,1.789457264342875220e-04,1.564648438766973237e+00,-1.064387669731381436e-04,1.566719019408232993e+00,-2.177019408232894193e-03
9.249999999999999542e-03,1.564543000000000017e+00,1.564543000000000017e+00,1.564364370082868216e+00,1.786299171318006529e-04,1.564649337569463228e+00,-1.063375694632107127e-04,1.566718997887183384e+00,-2.175997887183367396e-03
9.499999999999999764e-03,1.564543999999999935e+00,1.564543999999999935e+00,1.564365722066485942e+00,1.782779335139927923e-04,1.564650261092285000e+00,-1.062610922850648620e-04,1.566718976626268800e+00,-2.174976626268865232e-03
9.749999999999999986e-03,1.564545000000000075e+00,1.564545000000000075e+00,1.564367110223521706e+00,1.778897764783682334e-04,1.564651209349399164e+00,-1.062093493990889925e-04,1.566718955639470057e+00,-2.173955639469982160e-03
1.000000000000000021e-02,1.564546999999999910e+00,1.564546999999999910e+00,1.564368534553052692e+00,1.784654469472179983e-04,1.564652182355137588e+00,-1.051823551376784849e-04,1.566718934941134345e+00,-2.171934941134434638e-03
1.025000000000000043e-02,1.564548000000000050e+00,1.564548000000000050e+00,1.564369995054130325e+00,1.780049458697252618e-04,1.564653180124202736e+00,-1.051801242026861871e-04,1.566718914545974561e+00,-2.170914545974511611e-03
1.050000000000000065e-02,1.564548999999999968e+00,1.564548999999999968e+00,1.564371491725780272e+00,1.775082742196953944e-04,1.564654202671666772e+00,-1.052026716668041928e-04,1.566718894469071310e+00,-2.169894469071342868e-03
1.074999999999999914e-02,1.564551000000000025e+00,1.564551000000000025e+00,1.564373024567002890e+00,1.779754329971350302e-04,1.564655250012971788e+00,-1.042500129717627289e-04,1.566718874725870903e+00,-2.167874725870877484e-03
1.099999999999999936e-02,1.564551999999999943e+00,1.564551999999999943e+00,1.564374593576772110e+00,1.774064232278327324e-04,1.564656322163929358e+00,-1.043221639294156233e-04,1.566718855332187132e+00,-2.166855332187189731e-03
1.124999999999999958e-02,1.564553000000000083e+00,1.564553000000000083e+00,1.564376198754036995e+00,1.768012459630874389e-04,1.564657419140720096e+00,-1.044191407200134591e-04,1.566718836304199725e+00,-2.165836304199642015e-03
1.149999999999999981e-02,1.564554999999999918e+00,1.564554999999999918e+00,1.564377840097720629e+00,1.771599022792891276e-04,1.564658540959893429e+00,-1.035409598935110864e-04,1.566718817658456109e+00,-2.163817658456190784e-03
1.175000000000000003e-02,1.564556000000000058e+00,1.564556000000000058e+00,1.564379517606719894e+00,1.764823932801640183e-04,1.564659687638366714e+00,-1.036876383666562873e-04,1.566718799411870089e+00,-2.162799411870031108e-03
1.200000000000000025e-02,1.564557999999999893e+00,1.564557999999999893e+00,1.564381231279906803e+00,1.767687200930900815e-04,1.564660859193425901e+00,-1.028591934260081331e-04,1.566718781581722508e+00,-2.160781581722615030e-03
1.225000000000000047e-02,1.564559000000000033e+00,1.564559000000000033e+00,1.564382981116127169e+00,1.760188838728637961e-04,1.564662055642723537e+00,-1.030556427235040928e-04,1.566718764185660806e+00,-2.159764185660772995e-03
1.250000000000000069e-02,1.564561000000000091e+00,1.564561000000000091e+00,1.564384767114201491e+00,1.762328857985995256e-04,1.564663277004280539e+00,-1.022770042804488355e-04,1.566718747241700349e+00,-2.157747241700258556e-03
1.274999999999999918e-02,1.564562000000000008e+00,1.564562000000000008e+00,1.564386589272924066e+00,1.754107270759419634e-04,1.564664523296483312e+00,-1.025232964833033833e-04,1.566718730768223100e+00,-2.156730768223091843e-03
1.299999999999999940e-02,1.564564000000000066e+00,1.564564000000000066e+00,1.564388447591064102e+00,1.755524089359639106e-04,1.564665794538085741e+00,-1.017945380856755122e-04,1.566718714783978061e+00,-2.154714783977995651e-03
1.324999999999999963e-02,1.564565999999999901e+00,1.564565999999999901e+00,1.564390342067364381e+00,1.756579326355200976e-04,1.564667090748206757e+00,-1.010907482068557073e-04,1.566718699308081941e+00,-2.152699308082040019e-03
1.349999999999999985e-02,1.564567000000000041e+00,1.564567000000000041e+00,1.564392272700543041e+00,1.747272994570003846e-04,1.564668411946331217e+00,-1.014119463311757841e-04,1.566718684360019154e+00,-2.151684360019112674e-03
1.375000000000000007e-02,1.564569000000000099e+00,1.564569000000000099e+00,1.564394239489291349e+00,1.747605107087490950e-04,1.564669758152309020e+00,-1.007581523089218223e-04,1.566718669959640264e+00,-2.149669959640165828e-03
1.400000000000000029e-02,1.564570999999999934e+00,1.564570999999999934e+00,1.564396242432275930e+00,1.747575677240043035e-04,1.564671129386354220e+00,-1.001293863542862539e-04,1.566718656127164877e+00,-2.147656127164943030e-03
1.425000000000000051e-02,1.564572000000000074e+00,1.564572000000000074e+00,1.564398281528136980e+00,1.737184718630935265e-04,1.564672525669045688e+00,-1.005256690456146629e-04,1.566718642883179191e+00,-2.146642883179117334e-03
1.450000000000000074e-02,1.564573999999999909e+00,1.564573999999999909e+00,1.564400356775489387e+00,1.736432245105223870e-04,1.564673947021325118e+00,-9.994702132520849602e-05,1.566718630248636890e+00,-2.144630248636980596e-03
1.474999999999999922e-02,1.564575999999999967e+00,1.564575999999999967e+00,1.564402468172922500e+00,1.735318270774666161e-04,1.564675393464498132e+00,-9.939346449816532925e-05,1.566718618244860028e+00,-2.142618244860061694e-03
1.499999999999999944e-02,1.564578000000000024e+00,1.564578000000000024e+00,1.564404615718999247e+00,1.733842810007768520e-04,1.564676865020232510e+00,-9.886502023248588955e-05,1.566718606893538590e+00,-2.140606893538565814e-03
1.524999999999999967e-02,1.564580000000000082e+00,1.564580000000000082e+00,1.564406799412257909e+00,1.732005877421727291e-04,1.564678361710558852e+00,-9.836171055876974378e-05,1.566718596216729598e+00,-2.138596216729515831e-03
1.549999999999999989e-02,1.564581999999999917e+00,1.564581999999999917e+00,1.564409019251210342e+00,1.729807487895751450e-04,1.564679883557868800e+00,-9.788355786888303101e-05,1.566718586236859112e+00,-2.136586236859194798e-03
1.575000000000000011e-02,1.564583999999999975e+00,1.564583999999999975e+00,1.564411275234342646e+00,1.727247656573283052e-04,1.564681430584915489e+00,-9.743058491551437328e-05,1.566718576976720678e+00,-2.134576976720703456e-03
1.600000000000000033e-02,1.564586000000000032e+00,1.564586000000000032e+00,1.564413567360116053e+00,1.724326398839792773e-04,1.564683002814812873e+00,-9.700281481284100948e-05,1.566718568459475769e+00,-2.132568459475736589e-03
1.625000000000000056e-02,1.564588000000000090e+00,1.564588000000000090e+00,1.564415895626965147e+00,1.721043730349425260e-04,1.564684600271034620e+00,-9.660027103453039388e-05,1.566718560708654451e+00,-2.130560708654360980e-03
1.650000000000000078e-02,1.564589999999999925e+00,1.564589999999999925e+00,1.564418260033299424e+00,1.717399667005015118e-04,1.564686222977414776e+00,-9.622297741485041911e-05,1.566718553748155385e+00,-2.128553748155459502e-03
1.675000000000000100e-02,1.564591999999999983e+00,1.564591999999999983e+00,1.564420660577502620e+00,1.713394224973630031e-04,1.564687870958145544e+00,-9.587095814556079176e-05,1.566718547602245160e+00,-2.126547602245176805e-03
1.700000000000000122e-02,1.564594000000000040e+00,1.564594000000000040e+00,1.564423097257932493e+00,1.709027420675468534e-04,1.564689544237778396e+00,-9.554423777835552301e-05,1.566718542295558514e+00,-2.124542295558473626e-03
1.725000000000000144e-02,1.564596000000000098e+00,1.564596000000000098e+00,1.564425570072921490e+00,1.704299270786080456e-04,1.564691242841222518e+00,-9.524284122242043793e-05,1.566718537853099891e+00,-2.122537853099792926e-03
1.750000000000000167e-02,1.564597999999999933e+00,1.564597999999999933e+00,1.564428079020776075e+00,1.699209792238587369e-04,1.564692966793744366e+00,-9.496679374443317556e-05,1.566718534300241661e+00,-2.120534300241727621e-03
1.774999999999999842e-02,1.564599999999999991e+00,1.564599999999999991e+00,1.564430624099776956e+00,1.693759002230343924e-04,1.564694716120967444e+00,-9.471612096745296583e-05,1.566718531662725233e+00,-2.118531662725242626e-03
1.799999999999999864e-02,1.564602999999999966e+00,1.564602999999999966e+00,1.564433205308179975e+00,1.697946918199910726e-04,1.564696490848870969e+00,-9.349084887100289620e-05,1.566718529966660611e+00,-2.115529966660645300e-03
1.824999999999999886e-02,1.564605000000000024e+00,1.564605000000000024e+00,1.564435822644214102e+00,1.691773557859210797e-04,1.564698291003790764e+00,-9.329100379074084515e-05,1.566718529238527502e+00,-2.113529238527478427e-03
1.849999999999999908e-02,1.564607000000000081e+00,1.564607000000000081e+00,1.564438476106083220e+00,1.685238939168609562e-04,1.564700116612416814e+00,-9.311661241673263589e-05,1.566718529505173985e+00,-2.111529505173903587e-03
1.874999999999999931e-02,1.564610000000000056e+00,1.564610000000000056e+00,1.564441165691965896e+00,1.688343080341603297e-04,1.564701967701793928e+00,-9.196770179387137034e-05,1.566718530793817621e+00,-2.108530793817564586e-03
1.899999999999999953e-02,1.564611999999999892e+00,1.564611999999999892e+00,1.564443891400014053e+00,1.681085999858389357e-04,1.564703844299320634e+00,-9.184429932074245073e-05,1.566718533132044788e+00,-2.106533132044896561e-03
1.924999999999999975e-02,1.564613999999999949e+00,1.564613999999999949e+00,1.564446653228355189e+00,1.673467716447607501e-04,1.564705746432748512e+00,-9.174643274856286723e-05,1.566718536547812235e+00,-2.104536547812285718e-03
1.949999999999999997e-02,1.564616999999999924e+00,1.564616999999999924e+00,1.564449451175089711e+00,1.675488249102130567e-04,1.564707674130182413e+00,-9.067413018248871026e-05,1.566718541069445081e+00,-2.101541069445156396e-03
1.975000000000000019e-02,1.564618999999999982e+00,1.564618999999999982e+00,1.564452285238293383e+00,1.667147617065989351e-04,1.564709627420077798e+00,-9.062742007781565690e-05,1.566718546725639261e+00,-2.099546725639278577e-03
2.000000000000000042e-02,1.564621999999999957e+00,1.564621999999999957e+00,1.564455155416015986e+00,1.668445839839716172e-04,1.564711606331242733e+00,-8.960633124277528339e-05,1.566718553545459081e+00,-2.096553545459123313e-03
2.025000000000000064e-02,1.564624000000000015e+00,1.564624000000000015e+00,1.564458061706281544e+00,1.659382937184705753e-04,1.564713610892835227e+00,-8.961089283521239679e-05,1.566718561558339884e+00,-2.094561558339869123e-03
2.050000000000000086e-02,1.564626999999999990e+00,1.564626999999999990e+00,1.564461004107088549e+00,1.659958929114413451e-04,1.564715641134362789e+00,-8.864113436279907887e-05,1.566718570794086274e+00,-2.091570794086283769e-03
2.075000000000000108e-02,1.564629000000000048e+00,1.564629000000000048e+00,1.564463982616409288e+00,1.650173835907597919e-04,1.564717697085683090e+00,-8.869708568304268681e-05,1.566718581282873224e+00,-2.089581282873176349e-03
2.100000000000000130e-02,1.564632000000000023e+00,1.564632000000000023e+00,1.564466997232191181e+00,1.650027678088417105e-04,1.564719778777001524e+00,-8.777877700150149565e-05,1.566718593055245634e+00,-2.086593055245611339e-03
2.125000000000000153e-02,1.564634999999999998e+00,1.564634999999999998e+00,1.564470047952355225e+00,1.649520476447730033e-04,1.564721886238872317e+00,-8.688623887231905485e-05,1.566718606142118331e+00,-2.083606142118332727e-03
2.149999999999999828e-02,1.564637000000000056e+00,1.564637000000000056e+00,1.564473134774797325e+00,1.638652252027306133e-04,1.564724019502195862e+00,-8.701950219580645296e-05,1.566718620574777843e+00,-2.081620574777787169e-03
2.174999999999999850e-02,1.564640000000000031e+00,1.564640000000000031e+00,1.564476257697387407e+00,1.637423026126239023e-04,1.564726178598219386e+00,-8.617859821935525133e-05,1.566718636384879515e+00,-2.078636384879484211e-03
2.199999999999999872e-02,1.564643000000000006e+00,1.564643000000000006e+00,1.564479416717969418e+00,1.635832820305882507e-04,1.564728363558536062e+00,-8.536355853605570587e-05,1.566718653604450395e+00,-2.075653604450389267e-03
2.224999999999999895e-02,1.564645999999999981e+00,1.564645999999999981e+00,1.564482611834362435e+00,1.633881656375457680e-04,1.564730574415083897e+00,-8.457441508391561058e-05,1.566718672265887902e+00,-2.072672265887920418e-03
2.249999999999999917e-02,1.564648000000000039e+00,1.564648000000000039e+00,1.564485843044359115e+00,1.621569556409241386e-04,1.564732811200145290e+00,-8.481120014525167505e-05,1.566718692401961155e+00,-2.070692401961116147e-03
2.274999999999999939e-02,1.564651000000000014e+00,1.564651000000000014e+00,1.564489110345726575e+00,1.618896542734393762e-04,1.564735073946345700e+00,-8.407394634568632341e-05,1.566718714045808758e+00,-2.067714045808743961e-03
2.299999999999999961e-02,1.564653999999999989e+00,1.564653999999999989e+00,1.564492413736206400e+00,1.615862637935894242e-04,1.564737362686653865e+00,-8.336268665387613908e-05,1.566718737230941461e+00,-2.064737230941471324e-03
2.324999999999999983e-02,1.564656999999999965e+00,1.564656999999999965e+00,1.564495753213514417e+00,1.612467864855471333e-04,1.564739677454380473e+00,-8.267745438050866369e-05,1.566718761991241271e+00,-2.061761991241306546e-03
2.350000000000000006e-02,1.564659999999999940e+00,1.564659999999999940e+00,1.564499128775340919e+00,1.608712246590204842e-04,1.564742018283177050e+00,-8.201828317710990746e-05,1.566718788360961234e+00,-2.058788360961294472e-03
2.375000000000000028e-02,1.564662999999999915e+00,1.564662999999999915e+00,1.564502540419350440e+00,1.604595806494746313e-04,1.564744385207036181e+00,-8.138520703626639374e-05,1.566718816374725654e+00,-2.055816374725738527e-03
2.400000000000000050e-02,1.564665999999999890e+00,1.564665999999999890e+00,1.564505988143181314e+00,1.600118568185759926e-04,1.564746778260289739e+00,-8.077826028984880224e-05,1.566718846067531423e+00,-2.052846067531532981e-03
2.425000000000000072e-02,1.564669000000000088e+00,1.564669000000000088e+00,1.564509471944447228e+00,1.595280555528599820e-04,1.564749197477608211e+00,-8.019747760812379056e-05,1.566718877474746252e+00,-2.049877474746164552e-03
2.450000000000000094e-02,1.564672000000000063e+00,1.564672000000000063e+00,1.564512991820735222e+00,1.590081792648412318e-04,1.564751642894000705e+00,-7.964289400064217261e-05,1.566718910632110218e+00,-2.046910632110154893e-03
2.475000000000000117e-02,1.564675000000000038e+00,1.564675000000000038e+00,1.564516547769607246e+00,1.584522303927915488e-04,1.564754114544813390e+00,-7.911454481335233879e-05,1.566718945575735322e+00,-2.043945575735284237e-03
2.500000000000000139e-02,1.564678000000000013e+00,1.564678000000000013e+00,1.564520139788599273e+00,1.578602114007399138e-04,1.564756612465728614e+00,-7.861246572860025594e-05,1.566718982342105937e+00,-2.040982342105923664e-03
2.525000000000000161e-02,1.564680999999999989e+00,1.564680999999999989e+00,1.564523767875221516e+00,1.572321247784724818e-04,1.564759136692764674e+00,-7.813669276468537817e-05,1.566719020968078580e+00,-2.038020968078591011e-03
2.549999999999999836e-02,1.564685000000000104e+00,1.564685000000000104e+00,1.564527432026958875e+00,1.575679730412282709e-04,1.564761687262274714e+00,-7.668726227461064582e-05,1.566719061490881915e+00,-2.034061490881811096e-03
2.574999999999999858e-02,1.564688000000000079e+00,1.564688000000000079e+00,1.564531132241270273e+00,1.568677587298061837e-04,1.564764264210945166e+00,-7.626421094508728515e-05,1.566719103948117420e+00,-2.031103948117340963e-03
2.599999999999999881e-02,1.564691000000000054e+00,1.564691000000000054e+00,1.564534868515589094e+00,1.561314844109595867e-04,1.564766867575796194e+00,-7.586757579614022973e-05,1.566719148377759607e+00,-2.028148377759553256e-03
2.624999999999999903e-02,1.564694000000000029e+00,1.564694000000000029e+00,1.564538640847322970e+00,1.553591526770592424e-04,1.564769497394179920e+00,-7.549739417989087542e-05,1.566719194818155803e+00,-2.025194818155773291e-03
2.649999999999999925e-02,1.564697999999999922e+00,1.564697999999999922e+00,1.564542449233853549e+00,1.555507661463728653e-04,1.564772153703779534e+00,-7.415370377961139070e-05,1.566719243308026144e+00,-2.021243308026221541e-03
2.674999999999999947e-02,1.564700999999999897e+00,1.564700999999999897e+00,1.564546293672537391e+00,1.547063274625060103e-04,1.564774836542609293e+00,-7.383654260939565006e-05,1.566719293886463804e+00,-2.018293886463906617e-03
2.699999999999999969e-02,1.564704000000000095e+00,1.564704000000000095e+00,1.564550174160705076e+00,1.538258392950186959e-04,1.564777545949012305e+00,-7.354594901221034320e-05,1.566719346592935658e+00,-2.015346592935562953e-03
2.724999999999999992e-02,1.564707999999999988e+00,1.564707999999999988e+00,1.564554090695661426e+00,1.539093043385619808e-04,1.564780281961660968e+00,-7.228196166098044273e-05,1.566719401467281392e+00,-2.011401467281404010e-03
2.750000000000000014e-02,1.564710999999999963e+00,1.564710999999999963e+00,1.564558043274685728e+00,1.529567253142349870e-04,1.564783044619554975e+00,-7.204461955501173520e-05,1.566719458549715505e+00,-2.008458549715541608e-03
2.775000000000000036e-02,1.564715000000000078e+00,1.564715000000000078e+00,1.564562031895031291e+00,1.529681049687869887e-04,1.564785833962021089e+00,-7.083396202101077677e-05,1.566719517880825308e+00,-2.004517880825229525e-03
2.800000000000000058e-02,1.564718000000000053e+00,1.564718000000000053e+00,1.564566056553926110e+00,1.519434460739432780e-04,1.564788650028711814e+00,-7.065002871176062627e-05,1.566719579501571813e+00,-2.001579501571759678e-03
2.825000000000000080e-02,1.564721999999999946e+00,1.564721999999999946e+00,1.564570117248572423e+00,1.518827514275233881e-04,1.564791492859604949e+00,-6.949285960500262149e-05,1.566719643453290844e+00,-1.997643453290898208e-03
2.850000000000000103e-02,1.564724999999999921e+00,1.564724999999999921e+00,1.564574213976146488e+00,1.507860238534330932e-04,1.564794362495002256e+00,-6.936249500233415688e-05,1.566719709777692371e+00,-1.994709777692449393e-03
2.875000000000000125e-02,1.564729000000000037e+00,1.564729000000000037e+00,1.564578346733799252e+00,1.506532662007842305e-04,1.564797258975528127e+00,-6.825897552809045976e-05,1.566719778516860062e+00,-1.990778516860025604e-03
2.900000000000000147e-02,1.564732000000000012e+00,1.564732000000000012e+00,1.564582515518655903e+00,1.494844813441087439e-04,1.564800182342129808e+00,-6.818234212979668030e-05,1.566719849713253510e+00,-1.987849713253497796e-03
2.925000000000000169e-02,1.564735999999999905e+00,1.564735999999999905e+00,1.564586720327815650e+00,1.492796721842548635e-04,1.564803132636075178e+00,-6.713263607527331089e-05,1.566719923409705340e+00,-1.983923409705434793e-03
2.949999999999999845e-02,1.564740000000000020e+00,1.564740000000000020e+00,1.564590961158352167e+00,1.490388416478527489e-04,1.564806109898952524e+00,-6.610989895250440895e-05,1.566719999649424544e+00,-1.979999649424524222e-03
2.974999999999999867e-02,1.564742999999999995e+00,1.564742999999999995e+00,1.564595238007313593e+00,1.477619926864015554e-04,1.564809114172669657e+00,-6.611417266966235218e-05,1.566720078475994038e+00,-1.977078475994042961e-03
2.999999999999999889e-02,1.564747000000000110e+00,1.564747000000000110e+00,1.564599550871722533e+00,1.474491282775769463e-04,1.564812145499452134e+00,-6.514549945202396941e-05,1.566720159933372436e+00,-1.973159933372325980e-03
3.024999999999999911e-02,1.564751000000000003e+00,1.564751000000000003e+00,1.564603899748575389e+00,1.471002514246144699e-04,1.564815203921842812e+00,-6.420392184280920844e-05,1.566720244065893830e+00,-1.969244065893827056e-03
3.049999999999999933e-02,1.564754999999999896e+00,1.564754999999999896e+00,1.564608284634843249e+00,1.467153651566466266e-04,1.564818289482701186e+00,-6.328948270128975651e-05,1.566720330918267567e+00,-1.965330918267671478e-03
3.074999999999999956e-02,1.564759000000000011e+00,1.564759000000000011e+00,1.564612705527471226e+00,1.462944725287851355e-04,1.564821402225201608e+00,-6.240222520159655062e-05,1.566720420535578917e+00,-1.961420535578906055e-03
3.099999999999999978e-02,1.564762999999999904e+00,1.564762999999999904e+00,1.564617162423379337e+00,1.458375766205666224e-04,1.564824542192832624e+00,-6.154219283271977758e-05,1.566720512963288847e+00,-1.957512963288943197e-03
3.125000000000000000e-02,1.564766000000000101e+00,1.564766000000000101e+00,1.564621655319461180e+00,1.443446805389214660e-04,1.564827709429395863e+00,-6.170942939576207209e-05,1.566720608247234914e+00,-1.954608247234812524e-03
3.150000000000000022e-02,1.564769999999999994e+00,1.564769999999999994e+00,1.564626184212585258e+00,1.438157874147361071e-04,1.564830903979005594e+00,-6.090397900559985089e-05,1.566720706433630150e+00,-1.950706433630156056e-03
3.175000000000000044e-02,1.564774000000000109e+00,1.564774000000000109e+00,1.564630749099593876e+00,1.432509004062332281e-04,1.564834125886086724e+00,-6.012588608661495471e-05,1.566720807569064622e+00,-1.946807569064512577e-03
3.200000000000000067e-02,1.564778000000000002e+00,1.564778000000000002e+00,1.564635349977304246e+00,1.426500226957561068e-04,1.564837375195373914e+00,-5.937519537391189317e-05,1.566720911700504093e+00,-1.942911700504090788e-03
3.225000000000000089e-02,1.564781999999999895e+00,1.564781999999999895e+00,1.564639986842507158e+00,1.420131574927374629e-04,1.564840651951911354e+00,-5.865195191145922138e-05,1.566721018875292026e+00,-1.939018875292131128e-03
3.250000000000000111e-02,1.564786000000000010e+00,1.564786000000000010e+00,1.564644659691968531e+00,1.413403080314790117e-04,1.564843956201050768e+00,-5.795620105075727224e-05,1.566721129141148916e+00,-1.935129141148905774e-03
3.275000000000000133e-02,1.564791000000000043e+00,1.564791000000000043e+00,1.564649368522427864e+00,1.416314775721794206e-04,1.564847287988450741e+00,-5.628798845069837853e-05,1.566721242546171178e+00,-1.930242546171134777e-03
3.300000000000000155e-02,1.564794999999999936e+00,1.564794999999999936e+00,1.564654113330599783e+00,1.408866694001531528e-04,1.564850647360075397e+00,-5.564736007546144947e-05,1.566721359138834035e+00,-1.926359138834099483e-03
3.325000000000000178e-02,1.564799000000000051e+00,1.564799000000000051e+00,1.564658894113172050e+00,1.401058868280014025e-04,1.564854034362193724e+00,-5.503436219367330295e-05,1.566721478967989079e+00,-1.922478967989027510e-03
3.350000000000000200e-02,1.564802999999999944e+00,1.564802999999999944e+00,1.564663710866808222e+00,1.392891331917223141e-04,1.564857449041378024e+00,-5.444904137807959899e-05,1.566721602082865816e+00,-1.918602082865872305e-03
3.375000000000000222e-02,1.564807000000000059e+00,1.564807000000000059e+00,1.564668563588144767e+00,1.384364118552916523e-04,1.564860891444503022e+00,-5.389144450296257105e-05,1.566721728533072122e+00,-1.914728533072063144e-03
3.400000000000000244e-02,1.564810999999999952e+00,1.564810999999999952e+00,1.564673452273793286e+00,1.375477262066659989e-04,1.564864361618744759e+00,-5.336161874480715994e-05,1.566721858368593567e+00,-1.910858368593615353e-03
3.425000000000000266e-02,1.564815999999999985e+00,1.564815999999999985e+00,1.564678376920339620e+00,1.376230796603650219e-04,1.564867859611579259e+00,-5.185961157927465592e-05,1.566721991639793643e+00,-1.905991639793658265e-03
3.450000000000000289e-02,1.564820000000000100e+00,1.564820000000000100e+00,1.564683337524343854e+00,1.366624756562462295e-04,1.564871385470781417e+00,-5.138547078131772139e-05,1.566722128397414648e+00,-1.902128397414548644e-03
3.475000000000000311e-02,1.564823999999999993e+00,1.564823999999999993e+00,1.564688334082340093e+00,1.356659176598995487e-04,1.564874939244424334e+00,-5.093924442434172306e-05,1.566722268692577691e+00,-1.898268692577698147e-03
3.500000000000000333e-02,1.564829000000000025e+00,1.564829000000000025e+00,1.564693366590837353e+00,1.356334091626720806e-04,1.564878520980877097e+00,-4.952098087707135221e-05,1.566722412576782464e+00,-1.893412576782438350e-03
3.524999999999999661e-02,1.564832999999999918e+00,1.564832999999999918e+00,1.564698435046318226e+00,1.345649536816928560e-04,1.564882130728805221e+00,-4.913072880530222619e-05,1.566722560101907469e+00,-1.889560101907550305e-03
3.549999999999999684e-02,1.564837999999999951e+00,1.564837999999999951e+00,1.564703539445240210e+00,1.344605547597410578e-04,1.564885768537167543e+00,-4.776853716759177360e-05,1.566722711320210903e+00,-1.884711320210952223e-03
3.574999999999999706e-02,1.564842000000000066e+00,1.564842000000000066e+00,1.564708679784035050e+00,1.333202159650159757e-04,1.564889434455216888e+00,-4.743445521682154720e-05,1.566722866284329774e+00,-1.880866284329707483e-03
3.599999999999999728e-02,1.564847000000000099e+00,1.564847000000000099e+00,1.564713856059108510e+00,1.331439408915890965e-04,1.564893128532497624e+00,-4.612853249752468798e-05,1.566723025047281670e+00,-1.876025047281570934e-03
3.624999999999999750e-02,1.564850999999999992e+00,1.564850999999999992e+00,1.564719068266841040e+00,1.319317331589520137e-04,1.564896850818844332e+00,-4.585081884433961363e-05,1.566723187662462546e+00,-1.872187662462554414e-03
3.649999999999999772e-02,1.564856000000000025e+00,1.564856000000000025e+00,1.564724316403586890e+00,1.316835964131346515e-04,1.564900601364382249e+00,-4.460136438222406241e-05,1.566723354183650052e+00,-1.867354183650027366e-03
3.674999999999999795e-02,1.564859999999999918e+00,1.564859999999999918e+00,1.564729600465674997e+00,1.303995343249209071e-04,1.564904380219524160e+00,-4.438021952424264782e-05,1.566723524665000422e+00,-1.863524665000504399e-03
3.699999999999999817e-02,1.564864999999999950e+00,1.564864999999999950e+00,1.564734920449408762e+00,1.300795505911889194e-04,1.564908187434969955e+00,-4.318743497000454568e-05,1.566723699161051586e+00,-1.858699161051635684e-03
3.724999999999999839e-02,1.564869999999999983e+00,1.564869999999999983e+00,1.564740276351065607e+00,1.297236489343767118e-04,1.564912023061705737e+00,-4.202306170575376143e-05,1.566723877726721614e+00,-1.853877726721631092e-03
3.749999999999999861e-02,1.564874000000000098e+00,1.564874000000000098e+00,1.564745668166897419e+00,1.283318331026794823e-04,1.564915887151001606e+00,-4.188715100150730564e-05,1.566724060417309383e+00,-1.850060417309284944e-03
3.774999999999999883e-02,1.564878999999999909e+00,1.564878999999999909e+00,1.564751095893130328e+00,1.279041068695807581e-04,1.564919779754411655e+00,-4.077975441174608306e-05,1.566724247288495020e+00,-1.845247288495110993e-03
3.799999999999999906e-02,1.564883999999999942e+00,1.564883999999999942e+00,1.564756559525964486e+00,1.274404740354562193e-04,1.564923700923771976e+00,-3.970092377203471301e-05,1.566724438396339902e+00,-1.840438396339960647e-03
3.824999999999999928e-02,1.564888999999999974e+00,1.564888999999999974e+00,1.564762059061575172e+00,1.269409384248021411e-04,1.564927650711198881e+00,-3.865071119890650664e-05,1.566724633797286881e+00,-1.835633797286906344e-03
3.849999999999999950e-02,1.564893000000000089e+00,1.564893000000000089e+00,1.564767594496111025e+00,1.254055038890644624e-04,1.564931629169088900e+00,-3.862916908881075528e-05,1.566724833548159834e+00,-1.831833548159744751e-03
3.874999999999999972e-02,1.564897999999999900e+00,1.564897999999999900e+00,1.564773165825695811e+00,1.248341743040892737e-04,1.564935636350116566e+00,-3.763635011666544017e-05,1.566725037706165891e+00,-1.827037706165990372e-03
3.899999999999999994e-02,1.564902999999999933e+00,1.564902999999999933e+00,1.564778773046427096e+00,1.242269535728368623e-04,1.564939672307233520e+00,-3.667230723358727573e-05,1.566725246328893206e+00,-1.822246328893273315e-03
3.925000000000000017e-02,1.564907999999999966e+00,1.564907999999999966e+00,1.564784416154376911e+00,1.235838456230542448e-04,1.564943737093666520e+00,-3.573709366655464237e-05,1.566725459474312965e+00,-1.817459474312999035e-03
3.950000000000000039e-02,1.564912999999999998e+00,1.564912999999999998e+00,1.564790095145591531e+00,1.229048544084676564e-04,1.564947830762917436e+00,-3.483076291743714137e-05,1.566725677200778710e+00,-1.812677200778711750e-03
3.975000000000000061e-02,1.564918000000000031e+00,1.564918000000000031e+00,1.564795810016091693e+00,1.221899839083384620e-04,1.564951953368760806e+00,-3.395336876077514887e-05,1.566725899567026570e+00,-1.807899567026538534e-03
4.000000000000000083e-02,1.564923000000000064e+00,1.564923000000000064e+00,1.564801560761872379e+00,1.214392381276852007e-04,1.564956104965242734e+00,-3.310496524266959284e-05,1.566726126632175697e+00,-1.803126632175633404e-03
4.025000000000000105e-02,1.564928000000000097e+00,1.564928000000000097e+00,1.564807347378902813e+00,1.206526210972835855e-04,1.564960285606679768e+00,-3.228560667967173003e-05,1.566726358455729384e+00,-1.798358455729287542e-03
4.050000000000000128e-02,1.564932999999999907e+00,1.564932999999999907e+00,1.564813169863126907e+00,1.198301368730003702e-04,1.564964495347657802e+00,-3.149534765789496760e-05,1.566726595097573504e+00,-1.793595097573597030e-03
4.075000000000000150e-02,1.564937999999999940e+00,1.564937999999999940e+00,1.564819028210462148e+00,1.189717895377917500e-04,1.564968734243029846e+00,-3.073424302990623858e-05,1.566726836617977403e+00,-1.788836617977462851e-03
4.100000000000000172e-02,1.564942999999999973e+00,1.564942999999999973e+00,1.564824922416801156e+00,1.180775831988167823e-04,1.564973002347915809e+00,-3.000234791583622496e-05,1.566727083077595006e+00,-1.784083077595033373e-03
4.125000000000000194e-02,1.564948999999999923e+00,1.564948999999999923e+00,1.564830852478010126e+00,1.181475219897976103e-04,1.564977299717700276e+00,-2.829971770035299983e-05,1.566727334537464600e+00,-1.778334537464676401e-03
4.150000000000000216e-02,1.564953999999999956e+00,1.564953999999999956e+00,1.564836818389930384e+00,1.171816100695721730e-04,1.564981626408030957e+00,-2.762640803100069320e-05,1.566727591059008384e+00,-1.773591059008428061e-03
4.175000000000000239e-02,1.564958999999999989e+00,1.564958999999999989e+00,1.564842820148376834e+00,1.161798516231549172e-04,1.564985982474818460e+00,-2.698247481847104723e-05,1.566727852704033142e+00,-1.768852704033152534e-03
4.200000000000000261e-02,1.564964000000000022e+00,1.564964000000000022e+00,1.564848857749139066e+00,1.151422508609556417e-04,1.564990367974233854e+00,-2.636797423383185901e-05,1.566728119534731123e+00,-1.764119534731101169e-03
4.225000000000000283e-02,1.564969999999999972e+00,1.564969999999999972e+00,1.564854931187980691e+00,1.150688120192810970e-04,1.564994782962707331e+00,-2.478296270735924622e-05,1.566728391613679383e+00,-1.758391613679410881e-03
4.250000000000000305e-02,1.564975000000000005e+00,1.564975000000000005e+00,1.564861040460640229e+00,1.139595393597758743e-04,1.564999227496927325e+00,-2.422749692732040216e-05,1.566728669003840002e+00,-1.753669003839997131e-03
4.275000000000000328e-02,1.564980000000000038e+00,1.564980000000000038e+00,1.564867185562829777e+00,1.128144371702610727e-04,1.565003701633839173e+00,-2.370163383913492794e-05,1.566728951768561195e+00,-1.748951768561157749e-03
4.299999999999999656e-02,1.564985999999999988e+00,1.564985999999999988e+00,1.564873366490236117e+00,1.126335097638708760e-04,1.565008205430642230e+00,-2.220543064224145269e-05,1.566729239971576870e+00,-1.743239971576882041e-03
4.324999999999999678e-02,1.564991000000000021e+00,1.564991000000000021e+00,1.564879583238520722e+00,1.114167614792993533e-04,1.565012738944790760e+00,-2.173894479073901209e-05,1.566729533677006625e+00,-1.738533677006603995e-03
4.349999999999999700e-02,1.564996999999999971e+00,1.564996999999999971e+00,1.564885835803318637e+00,1.111641966813348148e-04,1.565017302233990382e+00,-2.030223399041020116e-05,1.566729832949356860e+00,-1.732832949356888363e-03
4.374999999999999722e-02,1.565002000000000004e+00,1.565002000000000004e+00,1.564892124180239596e+00,1.098758197604077225e-04,1.565021895356198067e+00,-1.989535619806304112e-05,1.566730137853520777e+00,-1.728137853520772538e-03
4.399999999999999745e-02,1.565007999999999955e+00,1.565007999999999955e+00,1.564898448364867800e+00,1.095516351321546011e-04,1.565026518369619479e+00,-1.851836961952457727e-05,1.566730448454777935e+00,-1.722448454777980587e-03
4.424999999999999767e-02,1.565012999999999987e+00,1.565012999999999987e+00,1.564904808352761689e+00,1.081916472382982164e-04,1.565031171332708748e+00,-1.817133270876070128e-05,1.566730764818794919e+00,-1.717764818794931259e-03
4.449999999999999789e-02,1.565018999999999938e+00,1.565018999999999938e+00,1.564911204139453504e+00,1.077958605464335307e-04,1.565035854304165808e+00,-1.685430416586974900e-05,1.566731087011626222e+00,-1.712087011626284294e-03
4.474999999999999811e-02,1.565023999999999971e+00,1.565023999999999971e+00,1.564917635720450395e+00,1.063642795495756133e-04,1.565040567342935951e+00,-1.656734293598027818e-05,1.566731415099713365e+00,-1.707415099713394113e-03
4.499999999999999833e-02,1.565029999999999921e+00,1.565029999999999921e+00,1.564924103091233976e+00,1.058969087659455965e-04,1.565045310508207610e+00,-1.531050820768875553e-05,1.566731749149886221e+00,-1.701749149886300216e-03
4.524999999999999856e-02,1.565036000000000094e+00,1.565036000000000094e+00,1.564930606247259437e+00,1.053937527406567654e-04,1.565050083859411023e+00,-1.408385941092937799e-05,1.566732089229362357e+00,-1.696089229362263140e-03
4.549999999999999878e-02,1.565040999999999904e+00,1.565040999999999904e+00,1.564937145183956879e+00,1.038548160430252665e-04,1.565054887456216903e+00,-1.388745621699882804e-05,1.566732435405747692e+00,-1.691435405747787613e-03
4.574999999999999900e-02,1.565047000000000077e+00,1.565047000000000077e+00,1.564943719896730423e+00,1.032801032696539778e-04,1.565059721358534439e+00,-1.272135853436218156e-05,1.566732787747037392e+00,-1.685787747037315043e-03
4.599999999999999922e-02,1.565053000000000027e+00,1.565053000000000027e+00,1.564950330380958654e+00,1.026696190413733945e-04,1.565064585626510851e+00,-1.158562651082384320e-05,1.566733146321614312e+00,-1.680146321614284233e-03
4.624999999999999944e-02,1.565058999999999978e+00,1.565058999999999978e+00,1.564956976631994845e+00,1.020233680051330083e-04,1.565069480320528506e+00,-1.048032052852754248e-05,1.566733511198252105e+00,-1.674511198252126576e-03
4.649999999999999967e-02,1.565064999999999928e+00,1.565064999999999928e+00,1.564963658645165623e+00,1.013413548343056192e-04,1.565074405501204025e+00,-9.405501204096111678e-06,1.566733882446112558e+00,-1.668882446112629481e-03
4.674999999999999989e-02,1.565069999999999961e+00,1.565069999999999961e+00,1.564970376415772746e+00,9.962358422721528939e-05,1.565079361229386956e+00,-9.361229386994907031e-06,1.566734260134747592e+00,-1.664260134747630460e-03
4.700000000000000011e-02,1.565075999999999912e+00,1.565075999999999912e+00,1.564977129939091771e+00,9.887006090814054460e-05,1.565084347566157774e+00,-8.347566157862473801e-06,1.566734644334099036e+00,-1.658644334099124151e-03
4.725000000000000033e-02,1.565082000000000084e+00,1.565082000000000084e+00,1.564983919210373386e+00,9.808078962669775080e-05,1.565089364572826547e+00,-7.364572826462634225e-06,1.566735035114499075e+00,-1.653035114498990765e-03
4.750000000000000056e-02,1.565088000000000035e+00,1.565088000000000035e+00,1.564990744224841634e+00,9.725577515840022613e-05,1.565094412310931160e+00,-6.412310931125375646e-06,1.566735432546670026e+00,-1.647432546669991282e-03
4.775000000000000078e-02,1.565093999999999985e+00,1.565093999999999985e+00,1.564997604977695245e+00,9.639502230474050748e-05,1.565099490842235985e+00,-5.490842236000048615e-06,1.566735836701725448e+00,-1.641836701725463143e-03
4.800000000000000100e-02,1.565099999999999936e+00,1.565099999999999936e+00,1.565004501464107411e+00,9.549853589252421671e-05,1.565104600228730103e+00,-4.600228730167188473e-06,1.566736247651169700e+00,-1.636247651169764339e-03
4.825000000000000122e-02,1.565106000000000108e+00,1.565106000000000108e+00,1.565011433679225572e+00,9.456632077453619445e-05,1.565109740532625526e+00,-3.740532625418069301e-06,1.566736665466898604e+00,-1.630665466898495453e-03
4.850000000000000144e-02,1.565112000000000059e+00,1.565112000000000059e+00,1.565018401618171184e+00,9.359838182887436631e-05,1.565114911816356313e+00,-2.911816356254703919e-06,1.566737090221199002e+00,-1.625090221198943752e-03
4.875000000000000167e-02,1.565118999999999927e+00,1.565118999999999927e+00,1.565025405276040615e+00,9.359472395931156541e-05,1.565120114142575902e+00,-1.114142575975307636e-06,1.566737521986750981e+00,-1.618521986751053632e-03
4.900000000000000189e-02,1.565125000000000099e+00,1.565125000000000099e+00,1.565032444647904031e+00,9.255535209606868818e-05,1.565125347574156223e+00,-3.475741561231870946e-07,1.566737960836624977e+00,-1.612960836624877103e-03
4.925000000000000211e-02,1.565131000000000050e+00,1.565131000000000050e+00,1.565039519728806283e+00,9.148027119376678229e-05,1.565130612174185698e+00,3.878258143519275336e-07,1.566738406844285780e+00,-1.607406844285730330e-03
4.950000000000000233e-02,1.565137000000000000e+00,1.565137000000000000e+00,1.565046630513766024e+00,9.036948623397655922e-05,1.565135908005967913e+00,1.091994032087484356e-06,1.566738860083588758e+00,-1.601860083588757533e-03
4.975000000000000255e-02,1.565142999999999951e+00,1.565142999999999951e+00,1.565053776997776591e+00,8.922300222335977082e-05,1.565141235133019837e+00,1.764866980114021544e-06,1.566739320628784293e+00,-1.596320628784342333e-03
5.000000000000000278e-02,1.565150000000000041e+00,1.565150000000000041e+00,1.565060959175805788e+00,8.904082419425307648e-05,1.565146593619070048e+00,3.406380929993346740e-06,1.566739788554515345e+00,-1.589788554515303431e-03
5.025000000000000300e-02,1.565155999999999992e+00,1.565155999999999992e+00,1.565068177042795439e+00,8.782295720455302046e-05,1.565151983528056956e+00,4.016471943035782033e-06,1.566740263935817667e+00,-1.584263935817675772e-03
5.050000000000000322e-02,1.565161999999999942e+00,1.565161999999999942e+00,1.565075430593661610e+00,8.656940633833265508e-05,1.565157404924127027e+00,4.595075872915188597e-06,1.566740746848122257e+00,-1.578746848122314361e-03
5.075000000000000344e-02,1.565169000000000032e+00,1.565169000000000032e+00,1.565082719823295276e+00,8.628017670475607304e-05,1.565162857871634339e+00,6.142128365693722003e-06,1.566741237367253348e+00,-1.572237367253315199e-03
5.099999999999999672e-02,1.565174999999999983e+00,1.565174999999999983e+00,1.565090044726560770e+00,8.495527343921338570e-05,1.565168342435136584e+00,6.657564863399301203e-06,1.566741735569429750e+00,-1.566735569429766883e-03
5.124999999999999695e-02,1.565182000000000073e+00,1.565182000000000073e+00,1.565097405298297772e+00,8.459470170230076747e-05,1.565173858679395735e+00,8.141320604337920486e-06,1.566742241531265734e+00,-1.560241531265660342e-03
5.149999999999999717e-02,1.565188000000000024e+00,1.565188000000000024e+00,1.565104801533319323e+00,8.319846668070063345e-05,1.565179406669374496e+00,8.593330625528139421e-06,1.566742755329769698e+00,-1.554755329769674788e-03
5.174999999999999739e-02,1.565194999999999892e+00,1.565194999999999892e+00,1.565112233426413368e+00,8.276657358652350638e-05,1.565184986470236073e+00,1.001352976381930659e-05,1.566743277042345950e+00,-1.548277042346057897e-03
5.199999999999999761e-02,1.565201000000000064e+00,1.565201000000000064e+00,1.565119700972342320e+00,8.129902765774410511e-05,1.565190598147340850e+00,1.040185265921422797e-05,1.566743806746794254e+00,-1.542806746794189721e-03
5.224999999999999784e-02,1.565207999999999933e+00,1.565207999999999933e+00,1.565127204165842389e+00,8.079583415754321152e-05,1.565196241766246166e+00,1.175823375376694457e-05,1.566744344521310728e+00,-1.536344521310795130e-03
5.249999999999999806e-02,1.565214000000000105e+00,1.565214000000000105e+00,1.565134743001624251e+00,7.925699837585398200e-05,1.565201917392703423e+00,1.208260729668175770e-05,1.566744890444487170e+00,-1.530890444487065238e-03
5.274999999999999828e-02,1.565220999999999973e+00,1.565220999999999973e+00,1.565142317474373046e+00,7.868252562692745755e-05,1.565207625092657429e+00,1.337490734254487279e-05,1.566745444595312176e+00,-1.524444595312202111e-03
5.299999999999999850e-02,1.565228000000000064e+00,1.565228000000000064e+00,1.565149927578748379e+00,7.807242125168478708e-05,1.565213364932243501e+00,1.463506775656320258e-05,1.566746007053171574e+00,-1.518007053171510634e-03
5.324999999999999872e-02,1.565234000000000014e+00,1.565234000000000014e+00,1.565157573309383654e+00,7.642669061636020444e-05,1.565219136977786363e+00,1.486302221365143339e-05,1.566746577897847992e+00,-1.512577897847977582e-03
5.349999999999999895e-02,1.565241000000000104e+00,1.565241000000000104e+00,1.565165254660886962e+00,7.574533911314240697e-05,1.565224941295797700e+00,1.605870420240407270e-05,1.566747157209521735e+00,-1.506157209521630236e-03
5.374999999999999917e-02,1.565247999999999973e+00,1.565247999999999973e+00,1.565172971627840637e+00,7.502837215933588766e-05,1.565230777952975938e+00,1.722204702403473675e-05,1.566747745068770792e+00,-1.499745068770819145e-03
5.399999999999999939e-02,1.565255000000000063e+00,1.565255000000000063e+00,1.565180724204801477e+00,7.427579519858618085e-05,1.565236647016202465e+00,1.835298379759819909e-05,1.566748341556571056e+00,-1.493341556570992879e-03
5.424999999999999961e-02,1.565261000000000013e+00,1.565261000000000013e+00,1.565188512386300301e+00,7.248761369971212787e-05,1.565242548552540747e+00,1.845144745926674545e-05,1.566748946754297878e+00,-1.487946754297864160e-03
5.449999999999999983e-02,1.565268000000000104e+00,1.565268000000000104e+00,1.565196336166842395e+00,7.166383315770907814e-05,1.565248482629235216e+00,1.951737076488768707e-05,1.566749560743723846e+00,-1.481560743723742135e-03
5.475000000000000006e-02,1.565274999999999972e+00,1.565274999999999972e+00,1.565204195540907506e+00,7.080445909246613212e-05,1.565254449313707719e+00,2.055068629225331733e-05,1.566750183607022118e+00,-1.475183607022145793e-03
5.500000000000000028e-02,1.565282000000000062e+00,1.565282000000000062e+00,1.565212090502949405e+00,6.990949705065752084e-05,1.565260448673557514e+00,2.155132644254820207e-05,1.566750815426763976e+00,-1.468815426763914189e-03
5.525000000000000050e-02,1.565288999999999930e+00,1.565288999999999930e+00,1.565220021047396326e+00,6.897895260360442649e-05,1.565266480776558389e+00,2.251922344154166922e-05,1.566751456285921718e+00,-1.462456285921787114e-03
5.550000000000000072e-02,1.565296000000000021e+00,1.565296000000000021e+00,1.565227987168650747e+00,6.801283134927338381e-05,1.565272545690656436e+00,2.345430934358461172e-05,1.566752106267866207e+00,-1.456106267866186244e-03
5.575000000000000094e-02,1.565303000000000111e+00,1.565303000000000111e+00,1.565235988861089611e+00,6.701113891049992333e-05,1.565278643483969390e+00,2.435651603072130911e-05,1.566752765456370433e+00,-1.449765456370322170e-03
5.600000000000000117e-02,1.565309999999999979e+00,1.565309999999999979e+00,1.565244026119064102e+00,6.597388093587674973e-05,1.565284774224784181e+00,2.522577521579805193e-05,1.566753433935606177e+00,-1.443433935606197593e-03
5.625000000000000139e-02,1.565317000000000069e+00,1.565317000000000069e+00,1.565252098936899650e+00,6.490106310041987570e-05,1.565290937981554276e+00,2.606201844579381088e-05,1.566754111790147785e+00,-1.437111790147715951e-03
5.650000000000000161e-02,1.565323999999999938e+00,1.565323999999999938e+00,1.565260207308896145e+00,6.379269110379226504e-05,1.565297134822899672e+00,2.686517710026592454e-05,1.566754799104970175e+00,-1.430799104970237323e-03
5.675000000000000183e-02,1.565331999999999946e+00,1.565331999999999946e+00,1.565268351229327726e+00,6.364877067221996754e-05,1.565303364817602683e+00,2.863518239726303705e-05,1.566755495965449940e+00,-1.423495965449994571e-03
5.700000000000000205e-02,1.565339000000000036e+00,1.565339000000000036e+00,1.565276530692442769e+00,6.246930755726687323e-05,1.565309628034608158e+00,2.937196539187780786e-05,1.566756202457366465e+00,-1.417202457366428803e-03
5.725000000000000228e-02,1.565345999999999904e+00,1.565345999999999904e+00,1.565284745692463897e+00,6.125430753600724643e-05,1.565315924543019932e+00,3.007545697997215939e-05,1.566756918666900367e+00,-1.410918666900462526e-03
5.750000000000000250e-02,1.565352999999999994e+00,1.565352999999999994e+00,1.565292996223588418e+00,6.000377641157683684e-05,1.565322254412100156e+00,3.074558789983861118e-05,1.566757644680635941e+00,-1.404644680635946941e-03
5.775000000000000272e-02,1.565360000000000085e+00,1.565360000000000085e+00,1.565301282279987438e+00,5.871772001264652374e-05,1.565328617711266190e+00,3.138228873389437013e-05,1.566758380585560273e+00,-1.398380585560188294e-03
5.800000000000000294e-02,1.565368000000000093e+00,1.565368000000000093e+00,1.565309603855806975e+00,5.839614419311800475e-05,1.565335014510090161e+00,3.298548990993133145e-05,1.566759126469063235e+00,-1.391126469063141968e-03
5.825000000000000316e-02,1.565374999999999961e+00,1.565374999999999961e+00,1.565317960945166842e+00,5.703905483311899616e-05,1.565341444878295185e+00,3.355512170477581435e-05,1.566759882418939265e+00,-1.384882418939303861e-03
5.850000000000000339e-02,1.565382000000000051e+00,1.565382000000000051e+00,1.565326353542161320e+00,5.564645783873167773e-05,1.565347908885755146e+00,3.409111424490518516e-05,1.566760648523386257e+00,-1.378648523386205582e-03
5.874999999999999667e-02,1.565390000000000059e+00,1.565390000000000059e+00,1.565334781640859152e+00,5.521835914090722497e-05,1.565354406602491588e+00,3.559339750847101413e-05,1.566761424871006669e+00,-1.371424871006610147e-03
5.899999999999999689e-02,1.565396999999999927e+00,1.565396999999999927e+00,1.565343245235303549e+00,5.375476469637874288e-05,1.565360938098672161e+00,3.606190132776632140e-05,1.566762211550807971e+00,-1.365211550808043128e-03
5.924999999999999711e-02,1.565404999999999935e+00,1.565404999999999935e+00,1.565351744319511296e+00,5.325568048863971171e-05,1.565367503444608621e+00,3.749655539131424575e-05,1.566763008652202860e+00,-1.358008652202924438e-03
5.949999999999999734e-02,1.565412000000000026e+00,1.565412000000000026e+00,1.565360278887474088e+00,5.172111252593758479e-05,1.565374102710755055e+00,3.789728924497026696e-05,1.566763816265008602e+00,-1.351816265008576323e-03
5.974999999999999756e-02,1.565420000000000034e+00,1.565420000000000034e+00,1.565368848933158086e+00,5.115106684194792308e-05,1.565380735967705217e+00,3.926403229481678636e-05,1.566764634479449247e+00,-1.344634479449213771e-03
5.999999999999999778e-02,1.565426999999999902e+00,1.565426999999999902e+00,1.565377454450503469e+00,4.954554949643252826e-05,1.565387403286191415e+00,3.959671380848739375e-05,1.566765463386154966e+00,-1.338463386155064327e-03
6.024999999999999800e-02,1.565434999999999910e+00,1.565434999999999910e+00,1.565386095433424440e+00,4.890456657546948804e-05,1.565394104737081848e+00,4.089526291806144798e-05,1.566766303076161382e+00,-1.331303076161471921e-03
6.049999999999999822e-02,1.565442999999999918e+00,1.565442999999999918e+00,1.565394771875810331e+00,4.822812418958655201e-05,1.565400840391378612e+00,4.215960862130607723e-05,1.566767153640912458e+00,-1.324153640912539842e-03
6.074999999999999845e-02,1.565450000000000008e+00,1.565450000000000008e+00,1.565403483771523829e+00,4.651622847617886691e-05,1.565407610320216358e+00,4.238967978364982514e-05,1.566768015172258055e+00,-1.318015172258046874e-03
6.099999999999999867e-02,1.565458000000000016e+00,1.565458000000000016e+00,1.565412231114402974e+00,4.576888559704173076e-05,1.565414414594859194e+00,4.358540514082243078e-05,1.566768887762456819e+00,-1.310887762456802719e-03
6.124999999999999889e-02,1.565466000000000024e+00,1.565466000000000024e+00,1.565421013898258940e+00,4.498610174108463866e-05,1.565421253286699566e+00,4.474671330045865147e-05,1.566769771504174846e+00,-1.303771504174822127e-03
6.149999999999999911e-02,1.565474000000000032e+00,1.565474000000000032e+00,1.565429832116878250e+00,4.416788312178177023e-05,1.565428126467255598e+00,4.587353274443373152e-05,1.566770666490486130e+00,-1.296666490486098056e-03
6.174999999999999933e-02,1.565480999999999900e+00,1.565480999999999900e+00,1.565438685764021232e+00,4.231423597866879049e-05,1.565435034208169318e+00,4.596579183058224771e-05,1.566771572814874336e+00,-1.290572814874435537e-03
6.199999999999999956e-02,1.565488999999999908e+00,1.565488999999999908e+00,1.565447574833422673e+00,4.142516657723582796e-05,1.565441976581204431e+00,4.702341879547766723e-05,1.566772490571231247e+00,-1.283490571231338251e-03
6.224999999999999978e-02,1.565496999999999916e+00,1.565496999999999916e+00,1.565456499318791606e+00,4.050068120831085139e-05,1.565448953658244990e+00,4.804634175492594750e-05,1.566773419853858984e+00,-1.276419853859067643e-03
6.250000000000000000e-02,1.565504999999999924e+00,1.565504999999999924e+00,1.565465459213811528e+00,3.954078618839673709e-05,1.565455965511291625e+00,4.903448870829940631e-05,1.566774360757468454e+00,-1.269360757468529499e-03
6.275000000000000022e-02,1.565512999999999932e+00,1.565512999999999932e+00,1.565474454512139735e+00,3.854548786019762474e-05,1.565463012212461313e+00,4.998778753861898849e-05,1.566775313377181567e+00,-1.262313377181634166e-03
6.300000000000000044e-02,1.565520999999999940e+00,1.565520999999999940e+00,1.565483485207408654e+00,3.751479259128664978e-05,1.565470093833983833e+00,5.090616601610697955e-05,1.566776277808530793e+00,-1.255277808530852468e-03
6.325000000000000067e-02,1.565528999999999948e+00,1.565528999999999948e+00,1.565492551293224288e+00,3.644870677566025563e-05,1.565477210448200873e+00,5.178955179907518414e-05,1.566777254147458720e+00,-1.248254147458771612e-03
6.350000000000000089e-02,1.565536999999999956e+00,1.565536999999999956e+00,1.565501652763167550e+00,3.534723683240592607e-05,1.565484362127562479e+00,5.263787243747763966e-05,1.566778242490320494e+00,-1.241242490320537684e-03
6.375000000000000111e-02,1.565544999999999964e+00,1.565544999999999964e+00,1.565510789610793152e+00,3.421038920681240825e-05,1.565491548944626832e+00,5.345105537313266097e-05,1.566779242933881600e+00,-1.234242933881635196e-03
6.400000000000000133e-02,1.565552999999999972e+00,1.565552999999999972e+00,1.565519961829630713e+00,3.303817036925948969e-05,1.565498770972056031e+00,5.422902794394168779e-05,1.566780255575320968e+00,-1.227255575320995717e-03
6.425000000000000155e-02,1.565560999999999980e+00,1.565560999999999980e+00,1.565529169413183430e+00,3.183058681655026589e-05,1.565506028282615425e+00,5.497171738455541856e-05,1.566781280512228758e+00,-1.220280512228777425e-03
6.450000000000000178e-02,1.565568999999999988e+00,1.565568999999999988e+00,1.565538412354929410e+00,3.058764507057887272e-05,1.565513320949170728e+00,5.567905082926039029e-05,1.566782317842609240e+00,-1.213317842609251684e-03
6.475000000000000200e-02,1.565576999999999996e+00,1.565576999999999996e+00,1.565547690648320778e+00,2.930935167921866480e-05,1.565520649044686241e+00,5.635095531375533540e-05,1.566783367664878579e+00,-1.206367664878582602e-03
6.500000000000000222e-02,1.565585999999999922e+00,1.565585999999999922e+00,1.565557004286784348e+00,2.899571321557381509e-05,1.565528012642222633e+00,5.798735777728936114e-05,1.566784430077867274e+00,-1.198430077867351784e-03
6.525000000000000244e-02,1.565593999999999930e+00,1.565593999999999930e+00,1.565566353263720512e+00,2.764673627941860445e-05,1.565535411814934497e+00,5.858818506543350679e-05,1.566785505180820159e+00,-1.191505180820229270e-03
6.550000000000000266e-02,1.565601999999999938e+00,1.565601999999999938e+00,1.565575737572504567e+00,2.626242749537155419e-05,1.565542846636068353e+00,5.915336393158554529e-05,1.566786593073396183e+00,-1.184593073396245089e-03
6.575000000000000289e-02,1.565611000000000086e+00,1.565611000000000086e+00,1.565585157206486278e+00,2.584279351380835976e-05,1.565550317178960205e+00,6.068282103988131837e-05,1.566787693855669072e+00,-1.176693855668986544e-03
6.600000000000000311e-02,1.565619000000000094e+00,1.565619000000000094e+00,1.565594612158988985e+00,2.438784101110869074e-05,1.565557823517033986e+00,6.117648296610767034e-05,1.566788807628127556e+00,-1.169807628127461641e-03
6.625000000000000333e-02,1.565627000000000102e+00,1.565627000000000102e+00,1.565604102423311383e+00,2.289757668871850171e-05,1.565565365723798674e+00,6.163427620142769570e-05,1.566789934491676028e+00,-1.162934491675926552e-03
6.650000000000000355e-02,1.565636000000000028e+00,1.565636000000000028e+00,1.565613627992725299e+00,2.237200727472909989e-05,1.565572943872846068e+00,6.305612715395980672e-05,1.566791074547635665e+00,-1.155074547635637217e-03
6.675000000000000377e-02,1.565644000000000036e+00,1.565644000000000036e+00,1.565623188860477688e+00,2.081113952234758813e-05,1.565580558037849235e+00,6.344196215080089019e-05,1.566792227897743084e+00,-1.148227897743048231e-03
6.700000000000000400e-02,1.565652999999999961e+00,1.565652999999999961e+00,1.565632785019789974e+00,2.021498020998713230e-05,1.565588208292559624e+00,6.479170744033702078e-05,1.566793394644152349e+00,-1.140394644152387116e-03
6.725000000000000422e-02,1.565660999999999969e+00,1.565660999999999969e+00,1.565642416463856934e+00,1.858353614303531742e-05,1.565595894710804847e+00,6.510528919512204027e-05,1.566794574889434077e+00,-1.133574889434108002e-03
6.750000000000000444e-02,1.565669999999999895e+00,1.565669999999999895e+00,1.565652083185848475e+00,1.791681415141965772e-05,1.565603617366486899e+00,6.638263351299578119e-05,1.566795768736577221e+00,-1.125768736577326123e-03
6.775000000000000466e-02,1.565677999999999903e+00,1.565677999999999903e+00,1.565661785178908749e+00,1.621482109115390813e-05,1.565611376333579496e+00,6.662366642040673526e-05,1.566796976288988397e+00,-1.118976288988493550e-03
6.800000000000000488e-02,1.565687000000000051e+00,1.565687000000000051e+00,1.565671522436155927e+00,1.547756384412402042e-05,1.565619171686125632e+00,6.782831387441845550e-05,1.566798197650492996e+00,-1.111197650492945499e-03
6.825000000000000511e-02,1.565695999999999977e+00,1.565695999999999977e+00,1.565681294950682867e+00,1.470504931710969743e-05,1.565627003498236025e+00,6.899650176395155654e-05,1.566799432925334967e+00,-1.103432925334990600e-03
6.850000000000000533e-02,1.565703999999999985e+00,1.565703999999999985e+00,1.565691102715556005e+00,1.289728444398008378e-05,1.565634871844085563e+00,6.912815591442189600e-05,1.566800682218177476e+00,-1.096682218177491563e-03
6.875000000000000555e-02,1.565712999999999910e+00,1.565712999999999910e+00,1.565700945723817128e+00,1.205427618278243074e-05,1.565642776797913083e+00,7.022320208682764076e-05,1.566801945634104243e+00,-1.088945634104332427e-03
6.900000000000000577e-02,1.565722000000000058e+00,1.565722000000000058e+00,1.565710823968481602e+00,1.117603151845614207e-05,1.565650718434016486e+00,7.128156598357193729e-05,1.566803223278617763e+00,-1.081223278617704509e-03
6.925000000000000600e-02,1.565730000000000066e+00,1.565730000000000066e+00,1.565720737442539257e+00,9.262557460809617282e-06,1.565658696826752294e+00,7.130317324777202259e-05,1.566804515257641750e+00,-1.074515257641683874e-03
6.950000000000000622e-02,1.565738999999999992e+00,1.565738999999999992e+00,1.565730686138954608e+00,8.313861045383674764e-06,1.565666712050532983e+00,7.228794946700922708e-05,1.566805821677521360e+00,-1.066821677521367917e-03
6.975000000000000644e-02,1.565747999999999918e+00,1.565747999999999918e+00,1.565740670050665750e+00,7.329949334167196184e-06,1.565674764179823875e+00,7.323582017604302052e-05,1.566807142645022299e+00,-1.059142645022381757e-03
7.000000000000000666e-02,1.565757000000000065e+00,1.565757000000000065e+00,1.565750689170585686e+00,6.310829414379881541e-06,1.565682853289141585e+00,7.414671085848034693e-05,1.566808478267332827e+00,-1.051478267332761618e-03
7.025000000000000688e-02,1.565765999999999991e+00,1.565765999999999991e+00,1.565760743491601659e+00,5.256508398332471188e-06,1.565690979453051801e+00,7.502054694819015879e-05,1.566809828652063086e+00,-1.043828652063094609e-03
7.049999999999999323e-02,1.565774999999999917e+00,1.565774999999999917e+00,1.565770833006575158e+00,4.166993424759013465e-06,1.565699142746165951e+00,7.585725383396635380e-05,1.566811193907245325e+00,-1.036193907245408496e-03
7.074999999999999345e-02,1.565784000000000065e+00,1.565784000000000065e+00,1.565780957708341914e+00,3.042291658150730882e-06,1.565707343243139427e+00,7.665675686063799787e-05,1.566812574141336345e+00,-1.028574141336280334e-03
7.099999999999999367e-02,1.565792999999999990e+00,1.565792999999999990e+00,1.565791117589711900e+00,1.882410288089886308e-06,1.565715581018669811e+00,7.741898133017954819e-05,1.566813969463215495e+00,-1.020969463215504192e-03
7.124999999999999389e-02,1.565801999999999916e+00,1.565801999999999916e+00,1.565801312643469778e+00,6.873565301379613857e-07,1.565723856147493542e+00,7.814385250637378988e-05,1.566815379982186007e+00,-1.013379982186091155e-03
7.149999999999999412e-02,1.565811000000000064e+00,1.565811000000000064e+00,1.565811542862374228e+00,-5.428623741643434641e-07,1.565732168704383698e+00,7.883129561636614824e-05,1.566816805807975888e+00,-1.005805807975823640e-03
7.174999999999999434e-02,1.565819999999999990e+00,1.565819999999999990e+00,1.565821808239157953e+00,-1.808239157963242860e-06,1.565740518764147993e+00,7.948123585199695640e-05,1.566818247050737911e+00,-9.982470507379215263e-04
7.199999999999999456e-02,1.565828999999999915e+00,1.565828999999999915e+00,1.565832108766528785e+00,-3.108766528869821855e-06,1.565748906401626117e+00,8.009359837379825819e-05,1.566819703821050513e+00,-9.907038210505980658e-04
7.224999999999999478e-02,1.565838000000000063e+00,1.565838000000000063e+00,1.565842444437168357e+00,-4.444437168293902118e-06,1.565757331691687515e+00,8.066830831254812040e-05,1.566821176229917345e+00,-9.831762299172819297e-04
7.249999999999999500e-02,1.565847999999999907e+00,1.565847999999999907e+00,1.565852815243732321e+00,-4.815243732414486999e-06,1.565765794709228498e+00,8.220529077140881213e-05,1.566822664388768160e+00,-9.746643887682537866e-04
7.274999999999999523e-02,1.565857000000000054e+00,1.565857000000000054e+00,1.565863221178851239e+00,-6.221178851184561154e-06,1.565774295529170024e+00,8.270447083003062971e-05,1.566824168409460150e+00,-9.671684094600951909e-04
7.299999999999999545e-02,1.565865999999999980e+00,1.565865999999999980e+00,1.565873662235129471e+00,-7.662235129490824193e-06,1.565782834226455922e+00,8.316577354405829681e-05,1.566825688404276828e+00,-9.596884042768483170e-04
7.324999999999999567e-02,1.565874999999999906e+00,1.565874999999999906e+00,1.565884138405146508e+00,-9.138405146602579521e-06,1.565791410876049561e+00,8.358912395034501230e-05,1.566827224485930037e+00,-9.522244859301309816e-04
7.349999999999999589e-02,1.565884999999999971e+00,1.565884999999999971e+00,1.565894649681454975e+00,-9.649681455003999986e-06,1.565800025552931185e+00,8.497444706878631848e-05,1.566828776767558384e+00,-9.437767675584129989e-04
7.374999999999999611e-02,1.565893999999999897e+00,1.565893999999999897e+00,1.565905196056583071e+00,-1.119605658317368579e-05,1.565808678332096804e+00,8.532166790309325677e-05,1.566830345362729915e+00,-9.363453627300177828e-04
7.399999999999999634e-02,1.565903999999999963e+00,1.565903999999999963e+00,1.565915777523032126e+00,-1.177752303216372809e-05,1.565817369288554195e+00,8.663071144576761640e-05,1.566831930385441662e+00,-9.279303854416998121e-04
7.424999999999999656e-02,1.565913000000000110e+00,1.565913000000000110e+00,1.565926394073278605e+00,-1.339407327849428953e-05,1.565826098497321572e+00,8.690150267853802291e-05,1.566833531950119873e+00,-9.205319501197628540e-04
7.449999999999999678e-02,1.565922000000000036e+00,1.565922000000000036e+00,1.565937045699772989e+00,-1.504569977295311389e-05,1.565834866033424255e+00,8.713396657578087456e-05,1.566835150171619784e+00,-9.131501716197476526e-04
7.474999999999999700e-02,1.565932000000000102e+00,1.565932000000000102e+00,1.565947732394940228e+00,-1.573239494012668160e-05,1.565843671971892670e+00,8.832802810743167754e-05,1.566836785165228507e+00,-9.047851652284055746e-04
7.499999999999999722e-02,1.565941000000000027e+00,1.565941000000000027e+00,1.565958454151179291e+00,-1.745415117926363280e-05,1.565852516387759685e+00,8.848361224034206884e-05,1.566838437046662147e+00,-8.974370466621195419e-04
7.524999999999999745e-02,1.565951000000000093e+00,1.565951000000000093e+00,1.565969210960863611e+00,-1.821096086351836618e-05,1.565861399356057948e+00,8.960064394214484196e-05,1.566840105932069571e+00,-8.891059320694782997e-04
7.549999999999999767e-02,1.565960999999999936e+00,1.565960999999999936e+00,1.565980002816341310e+00,-1.900281634137357401e-05,1.565870320951817884e+00,9.067904818205185791e-05,1.566841791938030859e+00,-8.807919380309225943e-04
7.574999999999999789e-02,1.565970000000000084e+00,1.565970000000000084e+00,1.565990829709934085e+00,-2.082970993400046211e-05,1.565879281250064370e+00,9.071874993571427126e-05,1.566843495181557744e+00,-8.734951815576597056e-04
7.599999999999999811e-02,1.565979999999999928e+00,1.565979999999999928e+00,1.566001691633938542e+00,-2.169163393861417433e-05,1.565888280325814730e+00,9.171967418519777482e-05,1.566845215780094946e+00,-8.652157800950188715e-04
7.624999999999999833e-02,1.565989999999999993e+00,1.565989999999999993e+00,1.566012588580625309e+00,-2.258858062531565736e-05,1.565897318254076298e+00,9.268174592369504694e-05,1.566846953851520619e+00,-8.569538515206254203e-04
7.649999999999999856e-02,1.565998999999999919e+00,1.565998999999999919e+00,1.566023520542239478e+00,-2.452054223955890677e-05,1.565906395109843086e+00,9.260489015683326386e-05,1.566848709514146121e+00,-8.497095141462018830e-04
7.674999999999999878e-02,1.566008999999999984e+00,1.566008999999999984e+00,1.566034487511000606e+00,-2.548751100062141006e-05,1.565915510968094448e+00,9.348903190553592424e-05,1.566850482886717133e+00,-8.414828867171486593e-04
7.699999999999999900e-02,1.566019000000000050e+00,1.566019000000000050e+00,1.566045489479102049e+00,-2.648947910199872524e-05,1.565924665903791091e+00,9.433409620895893966e-05,1.566852274088413655e+00,-8.332740884136047299e-04
7.724999999999999922e-02,1.566028999999999893e+00,1.566028999999999893e+00,1.566056526438712071e+00,-2.752643871217763660e-05,1.565933859991873733e+00,9.514000812615996949e-05,1.566854083238851114e+00,-8.250832388512208126e-04
7.749999999999999944e-02,1.566038999999999959e+00,1.566038999999999959e+00,1.566067598381972736e+00,-2.859838197277753125e-05,1.565943093307259781e+00,9.590669274017749046e-05,1.566855910458080370e+00,-8.169104580804109617e-04
7.774999999999999967e-02,1.566049000000000024e+00,1.566049000000000024e+00,1.566078705301000795e+00,-2.970530100077084512e-05,1.565952365924840883e+00,9.663407515914101964e-05,1.566857755866587487e+00,-8.087558665874627906e-04
7.799999999999999989e-02,1.566059000000000090e+00,1.566059000000000090e+00,1.566089847187887241e+00,-3.084718788715079540e-05,1.565961677919480266e+00,9.732208051982382813e-05,1.566859619585296404e+00,-8.006195852963138293e-04
7.825000000000000011e-02,1.566068999999999933e+00,1.566068999999999933e+00,1.566101024034697087e+00,-3.202403469715342510e-05,1.565971029366010514e+00,9.797063398941929790e-05,1.566861501735567153e+00,-7.925017355672192565e-04
7.850000000000000033e-02,1.566078999999999999e+00,1.566078999999999999e+00,1.566112235833470034e+00,-3.323583347003555843e-05,1.565980420339230017e+00,9.857966076998181393e-05,1.566863402439197417e+00,-7.844024391974180332e-04
7.875000000000000056e-02,1.566089000000000064e+00,1.566089000000000064e+00,1.566123482576220249e+00,-3.448257622018502389e-05,1.565989850913901860e+00,9.914908609820471952e-05,1.566865321818422974e+00,-7.763218184229092600e-04
7.900000000000000078e-02,1.566098999999999908e+00,1.566098999999999908e+00,1.566134764254935474e+00,-3.576425493556634194e-05,1.565999321164749380e+00,9.967883525052734228e-05,1.566867259995917916e+00,-7.682599959180080873e-04
7.925000000000000100e-02,1.566108999999999973e+00,1.566108999999999973e+00,1.566146080861578360e+00,-3.708086157838685892e-05,1.566008831166455062e+00,1.001688335449113509e-04,1.566869217094795763e+00,-7.602170947957898051e-04
7.950000000000000122e-02,1.566119000000000039e+00,1.566119000000000039e+00,1.566157432388086024e+00,-3.843238808598492540e-05,1.566018380993656756e+00,1.006190063432832460e-04,1.566871193238608795e+00,-7.521932386087559763e-04
7.975000000000000144e-02,1.566129000000000104e+00,1.566129000000000104e+00,1.566168818826369158e+00,-3.981882636905353934e-05,1.566027970720945683e+00,1.010292790544209396e-04,1.566873188551350493e+00,-7.441885513503887495e-04
8.000000000000000167e-02,1.566138999999999948e+00,1.566138999999999948e+00,1.566180240168313587e+00,-4.124016831363874758e-05,1.566037600422863330e+00,1.013995771366182908e-04,1.566875203157453322e+00,-7.362031574533745015e-04
8.025000000000000189e-02,1.566149999999999931e+00,1.566149999999999931e+00,1.566191696405778933e+00,-4.169640577900146639e-05,1.566047270173899442e+00,1.027298261004894186e-04,1.566877237181791394e+00,-7.272371817914624614e-04
8.050000000000000211e-02,1.566159999999999997e+00,1.566159999999999997e+00,1.566203187530599283e+00,-4.318753059928681637e-05,1.566056980048488256e+00,1.030199515117402598e-04,1.566879290749681131e+00,-7.192907496811340451e-04
8.075000000000000233e-02,1.566170000000000062e+00,1.566170000000000062e+00,1.566214713534582970e+00,-4.471353458290749927e-05,1.566066730121006723e+00,1.032698789933395034e-04,1.566881363986879716e+00,-7.113639868796539645e-04
8.100000000000000255e-02,1.566179999999999906e+00,1.566179999999999906e+00,1.566226274409512786e+00,-4.627440951288086524e-05,1.566076520465771393e+00,1.034795342285121933e-04,1.566883457019587533e+00,-7.034570195876277410e-04
8.125000000000000278e-02,1.566191000000000111e+00,1.566191000000000111e+00,1.566237870147145994e+00,-4.687014714588322306e-05,1.566086351157035761e+00,1.046488429643499529e-04,1.566885569974448167e+00,-6.945699744480560156e-04
8.150000000000000300e-02,1.566200999999999954e+00,1.566200999999999954e+00,1.566249500739213651e+00,-4.850073921369713048e-05,1.566096222268987592e+00,1.047777310123620964e-04,1.566887702978548624e+00,-6.867029785486700177e-04
8.175000000000000322e-02,1.566211999999999938e+00,1.566211999999999938e+00,1.566261166177421504e+00,-4.916617742156681459e-05,1.566106133875746043e+00,1.058661242538949665e-04,1.566889856159419336e+00,-6.778561594193988071e-04
8.200000000000000344e-02,1.566222000000000003e+00,1.566222000000000003e+00,1.566272866453449319e+00,-5.086645344931639556e-05,1.566116086051358991e+00,1.059139486410121123e-04,1.566892029645037043e+00,-6.700296450370402113e-04
8.225000000000000366e-02,1.566232999999999986e+00,1.566232999999999986e+00,1.566284601558951994e+00,-5.160155895200801979e-05,1.566126078869800597e+00,1.069211301993888696e-04,1.566894223563821464e+00,-6.612235638214780664e-04
8.250000000000000389e-02,1.566243000000000052e+00,1.566243000000000052e+00,1.566296371485557559e+00,-5.337148555750736989e-05,1.566136112404967751e+00,1.068875950323011637e-04,1.566896438044639739e+00,-6.534380446396870212e-04
8.275000000000000411e-02,1.566254000000000035e+00,1.566254000000000035e+00,1.566308176224869175e+00,-5.417622486914019930e-05,1.566146186730678291e+00,1.078132693217437321e-04,1.566898673216803761e+00,-6.446732168037261346e-04
8.300000000000000433e-02,1.566264000000000101e+00,1.566264000000000101e+00,1.566320015768464025e+00,-5.601576846392397613e-05,1.566156301920667016e+00,1.076980793330850616e-04,1.566900929210074178e+00,-6.369292100740775453e-04
8.325000000000000455e-02,1.566275000000000084e+00,1.566275000000000084e+00,1.566331890107893976e+00,-5.689010789389215006e-05,1.566166458048584564e+00,1.085419514155194776e-04,1.566903206154656614e+00,-6.282061546565298471e-04
8.350000000000000477e-02,1.566286000000000067e+00,1.566286000000000067e+00,1.566343799234684253e+00,-5.779923468418601828e-05,1.566176655187992761e+00,1.093448120073059471e-04,1.566905504181206110e+00,-6.195041812060431141e-04
8.375000000000000500e-02,1.566295999999999911e+00,1.566295999999999911e+00,1.566355743140335655e+00,-5.974314033574401606e-05,1.566186893412363057e+00,1.091065876368535470e-04,1.566907823420825130e+00,-6.118234208252193440e-04
8.400000000000000522e-02,1.566306999999999894e+00,1.566306999999999894e+00,1.566367721816322556e+00,-6.072181632266193674e-05,1.566197172795073422e+00,1.098272049264714667e-04,1.566910164005065997e+00,-6.031640050661035701e-04
8.425000000000000544e-02,1.566318000000000099e+00,1.566318000000000099e+00,1.566379735254093575e+00,-6.173525409347568882e-05,1.566207493409405682e+00,1.105065905944169202e-04,1.566912526065928901e+00,-5.945260659288020832e-04
8.450000000000000566e-02,1.566329000000000082e+00,1.566329000000000082e+00,1.566391783445072017e+00,-6.278344507193445168e-05,1.566217855328541964e+00,1.111446714581187933e-04,1.566914909735865669e+00,-5.859097358655862564e-04
8.475000000000000588e-02,1.566340000000000066e+00,1.566340000000000066e+00,1.566403866380655208e+00,-6.386638065514205209e-05,1.566228258625562475e+00,1.117413744375905793e-04,1.566917315147777545e+00,-5.773151477774796092e-04
8.500000000000000611e-02,1.566349999999999909e+00,1.566349999999999909e+00,1.566415984052215160e+00,-6.598405221525105446e-05,1.566238703373442842e+00,1.112966265570669577e-04,1.566919742435017415e+00,-5.697424350175062102e-04
8.525000000000000633e-02,1.566360999999999892e+00,1.566360999999999892e+00,1.566428136451097686e+00,-6.713645109779342590e-05,1.566249189645050555e+00,1.118103549493376647e-04,1.566922191731389580e+00,-5.611917313896874759e-04
8.550000000000000655e-02,1.566372000000000098e+00,1.566372000000000098e+00,1.566440323568623283e+00,-6.832356862318533786e-05,1.566259717513142968e+00,1.122824868571292711e-04,1.566924663171150423e+00,-5.526631711503249278e-04
8.575000000000000677e-02,1.566383000000000081e+00,1.566383000000000081e+00,1.566452545396086693e+00,-6.954539608661214345e-05,1.566270287050363752e+00,1.127129496363288297e-04,1.566927156889008854e+00,-5.441568890087733479e-04
8.599999999999999312e-02,1.566394000000000064e+00,1.566394000000000064e+00,1.566464801924757122e+00,-7.080192475705793242e-05,1.566280898329239779e+00,1.131016707602849891e-04,1.566929673020127645e+00,-5.356730201275805570e-04
8.624999999999999334e-02,1.566405000000000047e+00,1.566405000000000047e+00,1.566477093145877575e+00,-7.209314587752757575e-05,1.566291551422179129e+00,1.134485778209182172e-04,1.566932211700122979e+00,-5.272117001229315036e-04
8.649999999999999356e-02,1.566416999999999948e+00,1.566416999999999948e+00,1.566489419050665743e+00,-7.241905066579512606e-05,1.566302246401467979e+00,1.147535985319692031e-04,1.566934773065065345e+00,-5.177730650653966649e-04
8.674999999999999378e-02,1.566427999999999932e+00,1.566427999999999932e+00,1.566501779630314006e+00,-7.377963031407475114e-05,1.566312983339267051e+00,1.150166607328806379e-04,1.566937357251480423e+00,-5.093572514804911577e-04
8.699999999999999400e-02,1.566438999999999915e+00,1.566438999999999915e+00,1.566514174875988319e+00,-7.517487598840411067e-05,1.566323762307608725e+00,1.152376923911901940e-04,1.566939964396349305e+00,-5.009643963493903840e-04
8.724999999999999423e-02,1.566449999999999898e+00,1.566449999999999898e+00,1.566526604778829102e+00,-7.660477882920346815e-05,1.566334583378395484e+00,1.154166216044139048e-04,1.566942594637109387e+00,-4.925946371094891418e-04
8.749999999999999445e-02,1.566461000000000103e+00,1.566461000000000103e+00,1.566539069329951905e+00,-7.806932995180204671e-05,1.566345446623395254e+00,1.155533766048488786e-04,1.566945248111654587e+00,-4.842481116544838926e-04
8.774999999999999467e-02,1.566472000000000087e+00,1.566472000000000087e+00,1.566551568520445414e+00,-7.956852044532780610e-05,1.566356352114239181e+00,1.156478857609055666e-04,1.566947924958335792e+00,-4.759249583357050284e-04
8.799999999999999489e-02,1.566483999999999988e+00,1.566483999999999988e+00,1.566564102341373221e+00,-8.010234137323379855e-05,1.566367299922419187e+00,1.167000775808002544e-04,1.566950625315962409e+00,-4.666253159624211833e-04
8.824999999999999512e-02,1.566494999999999971e+00,1.566494999999999971e+00,1.566576670783773606e+00,-8.167078377363523600e-05,1.566378290119283978e+00,1.167098807159927532e-04,1.566953349323801259e+00,-4.583493238012881221e-04
8.849999999999999534e-02,1.566505999999999954e+00,1.566505999999999954e+00,1.566589273838658425e+00,-8.327383865847082234e-05,1.566389322776037041e+00,1.166772239629132457e-04,1.566956097121578795e+00,-4.500971215788407420e-04
8.874999999999999556e-02,1.566518000000000077e+00,1.566518000000000077e+00,1.566601911497014221e+00,-8.391149701414413187e-05,1.566400397963733093e+00,1.176020362669838448e-04,1.566958868849481101e+00,-4.408688494810242275e-04
8.899999999999999578e-02,1.566529000000000060e+00,1.566529000000000060e+00,1.566614583749801781e+00,-8.558374980172089863e-05,1.566411515753274974e+00,1.174842467250858391e-04,1.566961664648153674e+00,-4.326646481536133848e-04
8.924999999999999600e-02,1.566540999999999961e+00,1.566540999999999961e+00,1.566627290587956356e+00,-8.629058795639465984e-05,1.566422676215411203e+00,1.183237845887585848e-04,1.566964484658703860e+00,-4.234846587038987309e-04
8.949999999999999623e-02,1.566551999999999945e+00,1.566551999999999945e+00,1.566640032002387217e+00,-8.803200238727271199e-05,1.566433879420733088e+00,1.181205792668560406e-04,1.566967329022699085e+00,-4.153290226991401823e-04
8.974999999999999645e-02,1.566564000000000068e+00,1.566564000000000068e+00,1.566652807983978324e+00,-8.880798397825628854e-05,1.566445125439670516e+00,1.188745603295515707e-04,1.566970197882169735e+00,-4.061978821696676789e-04
8.999999999999999667e-02,1.566575000000000051e+00,1.566575000000000051e+00,1.566665618523587877e+00,-9.061852358782651606e-05,1.566456414342490389e+00,1.185856575096622123e-04,1.566973091379607608e+00,-3.980913796075569167e-04
9.024999999999999689e-02,1.566586999999999952e+00,1.566586999999999952e+00,1.566678463612047878e+00,-9.146361204792619048e-05,1.566467746199292632e+00,1.192538007073196127e-04,1.566976009657968572e+00,-3.890096579686197487e-04
9.049999999999999711e-02,1.566599000000000075e+00,1.566599000000000075e+00,1.566691343240165235e+00,-9.234324016516026745e-05,1.566479121080007753e+00,1.198789199923222526e-04,1.566978952860671903e+00,-3.799528606718283186e-04
9.074999999999999734e-02,1.566610000000000058e+00,1.566610000000000058e+00,1.566704257398720879e+00,-9.425739872082061765e-05,1.566490539054393283e+00,1.194609456067752262e-04,1.566981921131600952e+00,-3.719211316008941282e-04
9.099999999999999756e-02,1.566621999999999959e+00,1.566621999999999959e+00,1.566717206078470426e+00,-9.520607847046669292e-05,1.566502000192031341e+00,1.199998079686181995e-04,1.566984914615103808e+00,-3.629146151038487034e-04
9.124999999999999778e-02,1.566634000000000082e+00,1.566634000000000082e+00,1.566730189270143292e+00,-9.618927014320988178e-05,1.566513504562324854e+00,1.204954376752276346e-04,1.566987933455994408e+00,-3.539334559943263514e-04
9.149999999999999800e-02,1.566645999999999983e+00,1.566645999999999983e+00,1.566743206964443358e+00,-9.720696444337484365e-05,1.566525052234495119e+00,1.209477655048640798e-04,1.566990977799552764e+00,-3.449777995527814056e-04
9.174999999999999822e-02,1.566656999999999966e+00,1.566656999999999966e+00,1.566756259152049191e+00,-9.925915204922475255e-05,1.566536643277578245e+00,1.203567224217216847e-04,1.566994047791525180e+00,-3.370477915252134693e-04
9.199999999999999845e-02,1.566669000000000089e+00,1.566669000000000089e+00,1.566769345823613380e+00,-1.003458236132903636e-04,1.566548277760422270e+00,1.207222395778195789e-04,1.566997143578125806e+00,-3.281435781257169282e-04
9.224999999999999867e-02,1.566680999999999990e+00,1.566680999999999990e+00,1.566782466969762533e+00,-1.014669697625425471e-04,1.566559955751684496e+00,1.210442483154938742e-04,1.567000265306036422e+00,-3.192653060364314399e-04
9.249999999999999889e-02,1.566692999999999891e+00,1.566692999999999891e+00,1.566795622581098169e+00,-1.026225810982772657e-04,1.566571677319827494e+00,1.213226801723976678e-04,1.567003413122407762e+00,-3.104131224078710005e-04
9.274999999999999911e-02,1.566705000000000014e+00,1.566705000000000014e+00,1.566808812648195826e+00,-1.038126481958112635e-04,1.566583442533116877e+00,1.215574668831376215e-04,1.567006587174859078e+00,-3.015871748590637225e-04
9.299999999999999933e-02,1.566716999999999915e+00,1.566716999999999915e+00,1.566822037161605063e+00,-1.050371616051481993e-04,1.566595251459617311e+00,1.217485403826046308e-04,1.567009787611479688e+00,-2.927876114797722806e-04
9.324999999999999956e-02,1.566729000000000038e+00,1.566729000000000038e+00,1.566835296111850351e+00,-1.062961118503125135e-04,1.566607104167190068e+00,1.218958328099706279e-04,1.567013014580828978e+00,-2.840145808289396001e-04
9.349999999999999978e-02,1.566740999999999939e+00,1.566740999999999939e+00,1.566848589489430177e+00,-1.075894894302376059e-04,1.566619000723490140e+00,1.219992765097988041e-04,1.567016268231938403e+00,-2.752682319384636145e-04
9.375000000000000000e-02,1.566753000000000062e+00,1.566753000000000062e+00,1.566861917284817496e+00,-1.089172848174335684e-04,1.566630941195962023e+00,1.220588040380388151e-04,1.567019548714310151e+00,-2.665487143100886414e-04
9.400000000000000022e-02,1.566764999999999963e+00,1.566764999999999963e+00,1.566875279488458839e+00,-1.102794884588753632e-04,1.566642925651837270e+00,1.220743481626929139e-04,1.567022856177918921e+00,-2.578561779189580960e-04
9.425000000000000044e-02,1.566777000000000086e+00,1.566777000000000086e+00,1.566888676090776311e+00,-1.116760907762248678e-04,1.566654954158131607e+00,1.220458418684788882e-04,1.567026190773212369e+00,-2.491907732122822239e-04
9.450000000000000067e-02,1.566789999999999905e+00,1.566789999999999905e+00,1.566902107082165374e+00,-1.121070821654690519e-04,1.566667026781641159e+00,1.229732183587461947e-04,1.567029552651111768e+00,-2.395526511118628576e-04
9.475000000000000089e-02,1.566802000000000028e+00,1.566802000000000028e+00,1.566915572452996175e+00,-1.135724529961468221e-04,1.566679143588939338e+00,1.228564110606900073e-04,1.567032941963012460e+00,-2.309419630124320832e-04
9.500000000000000111e-02,1.566813999999999929e+00,1.566813999999999929e+00,1.566929072193612882e+00,-1.150721936129528444e-04,1.566691304646373961e+00,1.226953536259678401e-04,1.567036358860784739e+00,-2.223588607848103749e-04
9.525000000000000133e-02,1.566826000000000052e+00,1.566826000000000052e+00,1.566942606294334572e+00,-1.166062943345202996e-04,1.566703510020064360e+00,1.224899799356915508e-04,1.567039803496774075e+00,-2.138034967740232162e-04
9.550000000000000155e-02,1.566839000000000093e+00,1.566839000000000093e+00,1.566956174745453900e+00,-1.171747454538074606e-04,1.566715759775896943e+00,1.232402241031493872e-04,1.567043276023802667e+00,-2.042760238025742581e-04
9.575000000000000178e-02,1.566850999999999994e+00,1.566850999999999994e+00,1.566969777537238429e+00,-1.187775372384347605e-04,1.566728053979523416e+00,1.229460204765775444e-04,1.567046776595168778e+00,-1.957765951687839845e-04
9.600000000000000200e-02,1.566864000000000035e+00,1.566864000000000035e+00,1.566983414659929741e+00,-1.194146599297063460e-04,1.566740392696356787e+00,1.236073036432472350e-04,1.567050305364648954e+00,-1.863053646489198911e-04
9.625000000000000222e-02,1.566875999999999935e+00,1.566875999999999935e+00,1.566997086103743886e+00,-1.210861037439503463e-04,1.566752775991568036e+00,1.232240084318991791e-04,1.567053862486496474e+00,-1.778624864965383523e-04
9.650000000000000244e-02,1.566888000000000059e+00,1.566888000000000059e+00,1.567010791858871155e+00,-1.227918588710963377e-04,1.566765203930083450e+00,1.227960699166086300e-04,1.567057448115444895e+00,-1.694481154448368443e-04
9.675000000000000266e-02,1.566901000000000099e+00,1.566901000000000099e+00,1.567024531915475860e+00,-1.235319154757608118e-04,1.566777676576580847e+00,1.233234234192526202e-04,1.567061062406706062e+00,-1.600624067059630562e-04
9.700000000000000289e-02,1.566913999999999918e+00,1.566913999999999918e+00,1.567038306263697223e+00,-1.243062636973046864e-04,1.566790193995486691e+00,1.238060045132272080e-04,1.567064705515972323e+00,-1.507055159724046689e-04
9.725000000000000311e-02,1.566926000000000041e+00,1.566926000000000041e+00,1.567052114893648262e+00,-1.261148936482214822e-04,1.566802756250972539e+00,1.232437490275017922e-04,1.567068377599416307e+00,-1.423775994162657099e-04
9.750000000000000333e-02,1.566939000000000082e+00,1.566939000000000082e+00,1.567065957795416686e+00,-1.269577954166045686e-04,1.566815363406951933e+00,1.236365930481486686e-04,1.567072078813692926e+00,-1.330788136928440224e-04
9.775000000000000355e-02,1.566950999999999983e+00,1.566950999999999983e+00,1.567079834959064444e+00,-1.288349590644610743e-04,1.566828015527077067e+00,1.229844729229156997e-04,1.567075809315938040e+00,-1.248093159380569972e-04
9.800000000000000377e-02,1.566964000000000024e+00,1.566964000000000024e+00,1.567093746374627283e+00,-1.297463746272597973e-04,1.566840712674735681e+00,1.232873252643429396e-04,1.567079569263770900e+00,-1.155692637708760628e-04
9.825000000000000400e-02,1.566977000000000064e+00,1.566977000000000064e+00,1.567107692032116306e+00,-1.306920321162419185e-04,1.566853454913047505e+00,1.235450869525589468e-04,1.567083358815293481e+00,-1.063588152934169528e-04
9.850000000000000422e-02,1.566990000000000105e+00,1.566990000000000105e+00,1.567121671921515746e+00,-1.316719215156414435e-04,1.566866242304860934e+00,1.237576951391705649e-04,1.567087178129092706e+00,-9.717812909260103993e-05
9.875000000000000444e-02,1.567002000000000006e+00,1.567002000000000006e+00,1.567135686032784969e+00,-1.336860327849631602e-04,1.566879074912749914e+00,1.229250872500919911e-04,1.567091027364239775e+00,-8.902736423976875813e-05
9.900000000000000466e-02,1.567015000000000047e+00,1.567015000000000047e+00,1.567149734355857582e+00,-1.347343558575353484e-04,1.566891952799010612e+00,1.230472009894345575e-04,1.567094906680290833e+00,-7.990668029078662471e-05
9.925000000000000488e-02,1.567028000000000088e+00,1.567028000000000088e+00,1.567163816880640992e+00,-1.358168806409043583e-04,1.566904876025658089e+00,1.231239743419987320e-04,1.567098816237289194e+00,-7.081623728910635407e-05
9.950000000000000511e-02,1.567040999999999906e+00,1.567040999999999906e+00,1.567177933597017514e+00,-1.369335970176077666e-04,1.566917844654422964e+00,1.231553455769418548e-04,1.567102756195764224e+00,-6.175619576431756741e-05
9.975000000000000533e-02,1.567053999999999947e+00,1.567053999999999947e+00,1.567192084494843263e+00,-1.380844948433157526e-04,1.566930858746747424e+00,1.231412532525233416e-04,1.567106726716732013e+00,-5.272671673206552612e-05
1.000000000000000056e-01,1.567066999999999988e+00,1.567066999999999988e+00,1.567206269563949483e+00,-1.392695639494956339e-04,1.566943918363783217e+00,1.230816362167708178e-04,1.567110727961698258e+00,-4.372796169826997925e-05
1.002500000000000058e-01,1.567080000000000028e+00,1.567080000000000028e+00,1.567220488794140554e+00,-1.404887941405252860e-04,1.566957023566386775e+00,1.229764336132532776e-04,1.567114760092656489e+00,-3.476009265646062829e-05
1.005000000000000060e-01,1.567093000000000069e+00,1.567093000000000069e+00,1.567234742175196205e+00,-1.417421751961356335e-04,1.566970174415117434e+00,1.228255848826353969e-04,1.567118823272090511e+00,-2.582327209044166239e-05
1.007500000000000062e-01,1.567106000000000110e+00,1.567106000000000110e+00,1.567249029696869744e+00,-1.430296968696342930e-04,1.566983370970232547e+00,1.226290297675625141e-04,1.567122917662973736e+00,-1.691766297362562455e-05
1.010000000000000064e-01,1.567118999999999929e+00,1.567118999999999929e+00,1.567263351348889611e+00,-1.443513488896819297e-04,1.566996613291684826e+00,1.223867083151031210e-04,1.567127043428770961e+00,-8.043428771031813085e-06
1.012500000000000067e-01,1.567131999999999969e+00,1.567131999999999969e+00,1.567277707120957819e+00,-1.457071209578497673e-04,1.567009901439119224e+00,1.220985608807456657e-04,1.567131200733437923e+00,7.992665620459860065e-07
1.015000000000000069e-01,1.567145999999999928e+00,1.567145999999999928e+00,1.567292097002750850e+00,-1.460970027509223002e-04,1.567023235471868725e+00,1.227645281312028658e-04,1.567135389741423523e+00,1.061025857640451875e-05
1.017499999999999932e-01,1.567158999999999969e+00,1.567158999999999969e+00,1.567306520983919649e+00,-1.475209839196800488e-04,1.567036615448951897e+00,1.223845510480714438e-04,1.567139610617669154e+00,1.938938233081444196e-05
1.019999999999999934e-01,1.567172000000000009e+00,1.567172000000000009e+00,1.567320979054089625e+00,-1.489790540896152038e-04,1.567050041429068452e+00,1.219585709315573752e-04,1.567143863527610259e+00,2.813647238975036657e-05
1.022499999999999937e-01,1.567185000000000050e+00,1.567185000000000050e+00,1.567335471202860209e+00,-1.504712028601584706e-04,1.567063513470596359e+00,1.214865294036915344e-04,1.567148148637176330e+00,3.685136282371992422e-05
1.024999999999999939e-01,1.567199000000000009e+00,1.567199000000000009e+00,1.567349997419805296e+00,-1.509974198052876915e-04,1.567077031631588957e+00,1.219683684110517419e-04,1.567152466112792908e+00,4.653388720710083248e-05
1.027499999999999941e-01,1.567212000000000049e+00,1.567212000000000049e+00,1.567364557694472804e+00,-1.525576944727546902e-04,1.567090595969770295e+00,1.214040302297547669e-04,1.567156816121380469e+00,5.518387861958018448e-05
1.029999999999999943e-01,1.567226000000000008e+00,1.567226000000000008e+00,1.567379152016385557e+00,-1.531520163855493166e-04,1.567104206542532463e+00,1.217934574675449966e-04,1.567161198830356206e+00,6.480116964380222555e-05
1.032499999999999946e-01,1.567239000000000049e+00,1.567239000000000049e+00,1.567393780375040180e+00,-1.547803750401310907e-04,1.567117863406932043e+00,1.211365930680052827e-04,1.567165614407635355e+00,7.338559236469421876e-05
1.034999999999999948e-01,1.567252000000000089e+00,1.567252000000000089e+00,1.567408442759907983e+00,-1.564427599078932474e-04,1.567131566619686556e+00,1.204333803135337888e-04,1.567170063021630755e+00,8.193697836933466760e-05
1.037499999999999950e-01,1.567266000000000048e+00,1.567266000000000048e+00,1.567423139160434076e+00,-1.571391604340277581e-04,1.567145316237170904e+00,1.206837628291435038e-04,1.567174544841254402e+00,9.145515874564580372e-05
1.039999999999999952e-01,1.567280000000000006e+00,1.567280000000000006e+00,1.567437869566038255e+00,-1.578695660382489763e-04,1.567159112315414271e+00,1.208876845857353999e-04,1.567179060035917004e+00,1.009399640830022093e-04
1.042499999999999954e-01,1.567293000000000047e+00,1.567293000000000047e+00,1.567452633966115005e+00,-1.596339661149581701e-04,1.567172954910095672e+00,1.200450899043747910e-04,1.567183608775529979e+00,1.093912244700678826e-04
1.044999999999999957e-01,1.567307000000000006e+00,1.567307000000000006e+00,1.567467432350032164e+00,-1.604323500321580553e-04,1.567186844076541519e+00,1.201559234584870239e-04,1.567188191230505900e+00,1.188087694941053485e-04
1.047499999999999959e-01,1.567320000000000046e+00,1.567320000000000046e+00,1.567482264707132700e+00,-1.622647071326532853e-04,1.567200779869721616e+00,1.192201302784301475e-04,1.567192807571759161e+00,1.271924282408853912e-04
1.049999999999999961e-01,1.567334000000000005e+00,1.567334000000000005e+00,1.567497131026733603e+00,-1.631310267335983610e-04,1.567214762344245838e+00,1.192376557541674487e-04,1.567197457970706420e+00,1.365420292935848323e-04
1.052499999999999963e-01,1.567347999999999963e+00,1.567347999999999963e+00,1.567512031298126107e+00,-1.640312981261438097e-04,1.567228791554360123e+00,1.192084456398401215e-04,1.567202142599267489e+00,1.458574007324742183e-04
1.054999999999999966e-01,1.567361999999999922e+00,1.567361999999999922e+00,1.567526965510576131e+00,-1.649655105762093399e-04,1.567242867553943597e+00,1.191324460563247811e-04,1.567206861629866221e+00,1.551383701337005760e-04
1.057499999999999968e-01,1.567374999999999963e+00,1.567374999999999963e+00,1.567541933653323172e+00,-1.669336533232090858e-04,1.567256990396504346e+00,1.180096034956168438e-04,1.567211615235430955e+00,1.633847645690078565e-04
1.059999999999999970e-01,1.567388999999999921e+00,1.567388999999999921e+00,1.567556935715581856e+00,-1.679357155819349856e-04,1.567271160135176533e+00,1.178398648233880408e-04,1.567216403589396734e+00,1.725964106031874223e-04
1.062499999999999972e-01,1.567403000000000102e+00,1.567403000000000102e+00,1.567571971686540611e+00,-1.689716865405088697e-04,1.567285376822716181e+00,1.176231772839209100e-04,1.567221226865702421e+00,1.817731342976802722e-04
1.064999999999999974e-01,1.567417000000000060e+00,1.567417000000000060e+00,1.567587041555362326e+00,-1.700415553622658393e-04,1.567299640511498282e+00,1.173594885017781309e-04,1.567226085238796029e+00,1.909147612040307251e-04
1.067499999999999977e-01,1.567431000000000019e+00,1.567431000000000019e+00,1.567602145311184358e+00,-1.711453111843397323e-04,1.567313951253512583e+00,1.170487464874359063e-04,1.567230978883632719e+00,2.000211163672993564e-04
1.069999999999999979e-01,1.567444999999999977e+00,1.567444999999999977e+00,1.567617282943118084e+00,-1.722829431181072124e-04,1.567328309100360473e+00,1.166908996395044085e-04,1.567235907975675691e+00,2.090920243242866405e-04
1.072499999999999981e-01,1.567458999999999936e+00,1.567458999999999936e+00,1.567632454440249568e+00,-1.734544402496318583e-04,1.567342714103250767e+00,1.162858967491686712e-04,1.567240872690897957e+00,2.181273091019786392e-04
1.074999999999999983e-01,1.567472999999999894e+00,1.567472999999999894e+00,1.567647659791638670e+00,-1.746597916387759852e-04,1.567357166312997041e+00,1.158336870028531251e-04,1.567245873205782125e+00,2.271267942177690458e-04
1.077499999999999986e-01,1.567487000000000075e+00,1.567487000000000075e+00,1.567662898986320164e+00,-1.758989863200888237e-04,1.567371665780013190e+00,1.153342199868845341e-04,1.567250909697321948e+00,2.360903026781269176e-04
1.079999999999999988e-01,1.567501999999999951e+00,1.567501999999999951e+00,1.567678172013302618e+00,-1.761720133026667412e-04,1.567386212554309877e+00,1.157874456900742643e-04,1.567255982343022991e+00,2.460176569769600974e-04
1.082499999999999990e-01,1.567515999999999909e+00,1.567515999999999909e+00,1.567693478861569290e+00,-1.774788615693800864e-04,1.567400806685491643e+00,1.151933145082661980e-04,1.567261091320902411e+00,2.549086790974985917e-04
1.084999999999999992e-01,1.567530000000000090e+00,1.567530000000000090e+00,1.567708819520077457e+00,-1.788195200773667892e-04,1.567415448222752472e+00,1.145517772476178919e-04,1.567266236809491176e+00,2.637631905089143913e-04
1.087499999999999994e-01,1.567544000000000048e+00,1.567544000000000048e+00,1.567724193977758862e+00,-1.801939777588135172e-04,1.567430137214872232e+00,1.138627851278162240e-04,1.567271418987833620e+00,2.725810121664284935e-04
1.089999999999999997e-01,1.567558999999999925e+00,1.567558999999999925e+00,1.567739602223519935e+00,-1.806022235200099857e-04,1.567444873710213349e+00,1.141262897865757964e-04,1.567276638035489889e+00,2.823619645100361453e-04
1.092499999999999999e-01,1.567573000000000105e+00,1.567573000000000105e+00,1.567755044246240459e+00,-1.820442462403537576e-04,1.567459657756717251e+00,1.133422432828545823e-04,1.567281894132534159e+00,2.911058674659461332e-04
1.095000000000000001e-01,1.567587000000000064e+00,1.567587000000000064e+00,1.567770520034775572e+00,-1.835200347755083783e-04,1.567474489401899929e+00,1.125105981001350841e-04,1.567287187459557973e+00,2.998125404420903806e-04
1.097500000000000003e-01,1.567601999999999940e+00,1.567601999999999940e+00,1.567786029577954210e+00,-1.840295779542699961e-04,1.567489368692849272e+00,1.126313071506679364e-04,1.567292518197670015e+00,3.094818023299250598e-04
1.100000000000000006e-01,1.567615999999999898e+00,1.567615999999999898e+00,1.567801572864579551e+00,-1.855728645796528298e-04,1.567504295676220183e+00,1.117043237797155086e-04,1.567297886528495665e+00,3.181134715042333028e-04
1.102500000000000008e-01,1.567630999999999997e+00,1.567630999999999997e+00,1.567817149883429240e+00,-1.861498834292429905e-04,1.567519270398232134e+00,1.117296017678626185e-04,1.567303292634180778e+00,3.277073658192186656e-04
1.105000000000000010e-01,1.567644999999999955e+00,1.567644999999999955e+00,1.567832760623255162e+00,-1.877606232552064824e-04,1.567534292904664728e+00,1.107070953352273790e-04,1.567308736697388794e+00,3.362633026111616630e-04
1.107500000000000012e-01,1.567660000000000053e+00,1.567660000000000053e+00,1.567848405072783891e+00,-1.884050727838371131e-04,1.567549363240853921e+00,1.106367591461321354e-04,1.567314218901304956e+00,3.457810986950970999e-04
1.110000000000000014e-01,1.567674000000000012e+00,1.567674000000000012e+00,1.567864083220715798e+00,-1.900832207157865383e-04,1.567564481451688918e+00,1.095185483110938662e-04,1.567319739429635206e+00,3.542605703648060711e-04
1.112500000000000017e-01,1.567689000000000110e+00,1.567689000000000110e+00,1.567879795055725722e+00,-1.907950557256121726e-04,1.567579647581607505e+00,1.093524183926053439e-04,1.567325298466606398e+00,3.637015333937121397e-04
1.115000000000000019e-01,1.567703999999999986e+00,1.567703999999999986e+00,1.567895540566462742e+00,-1.915405664627556348e-04,1.567594861674592943e+00,1.091383254070432685e-04,1.567330896196970080e+00,3.731038030299060893e-04
1.117500000000000021e-01,1.567717999999999945e+00,1.567717999999999945e+00,1.567911319741550846e+00,-1.933197415509013695e-04,1.567610123774170416e+00,1.078762258295284937e-04,1.567336532805999383e+00,3.814671940005620598e-04
1.120000000000000023e-01,1.567733000000000043e+00,1.567733000000000043e+00,1.567927132569587600e+00,-1.941325695875573132e-04,1.567625433923402811e+00,1.075660765972319410e-04,1.567342208479493237e+00,3.907915205068057674e-04
1.122500000000000026e-01,1.567747999999999919e+00,1.567747999999999919e+00,1.567942979039145035e+00,-1.949790391451156069e-04,1.567640792164886943e+00,1.072078351129768237e-04,1.567347923403775045e+00,4.000765962248742369e-04
1.125000000000000028e-01,1.567763000000000018e+00,1.567763000000000018e+00,1.567958859138769867e+00,-1.958591387698493946e-04,1.567656198540750001e+00,1.068014592500166060e-04,1.567353677765694453e+00,4.093222343055646917e-04
1.127500000000000030e-01,1.567777999999999894e+00,1.567777999999999894e+00,1.567974772856982613e+00,-1.967728569827187357e-04,1.567671653092645556e+00,1.063469073543377164e-04,1.567359471752627575e+00,4.185282473723184182e-04
1.130000000000000032e-01,1.567792000000000074e+00,1.567792000000000074e+00,1.567990720182278697e+00,-1.987201822786222039e-04,1.567687155861750004e+00,1.048441382500708841e-04,1.567365305552478771e+00,4.266944475213030330e-04
1.132500000000000034e-01,1.567806999999999951e+00,1.567806999999999951e+00,1.568006701103127343e+00,-1.997011031273920878e-04,1.567702706888759012e+00,1.042931112409384298e-04,1.567371179353680644e+00,4.358206463193070590e-04
1.135000000000000037e-01,1.567822000000000049e+00,1.567822000000000049e+00,1.568022715607972462e+00,-2.007156079724126130e-04,1.567718306213882640e+00,1.036937861174092035e-04,1.567377093345195371e+00,4.449066548046776148e-04
1.137500000000000039e-01,1.567836999999999925e+00,1.567836999999999925e+00,1.568038763685231762e+00,-2.017636852318371865e-04,1.567733953876842889e+00,1.030461231570356517e-04,1.567383047716515154e+00,4.539522834847709021e-04
1.140000000000000041e-01,1.567852000000000023e+00,1.567852000000000023e+00,1.568054845323297863e+00,-2.028453232978399967e-04,1.567749649916868604e+00,1.023500831314194670e-04,1.567389042657662879e+00,4.629573423371446950e-04
1.142500000000000043e-01,1.567868000000000039e+00,1.567868000000000039e+00,1.568070960510537626e+00,-2.029605105375864582e-04,1.567765394372692800e+00,1.026056273072395442e-04,1.567395078359193894e+00,4.729216408061454047e-04
1.145000000000000046e-01,1.567882999999999916e+00,1.567882999999999916e+00,1.568087109235291488e+00,-2.041092352915718777e-04,1.567781187282548228e+00,1.018127174516880729e-04,1.567401155012196456e+00,4.818449878034591904e-04
1.147500000000000048e-01,1.567898000000000014e+00,1.567898000000000014e+00,1.568103291485875239e+00,-2.052914858752252769e-04,1.567797028684162930e+00,1.009713158370839636e-04,1.567407272808291729e+00,4.907271917082844936e-04
1.150000000000000050e-01,1.567912999999999890e+00,1.567912999999999890e+00,1.568119507250578470e+00,-2.065072505785803259e-04,1.567812918614757800e+00,1.000813852420900929e-04,1.567413431939635338e+00,4.995680603645524798e-04
1.152500000000000052e-01,1.567927999999999988e+00,1.567927999999999988e+00,1.568135756517664792e+00,-2.077565176648032974e-04,1.567828857111041474e+00,9.914288895851441907e-05,1.567419632598918922e+00,5.083674010810668165e-04
1.155000000000000054e-01,1.567944000000000004e+00,1.567944000000000004e+00,1.568152039275372944e+00,-2.080392753729398692e-04,1.567844844209207000e+00,9.915579079300407273e-05,1.567425874979369693e+00,5.181250206303111838e-04
1.157500000000000057e-01,1.567959000000000103e+00,1.567959000000000103e+00,1.568168355511915024e+00,-2.093555119149215216e-04,1.567860879944928065e+00,9.812005507203735988e-05,1.567432159274752212e+00,5.268407252478901626e-04
1.160000000000000059e-01,1.567973999999999979e+00,1.567973999999999979e+00,1.568184705215478258e+00,-2.107052154782795839e-04,1.567876964353354330e+00,9.703564664564900966e-05,1.567438485679368831e+00,5.355143206311474557e-04
1.162500000000000061e-01,1.567989999999999995e+00,1.567989999999999995e+00,1.568201088374223673e+00,-2.110883742236779881e-04,1.567893097469108765e+00,9.690253089122968788e-05,1.567444854388060804e+00,5.451456119391906441e-04
1.165000000000000063e-01,1.568005000000000093e+00,1.568005000000000093e+00,1.568217504976286980e+00,-2.125049762868869152e-04,1.567909279326282768e+00,9.572067371732551067e-05,1.567451265596208509e+00,5.537344037915836736e-04
1.167500000000000066e-01,1.568021000000000109e+00,1.568021000000000109e+00,1.568233955009777691e+00,-2.129550097775823048e-04,1.567925509958432384e+00,9.549004156772511465e-05,1.567457719499734115e+00,5.632805002659946325e-04
1.170000000000000068e-01,1.568035999999999985e+00,1.568035999999999985e+00,1.568250438462780227e+00,-2.144384627802420340e-04,1.567941789398574537e+00,9.421060142544845917e-05,1.567464216295099355e+00,5.717837049006302408e-04
1.172499999999999931e-01,1.568052000000000001e+00,1.568052000000000001e+00,1.568266955323353029e+00,-2.149553233530276941e-04,1.567958117679183694e+00,9.388232081630754067e-05,1.567470756179309976e+00,5.812438206900250037e-04
1.174999999999999933e-01,1.568067000000000100e+00,1.568067000000000100e+00,1.568283505579528780e+00,-2.165055795286807694e-04,1.567974494832186094e+00,9.250516781400541788e-05,1.567477339349913734e+00,5.896606500863654787e-04
1.177499999999999936e-01,1.568082999999999894e+00,1.568082999999999894e+00,1.568300089219314630e+00,-2.170892193147366811e-04,1.567990920888958417e+00,9.207911104147648018e-05,1.567483966005003060e+00,5.990339949968337407e-04
1.179999999999999938e-01,1.568098999999999910e+00,1.568098999999999910e+00,1.568316706230692192e+00,-2.177062306922827872e-04,1.568007395880321342e+00,9.160411967856774140e-05,1.567490636343215504e+00,6.083636567844052934e-04
1.182499999999999940e-01,1.568114999999999926e+00,1.568114999999999926e+00,1.568333356601616657e+00,-2.183566016167315382e-04,1.568023919836537328e+00,9.108016346259795171e-05,1.567497350563734182e+00,6.176494362657436454e-04
1.184999999999999942e-01,1.568130000000000024e+00,1.568130000000000024e+00,1.568350040320018568e+00,-2.200403200185441221e-04,1.568040492787305284e+00,8.950721269473937980e-05,1.567504108866288437e+00,6.258911337115868889e-04
1.187499999999999944e-01,1.568146000000000040e+00,1.568146000000000040e+00,1.568366757373802267e+00,-2.207573738022272636e-04,1.568057114761757909e+00,8.888523824213123703e-05,1.567510911451156508e+00,6.350885488435320525e-04
1.189999999999999947e-01,1.568162000000000056e+00,1.568162000000000056e+00,1.568383507750846118e+00,-2.215077508460616684e-04,1.568073785788456798e+00,8.821421154325825853e-05,1.567517758519164417e+00,6.442414808356389244e-04
1.192499999999999949e-01,1.568178000000000072e+00,1.568178000000000072e+00,1.568400291439003391e+00,-2.222914390033192689e-04,1.568090505895388453e+00,8.749410461161843955e-05,1.567524650271687303e+00,6.533497283127687183e-04
1.194999999999999951e-01,1.568194000000000088e+00,1.568194000000000088e+00,1.568417108426101159e+00,-2.231084261010707337e-04,1.568107275109960730e+00,8.672489003935801577e-05,1.567531586910651420e+00,6.624130893486679383e-04
1.197499999999999953e-01,1.568210000000000104e+00,1.568210000000000104e+00,1.568433958699941178e+00,-2.239586999410736468e-04,1.568124093458998614e+00,8.590654100149031080e-05,1.567538568638534358e+00,6.714313614657463347e-04
1.199999999999999956e-01,1.568225999999999898e+00,1.568225999999999898e+00,1.568450842248299448e+00,-2.248422482995504623e-04,1.568140960968740005e+00,8.503903125989253908e-05,1.567545595658365709e+00,6.804043416341887252e-04
1.202499999999999958e-01,1.568241999999999914e+00,1.568241999999999914e+00,1.568467759058925992e+00,-2.257590589260782821e-04,1.568157877664831723e+00,8.412233516819078716e-05,1.567552668173727737e+00,6.893318262721770395e-04
1.204999999999999960e-01,1.568257999999999930e+00,1.568257999999999930e+00,1.568484709119545739e+00,-2.267091195458093011e-04,1.568174843572326171e+00,8.315642767375841515e-05,1.567559786388757814e+00,6.982136112421155616e-04
1.207499999999999962e-01,1.568273999999999946e+00,1.568273999999999946e+00,1.568501692417857196e+00,-2.276924178572503621e-04,1.568191858715676013e+00,8.214128432393330570e-05,1.567566950508147317e+00,7.070494918526293304e-04
1.209999999999999964e-01,1.568289999999999962e+00,1.568289999999999962e+00,1.568518708941534001e+00,-2.287089415340393117e-04,1.568208923118730835e+00,8.107688126912648841e-05,1.567574160737144506e+00,7.158392628554555159e-04
1.212499999999999967e-01,1.568305999999999978e+00,1.568305999999999978e+00,1.568535758678223146e+00,-2.297586782231686442e-04,1.568226036804733603e+00,7.996319526637485353e-05,1.567581417281553646e+00,7.245827184463315973e-04
1.214999999999999969e-01,1.568322999999999912e+00,1.568322999999999912e+00,1.568552841615546756e+00,-2.298416155468441247e-04,1.568243199796315102e+00,7.980020368481000048e-05,1.567588720347736997e+00,7.342796522629146949e-04
1.217499999999999971e-01,1.568338999999999928e+00,1.568338999999999928e+00,1.568569957741100973e+00,-2.309577411010454995e-04,1.568260412115491720e+00,7.858788450820775040e-05,1.567596070142616149e+00,7.429298573837783692e-04
1.219999999999999973e-01,1.568354999999999944e+00,1.568354999999999944e+00,1.568587107042456186e+00,-2.321070424562421408e-04,1.568277673783659232e+00,7.732621634071179528e-05,1.567603466873672025e+00,7.515331263279190210e-04
1.222499999999999976e-01,1.568372000000000099e+00,1.568372000000000099e+00,1.568604289507157468e+00,-2.322895071573682912e-04,1.568294984821591020e+00,7.701517840907889934e-05,1.567610910748946207e+00,7.610892510538924682e-04
1.224999999999999978e-01,1.568387999999999893e+00,1.568387999999999893e+00,1.568621505122723248e+00,-2.335051227233542193e-04,1.568312345249432083e+00,7.565475056781068020e-05,1.567618401977041831e+00,7.695980229580623444e-04
1.227499999999999980e-01,1.568403999999999909e+00,1.568403999999999909e+00,1.568638753876647751e+00,-2.347538766478418637e-04,1.568329755086695476e+00,7.424491330443316883e-05,1.567625940767124471e+00,7.780592328754387665e-04
1.229999999999999982e-01,1.568421000000000065e+00,1.568421000000000065e+00,1.568656035756397893e+00,-2.350357563978278108e-04,1.568347214352258545e+00,7.378564774151996630e-05,1.567633527328923471e+00,7.874726710765944659e-04
1.232499999999999984e-01,1.568437000000000081e+00,1.568437000000000081e+00,1.568673350749416384e+00,-2.363507494163030742e-04,1.568364723064358923e+00,7.227693564115789115e-05,1.567641161872733058e+00,7.958381272670234097e-04
1.234999999999999987e-01,1.568454000000000015e+00,1.568454000000000015e+00,1.568690698843119291e+00,-2.366988431192762476e-04,1.568382281240589204e+00,7.171875941081040651e-05,1.567648844609411674e+00,8.051553905883412909e-04
1.237499999999999989e-01,1.568470999999999949e+00,1.568470999999999949e+00,1.568708080024897145e+00,-2.370800248971960400e-04,1.568399888897894057e+00,7.111110210589188796e-05,1.567656575750385750e+00,8.144242496141984589e-04
1.239999999999999991e-01,1.568486999999999965e+00,1.568486999999999965e+00,1.568725494282115163e+00,-2.384942821151980752e-04,1.568417546052565781e+00,6.945394743418376038e-05,1.567664355507647489e+00,8.226444923524756092e-04
1.242499999999999993e-01,1.568503999999999898e+00,1.568503999999999898e+00,1.568742941602112584e+00,-2.389416021126855583e-04,1.568435252720239426e+00,6.874727976047267930e-05,1.567672184093758858e+00,8.318159062410401816e-04
1.244999999999999996e-01,1.568521000000000054e+00,1.568521000000000054e+00,1.568760421972202890e+00,-2.394219722028356756e-04,1.568453008915889457e+00,6.799108411059684443e-05,1.567680061721850260e+00,8.409382781497942716e-04
1.247499999999999998e-01,1.568537000000000070e+00,1.568537000000000070e+00,1.568777935379674249e+00,-2.409353796741786624e-04,1.568470814653825318e+00,6.618534617475191340e-05,1.567687988605622973e+00,8.490113943770971616e-04
1.250000000000000000e-01,1.568554000000000004e+00,1.568554000000000004e+00,1.568795481811788850e+00,-2.414818117888462012e-04,1.568488669947686542e+00,6.533005231346145081e-05,1.567695964959349153e+00,8.580350406508507888e-04
1.252500000000000002e-01,1.568570999999999938e+00,1.568570999999999938e+00,1.568813061255783126e+00,-2.420612557831880451e-04,1.568506574810439869e+00,6.442518956006892950e-05,1.567703990997873831e+00,8.670090021261067648e-04
1.255000000000000004e-01,1.568588000000000093e+00,1.568588000000000093e+00,1.568830673698867972e+00,-2.426736988678790397e-04,1.568524529254374134e+00,6.347074562595977909e-05,1.567712066936614690e+00,8.759330633854034431e-04
1.257500000000000007e-01,1.568605000000000027e+00,1.568605000000000027e+00,1.568848319128228530e+00,-2.433191282285029899e-04,1.568542533291095831e+00,6.246670890419636635e-05,1.567720192991564288e+00,8.848070084357395615e-04
1.260000000000000009e-01,1.568621999999999961e+00,1.568621999999999961e+00,1.568865997531024625e+00,-2.439975310246644824e-04,1.568560586931525780e+00,6.141306847418093184e-05,1.567728369379289610e+00,8.936306207103505983e-04
1.262500000000000011e-01,1.568638999999999895e+00,1.568638999999999895e+00,1.568883708894389661e+00,-2.447088943897668400e-04,1.568578690185893798e+00,6.030981410609648208e-05,1.567736596316934961e+00,9.024036830649340146e-04
1.265000000000000013e-01,1.568656000000000050e+00,1.568656000000000050e+00,1.568901453205432173e+00,-2.454532054321223455e-04,1.568596843063735591e+00,5.915693626445950315e-05,1.567744874022221513e+00,9.111259777785374325e-04
1.267500000000000016e-01,1.568672999999999984e+00,1.568672999999999984e+00,1.568919230451234270e+00,-2.462304512342861074e-04,1.568615045573887645e+00,5.795442611233880825e-05,1.567753202713448646e+00,9.197972865513381890e-04
1.270000000000000018e-01,1.568689999999999918e+00,1.568689999999999918e+00,1.568937040618852974e+00,-2.470406188530560598e-04,1.568633297724483233e+00,5.670227551668460819e-05,1.567761582609495496e+00,9.284173905044212916e-04
1.272500000000000020e-01,1.568707000000000074e+00,1.568707000000000074e+00,1.568954883695319324e+00,-2.478836953192509185e-04,1.568651599522948192e+00,5.540047705188122507e-05,1.567770013929820738e+00,9.369860701793353286e-04
1.275000000000000022e-01,1.568724999999999925e+00,1.568724999999999925e+00,1.568972759667638606e+00,-2.477596676386806251e-04,1.568669950975996485e+00,5.504902400343958391e-05,1.567778496894465246e+00,9.465031055346795341e-04
1.277500000000000024e-01,1.568742000000000081e+00,1.568742000000000081e+00,1.568990668522790566e+00,-2.486685227904850137e-04,1.568688352089626425e+00,5.364791037365534976e-05,1.567787031724052094e+00,9.549682759479871663e-04
1.280000000000000027e-01,1.568759000000000015e+00,1.568759000000000015e+00,1.569008610247729418e+00,-2.496102477294037669e-04,1.568706802869115347e+00,5.219713088466804152e-05,1.567795618639787225e+00,9.633813602127894171e-04
1.282500000000000029e-01,1.568777000000000088e+00,1.568777000000000088e+00,1.569026584829383175e+00,-2.495848293830871256e-04,1.568725303319016495e+00,5.169668098359281316e-05,1.567804257863461670e+00,9.727421365384181229e-04
1.285000000000000031e-01,1.568794000000000022e+00,1.568794000000000022e+00,1.569044592254654757e+00,-2.505922546547356689e-04,1.568743853443153924e+00,5.014655684609792274e-05,1.567812949617451768e+00,9.810503825482541629e-04
1.287500000000000033e-01,1.568810999999999956e+00,1.568810999999999956e+00,1.569062632510421107e+00,-2.516325104211514230e-04,1.568762453244618049e+00,4.854675538190633688e-05,1.567821694124720278e+00,9.893058752796779487e-04
1.290000000000000036e-01,1.568829000000000029e+00,1.568829000000000029e+00,1.569080705583533630e+00,-2.517055835336012848e-04,1.568781102725762100e+00,4.789727423792911054e-05,1.567830491608817711e+00,9.985083911823178227e-04
1.292500000000000038e-01,1.568845999999999963e+00,1.568845999999999963e+00,1.569098811460817755e+00,-2.528114608177922662e-04,1.568799801888197010e+00,4.619811180295307906e-05,1.567839342293882998e+00,1.006657706116964590e-03
1.295000000000000040e-01,1.568864000000000036e+00,1.568864000000000036e+00,1.569116950129073373e+00,-2.529501290733371377e-04,1.568818550732787864e+00,4.544926721217201759e-05,1.567848246404645041e+00,1.015753595354995653e-03
1.297500000000000042e-01,1.568882000000000110e+00,1.568882000000000110e+00,1.569135121575074621e+00,-2.531215750745108295e-04,1.568837349259648573e+00,4.465074035153726584e-05,1.567857204166423379e+00,1.024795833576730431e-03
1.300000000000000044e-01,1.568899000000000044e+00,1.568899000000000044e+00,1.569153325785570541e+00,-2.543257855704972314e-04,1.568856197468138092e+00,4.280253186195182025e-05,1.567866215805128860e+00,1.032784194871183558e-03
1.302500000000000047e-01,1.568916999999999895e+00,1.568916999999999895e+00,1.569171562747283533e+00,-2.545627472836375915e-04,1.568875095356855764e+00,4.190464314413056002e-05,1.567875281547265853e+00,1.041718452734041733e-03
1.305000000000000049e-01,1.568934999999999969e+00,1.568934999999999969e+00,1.569189832446911126e+00,-2.548324469111573620e-04,1.568894042923637766e+00,4.095707636220247139e-05,1.567884401619932255e+00,1.050598380067713222e-03
1.307500000000000051e-01,1.568953000000000042e+00,1.568953000000000042e+00,1.569208134871124427e+00,-2.551348711243850431e-04,1.568913040165551109e+00,3.995983444893269620e-05,1.567893576250820820e+00,1.059423749179222440e-03
1.310000000000000053e-01,1.568969999999999976e+00,1.568969999999999976e+00,1.569226470006569674e+00,-2.564700065696978726e-04,1.568932087078891202e+00,3.791292110877364507e-05,1.567902805668221156e+00,1.067194331778820171e-03
1.312500000000000056e-01,1.568988000000000049e+00,1.568988000000000049e+00,1.569244837839866680e+00,-2.568378398666304463e-04,1.568951183659175630e+00,3.681634082441931355e-05,1.567912090101018840e+00,1.075909898981208812e-03
1.315000000000000058e-01,1.569005999999999901e+00,1.569005999999999901e+00,1.569263238357610168e+00,-2.572383576102676983e-04,1.568970329901140826e+00,3.567009885907523881e-05,1.567921429778698306e+00,1.084570221301595083e-03
1.317500000000000060e-01,1.569023999999999974e+00,1.569023999999999974e+00,1.569281671546368662e+00,-2.576715463686873875e-04,1.568989525798737628e+00,3.447420126234668203e-05,1.567930824931343725e+00,1.093175068656249138e-03
1.320000000000000062e-01,1.569042000000000048e+00,1.569042000000000048e+00,1.569300137392685368e+00,-2.581373926853203216e-04,1.569008771345125730e+00,3.322865487431769793e-05,1.567940275789638793e+00,1.101724210361254563e-03
1.322500000000000064e-01,1.569059999999999899e+00,1.569059999999999899e+00,1.569318635883077739e+00,-2.586358830778401341e-04,1.569028066532671017e+00,3.193346732888180384e-05,1.567949782584868945e+00,1.110217415130954066e-03
1.325000000000000067e-01,1.569077999999999973e+00,1.569077999999999973e+00,1.569337167004037248e+00,-2.591670040372751060e-04,1.569047411352939791e+00,3.058864706018127322e-05,1.567959345548922245e+00,1.118654451077727430e-03
1.327500000000000069e-01,1.569096000000000046e+00,1.569096000000000046e+00,1.569355730742030053e+00,-2.597307420300065672e-04,1.569066805796694553e+00,2.919420330549371556e-05,1.567968964914290497e+00,1.127035085709549023e-03
1.330000000000000071e-01,1.569115000000000038e+00,1.569115000000000038e+00,1.569374327083496556e+00,-2.593270834965188953e-04,1.569086249853889781e+00,2.875014611025683564e-05,1.567978640914070354e+00,1.136359085929683488e-03
1.332500000000000073e-01,1.569132999999999889e+00,1.569132999999999889e+00,1.569392956014851626e+00,-2.599560148517365832e-04,1.569105743513667273e+00,2.725648633261634757e-05,1.567988373781963984e+00,1.144626218035904586e-03
1.335000000000000075e-01,1.569150999999999962e+00,1.569150999999999962e+00,1.569411617522483704e+00,-2.606175224837414817e-04,1.569125286764351923e+00,2.571323564803940087e-05,1.567998163752281071e+00,1.152836247718891372e-03
1.337500000000000078e-01,1.569169000000000036e+00,1.569169000000000036e+00,1.569430311592756366e+00,-2.613115927563303131e-04,1.569144879593447062e+00,2.412040655297431613e-05,1.568008011059939033e+00,1.160988940061002950e-03
1.340000000000000080e-01,1.569188000000000027e+00,1.569188000000000027e+00,1.569449038212007430e+00,-2.610382120074028478e-04,1.569164521987629568e+00,2.347801237045921141e-05,1.568017915940464579e+00,1.170084059535447807e-03
1.342500000000000082e-01,1.569206000000000101e+00,1.569206000000000101e+00,1.569467797366548290e+00,-2.617973665481887480e-04,1.569184213932745875e+00,2.178606725422582713e-05,1.568027878629995042e+00,1.178121370005058566e-03
1.345000000000000084e-01,1.569225000000000092e+00,1.569225000000000092e+00,1.569486589042665692e+00,-2.615890426655997913e-04,1.569203955413807527e+00,2.104458619256455165e-05,1.568037899365278154e+00,1.187100634721938164e-03
1.347500000000000087e-01,1.569242999999999943e+00,1.569242999999999943e+00,1.569505413226619961e+00,-2.624132266200174257e-04,1.569223746414986076e+00,1.925358501386753574e-05,1.568047978383675822e+00,1.195021616324121183e-03
1.350000000000000089e-01,1.569261999999999935e+00,1.569261999999999935e+00,1.569524269904646108e+00,-2.622699046461729466e-04,1.569243586919609079e+00,1.841308039085554071e-05,1.568058115923162577e+00,1.203884076837358208e-03
1.352500000000000091e-01,1.569280000000000008e+00,1.569280000000000008e+00,1.569543159062953164e+00,-2.631590629531554981e-04,1.569263476910155442e+00,1.652308984456674068e-05,1.568068312222328453e+00,1.211687777671555111e-03
1.355000000000000093e-01,1.569298999999999999e+00,1.569298999999999999e+00,1.569562080687724404e+00,-2.630806877244040720e-04,1.569283416368250306e+00,1.558363174969379372e-05,1.568078567520379218e+00,1.220432479620781052e-03
1.357500000000000095e-01,1.569317000000000073e+00,1.569317000000000073e+00,1.569581034765118233e+00,-2.640347651181595978e-04,1.569303405274661722e+00,1.359472533835059949e-05,1.568088882057137257e+00,1.228117942862816392e-03
1.360000000000000098e-01,1.569336000000000064e+00,1.569336000000000064e+00,1.569600021281266189e+00,-2.640212812661246744e-04,1.569323443609294433e+00,1.255639070563141502e-05,1.568099256073044456e+00,1.236743926955607975e-03
1.362500000000000100e-01,1.569355000000000055e+00,1.569355000000000055e+00,1.569619040222275164e+00,-2.640402222751081496e-04,1.569343531351186982e+00,1.146864881307330108e-05,1.568109689809161322e+00,1.245310190838733178e-03
1.365000000000000102e-01,1.569374000000000047e+00,1.569374000000000047e+00,1.569638091574225625e+00,-2.640915742255778298e-04,1.569363668478505724e+00,1.033152149432225997e-05,1.568120183507169418e+00,1.253816492830628349e-03
1.367500000000000104e-01,1.569391999999999898e+00,1.569391999999999898e+00,1.569657175323172726e+00,-2.651753231728282145e-04,1.569383854968541492e+00,8.145031458406393199e-06,1.568130737409371811e+00,1.261262590628087210e-03
1.370000000000000107e-01,1.569410999999999889e+00,1.569410999999999889e+00,1.569676291455145867e+00,-2.652914551459772952e-04,1.569404090797703377e+00,6.909202296512262365e-06,1.568141351758693958e+00,1.269648241305931791e-03
1.372500000000000109e-01,1.569430000000000103e+00,1.569430000000000103e+00,1.569695439956148686e+00,-2.654399561485831782e-04,1.569424375941516070e+00,5.624058484032801175e-06,1.568152026798687038e+00,1.277973201313065132e-03
1.375000000000000111e-01,1.569449000000000094e+00,1.569449000000000094e+00,1.569714620812159511e+00,-2.656208121594172411e-04,1.569444710374613416e+00,4.289625386677542451e-06,1.568162762773525953e+00,1.286237226474140627e-03
1.377500000000000113e-01,1.569468000000000085e+00,1.569468000000000085e+00,1.569733834009130247e+00,-2.658340091301614194e-04,1.569465094070735089e+00,2.905929264995776862e-06,1.568173559928012883e+00,1.294440071987201790e-03
1.380000000000000115e-01,1.569487000000000076e+00,1.569487000000000076e+00,1.569753079532987927e+00,-2.660795329878506976e-04,1.569485527002721703e+00,1.472997278373355812e-06,1.568184418507577726e+00,1.302581492422349996e-03
1.382500000000000118e-01,1.569506000000000068e+00,1.569506000000000068e+00,1.569772357369633164e+00,-2.663573696330967522e-04,1.569506009142509040e+00,-9.142508972104224085e-09,1.568195338758278545e+00,1.310661241721522430e-03
1.385000000000000120e-01,1.569525999999999977e+00,1.569525999999999977e+00,1.569791667504941479e+00,-2.656675049415024858e-04,1.569526540461124942e+00,-5.404611249648638704e-07,1.568206320926804231e+00,1.319679073195745289e-03
1.387500000000000122e-01,1.569544999999999968e+00,1.569544999999999968e+00,1.569811009924762413e+00,-2.660099247624447827e-04,1.569547120928684203e+00,-2.120928684234968387e-06,1.568217365260474949e+00,1.327634739525018759e-03
1.390000000000000124e-01,1.569563999999999959e+00,1.569563999999999959e+00,1.569830384614919971e+00,-2.663846149200121971e-04,1.569567750514383242e+00,-3.750514383282776976e-06,1.568228472007242358e+00,1.335527992757601368e-03
1.392500000000000127e-01,1.569582999999999950e+00,1.569582999999999950e+00,1.569849791561212182e+00,-2.667915612122317981e-04,1.569588429186495659e+00,-5.429186495709004134e-06,1.568239641415692498e+00,1.343358584307452475e-03
1.395000000000000129e-01,1.569603000000000081e+00,1.569603000000000081e+00,1.569869230749411759e+00,-2.662307494116777917e-04,1.569609156912368464e+00,-6.156912368382450040e-06,1.568250873735046236e+00,1.352126264953845691e-03
1.397500000000000131e-01,1.569622000000000073e+00,1.569622000000000073e+00,1.569888702165265437e+00,-2.667021652653644992e-04,1.569629933658416299e+00,-7.933658416225952692e-06,1.568262169215159929e+00,1.359830784840143636e-03
1.400000000000000133e-01,1.569641000000000064e+00,1.569641000000000064e+00,1.569908205794494416e+00,-2.672057944943517782e-04,1.569650759390116779e+00,-9.759390116714783403e-06,1.568273528106528314e+00,1.367471893471750022e-03
1.402500000000000135e-01,1.569660999999999973e+00,1.569660999999999973e+00,1.569927741622794359e+00,-2.667416227943864016e-04,1.569671634072006938e+00,-1.063407200696531163e-05,1.568284950660283394e+00,1.376049339716578501e-03
1.405000000000000138e-01,1.569679999999999964e+00,1.569679999999999964e+00,1.569947309635834731e+00,-2.673096358347670787e-04,1.569692557667676569e+00,-1.255766767660482230e-05,1.568296437128197773e+00,1.383562871802190841e-03
1.407499999999999862e-01,1.569700000000000095e+00,1.569700000000000095e+00,1.569966909819260126e+00,-2.669098192600305453e-04,1.569713530139765778e+00,-1.353013976568284704e-05,1.568307987762684874e+00,1.392012237315221057e-03
1.409999999999999865e-01,1.569720000000000004e+00,1.569720000000000004e+00,1.569986542158688492e+00,-2.665421586884875182e-04,1.569734551449957882e+00,-1.455144995787804874e-05,1.568319602816799829e+00,1.400397183200174922e-03
1.412499999999999867e-01,1.569738999999999995e+00,1.569738999999999995e+00,1.570006206639713131e+00,-2.672066397131356297e-04,1.569755621558976966e+00,-1.662155897697026319e-05,1.568331282544241478e+00,1.407717455758517033e-03
1.414999999999999869e-01,1.569758999999999904e+00,1.569758999999999904e+00,1.570025903247900478e+00,-2.669032479005739589e-04,1.569776740426581441e+00,-1.774042658153618390e-05,1.568343027199353257e+00,1.415972800646647656e-03
1.417499999999999871e-01,1.569779000000000035e+00,1.569779000000000035e+00,1.570045631968792321e+00,-2.666319687922857895e-04,1.569797908011559606e+00,-1.890801155957078095e-05,1.568354837037124971e+00,1.424162962875064053e-03
1.419999999999999873e-01,1.569798999999999944e+00,1.569798999999999944e+00,1.570065392787904246e+00,-2.663927879043015423e-04,1.569819124271725430e+00,-2.012427172548569843e-05,1.568366712313192801e+00,1.432287686807143245e-03
1.422499999999999876e-01,1.569817999999999936e+00,1.569817999999999936e+00,1.570085185690726526e+00,-2.671856907265901526e-04,1.569840389163913663e+00,-2.238916391372747228e-05,1.568378653283842183e+00,1.439346716157752226e-03
1.424999999999999878e-01,1.569838000000000067e+00,1.569838000000000067e+00,1.570105010662723011e+00,-2.670106627229440477e-04,1.569861702643974288e+00,-2.370264397422161551e-05,1.568390660206007370e+00,1.447339793992696855e-03
1.427499999999999880e-01,1.569857999999999976e+00,1.569857999999999976e+00,1.570124867689332682e+00,-2.668676893327059929e-04,1.569883064666768524e+00,-2.506466676854834930e-05,1.568402733337274313e+00,1.455266662725662741e-03
1.429999999999999882e-01,1.569878000000000107e+00,1.569878000000000107e+00,1.570144756755968318e+00,-2.667567559682115785e-04,1.569904475186164161e+00,-2.647518616405442060e-05,1.568414872935880888e+00,1.463127064119218446e-03
1.432499999999999885e-01,1.569898000000000016e+00,1.569898000000000016e+00,1.570164677848017387e+00,-2.666778480173714883e-04,1.569925934155029790e+00,-2.793415502977403264e-05,1.568427079260718227e+00,1.470920739281789125e-03
1.434999999999999887e-01,1.569917999999999925e+00,1.569917999999999925e+00,1.570184630950841376e+00,-2.666309508414510532e-04,1.569947441525230580e+00,-2.944152523065568516e-05,1.568439352571332490e+00,1.478647428667434482e-03
1.437499999999999889e-01,1.569938000000000056e+00,1.569938000000000056e+00,1.570204616049776236e+00,-2.666160497761804749e-04,1.569968997247623843e+00,-3.099724762378741616e-05,1.568451693127925761e+00,1.486306872074294461e-03
1.439999999999999891e-01,1.569959000000000104e+00,1.569959000000000104e+00,1.570224633130132164e+00,-2.656331301320591365e-04,1.569990601272053254e+00,-3.160127205314999799e-05,1.568464101191357596e+00,1.494898808642508570e-03
1.442499999999999893e-01,1.569979000000000013e+00,1.569979000000000013e+00,1.570244682177193596e+00,-2.656821771935824472e-04,1.570012253547344860e+00,-3.325354734484697872e-05,1.568476577023146135e+00,1.502422976853878822e-03
1.444999999999999896e-01,1.569998999999999922e+00,1.569998999999999922e+00,1.570264763176219658e+00,-2.657631762197354419e-04,1.570033954021301525e+00,-3.495402130160307763e-05,1.568489120885469212e+00,1.509879114530709998e-03
1.447499999999999898e-01,1.570019000000000053e+00,1.570019000000000053e+00,1.570284876112443273e+00,-2.658761124432196254e-04,1.570055702640698936e+00,-3.670264069888240499e-05,1.568501733041165913e+00,1.517266958834140311e-03
1.449999999999999900e-01,1.570040000000000102e+00,1.570040000000000102e+00,1.570305020971072052e+00,-2.650209710719497735e-04,1.570077499351279382e+00,-3.749935127927983558e-05,1.568514413753738346e+00,1.525586246261756429e-03
1.452499999999999902e-01,1.570060000000000011e+00,1.570060000000000011e+00,1.570325197737287626e+00,-2.651977372876146433e-04,1.570099344097748428e+00,-3.934409774841718388e-05,1.568527163287352089e+00,1.532836712647922539e-03
1.454999999999999905e-01,1.570081000000000060e+00,1.570081000000000060e+00,1.570345406396246313e+00,-2.644063962462528394e-04,1.570121236823768918e+00,-4.023682376885773238e-05,1.568539981906837744e+00,1.541018093162316305e-03
1.457499999999999907e-01,1.570100999999999969e+00,1.570100999999999969e+00,1.570365646933078452e+00,-2.646469330784828600e-04,1.570143177471956530e+00,-4.217747195656151860e-05,1.568552869877691824e+00,1.548130122308144507e-03
1.459999999999999909e-01,1.570122000000000018e+00,1.570122000000000018e+00,1.570385919332888847e+00,-2.639193328888289614e-04,1.570165165983874900e+00,-4.316598387488213007e-05,1.568565827466080309e+00,1.556172533919708556e-03
1.462499999999999911e-01,1.570141999999999927e+00,1.570141999999999927e+00,1.570406223580756544e+00,-2.642235807566173378e-04,1.570187202300030282e+00,-4.520230003035585753e-05,1.568578854938836642e+00,1.563145061163284666e-03
1.464999999999999913e-01,1.570162999999999975e+00,1.570162999999999975e+00,1.570426559661734833e+00,-2.635596617348578974e-04,1.570209286359867118e+00,-4.628635986714257911e-05,1.568591952563465508e+00,1.571047436534467323e-03
1.467499999999999916e-01,1.570184000000000024e+00,1.570184000000000024e+00,1.570446927560851469e+00,-2.629275608514447526e-04,1.570231418101762921e+00,-4.741810176289718015e-05,1.568605120608143055e+00,1.578879391856968795e-03
1.469999999999999918e-01,1.570205000000000073e+00,1.570205000000000073e+00,1.570467327263108448e+00,-2.623272631083750639e-04,1.570253597463023176e+00,-4.859746302310341548e-05,1.568618359341718893e+00,1.586640658281179839e-03
1.472499999999999920e-01,1.570224999999999982e+00,1.570224999999999982e+00,1.570487758753482010e+00,-2.627587534820285953e-04,1.570275824379876450e+00,-5.082437987646848399e-05,1.568631669033717202e+00,1.593330966282779926e-03
1.474999999999999922e-01,1.570246000000000031e+00,1.570246000000000031e+00,1.570508222016923083e+00,-2.622220169230526921e-04,1.570298098787470176e+00,-5.209878747014506928e-05,1.568645049954336956e+00,1.600950045663074306e-03
1.477499999999999925e-01,1.570267000000000079e+00,1.570267000000000079e+00,1.570528717038356392e+00,-2.617170383563127700e-04,1.570320420619864210e+00,-5.342061986413071395e-05,1.568658502374455033e+00,1.608497625545046716e-03
1.479999999999999927e-01,1.570287999999999906e+00,1.570287999999999906e+00,1.570549243802681350e+00,-2.612438026814434266e-04,1.570342789810026840e+00,-5.478981002693394942e-05,1.568672026565627320e+00,1.615973434372586226e-03
1.482499999999999929e-01,1.570308999999999955e+00,1.570308999999999955e+00,1.570569802294771167e+00,-2.608022947712118622e-04,1.570365206289830118e+00,-5.620628983016295876e-05,1.568685622800089163e+00,1.623377199910791546e-03
1.484999999999999931e-01,1.570330000000000004e+00,1.570330000000000004e+00,1.570590392499474186e+00,-2.603924994741824150e-04,1.570387669990043866e+00,-5.766999004386264005e-05,1.568699291350756475e+00,1.630708649243528541e-03
1.487499999999999933e-01,1.570351000000000052e+00,1.570351000000000052e+00,1.570611014401612548e+00,-2.600144016124961155e-04,1.570410180840331460e+00,-5.918084033140758038e-05,1.568713032491229065e+00,1.637967508770987735e-03
1.489999999999999936e-01,1.570372000000000101e+00,1.570372000000000101e+00,1.570631667985982638e+00,-2.596679859825368197e-04,1.570432738769244496e+00,-6.073876924439503000e-05,1.568726846495789973e+00,1.645153504210128403e-03
1.492499999999999938e-01,1.570392999999999928e+00,1.570392999999999928e+00,1.570652353237355525e+00,-2.593532373555973436e-04,1.570455343704217466e+00,-6.234370421753787639e-05,1.568740733639407914e+00,1.652266360592014038e-03
1.494999999999999940e-01,1.570414999999999894e+00,1.570414999999999894e+00,1.570673070140476080e+00,-2.580701404761853723e-04,1.570477995571563756e+00,-6.299557156386192958e-05,1.568754694197738386e+00,1.660305802261508035e-03
1.497499999999999942e-01,1.570435999999999943e+00,1.570435999999999943e+00,1.570693818680063858e+00,-2.578186800639148402e-04,1.570500694296469435e+00,-6.469429646949187429e-05,1.568768728447125005e+00,1.667271552874938223e-03
1.499999999999999944e-01,1.570456999999999992e+00,1.570456999999999992e+00,1.570714598840812881e+00,-2.575988408128893070e-04,1.570523439802989030e+00,-6.643980298903784387e-05,1.568782836664600611e+00,1.674163335399381225e-03
1.502499999999999947e-01,1.570478999999999958e+00,1.570478999999999958e+00,1.570735410607390969e+00,-2.564106073910110695e-04,1.570546232014039978e+00,-6.723201404001954984e-05,1.568797019127889714e+00,1.681980872110244718e-03
1.504999999999999949e-01,1.570500000000000007e+00,1.570500000000000007e+00,1.570756253964440630e+00,-2.562539644406225392e-04,1.570569070851397742e+00,-6.907085139773450067e-05,1.568811276115408937e+00,1.688723884591070146e-03
1.507499999999999951e-01,1.570521999999999974e+00,1.570521999999999974e+00,1.570777128896578834e+00,-2.551288965788600649e-04,1.570591956235690700e+00,-6.995623569072684234e-05,1.568825607906268793e+00,1.696392093731180495e-03
1.509999999999999953e-01,1.570543000000000022e+00,1.570543000000000022e+00,1.570798035388396352e+00,-2.550353883963296653e-04,1.570614888086395489e+00,-7.188808639546628854e-05,1.568840014780274794e+00,1.702985219725228205e-03
1.512499999999999956e-01,1.570564999999999989e+00,1.570564999999999989e+00,1.570818973424458642e+00,-2.539734244586533407e-04,1.570637866321831222e+00,-7.286632183123309403e-05,1.568854497017929450e+00,1.710502982070538636e-03
1.514999999999999958e-01,1.570586000000000038e+00,1.570586000000000038e+00,1.570839942989305404e+00,-2.539429893053668508e-04,1.570660890859154835e+00,-7.489085915479698485e-05,1.568869054900432936e+00,1.716945099567102062e-03
1.517499999999999960e-01,1.570608000000000004e+00,1.570608000000000004e+00,1.570860944067450804e+00,-2.529440674507998921e-04,1.570683961614355750e+00,-7.596161435574622089e-05,1.568883688709685531e+00,1.724311290314473055e-03
1.519999999999999962e-01,1.570629999999999971e+00,1.570629999999999971e+00,1.570881976643383027e+00,-2.519766433830561425e-04,1.570707078502250997e+00,-7.707850225102674813e-05,1.568898398728287846e+00,1.731601271712124301e-03
1.522499999999999964e-01,1.570651999999999937e+00,1.570651999999999937e+00,1.570903040701564501e+00,-2.510407015645643725e-04,1.570730241436479879e+00,-7.824143647994219464e-05,1.568913185239543040e+00,1.738814760456897091e-03
1.524999999999999967e-01,1.570673999999999904e+00,1.570673999999999904e+00,1.570924136226432344e+00,-2.501362264324402673e-04,1.570753450329499312e+00,-7.945032949940866729e-05,1.568928048527458818e+00,1.745951472541085181e-03
1.527499999999999969e-01,1.570694999999999952e+00,1.570694999999999952e+00,1.570945263202398134e+00,-2.502632023981821163e-04,1.570776705092578052e+00,-8.170509257809932535e-05,1.568942988876747213e+00,1.752011123252739111e-03
1.529999999999999971e-01,1.570716999999999919e+00,1.570716999999999919e+00,1.570966421613846808e+00,-2.494216138468896560e-04,1.570800005635791585e+00,-8.300563579166642114e-05,1.568958006572827690e+00,1.758993427172228508e-03
1.532499999999999973e-01,1.570739000000000107e+00,1.570739000000000107e+00,1.570987611445138876e+00,-2.486114451387688717e-04,1.570823351868017692e+00,-8.435186801758476349e-05,1.568973101901827816e+00,1.765898098172291597e-03
1.534999999999999976e-01,1.570761000000000074e+00,1.570761000000000074e+00,1.571008832680608203e+00,-2.478326806081287970e-04,1.570846743696930448e+00,-8.574369693037375839e-05,1.568988275150584144e+00,1.772724849415929782e-03
1.537499999999999978e-01,1.570783000000000040e+00,1.570783000000000040e+00,1.571030085304563340e+00,-2.470853045632992462e-04,1.570870181028995560e+00,-8.718102899551993801e-05,1.569003526606645771e+00,1.779473393354269461e-03
1.539999999999999980e-01,1.570805999999999925e+00,1.570805999999999925e+00,1.571051369301287304e+00,-2.453693012873792156e-04,1.570893663769465043e+00,-8.766376946511833523e-05,1.569018856558273889e+00,1.787143441726035675e-03
1.542499999999999982e-01,1.570827999999999891e+00,1.570827999999999891e+00,1.571072684655037133e+00,-2.446846550372416829e-04,1.570917191822372105e+00,-8.919182237221434661e-05,1.569034265294442454e+00,1.793734705557437081e-03
1.544999999999999984e-01,1.570850000000000080e+00,1.570850000000000080e+00,1.571094031350044329e+00,-2.440313500442492511e-04,1.570940765090525826e+00,-9.076509052574621705e-05,1.569049753104843292e+00,1.800246895156787375e-03
1.547499999999999987e-01,1.570872000000000046e+00,1.570872000000000046e+00,1.571115409370514637e+00,-2.434093705145912168e-04,1.570964383475505821e+00,-9.238347550577508116e-05,1.569065320279883879e+00,1.806679720116166621e-03
1.549999999999999989e-01,1.570894999999999930e+00,1.570894999999999930e+00,1.571136818700628268e+00,-2.418187006283378793e-04,1.570988046877657585e+00,-9.304687765765429219e-05,1.569080967110691116e+00,1.814032889308814234e-03
1.552499999999999991e-01,1.570916999999999897e+00,1.570916999999999897e+00,1.571158259324539452e+00,-2.412593245395555641e-04,1.571011755196086490e+00,-9.475519608659332960e-05,1.569096693889110883e+00,1.820306110889013951e-03
1.554999999999999993e-01,1.570940000000000003e+00,1.570940000000000003e+00,1.571179731226377108e+00,-2.397312263771045338e-04,1.571035508328653352e+00,-9.550832865334868416e-05,1.569112500907712482e+00,1.827499092287521165e-03
1.557499999999999996e-01,1.570961999999999970e+00,1.570961999999999970e+00,1.571201234390244172e+00,-2.392343902442028991e-04,1.571059306171968650e+00,-9.730617196868074359e-05,1.569128388459786860e+00,1.833611540213109237e-03
1.559999999999999998e-01,1.570985000000000076e+00,1.570985000000000076e+00,1.571222768800218050e+00,-2.377688002179745297e-04,1.571083148621387204e+00,-9.814862138712854289e-05,1.569144356839350385e+00,1.840643160649690913e-03
1.562500000000000000e-01,1.571007000000000042e+00,1.571007000000000042e+00,1.571244334440350610e+00,-2.373344403505672773e-04,1.571107035571003285e+00,-1.000355710032430068e-04,1.569160406341145286e+00,1.846593658854756015e-03
1.565000000000000002e-01,1.571029999999999927e+00,1.571029999999999927e+00,1.571265931294667517e+00,-2.359312946675906630e-04,1.571130966913645732e+00,-1.009669136458057892e-04,1.569176537260641657e+00,1.853462739358269218e-03
1.567500000000000004e-01,1.571053000000000033e+00,1.571053000000000033e+00,1.571287559347169349e+00,-2.345593471693163679e-04,1.571154942540871513e+00,-1.019425408714802472e-04,1.569192749894038785e+00,1.860250105961247513e-03
1.570000000000000007e-01,1.571074999999999999e+00,1.571074999999999999e+00,1.571309218581830480e+00,-2.342185818304809430e-04,1.571178962342961283e+00,-1.039623429612834826e-04,1.569209044538267372e+00,1.865955461732626830e-03
1.572500000000000009e-01,1.571098000000000106e+00,1.571098000000000106e+00,1.571330908982599972e+00,-2.329089825998664764e-04,1.571203026208914055e+00,-1.050262089139497590e-04,1.569225421490989536e+00,1.872578509010569547e-03
1.575000000000000011e-01,1.571120999999999990e+00,1.571120999999999990e+00,1.571352630533401351e+00,-2.316305334013613049e-04,1.571227134026441652e+00,-1.061340264416621437e-04,1.569241881050602139e+00,1.879118949397851068e-03
1.577500000000000013e-01,1.571144000000000096e+00,1.571144000000000096e+00,1.571374383218131721e+00,-2.303832181316245453e-04,1.571251285681963372e+00,-1.072856819632761471e-04,1.569258423516236789e+00,1.885576483763307110e-03
1.580000000000000016e-01,1.571166999999999980e+00,1.571166999999999980e+00,1.571396167020663315e+00,-2.291670206633344975e-04,1.571275481060601331e+00,-1.084810606013508760e-04,1.569275049187763171e+00,1.891950812236808943e-03
1.582500000000000018e-01,1.571190000000000087e+00,1.571190000000000087e+00,1.571417981924842167e+00,-2.279819248420800193e-04,1.571299720046174242e+00,-1.097200461741554278e-04,1.569291758365789047e+00,1.898241634211039752e-03
1.585000000000000020e-01,1.571212999999999971e+00,1.571212999999999971e+00,1.571439827914488996e+00,-2.268279144890250620e-04,1.571324002521192309e+00,-1.110025211923382216e-04,1.569308551351661585e+00,1.904448648338386008e-03
1.587500000000000022e-01,1.571236000000000077e+00,1.571236000000000077e+00,1.571461704973398543e+00,-2.257049733984661799e-04,1.571348328366852121e+00,-1.123283668520436152e-04,1.569325428447470694e+00,1.910571552529383155e-03
1.590000000000000024e-01,1.571258999999999961e+00,1.571258999999999961e+00,1.571483613085339792e+00,-2.246130853398309313e-04,1.571372697463031765e+00,-1.136974630318032808e-04,1.569342389956050132e+00,1.916610043949829034e-03
1.592500000000000027e-01,1.571282999999999985e+00,1.571282999999999985e+00,1.571505552234056413e+00,-2.225522340564278778e-04,1.571397109688284388e+00,-1.141096882844028215e-04,1.569359436180977507e+00,1.923563819022477972e-03
1.595000000000000029e-01,1.571306000000000092e+00,1.571306000000000092e+00,1.571527522403266097e+00,-2.215224032660056963e-04,1.571421564919833314e+00,-1.155649198332220351e-04,1.569376567426577385e+00,1.929432573422706909e-03
1.597500000000000031e-01,1.571328999999999976e+00,1.571328999999999976e+00,1.571549523576661000e+00,-2.205235766610247339e-04,1.571446063033567375e+00,-1.170630335673994438e-04,1.569393783997922620e+00,1.935216002077355668e-03
1.600000000000000033e-01,1.571353000000000000e+00,1.571353000000000000e+00,1.571571555737907300e+00,-2.185557379072999851e-04,1.571470603904034036e+00,-1.176039040340359776e-04,1.569411086200835914e+00,1.941913799164085574e-03
1.602500000000000036e-01,1.571376000000000106e+00,1.571376000000000106e+00,1.571593618870646303e+00,-2.176188706461967826e-04,1.571495187404435390e+00,-1.191874044352836393e-04,1.569428474341890922e+00,1.947525658109183766e-03
1.605000000000000038e-01,1.571399999999999908e+00,1.571399999999999908e+00,1.571615712958492450e+00,-2.157129584925421284e-04,1.571519813406622390e+00,-1.198134066224820771e-04,1.569445948728415363e+00,1.954051271584544835e-03
1.607500000000000040e-01,1.571423000000000014e+00,1.571423000000000014e+00,1.571637837985035313e+00,-2.148379850352988285e-04,1.571544481781088853e+00,-1.214817810888391136e-04,1.569463509668490353e+00,1.959490331509661232e-03
1.610000000000000042e-01,1.571447000000000038e+00,1.571447000000000038e+00,1.571659993933838706e+00,-2.129939338386677150e-04,1.571569192396966574e+00,-1.221923969665361653e-04,1.569481157470953958e+00,1.965842529046080145e-03
1.612500000000000044e-01,1.571469999999999922e+00,1.571469999999999922e+00,1.571682180788440464e+00,-2.121807884405413347e-04,1.571593945122019997e+00,-1.239451220200749049e-04,1.569498892445401861e+00,1.971107554598061640e-03
1.615000000000000047e-01,1.571493999999999946e+00,1.571493999999999946e+00,1.571704398532352887e+00,-2.103985323529400375e-04,1.571618739822640665e+00,-1.247398226407181454e-04,1.569516714902189580e+00,1.977285097810366210e-03
1.617500000000000049e-01,1.571517999999999970e+00,1.571517999999999970e+00,1.571726647149062739e+00,-2.086471490627683778e-04,1.571643576363841222e+00,-1.255763638412510375e-04,1.569534625152434248e+00,1.983374847565722021e-03
1.620000000000000051e-01,1.571541999999999994e+00,1.571541999999999994e+00,1.571748926622031028e+00,-2.069266220310339577e-04,1.571668454609250976e+00,-1.264546092509810649e-04,1.569552623508015055e+00,1.989376491984939932e-03
1.622500000000000053e-01,1.571566000000000018e+00,1.571566000000000018e+00,1.571771236934692562e+00,-2.052369346925431159e-04,1.571693374421109679e+00,-1.273744211096605738e-04,1.569570710281575909e+00,1.995289718424109182e-03
1.625000000000000056e-01,1.571588999999999903e+00,1.571588999999999903e+00,1.571793578070457276e+00,-2.045780704573729736e-04,1.571718335660262422e+00,-1.293356602625195251e-04,1.569588885786527443e+00,2.000114213472459213e-03
1.627500000000000058e-01,1.571612999999999927e+00,1.571612999999999927e+00,1.571815950012709129e+00,-2.029500127092020989e-04,1.571743338186153638e+00,-1.303381861537111774e-04,1.569607150337047896e+00,2.005849662952030599e-03
1.630000000000000060e-01,1.571636999999999951e+00,1.571636999999999951e+00,1.571838352744806100e+00,-2.013527448061491754e-04,1.571768381856822439e+00,-1.313818568224878192e-04,1.569625504248084447e+00,2.011495751915504115e-03
1.632500000000000062e-01,1.571661999999999892e+00,1.571661999999999892e+00,1.571860786250080633e+00,-1.987862500807402455e-04,1.571793466528896621e+00,-1.314665288967287182e-04,1.569643947835356323e+00,2.018052164643568958e-03
1.635000000000000064e-01,1.571685999999999916e+00,1.571685999999999916e+00,1.571883250511839858e+00,-1.972505118399414670e-04,1.571818592057587116e+00,-1.325920575871997187e-04,1.569662481415355915e+00,2.023518584644001805e-03
1.637500000000000067e-01,1.571709999999999940e+00,1.571709999999999940e+00,1.571905745513364705e+00,-1.957455133647645340e-04,1.571843758296682880e+00,-1.337582966829398146e-04,1.569681105305349433e+00,2.028894694650507091e-03
1.640000000000000069e-01,1.571733999999999964e+00,1.571733999999999964e+00,1.571928271237910790e+00,-1.942712379108257892e-04,1.571868965098544901e+00,-1.349650985449368790e-04,1.569699819823379805e+00,2.034180176620159486e-03
1.642500000000000071e-01,1.571757999999999988e+00,1.571757999999999988e+00,1.571950827668707751e+00,-1.928276687077623563e-04,1.571894212314100869e+00,-1.362123141008808602e-04,1.569718625288267999e+00,2.039374711731989365e-03
1.645000000000000073e-01,1.571782999999999930e+00,1.571782999999999930e+00,1.571973414788959689e+00,-1.904147889597584964e-04,1.571919499792839847e+00,-1.364997928399169780e-04,1.569737522019615028e+00,2.045477980384902139e-03
1.647500000000000075e-01,1.571806999999999954e+00,1.571806999999999954e+00,1.571996032581845171e+00,-1.890325818452165407e-04,1.571944827382806054e+00,-1.378273828060994077e-04,1.569756510337803279e+00,2.050489662196675056e-03
1.650000000000000078e-01,1.571831999999999896e+00,1.571831999999999896e+00,1.572018681030516785e+00,-1.866810305168886686e-04,1.571970194930594644e+00,-1.381949305947482998e-04,1.569775590563997625e+00,2.056409436002271107e-03
1.652500000000000080e-01,1.571855999999999920e+00,1.571855999999999920e+00,1.572041360118101583e+00,-1.853601181016628630e-04,1.571995602281344384e+00,-1.396022813444641741e-04,1.569794763020148975e+00,2.061236979850944451e-03
1.655000000000000082e-01,1.571881000000000084e+00,1.571881000000000084e+00,1.572064069827700861e+00,-1.830698277007769548e-04,1.572021049278733873e+00,-1.400492787337892509e-04,1.569814028028994501e+00,2.066971971005582276e-03
1.657500000000000084e-01,1.571905000000000108e+00,1.571905000000000108e+00,1.572086810142390378e+00,-1.818101423902707126e-04,1.572046535764974218e+00,-1.415357649741100232e-04,1.569833385914059631e+00,2.071614085940476357e-03
1.660000000000000087e-01,1.571930000000000049e+00,1.571930000000000049e+00,1.572109581045220139e+00,-1.795810452200896634e-04,1.572072061580805258e+00,-1.420615808052083651e-04,1.569852836999660051e+00,2.077163000339998788e-03
1.662500000000000089e-01,1.571954999999999991e+00,1.571954999999999991e+00,1.572132382519214389e+00,-1.773825192143974050e-04,1.572097626565488460e+00,-1.426265654884684153e-04,1.569872381610904144e+00,2.082618389095847178e-03
1.665000000000000091e-01,1.571979999999999933e+00,1.571979999999999933e+00,1.572155214547371838e+00,-1.752145473719046720e-04,1.572123230556801809e+00,-1.432305568018765740e-04,1.569892020073692995e+00,2.087979926306937628e-03
1.667500000000000093e-01,1.572003999999999957e+00,1.572003999999999957e+00,1.572178077112665218e+00,-1.740771126652607137e-04,1.572148873391034707e+00,-1.448733910347499432e-04,1.569911752714723718e+00,2.092247285276238600e-03
1.670000000000000095e-01,1.572028999999999899e+00,1.572028999999999899e+00,1.572200970198041947e+00,-1.719701980420484944e-04,1.572174554902981969e+00,-1.455549029820701890e-04,1.569931579861491011e+00,2.097420138508887533e-03
1.672500000000000098e-01,1.572054000000000062e+00,1.572054000000000062e+00,1.572223893786423465e+00,-1.698937864234029149e-04,1.572200274925937613e+00,-1.462749259375506483e-04,1.569951501842287600e+00,2.102498157712462401e-03
1.675000000000000100e-01,1.572079000000000004e+00,1.572079000000000004e+00,1.572246847860705898e+00,-1.678478607058941918e-04,1.572226033291690195e+00,-1.470332916901906373e-04,1.569971518986208014e+00,2.107481013791989710e-03
1.677500000000000102e-01,1.572103999999999946e+00,1.572103999999999946e+00,1.572269832403759171e+00,-1.658324037592251443e-04,1.572251829830517034e+00,-1.478298305170877569e-04,1.569991631623149475e+00,2.112368376850470852e-03
1.680000000000000104e-01,1.572129000000000110e+00,1.572129000000000110e+00,1.572292847398428117e+00,-1.638473984280075513e-04,1.572277664371177552e+00,-1.486643711774426890e-04,1.570011840083813004e+00,2.117159916187105750e-03
1.682500000000000107e-01,1.572154999999999969e+00,1.572154999999999969e+00,1.572315892827531147e+00,-1.608928275311782841e-04,1.572303536740909058e+00,-1.485367409090887492e-04,1.570032144699706533e+00,2.122855300293435832e-03
1.685000000000000109e-01,1.572179999999999911e+00,1.572179999999999911e+00,1.572338968673861581e+00,-1.589686738616702399e-04,1.572329446765420080e+00,-1.494467654201692142e-04,1.570052545803145350e+00,2.127454196854561275e-03
1.687500000000000111e-01,1.572205000000000075e+00,1.572205000000000075e+00,1.572362074920186981e+00,-1.570749201869059419e-04,1.572355394268884599e+00,-1.503942688845238962e-04,1.570073043727256090e+00,2.131956272743984471e-03
1.690000000000000113e-01,1.572230000000000016e+00,1.572230000000000016e+00,1.572385211549249151e+00,-1.552115492491346060e-04,1.572381379073937602e+00,-1.513790739375853178e-04,1.570093638805975411e+00,2.136361194024605226e-03
1.692500000000000115e-01,1.572256000000000098e+00,1.572256000000000098e+00,1.572408378543763918e+00,-1.523785437638203177e-04,1.572407401001667537e+00,-1.514010016674394166e-04,1.570114331374054650e+00,2.141668625945447602e-03
1.695000000000000118e-01,1.572281000000000040e+00,1.572281000000000040e+00,1.572431575886421795e+00,-1.505758864217554560e-04,1.572433459871612538e+00,-1.524598716124980768e-04,1.570135121767060049e+00,2.145878232939990582e-03
1.697500000000000120e-01,1.572306999999999899e+00,1.572306999999999899e+00,1.572454803559887537e+00,-1.478035598876381584e-04,1.572459555501753092e+00,-1.525555017531932123e-04,1.570156010321375639e+00,2.150989678624259938e-03
1.700000000000000122e-01,1.572332000000000063e+00,1.572332000000000063e+00,1.572478061546800143e+00,-1.460615468000803219e-04,1.572485687708507385e+00,-1.536877085073218296e-04,1.570176997374204353e+00,2.155002625795710003e-03
1.702500000000000124e-01,1.572357999999999922e+00,1.572357999999999922e+00,1.572501349829773298e+00,-1.433498297733759586e-04,1.572511856306725075e+00,-1.538563067251530470e-04,1.570198083263569577e+00,2.159916736430345097e-03
1.705000000000000127e-01,1.572384000000000004e+00,1.572384000000000004e+00,1.572524668391394043e+00,-1.406683913940387498e-04,1.572538061109681307e+00,-1.540611096813027103e-04,1.570219268328318707e+00,2.164731671681296987e-03
1.707500000000000129e-01,1.572408999999999946e+00,1.572408999999999946e+00,1.572548017214224769e+00,-1.390172142248236042e-04,1.572564301929072261e+00,-1.553019290723156587e-04,1.570240552908123144e+00,2.168447091876801736e-03
1.710000000000000131e-01,1.572435000000000027e+00,1.572435000000000027e+00,1.572571396280801670e+00,-1.363962808016427886e-04,1.572590578575007392e+00,-1.555785750073646057e-04,1.570261937343480740e+00,2.173062656519286762e-03
1.712500000000000133e-01,1.572461000000000109e+00,1.572461000000000109e+00,1.572594805573635401e+00,-1.338055736352927738e-04,1.572616890856005645e+00,-1.558908560055360937e-04,1.570283421975719129e+00,2.177578024280979463e-03
1.715000000000000135e-01,1.572486999999999968e+00,1.572486999999999968e+00,1.572618245075210863e+00,-1.312450752108951235e-04,1.572643238578988356e+00,-1.562385789883879994e-04,1.570305007146994170e+00,2.181992853005798594e-03
1.717500000000000138e-01,1.572513000000000050e+00,1.572513000000000050e+00,1.572641714767987420e+00,-1.287147679873701378e-04,1.572669621549273700e+00,-1.566215492736500181e-04,1.570326693200296386e+00,2.186306799703663373e-03
1.719999999999999862e-01,1.572538999999999909e+00,1.572538999999999909e+00,1.572665214634398456e+00,-1.262146343985470764e-04,1.572696039570571802e+00,-1.570395705718929946e-04,1.570348480479448749e+00,2.190519520551159616e-03
1.722499999999999865e-01,1.572564999999999991e+00,1.572564999999999991e+00,1.572688744656851823e+00,-1.237446568518318912e-04,1.572722492444977860e+00,-1.574924449778691837e-04,1.570370369329111782e+00,2.194630670888209067e-03
1.724999999999999867e-01,1.572591000000000072e+00,1.572591000000000072e+00,1.572712304817729834e+00,-1.213048177297615382e-04,1.572748979972966366e+00,-1.579799729662934027e-04,1.570392360094783113e+00,2.198639905216959178e-03
1.727499999999999869e-01,1.572616999999999932e+00,1.572616999999999932e+00,1.572735895099388825e+00,-1.188950993888937546e-04,1.572775501953386224e+00,-1.585019533862919161e-04,1.570414453122800813e+00,2.202546877199118569e-03
1.729999999999999871e-01,1.572643000000000013e+00,1.572643000000000013e+00,1.572759515484159820e+00,-1.165154841598070590e-04,1.572802058183454088e+00,-1.590581834540749639e-04,1.570436648760344944e+00,2.206351239655068852e-03
1.732499999999999873e-01,1.572669000000000095e+00,1.572669000000000095e+00,1.572783165954347862e+00,-1.141659543477668848e-04,1.572828648458749035e+00,-1.596484587489399587e-04,1.570458947355439339e+00,2.210052644560756008e-03
1.734999999999999876e-01,1.572696000000000094e+00,1.572696000000000094e+00,1.572806846492232458e+00,-1.108464922323637580e-04,1.572855272573206564e+00,-1.592725732064703692e-04,1.570481349256954040e+00,2.214650743046053805e-03
1.737499999999999878e-01,1.572721999999999953e+00,1.572721999999999953e+00,1.572830557080067360e+00,-1.085570800674062752e-04,1.572881930319112165e+00,-1.599303191122114498e-04,1.570503854814605527e+00,2.218145185394426733e-03
1.739999999999999880e-01,1.572748999999999953e+00,1.572748999999999953e+00,1.572854297700080561e+00,-1.052977000806087915e-04,1.572908621487096648e+00,-1.596214870966949917e-04,1.570526464378962705e+00,2.222535621037247111e-03
1.742499999999999882e-01,1.572775000000000034e+00,1.572775000000000034e+00,1.572878068334474522e+00,-1.030683344744875996e-04,1.572935345866129264e+00,-1.603458661292300746e-04,1.570549178301443360e+00,2.225821698556673667e-03
1.744999999999999885e-01,1.572802000000000033e+00,1.572802000000000033e+00,1.572901868965425942e+00,-9.986896542590883996e-05,1.572962103243512155e+00,-1.601032435121219066e-04,1.570571996934321257e+00,2.230003065678776153e-03
1.747499999999999887e-01,1.572827999999999893e+00,1.572827999999999893e+00,1.572925699575085767e+00,-9.769957508587445716e-05,1.572988893404874577e+00,-1.608934048746846202e-04,1.570594920630724367e+00,2.233079369275525750e-03
1.749999999999999889e-01,1.572854999999999892e+00,1.572854999999999892e+00,1.572949560145579406e+00,-9.456014557951419874e-05,1.573015716134167352e+00,-1.607161341674601118e-04,1.570617949744639530e+00,2.237050255360362172e-03
1.752499999999999891e-01,1.572880999999999974e+00,1.572880999999999974e+00,1.572973450659006733e+00,-9.245065900675975001e-05,1.573042571213655982e+00,-1.615712136560087941e-04,1.570641084630912676e+00,2.239915369087297492e-03
1.754999999999999893e-01,1.572907999999999973e+00,1.572907999999999973e+00,1.572997371097441421e+00,-8.937109744144855483e-05,1.573069458423915767e+00,-1.614584239157945689e-04,1.570664325645251491e+00,2.243674354748481647e-03
1.757499999999999896e-01,1.572934999999999972e+00,1.572934999999999972e+00,1.573021321442931830e+00,-8.632144293185817219e-05,1.573096377543824920e+00,-1.613775438249476224e-04,1.570687673144227858e+00,2.247326855772113774e-03
1.759999999999999898e-01,1.572961999999999971e+00,1.572961999999999971e+00,1.573045301677500785e+00,-8.330167750081329814e-05,1.573123328350560124e+00,-1.613283505601526002e-04,1.570711127485278968e+00,2.250872514721002915e-03
1.762499999999999900e-01,1.572988999999999971e+00,1.572988999999999971e+00,1.573069311783144908e+00,-8.031178314493736536e-05,1.573150310619588543e+00,-1.613106195885727345e-04,1.570734689026709763e+00,2.254310973290207798e-03
1.764999999999999902e-01,1.573015999999999970e+00,1.573015999999999970e+00,1.573093351741835511e+00,-7.735174183554072158e-05,1.573177324124663823e+00,-1.613241246638530413e-04,1.570758358127695598e+00,2.257641872304372299e-03
1.767499999999999905e-01,1.573042999999999969e+00,1.573042999999999969e+00,1.573117421535518146e+00,-7.442153551817654034e-05,1.573204368637819206e+00,-1.613686378192369375e-04,1.570782135148283576e+00,2.260864851716393176e-03
1.769999999999999907e-01,1.573069999999999968e+00,1.573069999999999968e+00,1.573141521146112831e+00,-7.152114611286286561e-05,1.573231443929361317e+00,-1.614439293613489923e-04,1.570806020449394547e+00,2.263979550605421664e-03
1.772499999999999909e-01,1.573096999999999968e+00,1.573096999999999968e+00,1.573165650555513606e+00,-6.865055551363852260e-05,1.573258549767865055e+00,-1.615497678650879010e-04,1.570830014392825325e+00,2.266985607174643036e-03
1.774999999999999911e-01,1.573123999999999967e+00,1.573123999999999967e+00,1.573189809745589196e+00,-6.580974558922925155e-05,1.573285685920166488e+00,-1.616859201665210577e-04,1.570854117341251355e+00,2.269882658748612059e-03
1.777499999999999913e-01,1.573150999999999966e+00,1.573150999999999966e+00,1.573213998698181904e+00,-6.299869818193748472e-05,1.573312852151358410e+00,-1.618521513584436633e-04,1.570878329658227379e+00,2.272670341772586866e-03
1.779999999999999916e-01,1.573179000000000105e+00,1.573179000000000105e+00,1.573238217395109384e+00,-5.921739510927892525e-05,1.573340048224782795e+00,-1.610482247826894309e-04,1.570902651708191655e+00,2.276348291808449886e-03
1.782499999999999918e-01,1.573206000000000104e+00,1.573206000000000104e+00,1.573262465818162870e+00,-5.646581816276530219e-05,1.573367273902025687e+00,-1.612739020255826716e-04,1.570927083856465512e+00,2.278916143534592820e-03
1.784999999999999920e-01,1.573233000000000104e+00,1.573233000000000104e+00,1.573286743949108279e+00,-5.374394910817592574e-05,1.573394528942911208e+00,-1.615289429111044228e-04,1.570951626469257345e+00,2.281373530742758504e-03
1.787499999999999922e-01,1.573261000000000021e+00,1.573261000000000021e+00,1.573311051769685331e+00,-5.005176968531088733e-05,1.573421813105494671e+00,-1.608131054946504435e-04,1.570976279913664175e+00,2.284720086335845224e-03
1.789999999999999925e-01,1.573288000000000020e+00,1.573288000000000020e+00,1.573335389261608652e+00,-4.738926160863243808e-05,1.573449126146057919e+00,-1.611261460578994331e-04,1.571001044557673421e+00,2.286955442326599197e-03
1.792499999999999927e-01,1.573315999999999937e+00,1.573315999999999937e+00,1.573359756406566889e+00,-4.375640656695267694e-05,1.573476467819102442e+00,-1.604678191025055156e-04,1.571025920770165785e+00,2.290079229834152130e-03
1.794999999999999929e-01,1.573344000000000076e+00,1.573344000000000076e+00,1.573384153186223156e+00,-4.015318622307972873e-05,1.573503837877342937e+00,-1.598378773428610344e-04,1.571050908920916367e+00,2.293091079083708905e-03
1.797499999999999931e-01,1.573371000000000075e+00,1.573371000000000075e+00,1.573408579582214806e+00,-3.757958221473067795e-05,1.573531236071702422e+00,-1.602360717023465497e-04,1.571076009380597771e+00,2.294990619402303977e-03
1.799999999999999933e-01,1.573398999999999992e+00,1.573398999999999992e+00,1.573433035576153438e+00,-3.403557615344610099e-05,1.573558662151305354e+00,-1.596621513053619879e-04,1.571101222520781659e+00,2.297777479218332530e-03
1.802499999999999936e-01,1.573426999999999909e+00,1.573426999999999909e+00,1.573457521149624894e+00,-3.052114962498464479e-05,1.573586115863471635e+00,-1.591158634717260156e-04,1.571126548713940529e+00,2.300451286059379541e-03
1.804999999999999938e-01,1.573455000000000048e+00,1.573455000000000048e+00,1.573482036284189700e+00,-2.703628418965209335e-05,1.573613596953710836e+00,-1.585969537107878580e-04,1.571151988333451488e+00,2.303011666548560044e-03
1.807499999999999940e-01,1.573482000000000047e+00,1.573482000000000047e+00,1.573506580961382184e+00,-2.458096138213683446e-05,1.573641105165715759e+00,-1.591051657157116495e-04,1.571177541753596696e+00,2.304458246403351396e-03
1.809999999999999942e-01,1.573509999999999964e+00,1.573509999999999964e+00,1.573531155162711581e+00,-2.115516271161688167e-05,1.573668640241356664e+00,-1.586402413567000735e-04,1.571203209349566254e+00,2.306790650433709899e-03
1.812499999999999944e-01,1.573538000000000103e+00,1.573538000000000103e+00,1.573555758869660703e+00,-1.775886966060014061e-05,1.573696201920675053e+00,-1.582019206749496476e-04,1.571228991497460203e+00,2.309008502539899865e-03
1.814999999999999947e-01,1.573566000000000020e+00,1.573566000000000020e+00,1.573580392063687494e+00,-1.439206368747392162e-05,1.573723789941877671e+00,-1.577899418776507190e-04,1.571254888574291408e+00,2.311111425708611833e-03
1.817499999999999949e-01,1.573593999999999937e+00,1.573593999999999937e+00,1.573605054726223695e+00,-1.105472622375813785e-05,1.573751404041329849e+00,-1.574040413299115926e-04,1.571280900957986670e+00,2.313099042013266882e-03
1.819999999999999951e-01,1.573622999999999994e+00,1.573622999999999994e+00,1.573629746838675514e+00,-6.746838675519839512e-06,1.573779043953550394e+00,-1.560439535503999053e-04,1.571307029027389390e+00,2.315970972610603695e-03
1.822499999999999953e-01,1.573650999999999911e+00,1.573650999999999911e+00,1.573654468382423177e+00,-3.468382423266191950e-06,1.573806709411204263e+00,-1.557094112043522216e-04,1.571333273162262900e+00,2.317726837737010825e-03
1.824999999999999956e-01,1.573679000000000050e+00,1.573679000000000050e+00,1.573679219338821822e+00,-2.193388217719416389e-07,1.573834400145097234e+00,-1.554001450971842502e-04,1.571359633743290241e+00,2.319366256709809448e-03
1.827499999999999958e-01,1.573706999999999967e+00,1.573706999999999967e+00,1.573703999689200383e+00,3.000310799583516541e-06,1.573862115884169910e+00,-1.551158841699429303e-04,1.571386111152078380e+00,2.320888847921587228e-03
1.829999999999999960e-01,1.573736000000000024e+00,1.573736000000000024e+00,1.573728809414862484e+00,7.190585137539784455e-06,1.573889856355490613e+00,-1.538563554905891806e-04,1.571412705771160434e+00,2.323294228839589692e-03
1.832499999999999962e-01,1.573763999999999941e+00,1.573763999999999941e+00,1.573753648497085544e+00,1.035150291439634884e-05,1.573917621284250279e+00,-1.536212842503381637e-04,1.571439417983996778e+00,2.324582016003162721e-03
1.834999999999999964e-01,1.573792000000000080e+00,1.573792000000000080e+00,1.573778516917122117e+00,1.348308287796307070e-05,1.573945410393755573e+00,-1.534103937554931463e-04,1.571466248174978153e+00,2.325751825021926678e-03
1.837499999999999967e-01,1.573820999999999914e+00,1.573820999999999914e+00,1.573803414656198107e+00,1.758534380180698520e-05,1.573973223405422894e+00,-1.522234054229798517e-04,1.571493196729427666e+00,2.327803270572248451e-03
1.839999999999999969e-01,1.573849000000000053e+00,1.573849000000000053e+00,1.573828341695514554e+00,2.065830448549910159e-05,1.574001060038772160e+00,-1.520600387721060542e-04,1.571520264033602787e+00,2.328735966397266210e-03
1.842499999999999971e-01,1.573878000000000110e+00,1.573878000000000110e+00,1.573853298016246294e+00,2.470198375381649214e-05,1.574028920011421251e+00,-1.509200114211406429e-04,1.571547450474698460e+00,2.330549525301650604e-03
1.844999999999999973e-01,1.573906999999999945e+00,1.573906999999999945e+00,1.573878283599542849e+00,2.871640045709611400e-05,1.574056803039078245e+00,-1.498030390783000598e-04,1.571574756440848875e+00,2.332243559151070400e-03
1.847499999999999976e-01,1.573935000000000084e+00,1.573935000000000084e+00,1.573903298426527542e+00,3.170157347254232150e-05,1.574084708835536972e+00,-1.497088355368880741e-04,1.571602182321129026e+00,2.332817678871057510e-03
1.849999999999999978e-01,1.573963999999999919e+00,1.573963999999999919e+00,1.573928342478298603e+00,3.565752170131553100e-05,1.574112637112669688e+00,-1.486371126697694223e-04,1.571629728505558488e+00,2.334271494441431116e-03
1.852499999999999980e-01,1.573992999999999975e+00,1.573992999999999975e+00,1.573953415735928285e+00,3.958426407169035599e-05,1.574140587580421302e+00,-1.475875804213266917e-04,1.571657395385102518e+00,2.335604614897457409e-03
1.854999999999999982e-01,1.574022000000000032e+00,1.574022000000000032e+00,1.573978518180463082e+00,4.348181953695018365e-05,1.574168559946802715e+00,-1.465599468026823615e-04,1.571685183351675397e+00,2.336816648324635537e-03
1.857499999999999984e-01,1.574051000000000089e+00,1.574051000000000089e+00,1.574003649792923953e+00,4.735020707613557533e-05,1.574196553917885266e+00,-1.455539178851772419e-04,1.571713092798142197e+00,2.337907201857891692e-03
1.859999999999999987e-01,1.574079999999999924e+00,1.574079999999999924e+00,1.574028810554306101e+00,5.118944569382222198e-05,1.574224569197793189e+00,-1.445691977932650474e-04,1.571741124118320565e+00,2.338875881679358670e-03
1.862499999999999989e-01,1.574108999999999980e+00,1.574108999999999980e+00,1.574054000445579193e+00,5.499955442078707790e-05,1.574252605488699386e+00,-1.436054886994053703e-04,1.571769277706984935e+00,2.339722293015045196e-03
1.864999999999999991e-01,1.574138000000000037e+00,1.574138000000000037e+00,1.574079219447686917e+00,5.878055231312018236e-05,1.574280662490816995e+00,-1.426624908169582540e-04,1.571797553959865645e+00,2.340446040134391836e-03
1.867499999999999993e-01,1.574167000000000094e+00,1.574167000000000094e+00,1.574104467541547425e+00,6.253245845266874881e-05,1.574308739902394727e+00,-1.417399023946330772e-04,1.571825953273655818e+00,2.341046726344275797e-03
1.869999999999999996e-01,1.574195999999999929e+00,1.574195999999999929e+00,1.574129744708053558e+00,6.625529194637103103e-05,1.574336837419709090e+00,-1.408374197091610824e-04,1.571854476046009141e+00,2.341523953990787277e-03
1.872499999999999998e-01,1.574224999999999985e+00,1.574224999999999985e+00,1.574155050928071731e+00,6.994907192825472464e-05,1.574364954737059952e+00,-1.399547370599663054e-04,1.571883122675544975e+00,2.341877324455010623e-03
1.875000000000000000e-01,1.574254000000000042e+00,1.574254000000000042e+00,1.574180386182443048e+00,7.361381755699447638e-05,1.574393091546762324e+00,-1.390915467622821922e-04,1.571911893561850571e+00,2.342106438149471614e-03
1.877500000000000002e-01,1.574284000000000017e+00,1.574284000000000017e+00,1.574205750451983077e+00,7.824954801693984052e-05,1.574421247539141477e+00,-1.372475391414607060e-04,1.571940789105483072e+00,2.343210894516944975e-03
1.880000000000000004e-01,1.574313000000000073e+00,1.574313000000000073e+00,1.574231143717481851e+00,8.185628251822230084e-05,1.574449422402525611e+00,-1.364224025255378336e-04,1.571969809707971066e+00,2.343190292029007082e-03
1.882500000000000007e-01,1.574341999999999908e+00,1.574341999999999908e+00,1.574256565959702758e+00,8.543404029714984915e-05,1.574477615823240528e+00,-1.356158232406201591e-04,1.571998955771818807e+00,2.343044228181101474e-03
1.885000000000000009e-01,1.574372000000000105e+00,1.574372000000000105e+00,1.574282017159384983e+00,8.998284061512151766e-05,1.574505827485602083e+00,-1.338274856019783243e-04,1.572028227700506875e+00,2.343772299493229738e-03
1.887500000000000011e-01,1.574400999999999939e+00,1.574400999999999939e+00,1.574307497297240399e+00,9.350270275954031263e-05,1.574534057071910853e+00,-1.330570719109136490e-04,1.572057625898495958e+00,2.343374101503981066e-03
1.890000000000000013e-01,1.574430999999999914e+00,1.574430999999999914e+00,1.574333006353956677e+00,9.799364604323734795e-05,1.574562304262445256e+00,-1.313042624453419904e-04,1.572087150771228403e+00,2.343849228771510695e-03
1.892500000000000016e-01,1.574459999999999971e+00,1.574459999999999971e+00,1.574358544310194841e+00,1.014556898051299783e-04,1.574590568735455109e+00,-1.305687354551388069e-04,1.572116802725131102e+00,2.343197274868868973e-03
1.895000000000000018e-01,1.574489999999999945e+00,1.574489999999999945e+00,1.574384111146590604e+00,1.058888534093416212e-04,1.574618850167156303e+00,-1.288501671563579976e-04,1.572146582167618600e+00,2.343417832381344823e-03
1.897500000000000020e-01,1.574519000000000002e+00,1.574519000000000002e+00,1.574409706843753920e+00,1.092931562460819350e-04,1.574647148231722360e+00,-1.281482317223581191e-04,1.572176489507093544e+00,2.342510492906457742e-03
1.900000000000000022e-01,1.574548999999999976e+00,1.574548999999999976e+00,1.574435331382269210e+00,1.136686177307666412e-04,1.574675462601280218e+00,-1.264626012802416710e-04,1.572206525152951784e+00,2.342474847048192643e-03
1.902500000000000024e-01,1.574578999999999951e+00,1.574578999999999951e+00,1.574460984742694691e+00,1.180152573052595244e-04,1.574703792945902459e+00,-1.247929459025076682e-04,1.572236689515582819e+00,2.342310484417131633e-03
1.905000000000000027e-01,1.574608000000000008e+00,1.574608000000000008e+00,1.574486666905563492e+00,1.213330944365154096e-04,1.574732138933601089e+00,-1.241389336010811917e-04,1.572266983006373575e+00,2.341016993626432452e-03
1.907500000000000029e-01,1.574637999999999982e+00,1.574637999999999982e+00,1.574512377851382761e+00,1.256221486172215407e-04,1.574760500230321991e+00,-1.225002303220090738e-04,1.572297406037709955e+00,2.340593962290027363e-03
1.910000000000000031e-01,1.574667999999999957e+00,1.574667999999999957e+00,1.574538117560634110e+00,1.298824393658470910e-04,1.574788876499936929e+00,-1.208764999369726922e-04,1.572327959022980393e+00,2.340040977019564039e-03
1.912500000000000033e-01,1.574697999999999931e+00,1.574697999999999931e+00,1.574563886013773617e+00,1.341139862263140969e-04,1.574817267404238885e+00,-1.192674042389541000e-04,1.572358642376576965e+00,2.339357623422966270e-03
1.915000000000000036e-01,1.574727999999999906e+00,1.574727999999999906e+00,1.574589683191230938e+00,1.383168087689679027e-04,1.574845672602934066e+00,-1.176726029341601532e-04,1.572389456513899608e+00,2.338543486100297386e-03
1.917500000000000038e-01,1.574758000000000102e+00,1.574758000000000102e+00,1.574615509073410857e+00,1.424909265892448929e-04,1.574874091753636796e+00,-1.160917536366934399e-04,1.572420401851357230e+00,2.337598148642872076e-03
1.920000000000000040e-01,1.574788000000000077e+00,1.574788000000000077e+00,1.574641363640692182e+00,1.466363593078945371e-04,1.574902524511861746e+00,-1.145245118616688984e-04,1.572451478806372371e+00,2.336521193627705273e-03
1.922500000000000042e-01,1.574818000000000051e+00,1.574818000000000051e+00,1.574667246873427962e+00,1.507531265720896130e-04,1.574930970531018382e+00,-1.129705310183304334e-04,1.572482687797380096e+00,2.335312202619954647e-03
1.925000000000000044e-01,1.574848000000000026e+00,1.574848000000000026e+00,1.574693158751945710e+00,1.548412480543159830e-04,1.574959429462404303e+00,-1.114294624042777571e-04,1.572514029243834432e+00,2.333970756165593130e-03
1.927500000000000047e-01,1.574878000000000000e+00,1.574878000000000000e+00,1.574719099256546961e+00,1.589007434530387286e-04,1.574987900955198361e+00,-1.099009551983609612e-04,1.572545503566208813e+00,2.332496433791186874e-03
1.930000000000000049e-01,1.574907999999999975e+00,1.574907999999999975e+00,1.574745068367507939e+00,1.629316324920360159e-04,1.575016384656454882e+00,-1.083846564549073577e-04,1.572577111185999632e+00,2.330888814000342535e-03
1.932500000000000051e-01,1.574939000000000089e+00,1.574939000000000089e+00,1.574771066065079106e+00,1.679339349209829635e-04,1.575044880211096565e+00,-1.058802110964762733e-04,1.572608852525727574e+00,2.330147474272514785e-03
1.935000000000000053e-01,1.574969000000000063e+00,1.574969000000000063e+00,1.574797092329484949e+00,1.719076705151145745e-04,1.575073387261907820e+00,-1.043872619077568231e-04,1.572640728008941391e+00,2.328271991058672441e-03
1.937500000000000056e-01,1.574999000000000038e+00,1.574999000000000038e+00,1.574823147140924640e+00,1.758528590753982712e-04,1.575101905449529216e+00,-1.029054495291781279e-04,1.572672738060220565e+00,2.326261939779472598e-03
1.940000000000000058e-01,1.575029000000000012e+00,1.575029000000000012e+00,1.574849230479571371e+00,1.797695204286409165e-04,1.575130434412449709e+00,-1.014344124496968647e-04,1.572704883105177753e+00,2.324116894822259027e-03
1.942500000000000060e-01,1.575059999999999905e+00,1.575059999999999905e+00,1.574875342325572802e+00,1.846576744271022363e-04,1.575158973787000871e+00,-9.897378700096659543e-05,1.572737163570460783e+00,2.322836429539121283e-03
1.945000000000000062e-01,1.575090000000000101e+00,1.575090000000000101e+00,1.574901482659050833e+00,1.885173409492679752e-04,1.575187523207350671e+00,-9.752320735056940748e-05,1.572769579883755986e+00,2.320420116244115150e-03
1.947500000000000064e-01,1.575120999999999993e+00,1.575120999999999993e+00,1.574927651460101830e+00,1.933485398981638070e-04,1.575216082305495480e+00,-9.508230549548635224e-05,1.572802132473791303e+00,2.318867526208689966e-03
1.950000000000000067e-01,1.575150999999999968e+00,1.575150999999999968e+00,1.574953848708796400e+00,1.971512912035677800e-04,1.575244650711255412e+00,-9.365071125544410791e-05,1.572834821770337399e+00,2.316178229662568810e-03
1.952500000000000069e-01,1.575182000000000082e+00,1.575182000000000082e+00,1.574980074385179396e+00,2.019256148206860502e-04,1.575273228052266106e+00,-9.122805226602359596e-05,1.572867648204212321e+00,2.314351795787761290e-03
1.955000000000000071e-01,1.575212000000000057e+00,1.575212000000000057e+00,1.575006328469270134e+00,2.056715307299228357e-04,1.575301813953973173e+00,-8.981395397311686679e-05,1.572900612207282389e+00,2.311387792717667367e-03
1.957500000000000073e-01,1.575242999999999949e+00,1.575242999999999949e+00,1.575032610941061950e+00,2.103890589379986409e-04,1.575330408039625318e+00,-8.740803962536958238e-05,1.572933714212465972e+00,2.309285787533976730e-03
1.960000000000000075e-01,1.575272999999999923e+00,1.575272999999999923e+00,1.575058921780522647e+00,2.140782194772761216e-04,1.575359009930267229e+00,-8.600993026730563429e-05,1.572966954653736815e+00,2.306045346263108087e-03
1.962500000000000078e-01,1.575304000000000038e+00,1.575304000000000038e+00,1.575085260967594714e+00,2.187390324053239965e-04,1.575387619244734250e+00,-8.361924473421211701e-05,1.573000333966124931e+00,2.303666033875106933e-03
1.965000000000000080e-01,1.575334999999999930e+00,1.575334999999999930e+00,1.575111628482194437e+00,2.233715178054929140e-04,1.575416235599643944e+00,-8.123559964401394495e-05,1.573033852585720593e+00,2.301147414279336445e-03
1.967500000000000082e-01,1.575364999999999904e+00,1.575364999999999904e+00,1.575138024304212347e+00,2.269756957875568304e-04,1.575444858609391652e+00,-7.985860939174749262e-05,1.573067510949677228e+00,2.297489050322676363e-03
1.970000000000000084e-01,1.575396000000000019e+00,1.575396000000000019e+00,1.575164448413514107e+00,2.315515864859118977e-04,1.575473487886141388e+00,-7.748788614136969954e-05,1.573101309496213851e+00,2.294690503786167568e-03
1.972500000000000087e-01,1.575426999999999911e+00,1.575426999999999911e+00,1.575190900789938730e+00,2.360992100611802869e-04,1.575502123039821623e+00,-7.512303982171175676e-05,1.573135248664616848e+00,2.291751335383063193e-03
1.975000000000000089e-01,1.575458000000000025e+00,1.575458000000000025e+00,1.575217381413299922e+00,2.406185867001031653e-04,1.575530763678116841e+00,-7.276367811681616615e-05,1.573169328895245300e+00,2.288671104754724794e-03
1.977500000000000091e-01,1.575488000000000000e+00,1.575488000000000000e+00,1.575243890263386071e+00,2.441097366139288738e-04,1.575559409406461997e+00,-7.140940646199744890e-05,1.573203550629530323e+00,2.284449370469676666e-03
1.980000000000000093e-01,1.575518999999999892e+00,1.575518999999999892e+00,1.575270427319959143e+00,2.485726800407483950e-04,1.575588059828034959e+00,-6.905982803506738321e-05,1.573237914309981722e+00,2.281085690018169743e-03
1.982500000000000095e-01,1.575550000000000006e+00,1.575550000000000006e+00,1.575296992562756238e+00,2.530074372437685071e-04,1.575616714543750518e+00,-6.671454375051233399e-05,1.573272420380187331e+00,2.277579619812675205e-03
1.985000000000000098e-01,1.575580999999999898e+00,1.575580999999999898e+00,1.575323585971488027e+00,2.574140285118708960e-04,1.575645373152253503e+00,-6.437315225360507043e-05,1.573307069284818116e+00,2.273930715181782247e-03
1.987500000000000100e-01,1.575612000000000013e+00,1.575612000000000013e+00,1.575350207525840096e+00,2.617924741599164662e-04,1.575674035249912119e+00,-6.203524991210684902e-05,1.573341861469629732e+00,2.270138530370280350e-03
1.990000000000000102e-01,1.575642999999999905e+00,1.575642999999999905e+00,1.575376857205471604e+00,2.661427945283012519e-04,1.575702700430811065e+00,-5.970043081116038763e-05,1.573376797381466741e+00,2.266202618533164070e-03
1.992500000000000104e-01,1.575674000000000019e+00,1.575674000000000019e+00,1.575403534990017063e+00,2.704650099829564169e-04,1.575731368286745093e+00,-5.736828674507421510e-05,1.573411877468263942e+00,2.262122531736077136e-03
1.995000000000000107e-01,1.575704999999999911e+00,1.575704999999999911e+00,1.575430240859084563e+00,2.747591409153482545e-04,1.575760038407211905e+00,-5.503840721199360075e-05,1.573447102179049706e+00,2.257897820950205414e-03
1.997500000000000109e-01,1.575736000000000026e+00,1.575736000000000026e+00,1.575456974792256437e+00,2.790252077435884104e-04,1.575788710379405932e+00,-5.271037940590694859e-05,1.573482471963950413e+00,2.253528036049612382e-03
2.000000000000000111e-01,1.575766999999999918e+00,1.575766999999999918e+00,1.575483736769089704e+00,2.832632309102134371e-04,1.575817383788211234e+00,-5.038378821131672680e-05,1.573517987274190011e+00,2.249012725809906854e-03
2.002500000000000113e-01,1.575798000000000032e+00,1.575798000000000032e+00,1.575510526769115627e+00,2.874732308844052397e-04,1.575846058216194834e+00,-4.805821619480177276e-05,1.573553648562096674e+00,2.244351437903358004e-03
2.005000000000000115e-01,1.575828999999999924e+00,1.575828999999999924e+00,1.575537344771839710e+00,2.916552281602147190e-04,1.575874733243600279e+00,-4.573324360035435632e-05,1.573589456281103471e+00,2.239543718896452873e-03
2.007500000000000118e-01,1.575860000000000039e+00,1.575860000000000039e+00,1.575564190756741922e+00,2.958092432581160836e-04,1.575903408448340315e+00,-4.340844834027635102e-05,1.573625410885751030e+00,2.234589114249008190e-03
2.010000000000000120e-01,1.575890999999999931e+00,1.575890999999999931e+00,1.575591064703276256e+00,2.999352967236745826e-04,1.575932083405990447e+00,-4.108340599051629738e-05,1.573661512831692200e+00,2.229487168307731082e-03
2.012500000000000122e-01,1.575922999999999963e+00,1.575922999999999963e+00,1.575617966590871166e+00,3.050334091287965066e-04,1.575960757689782277e+00,-3.775768978231397455e-05,1.573697762575693826e+00,2.225237424306136802e-03
2.015000000000000124e-01,1.575954000000000077e+00,1.575954000000000077e+00,1.575644896398929573e+00,3.091036010705039416e-04,1.575989430870596619e+00,-3.543087059654226323e-05,1.573734160575640306e+00,2.219839424359770774e-03
2.017500000000000127e-01,1.575984999999999969e+00,1.575984999999999969e+00,1.575671854106828418e+00,3.131458931715513927e-04,1.576018102516956176e+00,-3.310251695620713974e-05,1.573770707290534698e+00,2.214292709465270903e-03
2.020000000000000129e-01,1.576016000000000084e+00,1.576016000000000084e+00,1.575698839693919107e+00,3.171603060809768948e-04,1.576046772195020207e+00,-3.077219502012340513e-05,1.573807403180505160e+00,2.208596819494923480e-03
2.022500000000000131e-01,1.576046999999999976e+00,1.576046999999999976e+00,1.575725853139527732e+00,3.211468604722433895e-04,1.576075439468575645e+00,-2.843946857566947983e-05,1.573844248706804949e+00,2.202751293195026605e-03
2.025000000000000133e-01,1.576079000000000008e+00,1.576079000000000008e+00,1.575752894422953743e+00,3.261055770462650827e-04,1.576104103899032216e+00,-2.510389903220833219e-05,1.573881244331816198e+00,2.197755668183809519e-03
2.027500000000000135e-01,1.576109999999999900e+00,1.576109999999999900e+00,1.575779963523471938e+00,3.300364765279617529e-04,1.576132765045414219e+00,-2.276504541431911832e-05,1.573918390519053689e+00,2.191609480946210553e-03
2.030000000000000138e-01,1.576141000000000014e+00,1.576141000000000014e+00,1.575807060420330918e+00,3.339395796690958207e-04,1.576161422464354755e+00,-2.042246435474126542e-05,1.573955687733168185e+00,2.185312266831829220e-03
2.032499999999999862e-01,1.576171999999999906e+00,1.576171999999999906e+00,1.575834185092753748e+00,3.378149072461589242e-04,1.576190075710087957e+00,-1.807571008805020085e-05,1.573993136439947094e+00,2.178863560052812787e-03
2.034999999999999865e-01,1.576203999999999938e+00,1.576203999999999938e+00,1.575861337519937511e+00,3.426624800624278322e-04,1.576218724334442767e+00,-1.472433444282827963e-05,1.574030737106320021e+00,2.173262893679916985e-03
2.037499999999999867e-01,1.576235000000000053e+00,1.576235000000000053e+00,1.575888517681053980e+00,3.464823189460730646e-04,1.576247367886835615e+00,-1.236788683556255819e-05,1.574068490200360770e+00,2.166509799639282363e-03
2.039999999999999869e-01,1.576265999999999945e+00,1.576265999999999945e+00,1.575915725555249169e+00,3.502744447507755154e-04,1.576276005914264644e+00,-1.000591426469910061e-05,1.574106396191291335e+00,2.159603808708610018e-03
2.042499999999999871e-01,1.576297999999999977e+00,1.576297999999999977e+00,1.575942961121643116e+00,3.550388783568614315e-04,1.576304637961300825e+00,-6.637961300848260748e-06,1.574144455549483013e+00,2.153544450516964304e-03
2.044999999999999873e-01,1.576329000000000091e+00,1.576329000000000091e+00,1.575970224359330318e+00,3.587756406697728551e-04,1.576333263570083076e+00,-4.263570082985168597e-06,1.574182668746461067e+00,2.146331253539024431e-03
2.047499999999999876e-01,1.576359999999999983e+00,1.576359999999999983e+00,1.575997515247380187e+00,3.624847526197960690e-04,1.576361882280310045e+00,-1.882280310061545947e-06,1.574221036254908279e+00,2.138963745091704283e-03
2.049999999999999878e-01,1.576392000000000015e+00,1.576392000000000015e+00,1.576024833764835487e+00,3.671662351645288425e-04,1.576390493629234335e+00,1.506370765680387080e-06,1.574259558548666726e+00,2.132441451333288995e-03
2.052499999999999880e-01,1.576422999999999908e+00,1.576422999999999908e+00,1.576052179890713667e+00,3.708201092862406512e-04,1.576419097151654292e+00,3.902848345616050096e-06,1.574298236102741555e+00,2.124763897258352685e-03
2.054999999999999882e-01,1.576454000000000022e+00,1.576454000000000022e+00,1.576079553604006867e+00,3.744463959931554342e-04,1.576447692379908228e+00,6.307620091794419181e-06,1.574337069393304311e+00,2.116930606695710537e-03
2.057499999999999885e-01,1.576486000000000054e+00,1.576486000000000054e+00,1.576106954883681244e+00,3.790451163188102157e-04,1.576476278843866874e+00,9.721156133180031134e-06,1.574376058897695385e+00,2.109941102304668803e-03
2.059999999999999887e-01,1.576516999999999946e+00,1.576516999999999946e+00,1.576134383708676978e+00,3.826162913229680385e-04,1.576504856070926275e+00,1.214392907367134455e-05,1.574415205094428005e+00,2.101794905571940930e-03
2.062499999999999889e-01,1.576548000000000060e+00,1.576548000000000060e+00,1.576161840057908936e+00,3.861599420911243641e-04,1.576533423586001792e+00,1.457641399826847817e-05,1.574454508463192015e+00,2.093491536808045339e-03
2.064999999999999891e-01,1.576580000000000092e+00,1.576580000000000092e+00,1.576189323910266227e+00,3.906760897338656946e-04,1.576561980911519889e+00,1.801908848020339349e-05,1.574493969484854317e+00,2.086030515145775865e-03
2.067499999999999893e-01,1.576610999999999985e+00,1.576610999999999985e+00,1.576216835244612424e+00,3.941647553875604615e-04,1.576590527567412581e+00,2.047243258740394367e-05,1.574533588641465309e+00,2.077411358534675401e-03
2.069999999999999896e-01,1.576642000000000099e+00,1.576642000000000099e+00,1.576244374039785123e+00,3.976259602149756489e-04,1.576619063071108995e+00,2.293692889110410249e-05,1.574573366416260001e+00,2.068633583740098203e-03
2.072499999999999898e-01,1.576673999999999909e+00,1.576673999999999909e+00,1.576271940274596384e+00,4.020597254035251922e-04,1.576647586937529377e+00,2.641306247053165634e-05,1.574613303293662891e+00,2.060696706337017403e-03
2.074999999999999900e-01,1.576705000000000023e+00,1.576705000000000023e+00,1.576299533927832508e+00,4.054660721675151791e-04,1.576676098679077542e+00,2.890132092248087758e-05,1.574653399759289085e+00,2.051600240710937939e-03
2.077499999999999902e-01,1.576735999999999915e+00,1.576735999999999915e+00,1.576327154978254041e+00,4.088450217458738933e-04,1.576704597805634878e+00,3.140219436503777217e-05,1.574693656299950284e+00,2.042343700049631394e-03
2.079999999999999905e-01,1.576767999999999947e+00,1.576767999999999947e+00,1.576354803404596439e+00,4.131965954035088373e-04,1.576733083824552129e+00,3.491617544781888682e-05,1.574734073403655232e+00,2.033926596344715065e-03
2.082499999999999907e-01,1.576799000000000062e+00,1.576799000000000062e+00,1.576382479185568508e+00,4.165208144315535321e-04,1.576761556240642514e+00,3.744375935754717943e-05,1.574774651559614824e+00,2.024348440385237424e-03
2.084999999999999909e-01,1.576829999999999954e+00,1.576829999999999954e+00,1.576410182299854190e+00,4.198177001457636948e-04,1.576790014556175956e+00,3.998544382399771280e-05,1.574815391258245434e+00,2.014608741754519983e-03
2.087499999999999911e-01,1.576861999999999986e+00,1.576861999999999986e+00,1.576437912726111223e+00,4.240872738887624394e-04,1.576818458270870416e+00,4.354172912957032793e-05,1.574856292991170914e+00,2.005707008829071825e-03
2.089999999999999913e-01,1.576893000000000100e+00,1.576893000000000100e+00,1.576465670442972034e+00,4.273295570280666311e-04,1.576846886881885901e+00,4.611311811419938067e-05,1.574897357251227259e+00,1.995642748772841202e-03
2.092499999999999916e-01,1.576923999999999992e+00,1.576923999999999992e+00,1.576493455429042845e+00,4.305445709571475987e-04,1.576875299883817361e+00,4.870011618263170305e-05,1.574938584532465047e+00,1.985415467534945577e-03
2.094999999999999918e-01,1.576956000000000024e+00,1.576956000000000024e+00,1.576521267662905013e+00,4.347323370950118004e-04,1.576903696768687135e+00,5.230323131288905358e-05,1.574979975330153659e+00,1.976024669846365711e-03
2.097499999999999920e-01,1.576986999999999917e+00,1.576986999999999917e+00,1.576549107123113469e+00,4.378928768864476240e-04,1.576932077025938073e+00,5.492297406184398767e-05,1.575021530140783721e+00,1.965469859216195658e-03
2.099999999999999922e-01,1.577018000000000031e+00,1.577018000000000031e+00,1.576576973788197611e+00,4.410262118024199651e-04,1.576960440142426867e+00,5.755985757316395279e-05,1.575063249462071324e+00,1.954750537928706677e-03
2.102499999999999925e-01,1.577048999999999923e+00,1.577048999999999923e+00,1.576604867636661522e+00,4.441323633384008929e-04,1.576988785602416510e+00,6.021439758341351478e-05,1.575105133792960466e+00,1.943866207039457450e-03
2.104999999999999927e-01,1.577080000000000037e+00,1.577080000000000037e+00,1.576632788646983308e+00,4.472113530167298734e-04,1.577017112887569183e+00,6.288711243085387537e-05,1.575147183633627490e+00,1.932816366372547279e-03
2.107499999999999929e-01,1.577112000000000069e+00,1.577112000000000069e+00,1.576660736797615092e+00,4.512632023849771912e-04,1.577045421476939602e+00,6.657852306046763147e-05,1.575189399485484421e+00,1.922600514515648840e-03
2.109999999999999931e-01,1.577142999999999962e+00,1.577142999999999962e+00,1.576688712066984133e+00,4.542879330158289264e-04,1.577073710846967458e+00,6.928915303250349211e-05,1.575231781851180735e+00,1.911218148819227025e-03
2.112499999999999933e-01,1.577174000000000076e+00,1.577174000000000076e+00,1.576716714433491262e+00,4.572855665088138011e-04,1.577101980471470766e+00,7.201952852931015059e-05,1.575274331234609138e+00,1.899668765390938319e-03
2.114999999999999936e-01,1.577204999999999968e+00,1.577204999999999968e+00,1.576744743875511778e+00,4.602561244881897551e-04,1.577130229821638308e+00,7.477017836166055531e-05,1.575317048140907561e+00,1.887951859092407148e-03
2.117499999999999938e-01,1.577236000000000082e+00,1.577236000000000082e+00,1.576772800371395666e+00,4.631996286044159916e-04,1.577158458366022531e+00,7.754163397755142739e-05,1.575359933076463159e+00,1.876066923536923170e-03
2.119999999999999940e-01,1.577266999999999975e+00,1.577266999999999975e+00,1.576800883899466932e+00,4.661161005330427543e-04,1.577186665570532886e+00,8.033442946708824195e-05,1.575402986548916084e+00,1.864013451083890160e-03
2.122499999999999942e-01,1.577298000000000089e+00,1.577298000000000089e+00,1.576828994438023601e+00,4.690055619764876838e-04,1.577214850898427834e+00,8.314910157225519072e-05,1.575446209067161707e+00,1.851790932838381920e-03
2.124999999999999944e-01,1.577328999999999981e+00,1.577328999999999981e+00,1.576857131965338610e+00,4.718680346613712828e-04,1.577243013810308847e+00,8.598618969113402954e-05,1.575489601141355500e+00,1.839398858644480939e-03
2.127499999999999947e-01,1.577360000000000095e+00,1.577360000000000095e+00,1.576885296459659136e+00,4.747035403409594068e-04,1.577271153764112199e+00,8.884623588789608561e-05,1.575533163282916815e+00,1.826836717083279993e-03
2.129999999999999949e-01,1.577390999999999988e+00,1.577390999999999988e+00,1.576913487899205935e+00,4.775121007940530404e-04,1.577299270215102078e+00,9.172978489790928336e-05,1.575576896004530436e+00,1.814103995469551478e-03
2.132499999999999951e-01,1.577422000000000102e+00,1.577422000000000102e+00,1.576941706262175114e+00,4.802937378249882983e-04,1.577327362615863704e+00,9.463738413639788405e-05,1.575620799820151907e+00,1.801200179848194693e-03
2.134999999999999953e-01,1.577452999999999994e+00,1.577452999999999994e+00,1.576969951526736358e+00,4.830484732636364242e-04,1.577355430416296445e+00,9.756958370354951171e-05,1.575664875245010643e+00,1.788124754989350862e-03
2.137499999999999956e-01,1.577484000000000108e+00,1.577484000000000108e+00,1.576998223671034038e+00,4.857763289660699257e-04,1.577383473063605157e+00,1.005269363949512496e-04,1.575709122795614148e+00,1.774877204385960638e-03
2.139999999999999958e-01,1.577515000000000001e+00,1.577515000000000001e+00,1.577026522673186548e+00,4.884773268134523505e-04,1.577411490002294636e+00,1.035099977053643983e-04,1.575753542989749789e+00,1.761457010250211397e-03
2.142499999999999960e-01,1.577544999999999975e+00,1.577544999999999975e+00,1.577054848511286744e+00,4.901514887132307763e-04,1.577439480674161842e+00,1.055193258381326160e-04,1.575798136346490130e+00,1.746863653509844738e-03
2.144999999999999962e-01,1.577576000000000089e+00,1.577576000000000089e+00,1.577083201163402171e+00,4.927988365979185659e-04,1.577467444518287687e+00,1.085554817124023685e-04,1.575842903386196259e+00,1.733096613803830621e-03
2.147499999999999964e-01,1.577606999999999982e+00,1.577606999999999982e+00,1.577111580607573948e+00,4.954193924260330562e-04,1.577495380971031924e+00,1.116190289680574210e-04,1.575887844630520673e+00,1.719155369479308249e-03
2.149999999999999967e-01,1.577636999999999956e+00,1.577636999999999956e+00,1.577139986821818107e+00,4.970131781818487582e-04,1.577523289466023604e+00,1.137105339763522238e-04,1.575932960602412169e+00,1.704039397587786553e-03
2.152499999999999969e-01,1.577668000000000070e+00,1.577668000000000070e+00,1.577168419784124698e+00,4.995802158753726019e-04,1.577551169434155520e+00,1.168305658445500939e-04,1.575978251826117615e+00,1.689748173882454907e-03
2.154999999999999971e-01,1.577698999999999963e+00,1.577698999999999963e+00,1.577196879472458013e+00,5.021205275419493574e-04,1.577579020303575996e+00,1.199796964239663311e-04,1.576023718827187947e+00,1.675281172812015384e-03
2.157499999999999973e-01,1.577728999999999937e+00,1.577728999999999937e+00,1.577225365864757256e+00,5.036341352426809692e-04,1.577606841499682000e+00,1.221585003179370688e-04,1.576069362132480833e+00,1.659637867519103693e-03
2.159999999999999976e-01,1.577760000000000051e+00,1.577760000000000051e+00,1.577253878938935205e+00,5.061210610648458896e-04,1.577634632445112040e+00,1.253675548880117674e-04,1.576115182270162896e+00,1.644817729837155795e-03
2.162499999999999978e-01,1.577790000000000026e+00,1.577790000000000026e+00,1.577282418672879327e+00,5.075813271206985888e-04,1.577662392559738613e+00,1.276074402614124637e-04,1.576161179769716369e+00,1.628820230283656301e-03
2.164999999999999980e-01,1.577820000000000000e+00,1.577820000000000000e+00,1.577310985044451108e+00,5.090149555488920896e-04,1.577690121260660439e+00,1.298787393395617329e-04,1.576207355161940660e+00,1.612644838059340557e-03
2.167499999999999982e-01,1.577850999999999893e+00,1.577850999999999893e+00,1.577339578031486944e+00,5.114219685129484105e-04,1.577717817962196456e+00,1.331820378034365149e-04,1.576253708978957002e+00,1.597291021042890335e-03
2.169999999999999984e-01,1.577881000000000089e+00,1.577881000000000089e+00,1.577368197611797029e+00,5.128023882030596781e-04,1.577745482075877170e+00,1.355179241229187426e-04,1.576300241754212017e+00,1.580758245788072003e-03
2.172499999999999987e-01,1.577911000000000064e+00,1.577911000000000064e+00,1.577396843763166023e+00,5.141562368340402145e-04,1.577773113010438211e+00,1.378869895618528574e-04,1.576346954022481262e+00,1.564045977518802033e-03
2.174999999999999989e-01,1.577941000000000038e+00,1.577941000000000038e+00,1.577425516463353050e+00,5.154835366469878721e-04,1.577800710171812781e+00,1.402898281872566599e-04,1.576393846319873226e+00,1.547153680126811537e-03
2.177499999999999991e-01,1.577971000000000013e+00,1.577971000000000013e+00,1.577454215690091033e+00,5.167843099089797221e-04,1.577828272963124112e+00,1.427270368759003816e-04,1.576440919183834000e+00,1.530080816166012880e-03
2.179999999999999993e-01,1.578000999999999987e+00,1.578000999999999987e+00,1.577482941421087803e+00,5.180585789121838758e-04,1.577855800784677909e+00,1.451992153220782455e-04,1.576488173153149486e+00,1.512826846850501283e-03
2.182499999999999996e-01,1.578030999999999962e+00,1.578030999999999962e+00,1.577511693634025436e+00,5.193063659745256189e-04,1.577883293033956136e+00,1.477069660438257159e-04,1.576535608767950292e+00,1.495391232049669838e-03
2.184999999999999998e-01,1.578060999999999936e+00,1.578060999999999936e+00,1.577540472306559804e+00,5.205276934401315003e-04,1.577910749105608357e+00,1.502508943915792372e-04,1.576583226569716167e+00,1.477773430283768619e-03
2.187500000000000000e-01,1.578090999999999910e+00,1.578090999999999910e+00,1.577569277416321913e+00,5.217225836779970649e-04,1.577938168391444851e+00,1.528316085550596171e-04,1.576631027101278226e+00,1.459972898721684231e-03
2.190000000000000002e-01,1.578121000000000107e+00,1.578121000000000107e+00,1.577598108940916122e+00,5.228910590839852546e-04,1.577965550280429730e+00,1.554497195703774537e-04,1.576679010906823830e+00,1.441989093176276882e-03
2.192500000000000004e-01,1.578149999999999942e+00,1.578149999999999942e+00,1.577626966857922142e+00,5.230331420778000506e-04,1.577992894158672499e+00,1.571058413274428744e-04,1.576727178531901252e+00,1.422821468098689479e-03
2.195000000000000007e-01,1.578179999999999916e+00,1.578179999999999916e+00,1.577655851144893040e+00,5.241488551068762547e-04,1.578020199409422064e+00,1.598005905778521196e-04,1.576775530523421676e+00,1.404469476578240617e-03
2.197500000000000009e-01,1.578209999999999891e+00,1.578209999999999891e+00,1.577684761779356792e+00,5.252382206430983302e-04,1.578047465413057626e+00,1.625345869422645251e-04,1.576824067429665410e+00,1.385932570334480474e-03
2.200000000000000011e-01,1.578238999999999947e+00,1.578238999999999947e+00,1.577713698738815618e+00,5.253012611843299595e-04,1.578074691547082908e+00,1.643084529170391050e-04,1.576872789800284114e+00,1.366210199715833795e-03
2.202500000000000013e-01,1.578268000000000004e+00,1.578268000000000004e+00,1.577742662000745977e+00,5.253379992540274657e-04,1.578101877186117941e+00,1.661228138820636246e-04,1.576921698186305010e+00,1.346301813694994465e-03
2.205000000000000016e-01,1.578297999999999979e+00,1.578297999999999979e+00,1.577771651542598352e+00,5.263484574016263906e-04,1.578129021701891066e+00,1.689782981089127389e-04,1.576970793140136440e+00,1.327206859863538924e-03
2.207500000000000018e-01,1.578327000000000035e+00,1.578327000000000035e+00,1.577800667341798135e+00,5.263326582019001165e-04,1.578156124463233168e+00,1.708755367668679526e-04,1.577020075215569417e+00,1.306924784430618658e-03
2.210000000000000020e-01,1.578356000000000092e+00,1.578356000000000092e+00,1.577829709375744516e+00,5.262906242555764891e-04,1.578183184836068564e+00,1.728151639315278487e-04,1.577069544967783621e+00,1.286455032216471395e-03
2.212500000000000022e-01,1.578384999999999927e+00,1.578384999999999927e+00,1.577858777621811370e+00,5.262223781885566609e-04,1.578210202183408128e+00,1.747978165917984938e-04,1.577119202953350730e+00,1.265797046649197455e-03
2.215000000000000024e-01,1.578413999999999984e+00,1.578413999999999984e+00,1.577887872057346597e+00,5.261279426533871373e-04,1.578237175865342401e+00,1.768241346575827322e-04,1.577169049730238637e+00,1.244950269761346817e-03
2.217500000000000027e-01,1.578443000000000040e+00,1.578443000000000040e+00,1.577916992659672557e+00,5.260073403274834192e-04,1.578264105239033377e+00,1.788947609666635685e-04,1.577219085857815228e+00,1.223914142184812093e-03
2.220000000000000029e-01,1.578472000000000097e+00,1.578472000000000097e+00,1.577946139406085857e+00,5.258605939142402264e-04,1.578290989658707399e+00,1.810103412926977740e-04,1.577269311896852155e+00,1.202688103147941945e-03
2.222500000000000031e-01,1.578500000000000014e+00,1.578500000000000014e+00,1.577975312273857567e+00,5.246877261424476302e-04,1.578317828475647167e+00,1.821715243528476691e-04,1.577319728409530608e+00,1.180271590469406107e-03
2.225000000000000033e-01,1.578529000000000071e+00,1.578529000000000071e+00,1.578004511240232999e+00,5.244887597670722101e-04,1.578344621038185069e+00,1.843789618150015741e-04,1.577370335959443315e+00,1.158664040556756092e-03
2.227500000000000036e-01,1.578557999999999906e+00,1.578557999999999906e+00,1.578033736282431709e+00,5.242637175681963413e-04,1.578371366691695199e+00,1.866333083047067021e-04,1.577421135111600536e+00,1.136864888399369278e-03
2.230000000000000038e-01,1.578586000000000045e+00,1.578586000000000045e+00,1.578062987377647497e+00,5.230126223525477513e-04,1.578398064778586019e+00,1.879352214140261879e-04,1.577472126432432287e+00,1.113873567567758016e-03
2.232500000000000040e-01,1.578613999999999962e+00,1.578613999999999962e+00,1.578092264503048847e+00,5.217354969511145413e-04,1.578424714638292370e+00,1.892853617075918038e-04,1.577523310489794772e+00,1.090689510205189450e-03
2.235000000000000042e-01,1.578643000000000018e+00,1.578643000000000018e+00,1.578121567635778044e+00,5.214323642219742538e-04,1.578451315607268368e+00,1.916843927316502771e-04,1.577574687852972390e+00,1.068312147027628001e-03
2.237500000000000044e-01,1.578670999999999935e+00,1.578670999999999935e+00,1.578150896752952059e+00,5.201032470478761383e-04,1.578477867018980296e+00,1.931329810196391605e-04,1.577626259092683947e+00,1.044740907315988565e-03
2.240000000000000047e-01,1.578699000000000074e+00,1.578699000000000074e+00,1.578180251831662106e+00,5.187481683379679964e-04,1.578504368203897945e+00,1.946317961021293286e-04,1.577678024781085098e+00,1.020975218914976779e-03
2.242500000000000049e-01,1.578726999999999991e+00,1.578726999999999991e+00,1.578209632848973643e+00,5.173671510263488926e-04,1.578530818489488174e+00,1.961815105118169811e-04,1.577729985491773901e+00,9.970145082260906122e-04
2.245000000000000051e-01,1.578753999999999991e+00,1.578753999999999991e+00,1.578239039781926589e+00,5.149602180734014212e-04,1.578557217200206475e+00,1.967827997935156503e-04,1.577782141799794591e+00,9.718582002053999247e-04
2.247500000000000053e-01,1.578781999999999908e+00,1.578781999999999908e+00,1.578268472607534889e+00,5.135273924650185506e-04,1.578583563657489863e+00,1.984363425100443834e-04,1.577834494281641797e+00,9.475057183581103715e-04
2.250000000000000056e-01,1.578810000000000047e+00,1.578810000000000047e+00,1.578297931302786949e+00,5.120686972130972237e-04,1.578609857179749776e+00,2.001428202502708587e-04,1.577887043515264320e+00,9.229564847357263346e-04
2.252500000000000058e-01,1.578837000000000046e+00,1.578837000000000046e+00,1.578327415844645865e+00,5.095841553541813340e-04,1.578636097082363188e+00,2.009029176368581915e-04,1.577939790080071569e+00,8.972099199284766513e-04
2.255000000000000060e-01,1.578864000000000045e+00,1.578864000000000045e+00,1.578356926210048305e+00,5.070737899517396841e-04,1.578662282677666173e+00,2.017173223338719623e-04,1.577992734556934895e+00,8.712654430651500803e-04
2.257500000000000062e-01,1.578891999999999962e+00,1.578891999999999962e+00,1.578386462375905852e+00,5.055376240941100718e-04,1.578688413274945912e+00,2.035867250540501772e-04,1.578045877528194474e+00,8.461224718054882743e-04
2.260000000000000064e-01,1.578918999999999961e+00,1.578918999999999961e+00,1.578416024319104327e+00,5.029756808956342695e-04,1.578714488180432918e+00,2.045118195670436734e-04,1.578099219577662415e+00,8.197804223375459998e-04
2.262500000000000067e-01,1.578945999999999961e+00,1.578945999999999961e+00,1.578445612016503574e+00,5.003879834963864681e-04,1.578740506697293489e+00,2.054933027064720363e-04,1.578152761290626760e+00,7.932387093732007344e-04
2.265000000000000069e-01,1.578972999999999960e+00,1.578972999999999960e+00,1.578475225444937902e+00,4.977745550620582549e-04,1.578766468125622824e+00,2.065318743771360488e-04,1.578206503253857251e+00,7.664967461427085738e-04
2.267500000000000071e-01,1.578999000000000041e+00,1.578999000000000041e+00,1.578504864581215861e+00,4.941354187841806578e-04,1.578792371762435698e+00,2.066282375643435643e-04,1.578260446055608890e+00,7.385539443911515178e-04
2.270000000000000073e-01,1.579026000000000041e+00,1.579026000000000041e+00,1.578534529402120912e+00,4.914705978791289454e-04,1.578818216901660687e+00,2.077830983393536002e-04,1.578314590285626373e+00,7.114097143736675122e-04
2.272500000000000075e-01,1.579051999999999900e+00,1.579051999999999900e+00,1.578564219884409869e+00,4.877801155900307606e-04,1.578844002834131288e+00,2.079971658686119440e-04,1.578368936535149425e+00,6.830634648504751993e-04
2.275000000000000078e-01,1.579078999999999899e+00,1.579078999999999899e+00,1.578593936004814235e+00,4.850639951856638987e-04,1.578869728847578813e+00,2.092711524210866258e-04,1.578423485396915238e+00,6.555146030846614735e-04
2.277500000000000080e-01,1.579104999999999981e+00,1.579104999999999981e+00,1.578623677740040421e+00,4.813222599595601281e-04,1.578895394226624393e+00,2.096057733755873898e-04,1.578478237465166245e+00,6.267625348337357849e-04
2.280000000000000082e-01,1.579131000000000062e+00,1.579131000000000062e+00,1.578653445066768413e+00,4.775549332316497697e-04,1.578920998252771435e+00,2.100017472286275222e-04,1.578533193335650786e+00,5.978066643492763177e-04
2.282500000000000084e-01,1.579156999999999922e+00,1.579156999999999922e+00,1.578683237961652441e+00,4.737620383474805408e-04,1.578946540204398286e+00,2.104597956016363014e-04,1.578588353605630656e+00,5.686463943692654510e-04
2.285000000000000087e-01,1.579183000000000003e+00,1.579183000000000003e+00,1.578713056401321868e+00,4.699435986781352881e-04,1.578972019356749801e+00,2.109806432502026041e-04,1.578643718873884660e+00,5.392811261153429570e-04
2.287500000000000089e-01,1.579209000000000085e+00,1.579209000000000085e+00,1.578742900362379631e+00,4.660996376204540326e-04,1.578997434981930459e+00,2.115650180696260207e-04,1.578699289740712386e+00,5.097102592876989746e-04
2.290000000000000091e-01,1.579234000000000027e+00,1.579234000000000027e+00,1.578772769821403132e+00,4.612301785968941914e-04,1.579022786348895924e+00,2.112136511041029507e-04,1.578755066807940866e+00,4.789331920591610725e-04
2.292500000000000093e-01,1.579258999999999968e+00,1.579258999999999968e+00,1.578802664754944240e+00,4.563352450557278672e-04,1.579048072723445717e+00,2.109272765542513639e-04,1.578811050678926131e+00,4.479493210738372255e-04
2.295000000000000095e-01,1.579285000000000050e+00,1.579285000000000050e+00,1.578832585139529288e+00,4.524148604707622923e-04,1.579073293368215669e+00,2.117066317843807610e-04,1.578867241958561651e+00,4.177580414383985641e-04
2.297500000000000098e-01,1.579309999999999992e+00,1.579309999999999992e+00,1.578862530951658405e+00,4.474690483415866282e-04,1.579098447542669259e+00,2.115524573307325795e-04,1.578923641253279442e+00,3.863587467205498172e-04
2.300000000000000100e-01,1.579334999999999933e+00,1.579334999999999933e+00,1.578892502167806411e+00,4.424978321935224557e-04,1.579123534503091397e+00,2.114654969085361103e-04,1.578980249171056727e+00,3.547508289432066420e-04
2.302500000000000102e-01,1.579360000000000097e+00,1.579360000000000097e+00,1.578922498764422366e+00,4.375012355777307960e-04,1.579148553502579322e+00,2.114464974207752590e-04,1.579037066321420157e+00,3.229336785799397092e-04
2.305000000000000104e-01,1.579383999999999899e+00,1.579383999999999899e+00,1.578952520717930019e+00,4.314792820698798437e-04,1.579173503791035271e+00,2.104962089646278400e-04,1.579094093315450253e+00,2.899066845496456324e-04
2.307500000000000107e-01,1.579409000000000063e+00,1.579409000000000063e+00,1.578982568004726472e+00,4.264319952735906583e-04,1.579198384615158934e+00,2.106153848411285168e-04,1.579151330765786732e+00,2.576692342133313218e-04
2.310000000000000109e-01,1.579433000000000087e+00,1.579433000000000087e+00,1.579012640601184181e+00,4.203593988159060046e-04,1.579223195218439679e+00,2.098047815604076050e-04,1.579208779286633169e+00,2.242207133669182895e-04
2.312500000000000111e-01,1.579457000000000111e+00,1.579457000000000111e+00,1.579042738483649178e+00,4.142615163509333343e-04,1.579247934841148115e+00,2.090651588519953918e-04,1.579266439493761220e+00,1.905605062388904258e-04
2.315000000000000113e-01,1.579480999999999913e+00,1.579480999999999913e+00,1.579072861628442404e+00,4.081383715575093163e-04,1.579272602720329433e+00,2.083972796704802732e-04,1.579324312004515729e+00,1.566879954841837730e-04
2.317500000000000115e-01,1.579504999999999937e+00,1.579504999999999937e+00,1.579103010011858599e+00,4.019899881413380172e-04,1.579297198089794296e+00,2.078019102056405387e-04,1.579382397437819385e+00,1.226025621805515442e-04
2.320000000000000118e-01,1.579528999999999961e+00,1.579528999999999961e+00,1.579133183610166968e+00,3.958163898329924990e-04,1.579321720180111965e+00,2.072798198879954867e-04,1.579440696414178724e+00,8.830358582123665201e-05
2.322500000000000120e-01,1.579552000000000067e+00,1.579552000000000067e+00,1.579163382399611404e+00,3.886176003886632202e-04,1.579346168218602298e+00,2.058317813977694755e-04,1.579499209555686567e+00,5.279044431349966260e-05
2.325000000000000122e-01,1.579574999999999951e+00,1.579574999999999951e+00,1.579193606356409596e+00,3.813936435903553246e-04,1.579370541429327535e+00,2.044585706724166840e-04,1.579557937486029795e+00,1.706251397015634552e-05
2.327500000000000124e-01,1.579598000000000058e+00,1.579598000000000058e+00,1.579223855456753922e+00,3.741445432461354414e-04,1.579394839033084974e+00,2.031609669150835629e-04,1.579616880830491343e+00,-1.888083049128574942e-05
2.330000000000000127e-01,1.579620999999999942e+00,1.579620999999999942e+00,1.579254129676810559e+00,3.668703231893832850e-04,1.579419060247398532e+00,2.019397526014099498e-04,1.579676040215957533e+00,-5.504021595759134300e-05
2.332500000000000129e-01,1.579644000000000048e+00,1.579644000000000048e+00,1.579284428992720812e+00,3.595710072792357437e-04,1.579443204286511859e+00,2.007957134881888095e-04,1.579735416270921844e+00,-9.141627092179582803e-05
2.335000000000000131e-01,1.579666999999999932e+00,1.579666999999999932e+00,1.579314753380599567e+00,3.522466194003648354e-04,1.579467270361379239e+00,1.997296386206937058e-04,1.579795009625489799e+00,-1.280096254898666075e-04
2.337500000000000133e-01,1.579688999999999899e+00,1.579688999999999899e+00,1.579345102816536395e+00,3.438971834635040636e-04,1.579491257679658922e+00,1.977423203409767183e-04,1.579854820911384961e+00,-1.658209113850617200e-04
2.340000000000000135e-01,1.579712000000000005e+00,1.579712000000000005e+00,1.579375477276595108e+00,3.365227234048973060e-04,1.579515165445703806e+00,1.968345542961991157e-04,1.579914850761952261e+00,-2.028507619522557093e-04
2.342500000000000138e-01,1.579733999999999972e+00,1.579733999999999972e+00,1.579405876736813763e+00,3.281232631862085469e-04,1.579538992860554991e+00,1.950071394449803819e-04,1.579975099812164441e+00,-2.410998121644691849e-04
2.344999999999999862e-01,1.579755000000000020e+00,1.579755000000000020e+00,1.579436301173204660e+00,3.186988267953605458e-04,1.579562739121933568e+00,1.922608780664525341e-04,1.580035568698626713e+00,-2.805686986266930916e-04
2.347499999999999865e-01,1.579776999999999987e+00,1.579776999999999987e+00,1.579466750561754784e+00,3.102494382452025690e-04,1.579586403424231733e+00,1.905965757682537287e-04,1.580096258059581205e+00,-3.192580595812177791e-04
2.349999999999999867e-01,1.579798999999999953e+00,1.579798999999999953e+00,1.579497224878425365e+00,3.017751215745878568e-04,1.579609984958506130e+00,1.890150414938229773e-04,1.580157168534913614e+00,-3.581685349136609631e-04
2.352499999999999869e-01,1.579820000000000002e+00,1.579820000000000002e+00,1.579527724099151209e+00,2.922759008487929577e-04,1.579633482912468745e+00,1.865170875312571752e-04,1.580218300766155881e+00,-3.983007661558790602e-04
2.354999999999999871e-01,1.579841000000000051e+00,1.579841000000000051e+00,1.579558248199842474e+00,2.827518001575768380e-04,1.579656896470480465e+00,1.841035295195858623e-04,1.580279655396493954e+00,-4.386553964939032824e-04
2.357499999999999873e-01,1.579862000000000100e+00,1.579862000000000100e+00,1.579588797156383118e+00,2.732028436169819940e-04,1.579680224813541534e+00,1.817751864585659405e-04,1.580341233070770901e+00,-4.792330707708014614e-04
2.359999999999999876e-01,1.579882999999999926e+00,1.579882999999999926e+00,1.579619370944631118e+00,2.636290553688080962e-04,1.579703467119284666e+00,1.795328807152607453e-04,1.580403034435493570e+00,-5.200344354936436986e-04
2.362499999999999878e-01,1.579903000000000057e+00,1.579903000000000057e+00,1.579649969540419585e+00,2.530304595804722112e-04,1.579726622561966609e+00,1.763774380334481862e-04,1.580465060138836586e+00,-5.620601388365287221e-04
2.364999999999999880e-01,1.579924000000000106e+00,1.579924000000000106e+00,1.579680592919554982e+00,2.434070804451238246e-04,1.579749690312460597e+00,1.743096875395089285e-04,1.580527310830648124e+00,-6.033108306480183813e-04
2.367499999999999882e-01,1.579944000000000015e+00,1.579944000000000015e+00,1.579711241057819127e+00,2.327589421808884396e-04,1.579772669538248131e+00,1.713304617518840445e-04,1.580589787162455906e+00,-6.457871624558908508e-04
2.369999999999999885e-01,1.579963999999999924e+00,1.579963999999999924e+00,1.579741913930967190e+00,2.220860690327342013e-04,1.579795559403410321e+00,1.684405965896029755e-04,1.580652489787469861e+00,-6.884897874699369424e-04
2.372499999999999887e-01,1.579982999999999915e+00,1.579982999999999915e+00,1.579772611514729252e+00,2.103884852706627839e-04,1.579818359068621447e+00,1.646409313784680251e-04,1.580715419360591678e+00,-7.324193605917628247e-04
2.374999999999999889e-01,1.580003000000000046e+00,1.580003000000000046e+00,1.579803333784809416e+00,1.996662151906303251e-04,1.579841067691139411e+00,1.619323088606350325e-04,1.580778576538415914e+00,-7.755765384158674891e-04
2.377499999999999891e-01,1.580022000000000038e+00,1.580022000000000038e+00,1.579834080716886247e+00,1.879192831137910247e-04,1.579863684424799075e+00,1.583155752009623995e-04,1.580841961979237542e+00,-8.199619792375045790e-04
2.379999999999999893e-01,1.580041000000000029e+00,1.580041000000000029e+00,1.579864852286612553e+00,1.761477133874755907e-04,1.579886208420002491e+00,1.547915799975374540e-04,1.580905576343056840e+00,-8.645763430568109698e-04
2.382499999999999896e-01,1.580060000000000020e+00,1.580060000000000020e+00,1.579895648469615832e+00,1.643515303841880382e-04,1.579908638823713130e+00,1.513611762868904975e-04,1.580969420291585381e+00,-9.094202915853610847e-04
2.384999999999999898e-01,1.580079000000000011e+00,1.580079000000000011e+00,1.579926469241496934e+00,1.525307585030777346e-04,1.579930974779445885e+00,1.480252205541265909e-04,1.581033494488250257e+00,-9.544944882502459649e-04
2.387499999999999900e-01,1.580097000000000085e+00,1.580097000000000085e+00,1.579957314577832284e+00,1.396854221678012209e-04,1.579953215427259972e+00,1.437845727401132478e-04,1.581097799598200071e+00,-1.000799598199986207e-03
2.389999999999999902e-01,1.580114999999999936e+00,1.580114999999999936e+00,1.579988184454171662e+00,1.268155458282738124e-04,1.579975359903751153e+00,1.396400962487831521e-04,1.581162336288310710e+00,-1.047336288310773966e-03
2.392499999999999905e-01,1.580133000000000010e+00,1.580133000000000010e+00,1.580019078846039315e+00,1.139211539606943546e-04,1.579997407342042415e+00,1.355926579575950086e-04,1.581227105227190233e+00,-1.094105227190222962e-03
2.394999999999999907e-01,1.580151000000000083e+00,1.580151000000000083e+00,1.580049997728934397e+00,1.010022710656865996e-04,1.580019356871777525e+00,1.316431282225583033e-04,1.581292107085184862e+00,-1.141107085184778214e-03
2.397499999999999909e-01,1.580168000000000017e+00,1.580168000000000017e+00,1.580080941078329859e+00,8.705892167015782945e-05,1.580041207619111709e+00,1.267923808883075765e-04,1.581357342534384092e+00,-1.189342534384074668e-03
2.399999999999999911e-01,1.580186000000000091e+00,1.580186000000000091e+00,1.580111908869672899e+00,7.409113032719183423e-05,1.580062958706704102e+00,1.230412932959890071e-04,1.581422812248626908e+00,-1.236812248626817379e-03
2.402499999999999913e-01,1.580203000000000024e+00,1.580203000000000024e+00,1.580142901078385176e+00,6.009892161484842177e-05,1.580084609253709749e+00,1.183907462902755725e-04,1.581488516903506447e+00,-1.285516903506422892e-03
2.404999999999999916e-01,1.580219999999999958e+00,1.580219999999999958e+00,1.580173917679862816e+00,4.608232013714186337e-05,1.580106158375771175e+00,1.138416242287831892e-04,1.581554457176375994e+00,-1.334457176376036003e-03
2.407499999999999918e-01,1.580235999999999974e+00,1.580235999999999974e+00,1.580204958649476188e+00,3.104135052378609316e-05,1.580127605185010387e+00,1.083948149895874735e-04,1.581620633746354976e+00,-1.384633746355001804e-03
2.409999999999999920e-01,1.580252999999999908e+00,1.580252999999999908e+00,1.580236023962569902e+00,1.697603743000541954e-05,1.580148948790020880e+00,1.040512099790280587e-04,1.581687047294334292e+00,-1.434047294334384048e-03
2.412499999999999922e-01,1.580268999999999924e+00,1.580268999999999924e+00,1.580267113594462813e+00,1.886405537110391606e-06,1.580170188295859646e+00,9.881170414027806714e-05,1.581753698502981642e+00,-1.484698502981718349e-03
2.414999999999999925e-01,1.580284999999999940e+00,1.580284999999999940e+00,1.580298227520448240e+00,-1.322752044830011187e-05,1.580191322804038290e+00,9.367719596165002827e-05,1.581820588056747745e+00,-1.535588056747805297e-03
2.417499999999999927e-01,1.580300000000000038e+00,1.580300000000000038e+00,1.580329365715793744e+00,-2.936571579370550467e-05,1.580212351412515925e+00,8.764858748411263889e-05,1.581887716641871444e+00,-1.587716641871406154e-03
2.419999999999999929e-01,1.580316000000000054e+00,1.580316000000000054e+00,1.580360528155741351e+00,-4.452815574129687093e-05,1.580233273215690293e+00,8.272678430976121433e-05,1.581955084946386592e+00,-1.639084946386537567e-03
2.422499999999999931e-01,1.580330999999999930e+00,1.580330999999999930e+00,1.580391714815506887e+00,-6.071481550695700946e-05,1.580254087304389987e+00,7.691269560994307142e-05,1.582022693660126267e+00,-1.691693660126336596e-03
2.424999999999999933e-01,1.580346000000000029e+00,1.580346000000000029e+00,1.580422925670281309e+00,-7.692567028128038942e-05,1.580274792765865799e+00,7.120723413422958004e-05,1.582090543474730104e+00,-1.744543474730075872e-03
2.427499999999999936e-01,1.580359999999999987e+00,1.580359999999999987e+00,1.580454160695229371e+00,-9.416069522938386172e-05,1.580295388683783386e+00,6.461131621660065605e-05,1.582158635083648734e+00,-1.798635083648747468e-03
2.429999999999999938e-01,1.580375000000000085e+00,1.580375000000000085e+00,1.580485419865490071e+00,-1.104198654899857246e-04,1.580315874138214394e+00,5.912586178569156914e-05,1.582226969182151111e+00,-1.851969182151025350e-03
2.432499999999999940e-01,1.580389000000000044e+00,1.580389000000000044e+00,1.580516703156176872e+00,-1.277031561768282586e-04,1.580336248205627792e+00,5.275179437225219203e-05,1.582295546467328728e+00,-1.906546467328684713e-03
2.434999999999999942e-01,1.580403000000000002e+00,1.580403000000000002e+00,1.580548010542377702e+00,-1.450105423776992808e-04,1.580356509958883438e+00,4.649004111656473981e-05,1.582364367638102731e+00,-1.961367638102728961e-03
2.437499999999999944e-01,1.580416999999999961e+00,1.580416999999999961e+00,1.580579341999154508e+00,-1.623419991545471674e-04,1.580376658467222084e+00,4.034153277787666525e-05,1.582433433395228795e+00,-2.016433395228833803e-03
2.439999999999999947e-01,1.580430000000000001e+00,1.580430000000000001e+00,1.580610697501543926e+00,-1.806975015439249432e-04,1.580396692796257607e+00,3.330720374239426462e-05,1.582502744441304898e+00,-2.072744441304896768e-03
2.442499999999999949e-01,1.580443000000000042e+00,1.580443000000000042e+00,1.580642077024556391e+00,-1.990770245563489027e-04,1.580416612007969901e+00,2.638799203014130512e-05,1.582572301480775323e+00,-2.129301480775280808e-03
2.444999999999999951e-01,1.580456000000000083e+00,1.580456000000000083e+00,1.580673480543177245e+00,-2.174805431771620334e-04,1.580436415160694663e+00,1.958483930541987661e-05,1.582642105219937312e+00,-2.186105219937228838e-03
2.447499999999999953e-01,1.580468999999999902e+00,1.580468999999999902e+00,1.580704908032365852e+00,-2.359080323659501488e-04,1.580456101309117178e+00,1.289869088272332931e-05,1.582712156366947509e+00,-2.243156366947607339e-03
2.449999999999999956e-01,1.580481000000000025e+00,1.580481000000000025e+00,1.580736359467055596e+00,-2.553594670555714430e-04,1.580475669504262326e+00,5.330495737698726089e-06,1.582782455631828400e+00,-2.301455631828375203e-03
2.452499999999999958e-01,1.580492999999999926e+00,1.580492999999999926e+00,1.580767834822154772e+00,-2.748348221548457815e-04,1.580495118793487697e+00,-2.118793487770886941e-06,1.582853003726471641e+00,-2.360003726471715524e-03
2.454999999999999960e-01,1.580505000000000049e+00,1.580505000000000049e+00,1.580799334072545470e+00,-2.943340725454213214e-04,1.580514448220474488e+00,-9.448220474439494865e-06,1.582923801364649163e+00,-2.418801364649114660e-03
2.457499999999999962e-01,1.580516999999999950e+00,1.580516999999999950e+00,1.580830857193084471e+00,-3.138571930845213132e-04,1.580533656825219735e+00,-1.665682521978517627e-05,1.582994849262013615e+00,-2.477849262013664955e-03
2.459999999999999964e-01,1.580527999999999933e+00,1.580527999999999933e+00,1.580862404158602574e+00,-3.344041586026413881e-04,1.580552743644027203e+00,-2.474364402726969558e-05,1.583066148136109019e+00,-2.538148136109086295e-03
2.462499999999999967e-01,1.580538999999999916e+00,1.580538999999999916e+00,1.580893974943905267e+00,-3.549749439053506705e-04,1.580571707709500284e+00,-3.270770950036805402e-05,1.583137698706374330e+00,-2.598698706374413803e-03
2.464999999999999969e-01,1.580549999999999899e+00,1.580549999999999899e+00,1.580925569523771834e+00,-3.755695237719347546e-04,1.580590548050532451e+00,-4.054805053255172709e-05,1.583209501694151644e+00,-2.659501694151744644e-03
2.467499999999999971e-01,1.580561000000000105e+00,1.580561000000000105e+00,1.580957187872956471e+00,-3.961878729563661494e-04,1.580609263692300370e+00,-4.826369230026550383e-05,1.583281557822689978e+00,-2.720557822689873007e-03
2.469999999999999973e-01,1.580570999999999948e+00,1.580570999999999948e+00,1.580988829966187170e+00,-4.178299661872220128e-04,1.580627853656254134e+00,-5.685365625418548063e-05,1.583353867817153482e+00,-2.782867817153533707e-03
2.472499999999999976e-01,1.580581000000000014e+00,1.580581000000000014e+00,1.581020495778166390e+00,-4.394957781663766383e-04,1.580646316960109710e+00,-6.531696010969589850e-05,1.583426432404627215e+00,-2.845432404627201706e-03
2.474999999999999978e-01,1.580591000000000079e+00,1.580591000000000079e+00,1.581052185283571054e+00,-4.611852835709751020e-04,1.580664652617840282e+00,-7.365261784020304958e-05,1.583499252314124250e+00,-2.908252314124171178e-03
2.477499999999999980e-01,1.580600000000000005e+00,1.580600000000000005e+00,1.581083898457052328e+00,-4.838984570523230389e-04,1.580682859639668925e+00,-8.285963966891962684e-05,1.583572328276589669e+00,-2.972328276589664142e-03
2.479999999999999982e-01,1.580608999999999931e+00,1.580608999999999931e+00,1.581115635273235842e+00,-5.066352732359113986e-04,1.580700937032058162e+00,-9.193703205823133828e-05,1.583645661024909002e+00,-3.036661024909070861e-03
2.482499999999999984e-01,1.580618000000000078e+00,1.580618000000000078e+00,1.581147395706721026e+00,-5.293957067209476008e-04,1.580718883797703977e+00,-1.008837977038989919e-04,1.583719251293914221e+00,-3.101251293914142337e-03
2.484999999999999987e-01,1.580627000000000004e+00,1.580627000000000004e+00,1.581179179732082440e+00,-5.521797320824362032e-04,1.580736698935525819e+00,-1.096989355258148890e-04,1.583793099820390626e+00,-3.166099820390622099e-03
2.487499999999999989e-01,1.580635000000000012e+00,1.580635000000000012e+00,1.581210987323868000e+00,-5.759873238679880103e-04,1.580754381440658607e+00,-1.193814406585946841e-04,1.583867207343081729e+00,-3.232207343081716644e-03
2.489999999999999991e-01,1.580643000000000020e+00,1.580643000000000020e+00,1.581242818456600530e+00,-5.998184566005093643e-04,1.580771930304444739e+00,-1.289303044447187574e-04,1.583941574602697466e+00,-3.298574602697446068e-03
2.492499999999999993e-01,1.580651000000000028e+00,1.580651000000000028e+00,1.581274673104777539e+00,-6.236731047775112557e-04,1.580789344514425210e+00,-1.383445144251815861e-04,1.584016202341920199e+00,-3.365202341920170426e-03
2.494999999999999996e-01,1.580659000000000036e+00,1.580659000000000036e+00,1.581306551242869674e+00,-6.475512428696372780e-04,1.580806623054331617e+00,-1.476230543315804056e-04,1.584091091305410037e+00,-3.432091305410001070e-03
2.497499999999999998e-01,1.580665999999999904e+00,1.580665999999999904e+00,1.581338452845323372e+00,-6.724528453234679404e-04,1.580823764904077500e+00,-1.577649040775952471e-04,1.584166242239813727e+00,-3.500242239813822209e-03
2.500000000000000000e-01,1.580672999999999995e+00,1.580672999999999995e+00,1.581370377886557987e+00,-6.973778865579927100e-04,1.580840769039749905e+00,-1.677690397499098651e-04,1.584241655893769307e+00,-3.568655893769312470e-03
2.502499999999999725e-01,1.580680000000000085e+00,1.580680000000000085e+00,1.581402326340968001e+00,-7.223263409679159253e-04,1.580857634433600944e+00,-1.776344336008595093e-04,1.584317333017913887e+00,-3.637333017913801925e-03
2.505000000000000004e-01,1.580686000000000035e+00,1.580686000000000035e+00,1.581434298182922138e+00,-7.482981829221024839e-04,1.580874360054039807e+00,-1.883600540397711853e-04,1.584393274364889415e+00,-3.707274364889379115e-03
2.507499999999999729e-01,1.580691999999999986e+00,1.580691999999999986e+00,1.581466293386763367e+00,-7.742933867633805534e-04,1.580890944865623426e+00,-1.989448656234404922e-04,1.584469480689350007e+00,-3.777480689350021237e-03
2.510000000000000009e-01,1.580697999999999936e+00,1.580697999999999936e+00,1.581498311926808897e+00,-8.003119268089609051e-04,1.580907387829048938e+00,-2.093878290490014393e-04,1.584545952747969277e+00,-3.847952747969340948e-03
2.512499999999999734e-01,1.580704000000000109e+00,1.580704000000000109e+00,1.581530353777350184e+00,-8.263537773500750916e-04,1.580923687901144570e+00,-2.196879011444607954e-04,1.584622691299445441e+00,-3.918691299445331566e-03
2.515000000000000013e-01,1.580708999999999920e+00,1.580708999999999920e+00,1.581562418912653367e+00,-8.534189126534474923e-04,1.580939844034861652e+00,-2.308440348617324389e-04,1.584699697104509530e+00,-3.990697104509610682e-03
2.517499999999999738e-01,1.580713999999999952e+00,1.580713999999999952e+00,1.581594507306958164e+00,-8.805073069582114442e-04,1.580955855179265734e+00,-2.418551792657819277e-04,1.584776970925931838e+00,-4.062970925931885802e-03
2.520000000000000018e-01,1.580718999999999985e+00,1.580718999999999985e+00,1.581626618934479644e+00,-9.076189344796592451e-04,1.580971720279528148e+00,-2.527202795281624503e-04,1.584854513528528352e+00,-4.135513528528367289e-03
2.522499999999999742e-01,1.580723000000000100e+00,1.580723000000000100e+00,1.581658753769406234e+00,-9.357537694061335287e-04,1.580987438276918011e+00,-2.644382769179109971e-04,1.584932325679167642e+00,-4.209325679167541523e-03
2.525000000000000022e-01,1.580727999999999911e+00,1.580727999999999911e+00,1.581690911785901266e+00,-9.629117859013547331e-04,1.581003008108792907e+00,-2.750081087929956425e-04,1.585010408146779293e+00,-4.282408146779381752e-03
2.527499999999999747e-01,1.580731000000000108e+00,1.580731000000000108e+00,1.581723092958102317e+00,-9.920929581022086552e-04,1.581018428708591106e+00,-2.874287085909976724e-04,1.585088761702358795e+00,-4.357761702358686762e-03
2.530000000000000027e-01,1.580735000000000001e+00,1.580735000000000001e+00,1.581755297260120763e+00,-1.020297260120761607e-03,1.581033699005822468e+00,-2.986990058224670008e-04,1.585167387118975535e+00,-4.432387118975533724e-03
2.532499999999999751e-01,1.580737999999999976e+00,1.580737999999999976e+00,1.581787524666043110e+00,-1.049524666043133436e-03,1.581048817926060890e+00,-3.108179260609134076e-04,1.585246285171779457e+00,-4.508285171779480294e-03
2.535000000000000031e-01,1.580740999999999952e+00,1.580740999999999952e+00,1.581819775149929441e+00,-1.078775149929489530e-03,1.581063784390933868e+00,-3.227843909339167539e-04,1.585325456638009056e+00,-4.584456638009104523e-03
2.537499999999999756e-01,1.580743999999999927e+00,1.580743999999999927e+00,1.581852048685814749e+00,-1.108048685814821965e-03,1.581078597318116064e+00,-3.345973181161365773e-04,1.585404902296996932e+00,-4.660902296997004868e-03
2.540000000000000036e-01,1.580745999999999984e+00,1.580745999999999984e+00,1.581884345247707824e+00,-1.138345247707839292e-03,1.581093255621319749e+00,-3.472556213197641739e-04,1.585484622930178444e+00,-4.738622930178459924e-03
2.542499999999999760e-01,1.580748999999999960e+00,1.580748999999999960e+00,1.581916664809592366e+00,-1.167664809592405817e-03,1.581107758210285930e+00,-3.587582102859698807e-04,1.585564619321097934e+00,-4.815619321097974748e-03
2.545000000000000040e-01,1.580750000000000099e+00,1.580750000000000099e+00,1.581949007345425651e+00,-1.199007345425551208e-03,1.581122103990776351e+00,-3.721039907762513366e-04,1.585644892255415606e+00,-4.894892255415506099e-03
2.547499999999999765e-01,1.580751999999999935e+00,1.580751999999999935e+00,1.581981372829139865e+00,-1.229372829139929735e-03,1.581136291864564836e+00,-3.842918645649007203e-04,1.585725442520915296e+00,-4.973442520915360987e-03
2.550000000000000044e-01,1.580753000000000075e+00,1.580753000000000075e+00,1.582013761234641214e+00,-1.260761234641138984e-03,1.581150320729428627e+00,-3.973207294285518998e-04,1.585806270907512250e+00,-5.053270907512175114e-03
2.552499999999999769e-01,1.580753999999999992e+00,1.580753999999999992e+00,1.582046172535810591e+00,-1.292172535810598433e-03,1.581164189479139059e+00,-4.101894791390670036e-04,1.585887378207259557e+00,-5.133378207259564618e-03
2.555000000000000049e-01,1.580754999999999910e+00,1.580754999999999910e+00,1.582078606706502466e+00,-1.323606706502555852e-03,1.581177897003454902e+00,-4.228970034549917045e-04,1.585968765214355036e+00,-5.213765214355126076e-03
2.557499999999999774e-01,1.580754999999999910e+00,1.580754999999999910e+00,1.582111063720546440e+00,-1.356063720546529794e-03,1.581191442188111029e+00,-4.364421881111191226e-04,1.586050432725150561e+00,-5.295432725150650555e-03
