{
  "wavelength_um": 0.633,
  "waist_radius_mm": 5.0,
  "waist_position_mm": -120.0,
  "curvature_radius_mm": 128289615.31683445,
  "spot_size_mm": 5.000002338460597
}