{
  "index": 5,
  "name": "Surface_5",
  "surface_type": "flat",
  "geometry": {
    "vertex_position": [
      0.0,
      40.00000000000001,
      80.0
    ],
    "surface_normal": [
      0.7071067811865476,
      -5.316162806985511e-17,
      -0.7071067811865477
    ],
    "radius": "inf",
    "conic": 0.0,
    "semi_aperture": 20.0,
    "is_mirror": true
  },
  "optical_axis": {
    "entrance_position": [
      0.0,
      40.00000000000001,
      80.0
    ],
    "entrance_direction": [
      0.0,
      -6.661338147750936e-16,
      1.0
    ],
    "exit_position": [
      0.0,
      40.00000000000001,
      80.0
    ],
    "exit_direction": [
      1.0,
      -7.413157101893167e-16,
      -4.440892098500625e-16
    ],
    "path_length": 120.0
  }
}