{
  "wavelength_um": 0.633,
  "waist_radius_mm": 5.0,
  "waist_position_mm": -10.0,
  "curvature_radius_mm": 1539473953.8020132,
  "spot_size_mm": 5.000000016239314
}