{
  "wavelength_um": 0.633,
  "waist_radius_mm": 5.0,
  "waist_position_mm": -335.5260588126617,
  "curvature_radius_mm": 45882731.34502459,
  "spot_size_mm": 5.0000182818180825
}