{
  "wavelength_um": 0.633,
  "waist_radius_mm": 5.0,
  "waist_position_mm": -235.5260588126617,
  "curvature_radius_mm": 65363446.35558816,
  "spot_size_mm": 5.000009008349026
}